{"mean":{"confidence_interval":{"confidence_level":0.95,"lower_bound":111.32393877952948,"upper_bound":112.06501355528984},"point_estimate":111.72692212740904,"standard_error":0.1901400819962099},"median":{"confidence_interval":{"confidence_level":0.95,"lower_bound":112.0677048070413,"upper_bound":112.34350451210803},"point_estimate":112.2695279091635,"standard_error":0.060319538796361705},"median_abs_dev":{"confidence_interval":{"confidence_level":0.95,"lower_bound":0.37423887211549234,"upper_bound":0.6729700070829828},"point_estimate":0.5421051637125521,"standard_error":0.08032146040800245},"slope":{"confidence_interval":{"confidence_level":0.95,"lower_bound":112.29228133249731,"upper_bound":112.49917137734211},"point_estimate":112.39879078284146,"standard_error":0.05278971646047316},"std_dev":{"confidence_interval":{"confidence_level":0.95,"lower_bound":1.1412378848198255,"upper_bound":2.5454903683286436},"point_estimate":1.9055099276356848,"standard_error":0.35973606095304317}}