{"mean":{"confidence_interval":{"confidence_level":0.95,"lower_bound":89.55296275446442,"upper_bound":89.83219530208092},"point_estimate":89.66030566077275,"standard_error":0.07488831832856173},"median":{"confidence_interval":{"confidence_level":0.95,"lower_bound":89.5446080760095,"upper_bound":89.6004863703201},"point_estimate":89.57394022844404,"standard_error":0.014656589589756162},"median_abs_dev":{"confidence_interval":{"confidence_level":0.95,"lower_bound":0.0866811938252605,"upper_bound":0.14899264063909426},"point_estimate":0.1171382539373228,"standard_error":0.015581631041191145},"slope":{"confidence_interval":{"confidence_level":0.95,"lower_bound":89.54246326094614,"upper_bound":89.58849838393107},"point_estimate":89.56472898413321,"standard_error":0.011732822964147975},"std_dev":{"confidence_interval":{"confidence_level":0.95,"lower_bound":0.15329288804165694,"upper_bound":1.248773751344907},"point_estimate":0.7514855734216483,"standard_error":0.34939502942744605}}