{"mean":{"confidence_interval":{"confidence_level":0.95,"lower_bound":98.4659612324025,"upper_bound":98.86350105867677},"point_estimate":98.62894781488609,"standard_error":0.1037780346313266},"median":{"confidence_interval":{"confidence_level":0.95,"lower_bound":98.59457271734058,"upper_bound":98.68383653458281},"point_estimate":98.63831389918346,"standard_error":0.02029680130957962},"median_abs_dev":{"confidence_interval":{"confidence_level":0.95,"lower_bound":0.18833793131866722,"upper_bound":0.33923159793536073},"point_estimate":0.2582947223990074,"standard_error":0.03559324283321682},"slope":{"confidence_interval":{"confidence_level":0.95,"lower_bound":98.67782321941014,"upper_bound":98.78901908888142},"point_estimate":98.73348060033297,"standard_error":0.028242004281356307},"std_dev":{"confidence_interval":{"confidence_level":0.95,"lower_bound":0.34803350159299357,"upper_bound":1.704064751187827},"point_estimate":1.0436217402141084,"standard_error":0.43510329250222274}}