{"mean":{"confidence_interval":{"confidence_level":0.95,"lower_bound":170.78390370654995,"upper_bound":170.94195439194814},"point_estimate":170.85592992248868,"standard_error":0.04076955086337598},"median":{"confidence_interval":{"confidence_level":0.95,"lower_bound":170.8003627106425,"upper_bound":170.85643599101627},"point_estimate":170.8245581862953,"standard_error":0.012133690061193659},"median_abs_dev":{"confidence_interval":{"confidence_level":0.95,"lower_bound":0.10871088201969822,"upper_bound":0.19583213697763305},"point_estimate":0.14409931008723864,"standard_error":0.023056774450853048},"slope":{"confidence_interval":{"confidence_level":0.95,"lower_bound":170.8058003839268,"upper_bound":170.8685277741916},"point_estimate":170.83519782564377,"standard_error":0.015953742137131303},"std_dev":{"confidence_interval":{"confidence_level":0.95,"lower_bound":0.2022481730670126,"upper_bound":0.5931415737484618},"point_estimate":0.40864765527137625,"standard_error":0.10287645892970965}}