{"mean":{"confidence_interval":{"confidence_level":0.95,"lower_bound":98.05559194192439,"upper_bound":98.47908435271954},"point_estimate":98.21589344072123,"standard_error":0.11498120626941982},"median":{"confidence_interval":{"confidence_level":0.95,"lower_bound":98.07248912990875,"upper_bound":98.1389895543252},"point_estimate":98.10705709789136,"standard_error":0.018247152740259443},"median_abs_dev":{"confidence_interval":{"confidence_level":0.95,"lower_bound":0.10384653012846982,"upper_bound":0.17786848649844547},"point_estimate":0.13658475499099598,"standard_error":0.01843682713440914},"slope":{"confidence_interval":{"confidence_level":0.95,"lower_bound":98.08342828675512,"upper_bound":98.34754946040076},"point_estimate":98.18909439933654,"standard_error":0.0701771026509429},"std_dev":{"confidence_interval":{"confidence_level":0.95,"lower_bound":0.22409863457487014,"upper_bound":1.9345374174676864},"point_estimate":1.1550952370348984,"standard_error":0.5594487424915524}}