{"mean":{"confidence_interval":{"confidence_level":0.95,"lower_bound":98.09813505260158,"upper_bound":98.57837874890616},"point_estimate":98.29139740994094,"standard_error":0.12579069986106828},"median":{"confidence_interval":{"confidence_level":0.95,"lower_bound":98.10516386772213,"upper_bound":98.17000674203415},"point_estimate":98.14711414540275,"standard_error":0.013782116600539882},"median_abs_dev":{"confidence_interval":{"confidence_level":0.95,"lower_bound":0.09337377218830219,"upper_bound":0.1677143720933899},"point_estimate":0.13561639977565576,"standard_error":0.018322902333828255},"slope":{"confidence_interval":{"confidence_level":0.95,"lower_bound":98.13130053376604,"upper_bound":98.20767833666554},"point_estimate":98.1664271726569,"standard_error":0.01955731780164363},"std_dev":{"confidence_interval":{"confidence_level":0.95,"lower_bound":0.21887109250548537,"upper_bound":2.0421308722737725},"point_estimate":1.266183439052944,"standard_error":0.5050818301023103}}