{"mean":{"confidence_interval":{"confidence_level":0.95,"lower_bound":126.36349550584278,"upper_bound":127.56047851679935},"point_estimate":126.86470598059283,"standard_error":0.3104544744690242},"median":{"confidence_interval":{"confidence_level":0.95,"lower_bound":125.97748635012786,"upper_bound":126.12430632630411},"point_estimate":126.07177756420171,"standard_error":0.03214691231503044},"median_abs_dev":{"confidence_interval":{"confidence_level":0.95,"lower_bound":0.24853948859347355,"upper_bound":0.445052977558143},"point_estimate":0.34452946437898185,"standard_error":0.04825088614787615},"slope":{"confidence_interval":{"confidence_level":0.95,"lower_bound":126.48199005835203,"upper_bound":127.37141362934862},"point_estimate":126.91442166419642,"standard_error":0.22762412402646373},"std_dev":{"confidence_interval":{"confidence_level":0.95,"lower_bound":1.167362792034892,"upper_bound":4.886850075605428},"point_estimate":3.115516965788936,"standard_error":1.0864924080986071}}