{"mean":{"confidence_interval":{"confidence_level":0.95,"lower_bound":231.1777517321706,"upper_bound":231.35918541354377},"point_estimate":231.26013213345504,"standard_error":0.046673689141281095},"median":{"confidence_interval":{"confidence_level":0.95,"lower_bound":231.12428556178827,"upper_bound":231.22912988922033},"point_estimate":231.16767522749734,"standard_error":0.027574740962893054},"median_abs_dev":{"confidence_interval":{"confidence_level":0.95,"lower_bound":0.14410833084540098,"upper_bound":0.25446353929425175},"point_estimate":0.19893782402676702,"standard_error":0.028205109885834894},"slope":{"confidence_interval":{"confidence_level":0.95,"lower_bound":231.16360037489537,"upper_bound":231.2407444521846},"point_estimate":231.20059298910982,"standard_error":0.01973291684347879},"std_dev":{"confidence_interval":{"confidence_level":0.95,"lower_bound":0.25912174509956293,"upper_bound":0.6667935464421398},"point_estimate":0.4694206190990745,"standard_error":0.10822853492237659}}