{"mean":{"confidence_interval":{"confidence_level":0.95,"lower_bound":96.57878439361795,"upper_bound":96.86041264049626},"point_estimate":96.70454316819922,"standard_error":0.07259614256326714},"median":{"confidence_interval":{"confidence_level":0.95,"lower_bound":96.54617883323823,"upper_bound":96.64031120705162},"point_estimate":96.58689750990749,"standard_error":0.021054668637034982},"median_abs_dev":{"confidence_interval":{"confidence_level":0.95,"lower_bound":0.12468546046126408,"upper_bound":0.2443107734128495},"point_estimate":0.17224922476038254,"standard_error":0.030426432573415697},"slope":{"confidence_interval":{"confidence_level":0.95,"lower_bound":96.62114930674882,"upper_bound":96.74644917570998},"point_estimate":96.6747431763579,"standard_error":0.032217362815919054},"std_dev":{"confidence_interval":{"confidence_level":0.95,"lower_bound":0.3270882593576955,"upper_bound":1.042770828451966},"point_estimate":0.7285402854814439,"standard_error":0.18353697184578185}}