{"mean":{"confidence_interval":{"confidence_level":0.95,"lower_bound":98.36846263250268,"upper_bound":98.90311997005944},"point_estimate":98.5841373858722,"standard_error":0.13978814502314876},"median":{"confidence_interval":{"confidence_level":0.95,"lower_bound":98.4843579384145,"upper_bound":98.6267821044792},"point_estimate":98.58218784048675,"standard_error":0.03566773723972399},"median_abs_dev":{"confidence_interval":{"confidence_level":0.95,"lower_bound":0.2135028920794676,"upper_bound":0.3789641619029599},"point_estimate":0.3053199545863538,"standard_error":0.04116346718400236},"slope":{"confidence_interval":{"confidence_level":0.95,"lower_bound":98.61028063920583,"upper_bound":98.72473330229879},"point_estimate":98.66592289466762,"standard_error":0.02920489284184357},"std_dev":{"confidence_interval":{"confidence_level":0.95,"lower_bound":0.4775282005893785,"upper_bound":2.278952776130871},"point_estimate":1.40136399016938,"standard_error":0.5770768970170952}}