{"mean":{"confidence_interval":{"confidence_level":0.95,"lower_bound":97.02098090435862,"upper_bound":97.37137625793017},"point_estimate":97.1535110245312,"standard_error":0.09695729009429982},"median":{"confidence_interval":{"confidence_level":0.95,"lower_bound":97.04276950647917,"upper_bound":97.09883256528418},"point_estimate":97.0622528812658,"standard_error":0.013354947029834717},"median_abs_dev":{"confidence_interval":{"confidence_level":0.95,"lower_bound":0.09178995035006858,"upper_bound":0.1520528576908686},"point_estimate":0.12454167627174582,"standard_error":0.015587052359896766},"slope":{"confidence_interval":{"confidence_level":0.95,"lower_bound":97.06014366907382,"upper_bound":97.15279811336737},"point_estimate":97.09878465651092,"standard_error":0.02396035863151315},"std_dev":{"confidence_interval":{"confidence_level":0.95,"lower_bound":0.1903199849358945,"upper_bound":1.6439485624178207},"point_estimate":0.9762494197987719,"standard_error":0.4902265948546597}}