{"mean":{"confidence_interval":{"confidence_level":0.95,"lower_bound":225.1380989864543,"upper_bound":232.7240468439692},"point_estimate":228.57487517981178,"standard_error":1.9385034865261497},"median":{"confidence_interval":{"confidence_level":0.95,"lower_bound":223.2765592432259,"upper_bound":225.97486329460014},"point_estimate":224.68852110947472,"standard_error":0.6628650281058952},"median_abs_dev":{"confidence_interval":{"confidence_level":0.95,"lower_bound":4.244153367161343,"upper_bound":7.695669012934695},"point_estimate":5.711763365655188,"standard_error":0.8992627058585936},"slope":{"confidence_interval":{"confidence_level":0.95,"lower_bound":226.37822033421864,"upper_bound":234.92653735672002},"point_estimate":230.1328080428512,"standard_error":2.1966866234685036},"std_dev":{"confidence_interval":{"confidence_level":0.95,"lower_bound":10.812827977164194,"upper_bound":26.53096181140699},"point_estimate":19.508920602325784,"standard_error":4.011822108580492}}