{"mean":{"confidence_interval":{"confidence_level":0.95,"lower_bound":98.16990046606927,"upper_bound":98.46816810554479},"point_estimate":98.29216582680908,"standard_error":0.07799947207055881},"median":{"confidence_interval":{"confidence_level":0.95,"lower_bound":98.12459785682987,"upper_bound":98.20935237098817},"point_estimate":98.17752660491558,"standard_error":0.023817676144888427},"median_abs_dev":{"confidence_interval":{"confidence_level":0.95,"lower_bound":0.1281207198102556,"upper_bound":0.22812121876205652},"point_estimate":0.18344832803331698,"standard_error":0.02560998838471588},"slope":{"confidence_interval":{"confidence_level":0.95,"lower_bound":98.15418906120516,"upper_bound":98.28054836556616},"point_estimate":98.21076243600615,"standard_error":0.032444314715393774},"std_dev":{"confidence_interval":{"confidence_level":0.95,"lower_bound":0.22397686193973915,"upper_bound":1.2656236134610133},"point_estimate":0.7841401350343202,"standard_error":0.30566087628688005}}