{"mean":{"confidence_interval":{"confidence_level":0.95,"lower_bound":169.92218830999045,"upper_bound":170.08625834201834},"point_estimate":169.9970389520753,"standard_error":0.041806893343054104},"median":{"confidence_interval":{"confidence_level":0.95,"lower_bound":169.96414416646024,"upper_bound":170.02801089918256},"point_estimate":169.9979876315026,"standard_error":0.014438870883878414},"median_abs_dev":{"confidence_interval":{"confidence_level":0.95,"lower_bound":0.1150015489359013,"upper_bound":0.19670749063103612},"point_estimate":0.1441458624047492,"standard_error":0.02068011599966713},"slope":{"confidence_interval":{"confidence_level":0.95,"lower_bound":169.96659925288634,"upper_bound":170.039155879247},"point_estimate":170.00063367571457,"standard_error":0.018554811851349162},"std_dev":{"confidence_interval":{"confidence_level":0.95,"lower_bound":0.22072355193287765,"upper_bound":0.6303693160463019},"point_estimate":0.4191168855964979,"standard_error":0.11669933409784435}}