{"mean":{"confidence_interval":{"confidence_level":0.95,"lower_bound":96.53319672687172,"upper_bound":101.91822148851281},"point_estimate":98.84269849089762,"standard_error":1.3854916387823633},"median":{"confidence_interval":{"confidence_level":0.95,"lower_bound":96.24452662479295,"upper_bound":96.32655745437904},"point_estimate":96.28721120714003,"standard_error":0.022314315961391714},"median_abs_dev":{"confidence_interval":{"confidence_level":0.95,"lower_bound":0.11581457887748976,"upper_bound":0.20406522260995932},"point_estimate":0.1567484144330842,"standard_error":0.02231319634361554},"slope":{"confidence_interval":{"confidence_level":0.95,"lower_bound":96.394772209732,"upper_bound":101.4822242483767},"point_estimate":98.51564322477972,"standard_error":1.301242284915381},"std_dev":{"confidence_interval":{"confidence_level":0.95,"lower_bound":1.475274695402834,"upper_bound":21.59245822435715},"point_estimate":13.992407147896634,"standard_error":4.978495872673453}}