{"mean":{"confidence_interval":{"confidence_level":0.95,"lower_bound":96.79045797442214,"upper_bound":97.38684741279295},"point_estimate":97.03413579559997,"standard_error":0.15572341013172356},"median":{"confidence_interval":{"confidence_level":0.95,"lower_bound":96.75292484772822,"upper_bound":96.81224922081664},"point_estimate":96.77755158934477,"standard_error":0.015491748101270093},"median_abs_dev":{"confidence_interval":{"confidence_level":0.95,"lower_bound":0.1255516182874015,"upper_bound":0.21203305112589138},"point_estimate":0.17817680267429672,"standard_error":0.022694606676808195},"slope":{"confidence_interval":{"confidence_level":0.95,"lower_bound":96.8088885184707,"upper_bound":97.81511733475922},"point_estimate":97.19424986184683,"standard_error":0.27086921393466423},"std_dev":{"confidence_interval":{"confidence_level":0.95,"lower_bound":0.3019629465357042,"upper_bound":2.5239768428027105},"point_estimate":1.5644422880806061,"standard_error":0.6082036793880997}}