{"mean":{"confidence_interval":{"confidence_level":0.95,"lower_bound":96.69993213886319,"upper_bound":97.44023642380397},"point_estimate":96.99063690244908,"standard_error":0.19601392610821347},"median":{"confidence_interval":{"confidence_level":0.95,"lower_bound":96.6815918367347,"upper_bound":96.81231158202992},"point_estimate":96.7686653018796,"standard_error":0.03531014707712545},"median_abs_dev":{"confidence_interval":{"confidence_level":0.95,"lower_bound":0.19552695849530474,"upper_bound":0.3367836953797809},"point_estimate":0.27166388276576864,"standard_error":0.035305423787698506},"slope":{"confidence_interval":{"confidence_level":0.95,"lower_bound":96.77392759224537,"upper_bound":96.97659072766919},"point_estimate":96.86104329232802,"standard_error":0.0524911803338342},"std_dev":{"confidence_interval":{"confidence_level":0.95,"lower_bound":0.46144011003522245,"upper_bound":3.23156871059079},"point_estimate":1.9660110901261143,"standard_error":0.8521937344566101}}