{"mean":{"confidence_interval":{"confidence_level":0.95,"lower_bound":96.55869223748842,"upper_bound":97.11974860950446},"point_estimate":96.80345918928963,"standard_error":0.14434477635404022},"median":{"confidence_interval":{"confidence_level":0.95,"lower_bound":96.49496164836818,"upper_bound":96.63197579405531},"point_estimate":96.57355303974526,"standard_error":0.029751370455683244},"median_abs_dev":{"confidence_interval":{"confidence_level":0.95,"lower_bound":0.1737638349965213,"upper_bound":0.32922232215901304},"point_estimate":0.26014974484984926,"standard_error":0.03801902707269756},"slope":{"confidence_interval":{"confidence_level":0.95,"lower_bound":96.60828241291334,"upper_bound":96.72659044177249},"point_estimate":96.66413813392842,"standard_error":0.03019106893970635},"std_dev":{"confidence_interval":{"confidence_level":0.95,"lower_bound":0.39046954788366517,"upper_bound":2.1496778304887876},"point_estimate":1.449314443057133,"standard_error":0.4265552192877431}}