{"mean":{"confidence_interval":{"confidence_level":0.95,"lower_bound":111.02903019037804,"upper_bound":111.84030360567269},"point_estimate":111.45850570575328,"standard_error":0.2078822662263895},"median":{"confidence_interval":{"confidence_level":0.95,"lower_bound":111.9185360094451,"upper_bound":112.14077143947907},"point_estimate":112.0040546729542,"standard_error":0.0633241335570856},"median_abs_dev":{"confidence_interval":{"confidence_level":0.95,"lower_bound":0.3336903961803764,"upper_bound":0.6515767052923518},"point_estimate":0.43266459055558143,"standard_error":0.08037254881424111},"slope":{"confidence_interval":{"confidence_level":0.95,"lower_bound":112.01879541598674,"upper_bound":112.20110814386709},"point_estimate":112.1093706750012,"standard_error":0.04641479647463833},"std_dev":{"confidence_interval":{"confidence_level":0.95,"lower_bound":1.4397122020763446,"upper_bound":2.6336164721054534},"point_estimate":2.089036755570311,"standard_error":0.30565426963321607}}