{"mean":{"confidence_interval":{"confidence_level":0.95,"lower_bound":33.08249594135484,"upper_bound":34.11864051339064},"point_estimate":33.48922264564081,"standard_error":0.27383379578214795},"median":{"confidence_interval":{"confidence_level":0.95,"lower_bound":32.86562455355017,"upper_bound":33.11981098514771},"point_estimate":32.90404844076133,"standard_error":0.06964230197624206},"median_abs_dev":{"confidence_interval":{"confidence_level":0.95,"lower_bound":0.19254371525481145,"upper_bound":0.4247842486753678},"point_estimate":0.3274861422956988,"standard_error":0.0561133012158631},"slope":{"confidence_interval":{"confidence_level":0.95,"lower_bound":33.0462742549086,"upper_bound":33.2716870057048},"point_estimate":33.14999122246337,"standard_error":0.05779048378205363},"std_dev":{"confidence_interval":{"confidence_level":0.95,"lower_bound":0.5081053140820483,"upper_bound":4.515163801702197},"point_estimate":2.7468184951794123,"standard_error":1.1922405514975571}}