{"mean":{"confidence_interval":{"confidence_level":0.95,"lower_bound":32.870955093307984,"upper_bound":33.88397853276678},"point_estimate":33.32211914273911,"standard_error":0.261216279139385},"median":{"confidence_interval":{"confidence_level":0.95,"lower_bound":32.48464619492657,"upper_bound":32.710957605309495},"point_estimate":32.55678287424168,"standard_error":0.05639549347365084},"median_abs_dev":{"confidence_interval":{"confidence_level":0.95,"lower_bound":0.21468008030081312,"upper_bound":0.4497230954334324},"point_estimate":0.31767653916253547,"standard_error":0.05628131240241448},"slope":{"confidence_interval":{"confidence_level":0.95,"lower_bound":32.661482422208344,"upper_bound":33.298662843848724},"point_estimate":32.9316838036154,"standard_error":0.16501754956159326},"std_dev":{"confidence_interval":{"confidence_level":0.95,"lower_bound":1.1765105166478909,"upper_bound":3.7633801153849897},"point_estimate":2.6221914670725868,"standard_error":0.6583444057301192}}