{"mean":{"confidence_interval":{"confidence_level":0.95,"lower_bound":33.4622254745865,"upper_bound":34.60321736925369},"point_estimate":33.95493406576647,"standard_error":0.2963619080443842},"median":{"confidence_interval":{"confidence_level":0.95,"lower_bound":33.11454545454546,"upper_bound":33.54220343923055},"point_estimate":33.20829398859149,"standard_error":0.12521575278511984},"median_abs_dev":{"confidence_interval":{"confidence_level":0.95,"lower_bound":0.4298264960545551,"upper_bound":0.75895817881015},"point_estimate":0.5813055604560191,"standard_error":0.08273180456963784},"slope":{"confidence_interval":{"confidence_level":0.95,"lower_bound":33.46035981371084,"upper_bound":33.74319588950356},"point_estimate":33.58824912664401,"standard_error":0.07218426816594299},"std_dev":{"confidence_interval":{"confidence_level":0.95,"lower_bound":0.893125157344036,"upper_bound":4.505124473418081},"point_estimate":2.9832964196218845,"standard_error":0.933123824836318}}