{"mean":{"confidence_interval":{"confidence_level":0.95,"lower_bound":25.995902396552406,"upper_bound":27.044200854975138},"point_estimate":26.45818111414888,"standard_error":0.26941065035793016},"median":{"confidence_interval":{"confidence_level":0.95,"lower_bound":25.628310502283107,"upper_bound":25.958410412520003},"point_estimate":25.75064212328767,"standard_error":0.08939927345039132},"median_abs_dev":{"confidence_interval":{"confidence_level":0.95,"lower_bound":0.1899400192235683,"upper_bound":0.5646149244630353},"point_estimate":0.3513499133663661,"standard_error":0.09992779933493948},"slope":{"confidence_interval":{"confidence_level":0.95,"lower_bound":25.789837722310292,"upper_bound":25.999925719850044},"point_estimate":25.890791627107916,"standard_error":0.05357917589467745},"std_dev":{"confidence_interval":{"confidence_level":0.95,"lower_bound":1.3084487418695157,"upper_bound":3.788974485413439},"point_estimate":2.7054508394006755,"standard_error":0.664307887940977}}