{"mean":{"confidence_interval":{"confidence_level":0.95,"lower_bound":29.17234902373817,"upper_bound":30.42457468149083},"point_estimate":29.709799970042155,"standard_error":0.32314066975414957},"median":{"confidence_interval":{"confidence_level":0.95,"lower_bound":28.82788893425888,"upper_bound":29.17997639653816},"point_estimate":28.874535821455364,"standard_error":0.10750495604230381},"median_abs_dev":{"confidence_interval":{"confidence_level":0.95,"lower_bound":0.14613367553050985,"upper_bound":0.54583605570113},"point_estimate":0.28690596496540216,"standard_error":0.11260515297105898},"slope":{"confidence_interval":{"confidence_level":0.95,"lower_bound":29.05198490793746,"upper_bound":29.206395788556936},"point_estimate":29.127874409491984,"standard_error":0.03923520930569174},"std_dev":{"confidence_interval":{"confidence_level":0.95,"lower_bound":0.8537960185038199,"upper_bound":4.943871369269152},"point_estimate":3.238051243004362,"standard_error":1.0556086259522526}}