{"mean":{"confidence_interval":{"confidence_level":0.95,"lower_bound":30.06895289906719,"upper_bound":31.47298892481284},"point_estimate":30.699410864543253,"standard_error":0.3607145851338037},"median":{"confidence_interval":{"confidence_level":0.95,"lower_bound":29.616057272800916,"upper_bound":29.86570135746606},"point_estimate":29.655157619104486,"standard_error":0.06389210504789009},"median_abs_dev":{"confidence_interval":{"confidence_level":0.95,"lower_bound":0.24552807921832986,"upper_bound":0.4988540026115503},"point_estimate":0.3744943781382195,"standard_error":0.05823113928460057},"slope":{"confidence_interval":{"confidence_level":0.95,"lower_bound":29.769807735186024,"upper_bound":30.066492548483257},"point_estimate":29.888779256800536,"standard_error":0.07671645311061404},"std_dev":{"confidence_interval":{"confidence_level":0.95,"lower_bound":1.7887231448242762,"upper_bound":4.985787057341651},"point_estimate":3.6195006609327867,"standard_error":0.8097275867429389}}