{"mean":{"confidence_interval":{"confidence_level":0.95,"lower_bound":29.680744882094125,"upper_bound":31.11650724555594},"point_estimate":30.311155366709812,"standard_error":0.3692089111827214},"median":{"confidence_interval":{"confidence_level":0.95,"lower_bound":29.241161616161616,"upper_bound":29.520129490392648},"point_estimate":29.354466938290468,"standard_error":0.06935309826272275},"median_abs_dev":{"confidence_interval":{"confidence_level":0.95,"lower_bound":0.2288125428420808,"upper_bound":0.47481767675548836},"point_estimate":0.37705217749757985,"standard_error":0.07218681156499807},"slope":{"confidence_interval":{"confidence_level":0.95,"lower_bound":29.393426174153287,"upper_bound":29.63975721317833},"point_estimate":29.497811496501463,"standard_error":0.06346975334228679},"std_dev":{"confidence_interval":{"confidence_level":0.95,"lower_bound":1.1167716279956834,"upper_bound":5.43629746336257},"point_estimate":3.7118497185077954,"standard_error":1.066269651984845}}