{"mean":{"confidence_interval":{"confidence_level":0.95,"lower_bound":29.17372853003303,"upper_bound":30.860678241595096},"point_estimate":29.919736411873714,"standard_error":0.43339088249316876},"median":{"confidence_interval":{"confidence_level":0.95,"lower_bound":28.586314525810323,"upper_bound":28.81594137655062},"point_estimate":28.61377551020408,"standard_error":0.04933941510258815},"median_abs_dev":{"confidence_interval":{"confidence_level":0.95,"lower_bound":0.10275262496149103,"upper_bound":0.3686761532884345},"point_estimate":0.15189344534079116,"standard_error":0.06848072986903495},"slope":{"confidence_interval":{"confidence_level":0.95,"lower_bound":28.783768206779325,"upper_bound":29.307306186819037},"point_estimate":28.995074198616937,"standard_error":0.13669090296599667},"std_dev":{"confidence_interval":{"confidence_level":0.95,"lower_bound":1.730475696333433,"upper_bound":6.183160846495247},"point_estimate":4.365177258025789,"standard_error":1.085978130729713}}