{"mean":{"confidence_interval":{"confidence_level":0.95,"lower_bound":22.98306798468743,"upper_bound":24.012543353691882},"point_estimate":23.434706717215523,"standard_error":0.2660328729322606},"median":{"confidence_interval":{"confidence_level":0.95,"lower_bound":22.707434944237917,"upper_bound":22.877642410221853},"point_estimate":22.749559351365207,"standard_error":0.04960934535943752},"median_abs_dev":{"confidence_interval":{"confidence_level":0.95,"lower_bound":0.11206644266874002,"upper_bound":0.3231321417458522},"point_estimate":0.17842972996708234,"standard_error":0.05554711984616031},"slope":{"confidence_interval":{"confidence_level":0.95,"lower_bound":22.887875441208042,"upper_bound":22.992665676413967},"point_estimate":22.941492954821754,"standard_error":0.026622835520491515},"std_dev":{"confidence_interval":{"confidence_level":0.95,"lower_bound":1.0180272420931675,"upper_bound":3.8274320103486557},"point_estimate":2.6761293079107635,"standard_error":0.7076936321776541}}