{"mean":{"confidence_interval":{"confidence_level":0.95,"lower_bound":32.26739184925822,"upper_bound":33.771480783778415},"point_estimate":32.932394153076274,"standard_error":0.38774502345238837},"median":{"confidence_interval":{"confidence_level":0.95,"lower_bound":31.841798287409688,"upper_bound":31.95520801700577},"point_estimate":31.88833516774693,"standard_error":0.028873003560400796},"median_abs_dev":{"confidence_interval":{"confidence_level":0.95,"lower_bound":0.18550298830965523,"upper_bound":0.641272721347868},"point_estimate":0.355704429168858,"standard_error":0.12545179254550357},"slope":{"confidence_interval":{"confidence_level":0.95,"lower_bound":31.789678494031026,"upper_bound":32.00376567928231},"point_estimate":31.893494169505697,"standard_error":0.05469811012154518},"std_dev":{"confidence_interval":{"confidence_level":0.95,"lower_bound":1.47835229714229,"upper_bound":5.629050828101326},"point_estimate":3.9143032803506252,"standard_error":1.0348023151739472}}