{"mean":{"confidence_interval":{"confidence_level":0.95,"lower_bound":3.9659873657674307,"upper_bound":4.082081853472582},"point_estimate":4.012150500644673,"standard_error":0.030749757151694288},"median":{"confidence_interval":{"confidence_level":0.95,"lower_bound":3.9501553605104465,"upper_bound":3.9712586306317323},"point_estimate":3.9572998857011346,"standard_error":0.005875163702884201},"median_abs_dev":{"confidence_interval":{"confidence_level":0.95,"lower_bound":0.022877557173355434,"upper_bound":0.03799431980598581},"point_estimate":0.030027336767603347,"standard_error":0.003801326613507446},"slope":{"confidence_interval":{"confidence_level":0.95,"lower_bound":3.9582732035170465,"upper_bound":3.9788984876011075},"point_estimate":3.9677399577696453,"standard_error":0.005267126846565779},"std_dev":{"confidence_interval":{"confidence_level":0.95,"lower_bound":0.045565187182255884,"upper_bound":0.503581047809895},"point_estimate":0.30896787836861317,"standard_error":0.1306282985125449}}