{"mean":{"confidence_interval":{"confidence_level":0.95,"lower_bound":4.761730935713947,"upper_bound":4.857177952664715},"point_estimate":4.797469734556802,"standard_error":0.02594823838708529},"median":{"confidence_interval":{"confidence_level":0.95,"lower_bound":4.75174777987335,"upper_bound":4.759495078519974},"point_estimate":4.756196958604776,"standard_error":0.001790071096746993},"median_abs_dev":{"confidence_interval":{"confidence_level":0.95,"lower_bound":0.010551859170078007,"upper_bound":0.019204709302862607},"point_estimate":0.01323625058089367,"standard_error":0.002295664393591201},"slope":{"confidence_interval":{"confidence_level":0.95,"lower_bound":4.760423083219235,"upper_bound":4.7804864264292855},"point_estimate":4.769316243508481,"standard_error":0.005162425754746503},"std_dev":{"confidence_interval":{"confidence_level":0.95,"lower_bound":0.03962127374794793,"upper_bound":0.4368776776501349},"point_estimate":0.2607535389825502,"standard_error":0.1274151769212999}}