{"mean":{"confidence_interval":{"confidence_level":0.95,"lower_bound":52.50505364395988,"upper_bound":54.78500372929158},"point_estimate":53.51018167404185,"standard_error":0.5871703239692017},"median":{"confidence_interval":{"confidence_level":0.95,"lower_bound":51.62578521533746,"upper_bound":52.10770656521315},"point_estimate":51.72528064262727,"standard_error":0.13180817719557505},"median_abs_dev":{"confidence_interval":{"confidence_level":0.95,"lower_bound":0.29580467327883964,"upper_bound":0.9688798742313015},"point_estimate":0.4865933682269101,"standard_error":0.17386507350260225},"slope":{"confidence_interval":{"confidence_level":0.95,"lower_bound":51.91846916631159,"upper_bound":52.50011640399744},"point_estimate":52.180995524814236,"standard_error":0.14950476619752823},"std_dev":{"confidence_interval":{"confidence_level":0.95,"lower_bound":2.3294943692195567,"upper_bound":8.537590696276544},"point_estimate":5.898715298075452,"standard_error":1.58139241447761}}