{"mean":{"confidence_interval":{"confidence_level":0.95,"lower_bound":48.2952316265218,"upper_bound":49.94751779863035},"point_estimate":48.97943427634695,"standard_error":0.430518656805758},"median":{"confidence_interval":{"confidence_level":0.95,"lower_bound":47.862178088171106,"upper_bound":48.099036590638846},"point_estimate":47.93697220267417,"standard_error":0.06210601428390162},"median_abs_dev":{"confidence_interval":{"confidence_level":0.95,"lower_bound":0.30171333971829084,"upper_bound":0.6294183214827933},"point_estimate":0.4620367291977411,"standard_error":0.08180897844535912},"slope":{"confidence_interval":{"confidence_level":0.95,"lower_bound":47.960717523735504,"upper_bound":48.31423429244086},"point_estimate":48.12447692401767,"standard_error":0.09017207631572159},"std_dev":{"confidence_interval":{"confidence_level":0.95,"lower_bound":1.1580002576189798,"upper_bound":6.914086197001772},"point_estimate":4.334612832296808,"standard_error":1.6176376024404466}}