{"mean":{"confidence_interval":{"confidence_level":0.95,"lower_bound":54.19552496511868,"upper_bound":57.519202248454086},"point_estimate":55.70076591964464,"standard_error":0.8531652468291789},"median":{"confidence_interval":{"confidence_level":0.95,"lower_bound":52.79254945411307,"upper_bound":53.32723325062035},"point_estimate":52.93474708638712,"standard_error":0.1313622014119545},"median_abs_dev":{"confidence_interval":{"confidence_level":0.95,"lower_bound":0.21962210959088566,"upper_bound":0.897281859070063},"point_estimate":0.4216002726121288,"standard_error":0.17502540936263675},"slope":{"confidence_interval":{"confidence_level":0.95,"lower_bound":52.97569908124458,"upper_bound":53.43012043200818},"point_estimate":53.18421885111826,"standard_error":0.1162344454415416},"std_dev":{"confidence_interval":{"confidence_level":0.95,"lower_bound":4.530820027849633,"upper_bound":11.900470031760689},"point_estimate":8.581645602662501,"standard_error":1.8844718106180145}}