{"mean":{"confidence_interval":{"confidence_level":0.95,"lower_bound":28.780568360773167,"upper_bound":30.235747796781528},"point_estimate":29.45763476344846,"standard_error":0.37301391974507625},"median":{"confidence_interval":{"confidence_level":0.95,"lower_bound":27.89950020918001,"upper_bound":28.315799806693246},"point_estimate":27.99711861987398,"standard_error":0.10977750960488995},"median_abs_dev":{"confidence_interval":{"confidence_level":0.95,"lower_bound":0.3078379257971817,"upper_bound":0.9064123410274572},"point_estimate":0.5226253126297279,"standard_error":0.16050652111700084},"slope":{"confidence_interval":{"confidence_level":0.95,"lower_bound":27.970428047087907,"upper_bound":28.277636530112414},"point_estimate":28.113316873193273,"standard_error":0.07833142328091172},"std_dev":{"confidence_interval":{"confidence_level":0.95,"lower_bound":2.4463214827215314,"upper_bound":4.744350328064044},"point_estimate":3.736010492336795,"standard_error":0.5868870581722675}}