{"mean":{"confidence_interval":{"confidence_level":0.95,"lower_bound":46.54966279116217,"upper_bound":51.40513850914764},"point_estimate":48.71063274990908,"standard_error":1.2506937674018919},"median":{"confidence_interval":{"confidence_level":0.95,"lower_bound":45.16085271317829,"upper_bound":45.36709401709402},"point_estimate":45.28660235358511,"standard_error":0.06648154726434981},"median_abs_dev":{"confidence_interval":{"confidence_level":0.95,"lower_bound":0.749779316093927,"upper_bound":2.029888420707142},"point_estimate":1.3951475070094028,"standard_error":0.3588969770683667},"slope":{"confidence_interval":{"confidence_level":0.95,"lower_bound":45.48482421598964,"upper_bound":46.73635340389645},"point_estimate":46.05478557706517,"standard_error":0.32224044543890845},"std_dev":{"confidence_interval":{"confidence_level":0.95,"lower_bound":6.396527236536145,"upper_bound":18.345206298055132},"point_estimate":12.61114438322805,"standard_error":3.189068595898776}}