{"mean":{"confidence_interval":{"confidence_level":0.95,"lower_bound":1.2162137342619455,"upper_bound":1.2297820910095285},"point_estimate":1.221609303770122,"standard_error":0.0035740714639827973},"median":{"confidence_interval":{"confidence_level":0.95,"lower_bound":1.2141386547889896,"upper_bound":1.2158976506593708},"point_estimate":1.2150164394473617,"standard_error":0.0004799058500836913},"median_abs_dev":{"confidence_interval":{"confidence_level":0.95,"lower_bound":0.003293083683712696,"upper_bound":0.006047353275164886},"point_estimate":0.004549538354016064,"standard_error":0.0006775044975499189},"slope":{"confidence_interval":{"confidence_level":0.95,"lower_bound":1.2149550271354466,"upper_bound":1.2170836128708582},"point_estimate":1.215955482675199,"standard_error":0.0005438229763423236},"std_dev":{"confidence_interval":{"confidence_level":0.95,"lower_bound":0.0069873293907675976,"upper_bound":0.058487382294312766},"point_estimate":0.03579344674749688,"standard_error":0.014986600976983235}}