{"mean":{"confidence_interval":{"confidence_level":0.95,"lower_bound":1.2181343973681604,"upper_bound":1.2431385579993706},"point_estimate":1.2286172693057937,"standard_error":0.006503065194989864},"median":{"confidence_interval":{"confidence_level":0.95,"lower_bound":1.2131759665702895,"upper_bound":1.2168677429450345},"point_estimate":1.2148310933094817,"standard_error":0.0010547835656128384},"median_abs_dev":{"confidence_interval":{"confidence_level":0.95,"lower_bound":0.004525079625487647,"upper_bound":0.008432904528025139},"point_estimate":0.005869472206684208,"standard_error":0.0010041311369401267},"slope":{"confidence_interval":{"confidence_level":0.95,"lower_bound":1.2147131402883304,"upper_bound":1.2193084421022822},"point_estimate":1.216810701951717,"standard_error":0.0011793415514910293},"std_dev":{"confidence_interval":{"confidence_level":0.95,"lower_bound":0.016270852928360734,"upper_bound":0.10340298009419559},"point_estimate":0.06548296736221751,"standard_error":0.023338101630726225}}