{"mean":{"confidence_interval":{"confidence_level":0.95,"lower_bound":1.0760609271359705,"upper_bound":1.0920041982321806},"point_estimate":1.0821076048838594,"standard_error":0.0043254272347126215},"median":{"confidence_interval":{"confidence_level":0.95,"lower_bound":1.0744090884617457,"upper_bound":1.077078273739557},"point_estimate":1.0755436146716502,"standard_error":0.0008160440918261509},"median_abs_dev":{"confidence_interval":{"confidence_level":0.95,"lower_bound":0.004340928659429585,"upper_bound":0.00829364476321994},"point_estimate":0.005622832031852679,"standard_error":0.001041893298734969},"slope":{"confidence_interval":{"confidence_level":0.95,"lower_bound":1.0755767492709447,"upper_bound":1.0810907435188564},"point_estimate":1.0778558438970038,"standard_error":0.0014405705587706543},"std_dev":{"confidence_interval":{"confidence_level":0.95,"lower_bound":0.009063019611203047,"upper_bound":0.07270700674056918},"point_estimate":0.04354713713561633,"standard_error":0.021023197181539995}}