{"mean":{"confidence_interval":{"confidence_level":0.95,"lower_bound":48.53958623262815,"upper_bound":52.078185154536676},"point_estimate":50.156605796524836,"standard_error":0.9113303855481429},"median":{"confidence_interval":{"confidence_level":0.95,"lower_bound":47.00049917635901,"upper_bound":47.701856570804516},"point_estimate":47.43746573256168,"standard_error":0.22787362826569457},"median_abs_dev":{"confidence_interval":{"confidence_level":0.95,"lower_bound":0.4916886413862951,"upper_bound":1.3805487045557074},"point_estimate":1.0332541297170725,"standard_error":0.25893532535896996},"slope":{"confidence_interval":{"confidence_level":0.95,"lower_bound":47.5042199293629,"upper_bound":48.131509331378176},"point_estimate":47.7926977937268,"standard_error":0.1603062189377706},"std_dev":{"confidence_interval":{"confidence_level":0.95,"lower_bound":5.5014007395497195,"upper_bound":12.11536426222253},"point_estimate":9.204650480028336,"standard_error":1.6952375191851894}}