{"mean":{"confidence_interval":{"confidence_level":0.95,"lower_bound":52.41845290134425,"upper_bound":56.3657632089558},"point_estimate":54.11845190899717,"standard_error":1.0210878001010335},"median":{"confidence_interval":{"confidence_level":0.95,"lower_bound":51.353479853479854,"upper_bound":51.78431372549019},"point_estimate":51.58426017874876,"standard_error":0.11191143181835457},"median_abs_dev":{"confidence_interval":{"confidence_level":0.95,"lower_bound":0.42743173974030046,"upper_bound":1.045794578283461},"point_estimate":0.7372316513201519,"standard_error":0.16149235498796452},"slope":{"confidence_interval":{"confidence_level":0.95,"lower_bound":51.7227472668819,"upper_bound":52.39176996078376},"point_estimate":52.03603354514556,"standard_error":0.17020898596779319},"std_dev":{"confidence_interval":{"confidence_level":0.95,"lower_bound":2.30516602774147,"upper_bound":15.481401227000735},"point_estimate":10.275403255972472,"standard_error":3.276697108830325}}