{"mean":{"confidence_interval":{"confidence_level":0.95,"lower_bound":45.060771998009926,"upper_bound":52.82782011095421},"point_estimate":48.14985188717408,"standard_error":2.043952450656584},"median":{"confidence_interval":{"confidence_level":0.95,"lower_bound":43.397656737955245,"upper_bound":43.586753731343286},"point_estimate":43.44873134328358,"standard_error":0.04650495853784754},"median_abs_dev":{"confidence_interval":{"confidence_level":0.95,"lower_bound":0.23549532520667066,"upper_bound":0.5157708078511541},"point_estimate":0.3076311125845911,"standard_error":0.07293788255618275},"slope":{"confidence_interval":{"confidence_level":0.95,"lower_bound":43.76325941206902,"upper_bound":44.47821596553031},"point_estimate":44.08442670642649,"standard_error":0.18295379200171222},"std_dev":{"confidence_interval":{"confidence_level":0.95,"lower_bound":5.888840061501932,"upper_bound":33.32481042887302},"point_estimate":20.510479957924566,"standard_error":8.609560525390517}}