{"mean":{"confidence_interval":{"confidence_level":0.95,"lower_bound":45.04249425946701,"upper_bound":48.459384549504826},"point_estimate":46.61241524045726,"standard_error":0.8748167594313097},"median":{"confidence_interval":{"confidence_level":0.95,"lower_bound":43.31372549019608,"upper_bound":44.390557275541795},"point_estimate":43.86425438596491,"standard_error":0.2931281533751556},"median_abs_dev":{"confidence_interval":{"confidence_level":0.95,"lower_bound":1.2766009406982821,"upper_bound":2.1854994969274815},"point_estimate":1.6064141256439899,"standard_error":0.2824149356084415},"slope":{"confidence_interval":{"confidence_level":0.95,"lower_bound":43.76266722342716,"upper_bound":44.46569242504184},"point_estimate":44.1305120826301,"standard_error":0.1786278310598691},"std_dev":{"confidence_interval":{"confidence_level":0.95,"lower_bound":5.530891553928912,"upper_bound":11.605356182411805},"point_estimate":8.773793559692503,"standard_error":1.5572635676697701}}