{"mean":{"confidence_interval":{"confidence_level":0.95,"lower_bound":48.93010977457007,"upper_bound":53.193815374516525},"point_estimate":50.83087423746406,"standard_error":1.1001950588374618},"median":{"confidence_interval":{"confidence_level":0.95,"lower_bound":47.78996832579186,"upper_bound":48.05614296351452},"point_estimate":47.90732265446224,"standard_error":0.0677420225441445},"median_abs_dev":{"confidence_interval":{"confidence_level":0.95,"lower_bound":0.41434343700963383,"upper_bound":0.9463411731978191},"point_estimate":0.7057029415316105,"standard_error":0.14282113211225192},"slope":{"confidence_interval":{"confidence_level":0.95,"lower_bound":47.70842688402756,"upper_bound":48.33883161832604},"point_estimate":47.963456149653595,"standard_error":0.1646008882038157},"std_dev":{"confidence_interval":{"confidence_level":0.95,"lower_bound":4.981143096914393,"upper_bound":15.644215727798507},"point_estimate":11.060961063433195,"standard_error":2.737144037168775}}