{"mean":{"confidence_interval":{"confidence_level":0.95,"lower_bound":53.931922819448396,"upper_bound":58.16883911259346},"point_estimate":55.81393878245205,"standard_error":1.0880749851334879},"median":{"confidence_interval":{"confidence_level":0.95,"lower_bound":52.647912885662436,"upper_bound":53.093257718966605},"point_estimate":52.78856107660455,"standard_error":0.10919997729124446},"median_abs_dev":{"confidence_interval":{"confidence_level":0.95,"lower_bound":0.4170935288498405,"upper_bound":0.9791035580334331},"point_estimate":0.6220172910582062,"standard_error":0.1444664567063949},"slope":{"confidence_interval":{"confidence_level":0.95,"lower_bound":52.82454581644368,"upper_bound":53.264190751967405},"point_estimate":53.03397365304343,"standard_error":0.11244256988473487},"std_dev":{"confidence_interval":{"confidence_level":0.95,"lower_bound":4.886332595042622,"upper_bound":15.783445334729171},"point_estimate":10.926128674801442,"standard_error":2.795598985667777}}