{"mean":{"confidence_interval":{"confidence_level":0.95,"lower_bound":52.26227150390094,"upper_bound":56.25119727628099},"point_estimate":54.07110973292785,"standard_error":1.0250464946514815},"median":{"confidence_interval":{"confidence_level":0.95,"lower_bound":50.785483870967745,"upper_bound":51.09916666666667},"point_estimate":50.9141530128033,"standard_error":0.0833538840931843},"median_abs_dev":{"confidence_interval":{"confidence_level":0.95,"lower_bound":0.23405052413500035,"upper_bound":0.6769978288899722},"point_estimate":0.41256240894349583,"standard_error":0.11642812888026526},"slope":{"confidence_interval":{"confidence_level":0.95,"lower_bound":51.0561943909652,"upper_bound":51.67025423787055},"point_estimate":51.332338554751,"standard_error":0.15708381491901996},"std_dev":{"confidence_interval":{"confidence_level":0.95,"lower_bound":5.746288594025331,"upper_bound":13.722930234973589},"point_estimate":10.321051086366348,"standard_error":2.0300237112437185}}