{"mean":{"confidence_interval":{"confidence_level":0.95,"lower_bound":33.19731300156174,"upper_bound":34.25159416158111},"point_estimate":33.660640770162416,"standard_error":0.271121887936984},"median":{"confidence_interval":{"confidence_level":0.95,"lower_bound":32.82200548795037,"upper_bound":33.10811629315566},"point_estimate":32.938986222933686,"standard_error":0.10268786366465242},"median_abs_dev":{"confidence_interval":{"confidence_level":0.95,"lower_bound":0.2461612715957905,"upper_bound":0.5600447418690783},"point_estimate":0.33466758440774236,"standard_error":0.08617471972325409},"slope":{"confidence_interval":{"confidence_level":0.95,"lower_bound":33.063572894452456,"upper_bound":33.286390067343866},"point_estimate":33.165334316955025,"standard_error":0.05695682468969446},"std_dev":{"confidence_interval":{"confidence_level":0.95,"lower_bound":1.0515527228888473,"upper_bound":3.8723982765983926},"point_estimate":2.721778778712183,"standard_error":0.6879820637069554}}