{"mean":{"confidence_interval":{"confidence_level":0.95,"lower_bound":32.62411882133664,"upper_bound":34.64090382229297},"point_estimate":33.43724695969745,"standard_error":0.531010566245534},"median":{"confidence_interval":{"confidence_level":0.95,"lower_bound":32.31947301400725,"upper_bound":32.67033726303062},"point_estimate":32.56017706396642,"standard_error":0.0721185446243361},"median_abs_dev":{"confidence_interval":{"confidence_level":0.95,"lower_bound":0.44762207843831925,"upper_bound":0.7671230937515698},"point_estimate":0.6546405813034434,"standard_error":0.08457085634207534},"slope":{"confidence_interval":{"confidence_level":0.95,"lower_bound":32.57447881793016,"upper_bound":32.73351538682637},"point_estimate":32.652426843475574,"standard_error":0.04057956278717241},"std_dev":{"confidence_interval":{"confidence_level":0.95,"lower_bound":0.8708529126782741,"upper_bound":8.651778023811012},"point_estimate":5.320418270316442,"standard_error":2.1878609325827156}}