{"mean":{"confidence_interval":{"confidence_level":0.95,"lower_bound":30.836174205002614,"upper_bound":32.026260515174236},"point_estimate":31.27288941898373,"standard_error":0.3359862468239502},"median":{"confidence_interval":{"confidence_level":0.95,"lower_bound":30.637344339238723,"upper_bound":30.95814618211515},"point_estimate":30.677673237753883,"standard_error":0.11140397880684744},"median_abs_dev":{"confidence_interval":{"confidence_level":0.95,"lower_bound":0.21931863119074482,"upper_bound":0.5099780227242438},"point_estimate":0.4160596445122006,"standard_error":0.06898681748377546},"slope":{"confidence_interval":{"confidence_level":0.95,"lower_bound":30.829708285593817,"upper_bound":31.12779602087842},"point_estimate":30.95053424588968,"standard_error":0.07807767727492956},"std_dev":{"confidence_interval":{"confidence_level":0.95,"lower_bound":0.49687333159659924,"upper_bound":5.705371445459761},"point_estimate":3.376230936380146,"standard_error":1.7640275554421514}}