{"mean":{"confidence_interval":{"confidence_level":0.95,"lower_bound":34.0661904713378,"upper_bound":35.814630919459354},"point_estimate":34.851968494343566,"standard_error":0.44943696665805477},"median":{"confidence_interval":{"confidence_level":0.95,"lower_bound":33.56081081081081,"upper_bound":33.87526497085321},"point_estimate":33.63943329975939,"standard_error":0.08786471527437745},"median_abs_dev":{"confidence_interval":{"confidence_level":0.95,"lower_bound":0.3121903322953489,"upper_bound":0.5729255433172559},"point_estimate":0.4922512620997582,"standard_error":0.0647050423234922},"slope":{"confidence_interval":{"confidence_level":0.95,"lower_bound":33.736393035946676,"upper_bound":34.05440745959699},"point_estimate":33.871979412543915,"standard_error":0.08115230346514937},"std_dev":{"confidence_interval":{"confidence_level":0.95,"lower_bound":2.285557861290031,"upper_bound":6.163507148501224},"point_estimate":4.503461642836603,"standard_error":0.9982803891398381}}