{"mean":{"confidence_interval":{"confidence_level":0.95,"lower_bound":240.63046198872067,"upper_bound":246.0540512372455},"point_estimate":243.24725284310753,"standard_error":1.380741829842897},"median":{"confidence_interval":{"confidence_level":0.95,"lower_bound":238.99003670686943,"upper_bound":246.45938338628582},"point_estimate":242.97457830261973,"standard_error":1.9063938177603235},"median_abs_dev":{"confidence_interval":{"confidence_level":0.95,"lower_bound":8.835722933352915,"upper_bound":13.960120512395719},"point_estimate":11.468851339676204,"standard_error":1.27813933397167},"slope":{"confidence_interval":{"confidence_level":0.95,"lower_bound":242.0645039410807,"upper_bound":248.23376532297894},"point_estimate":245.1128223304294,"standard_error":1.573567662081332},"std_dev":{"confidence_interval":{"confidence_level":0.95,"lower_bound":10.459299928228814,"upper_bound":17.46366227259692},"point_estimate":13.893249691563604,"standard_error":1.8266354196565775}}