{"mean":{"confidence_interval":{"confidence_level":0.95,"lower_bound":195.1388583300053,"upper_bound":196.89268591992086},"point_estimate":195.88200062395737,"standard_error":0.4539816155774707},"median":{"confidence_interval":{"confidence_level":0.95,"lower_bound":195.0085952140695,"upper_bound":195.17085916102062},"point_estimate":195.08213874192052,"standard_error":0.04446741876403152},"median_abs_dev":{"confidence_interval":{"confidence_level":0.95,"lower_bound":0.2836904521158398,"upper_bound":0.4423149348120804},"point_estimate":0.3598420578560199,"standard_error":0.03847123285889666},"slope":{"confidence_interval":{"confidence_level":0.95,"lower_bound":195.14767772425404,"upper_bound":196.5800173835186},"point_estimate":195.74502117997994,"standard_error":0.3794424083670922},"std_dev":{"confidence_interval":{"confidence_level":0.95,"lower_bound":1.2548640448845536,"upper_bound":7.118207243763087},"point_estimate":4.552222333179288,"standard_error":1.5569219752243253}}