{"mean":{"confidence_interval":{"confidence_level":0.95,"lower_bound":194.23447964421638,"upper_bound":195.64752117623797},"point_estimate":194.79955421716556,"standard_error":0.3738966018840894},"median":{"confidence_interval":{"confidence_level":0.95,"lower_bound":194.1909635199109,"upper_bound":194.44612487852282},"point_estimate":194.30719664759843,"standard_error":0.0664721208190259},"median_abs_dev":{"confidence_interval":{"confidence_level":0.95,"lower_bound":0.35156736388831566,"upper_bound":0.574782421880254},"point_estimate":0.4377650368147421,"standard_error":0.058378884931140115},"slope":{"confidence_interval":{"confidence_level":0.95,"lower_bound":194.26438022279183,"upper_bound":194.4482423449106},"point_estimate":194.35330375761455,"standard_error":0.04689697714606366},"std_dev":{"confidence_interval":{"confidence_level":0.95,"lower_bound":0.5529673918003573,"upper_bound":6.077095108400571},"point_estimate":3.746666835535652,"standard_error":1.5526564114882349}}