{"mean":{"confidence_interval":{"confidence_level":0.95,"lower_bound":284.428128117409,"upper_bound":287.028053766745},"point_estimate":285.3446212289553,"standard_error":0.7756211572035663},"median":{"confidence_interval":{"confidence_level":0.95,"lower_bound":284.23794192437043,"upper_bound":284.4161859614105},"point_estimate":284.3283490710886,"standard_error":0.05384465422251721},"median_abs_dev":{"confidence_interval":{"confidence_level":0.95,"lower_bound":0.22692056039083816,"upper_bound":0.4013341044458903},"point_estimate":0.3054205379228448,"standard_error":0.04778957768998253},"slope":{"confidence_interval":{"confidence_level":0.95,"lower_bound":284.1900095874587,"upper_bound":284.4392217371268},"point_estimate":284.28906627708085,"standard_error":0.06590147369292165},"std_dev":{"confidence_interval":{"confidence_level":0.95,"lower_bound":0.4861947588363419,"upper_bound":13.228995494210565},"point_estimate":7.758096096156156,"standard_error":4.401369920265636}}