{"mean":{"confidence_interval":{"confidence_level":0.95,"lower_bound":187.91785634670646,"upper_bound":189.24481187434796},"point_estimate":188.44649858214723,"standard_error":0.3511248727787318},"median":{"confidence_interval":{"confidence_level":0.95,"lower_bound":187.89576361608226,"upper_bound":188.111339171684},"point_estimate":187.9869252873563,"standard_error":0.0528499644280343},"median_abs_dev":{"confidence_interval":{"confidence_level":0.95,"lower_bound":0.45127907068337714,"upper_bound":0.8327753537070193},"point_estimate":0.6159185398366698,"standard_error":0.10344300016016693},"slope":{"confidence_interval":{"confidence_level":0.95,"lower_bound":188.06474321960047,"upper_bound":188.91165424477572},"point_estimate":188.38058952987424,"standard_error":0.22877926481098557},"std_dev":{"confidence_interval":{"confidence_level":0.95,"lower_bound":0.8752483157046788,"upper_bound":5.797724954334644},"point_estimate":3.5345892573015276,"standard_error":1.5103928961110995}}