{"mean":{"confidence_interval":{"confidence_level":0.95,"lower_bound":253.14634712312886,"upper_bound":253.52317756809853},"point_estimate":253.33276158266966,"standard_error":0.0962948144596015},"median":{"confidence_interval":{"confidence_level":0.95,"lower_bound":253.0907026325547,"upper_bound":253.52126099706746},"point_estimate":253.32461422985617,"standard_error":0.11756812213970504},"median_abs_dev":{"confidence_interval":{"confidence_level":0.95,"lower_bound":0.6546954872565361,"upper_bound":1.0309485317411975},"point_estimate":0.8294389911374133,"standard_error":0.09893945837768024},"slope":{"confidence_interval":{"confidence_level":0.95,"lower_bound":253.0913213521641,"upper_bound":253.54161472548202},"point_estimate":253.31067274613835,"standard_error":0.11459885754539113},"std_dev":{"confidence_interval":{"confidence_level":0.95,"lower_bound":0.7931915995485065,"upper_bound":1.133277938648992},"point_estimate":0.9651018073026647,"standard_error":0.08718720819590026}}