{"mean":{"confidence_interval":{"confidence_level":0.95,"lower_bound":186.4687555551154,"upper_bound":187.29337926461858},"point_estimate":186.80253998049847,"standard_error":0.2166212091927896},"median":{"confidence_interval":{"confidence_level":0.95,"lower_bound":186.62002403846154,"upper_bound":186.75815069356872},"point_estimate":186.71765051354896,"standard_error":0.03429630681173472},"median_abs_dev":{"confidence_interval":{"confidence_level":0.95,"lower_bound":0.23450279472652688,"upper_bound":0.4763068613181017},"point_estimate":0.3224764312407166,"standard_error":0.06615184457025497},"slope":{"confidence_interval":{"confidence_level":0.95,"lower_bound":186.6107560579178,"upper_bound":186.76668351503073},"point_estimate":186.68717651271442,"standard_error":0.03975133227863836},"std_dev":{"confidence_interval":{"confidence_level":0.95,"lower_bound":0.5494679930834272,"upper_bound":3.597400047158038},"point_estimate":2.171895744092654,"standard_error":0.9478774387777273}}