{"mean":{"confidence_interval":{"confidence_level":0.95,"lower_bound":313.3243765830199,"upper_bound":313.8345156767264},"point_estimate":313.56805584182393,"standard_error":0.12976779902628038},"median":{"confidence_interval":{"confidence_level":0.95,"lower_bound":313.30270174888244,"upper_bound":313.6741763060091},"point_estimate":313.52278304281606,"standard_error":0.09525559162441506},"median_abs_dev":{"confidence_interval":{"confidence_level":0.95,"lower_bound":0.6119800684484771,"upper_bound":1.0935072933142609},"point_estimate":0.7727664300889665,"standard_error":0.12347070696830396},"slope":{"confidence_interval":{"confidence_level":0.95,"lower_bound":313.47801851793446,"upper_bound":313.95938548981894},"point_estimate":313.7172531440407,"standard_error":0.12266905969320631},"std_dev":{"confidence_interval":{"confidence_level":0.95,"lower_bound":0.9227410471064585,"upper_bound":1.7296605277569372},"point_estimate":1.3049768269901811,"standard_error":0.21719482439691354}}