{"mean":{"confidence_interval":{"confidence_level":0.95,"lower_bound":190.02665482997375,"upper_bound":191.469924102015},"point_estimate":190.6172196199025,"standard_error":0.3769162799863404},"median":{"confidence_interval":{"confidence_level":0.95,"lower_bound":189.94220076789497,"upper_bound":190.1476553038798},"point_estimate":190.05824581058494,"standard_error":0.048891318615836184},"median_abs_dev":{"confidence_interval":{"confidence_level":0.95,"lower_bound":0.3393739881440002,"upper_bound":0.5764195879966201},"point_estimate":0.4628407959617379,"standard_error":0.05891847856698016},"slope":{"confidence_interval":{"confidence_level":0.95,"lower_bound":190.04304903228368,"upper_bound":191.08287754241067},"point_estimate":190.41899359249706,"standard_error":0.2930531412330673},"std_dev":{"confidence_interval":{"confidence_level":0.95,"lower_bound":0.6957679611167034,"upper_bound":6.096852546531642},"point_estimate":3.775990205909035,"standard_error":1.4665358360554623}}