{"mean":{"confidence_interval":{"confidence_level":0.95,"lower_bound":194.630259593896,"upper_bound":195.55022299025168},"point_estimate":195.0055187638201,"standard_error":0.24096263155185635},"median":{"confidence_interval":{"confidence_level":0.95,"lower_bound":194.69618232003955,"upper_bound":194.80076562280897},"point_estimate":194.738255312085,"standard_error":0.025609677851716358},"median_abs_dev":{"confidence_interval":{"confidence_level":0.95,"lower_bound":0.2007987709448623,"upper_bound":0.36803313032310747},"point_estimate":0.2566749756692786,"standard_error":0.04353236667791184},"slope":{"confidence_interval":{"confidence_level":0.95,"lower_bound":194.69053605877806,"upper_bound":195.66089502035192},"point_estimate":195.0280584533449,"standard_error":0.27225034135401754},"std_dev":{"confidence_interval":{"confidence_level":0.95,"lower_bound":0.4434415910457623,"upper_bound":3.925254491233495},"point_estimate":2.4150121316350814,"standard_error":0.9585162788881103}}