{"mean":{"confidence_interval":{"confidence_level":0.95,"lower_bound":303.3248448289347,"upper_bound":304.078462752386},"point_estimate":303.739969828044,"standard_error":0.19333474481548046},"median":{"confidence_interval":{"confidence_level":0.95,"lower_bound":303.750526987565,"upper_bound":304.1208853839533},"point_estimate":303.9286337089975,"standard_error":0.0891913575418938},"median_abs_dev":{"confidence_interval":{"confidence_level":0.95,"lower_bound":0.5680338579688295,"upper_bound":0.9794431360871251},"point_estimate":0.7741648896222572,"standard_error":0.11080067305862859},"slope":{"confidence_interval":{"confidence_level":0.95,"lower_bound":302.3348312262385,"upper_bound":303.9297084569242},"point_estimate":303.246331334602,"standard_error":0.41426461163133205},"std_dev":{"confidence_interval":{"confidence_level":0.95,"lower_bound":0.998594428187834,"upper_bound":2.866229705058746},"point_estimate":1.9353105635322219,"standard_error":0.5213905049627754}}