{"mean":{"confidence_interval":{"confidence_level":0.95,"lower_bound":186.2749494239396,"upper_bound":187.01735029317814},"point_estimate":186.56738668777666,"standard_error":0.19714728494273384},"median":{"confidence_interval":{"confidence_level":0.95,"lower_bound":186.36543110323123,"upper_bound":186.47779739272136},"point_estimate":186.419915224645,"standard_error":0.02816783566109263},"median_abs_dev":{"confidence_interval":{"confidence_level":0.95,"lower_bound":0.24628683074490385,"upper_bound":0.4450410691329026},"point_estimate":0.360874232865334,"standard_error":0.0521694108672659},"slope":{"confidence_interval":{"confidence_level":0.95,"lower_bound":186.3512100848593,"upper_bound":186.5234439591872},"point_estimate":186.43449322955678,"standard_error":0.043825280966273764},"std_dev":{"confidence_interval":{"confidence_level":0.95,"lower_bound":0.4860340011688668,"upper_bound":3.3047683338632687},"point_estimate":1.9839634626317433,"standard_error":0.9070072682059239}}