{"mean":{"confidence_interval":{"confidence_level":0.95,"lower_bound":187.17286044288247,"upper_bound":188.61368380913126},"point_estimate":187.70596103216494,"standard_error":0.40692467582815695},"median":{"confidence_interval":{"confidence_level":0.95,"lower_bound":187.2562706897736,"upper_bound":187.37859584024997},"point_estimate":187.34871956907708,"standard_error":0.03292146909058541},"median_abs_dev":{"confidence_interval":{"confidence_level":0.95,"lower_bound":0.20969622985291644,"upper_bound":0.32382061319232325},"point_estimate":0.26182108153866607,"standard_error":0.029207885077931893},"slope":{"confidence_interval":{"confidence_level":0.95,"lower_bound":187.30782946115318,"upper_bound":187.67481165639478},"point_estimate":187.4514374246537,"standard_error":0.09754939078163895},"std_dev":{"confidence_interval":{"confidence_level":0.95,"lower_bound":0.684877757323348,"upper_bound":6.90494746136539},"point_estimate":4.078921913197007,"standard_error":2.132895049335222}}