{"mean":{"confidence_interval":{"confidence_level":0.95,"lower_bound":194.054447696409,"upper_bound":195.1209346606082},"point_estimate":194.4771483219567,"standard_error":0.2817568039921561},"median":{"confidence_interval":{"confidence_level":0.95,"lower_bound":194.08953277828545,"upper_bound":194.21225334004137},"point_estimate":194.17047263681593,"standard_error":0.030635901015761267},"median_abs_dev":{"confidence_interval":{"confidence_level":0.95,"lower_bound":0.21236998758564327,"upper_bound":0.36032396094021724},"point_estimate":0.27525510453768604,"standard_error":0.03628265143198075},"slope":{"confidence_interval":{"confidence_level":0.95,"lower_bound":194.20868110426693,"upper_bound":195.2269090605242},"point_estimate":194.56267213364242,"standard_error":0.29073696100441226},"std_dev":{"confidence_interval":{"confidence_level":0.95,"lower_bound":0.5624833303300142,"upper_bound":4.655778814548292},"point_estimate":2.8290522057298495,"standard_error":1.207245583819689}}