{"mean":{"confidence_interval":{"confidence_level":0.95,"lower_bound":255.17381310237386,"upper_bound":255.54360617023332},"point_estimate":255.3342150516693,"standard_error":0.095064482401374},"median":{"confidence_interval":{"confidence_level":0.95,"lower_bound":255.12467797517482,"upper_bound":255.32802619692865},"point_estimate":255.22814498756145,"standard_error":0.04573410252084032},"median_abs_dev":{"confidence_interval":{"confidence_level":0.95,"lower_bound":0.2614761293446886,"upper_bound":0.563682987425242},"point_estimate":0.38225629675072975,"standard_error":0.0838441826576069},"slope":{"confidence_interval":{"confidence_level":0.95,"lower_bound":254.96336682877507,"upper_bound":255.14923537496315},"point_estimate":255.05659142907373,"standard_error":0.04751043855727843},"std_dev":{"confidence_interval":{"confidence_level":0.95,"lower_bound":0.4544291557820545,"upper_bound":1.4578827219679464},"point_estimate":0.9522655228418334,"standard_error":0.2990326822674898}}