{"mean":{"confidence_interval":{"confidence_level":0.95,"lower_bound":186.04119091361002,"upper_bound":187.5342040677951},"point_estimate":186.61979968710781,"standard_error":0.39760986123120956},"median":{"confidence_interval":{"confidence_level":0.95,"lower_bound":185.93810864967077,"upper_bound":186.1071144032142},"point_estimate":185.99741753538956,"standard_error":0.04384005218612176},"median_abs_dev":{"confidence_interval":{"confidence_level":0.95,"lower_bound":0.30039126023257967,"upper_bound":0.5227177652237659},"point_estimate":0.38203307799733977,"standard_error":0.05931071687936648},"slope":{"confidence_interval":{"confidence_level":0.95,"lower_bound":185.95013294118306,"upper_bound":186.16138737012767},"point_estimate":186.049975134474,"standard_error":0.05386896494163658},"std_dev":{"confidence_interval":{"confidence_level":0.95,"lower_bound":0.5849994218213656,"upper_bound":6.604087117061108},"point_estimate":3.9997669302545154,"standard_error":1.7882232257930168}}