{"mean":{"confidence_interval":{"confidence_level":0.95,"lower_bound":194.14907367057296,"upper_bound":195.85392777889248},"point_estimate":194.8530575775351,"standard_error":0.4476503400138651},"median":{"confidence_interval":{"confidence_level":0.95,"lower_bound":194.16694175255967,"upper_bound":194.33011472881321},"point_estimate":194.24492349407416,"standard_error":0.039220578468643984},"median_abs_dev":{"confidence_interval":{"confidence_level":0.95,"lower_bound":0.248159421748476,"upper_bound":0.4292204160805781},"point_estimate":0.3373535002364146,"standard_error":0.04541948882340764},"slope":{"confidence_interval":{"confidence_level":0.95,"lower_bound":194.26133296989548,"upper_bound":194.62540014121856},"point_estimate":194.42207705218195,"standard_error":0.0933178452361165},"std_dev":{"confidence_interval":{"confidence_level":0.95,"lower_bound":0.8138496858289277,"upper_bound":7.1186413821722105},"point_estimate":4.496803254363461,"standard_error":1.7151826117391475}}