{"mean":{"confidence_interval":{"confidence_level":0.95,"lower_bound":268.6270602978247,"upper_bound":274.45215981808974},"point_estimate":271.2489842994587,"standard_error":1.4924807827207307},"median":{"confidence_interval":{"confidence_level":0.95,"lower_bound":268.61771565769163,"upper_bound":273.1864352453546},"point_estimate":271.0832473828789,"standard_error":1.2994890791363818},"median_abs_dev":{"confidence_interval":{"confidence_level":0.95,"lower_bound":6.218109872686121,"upper_bound":10.470081025786566},"point_estimate":8.321003857881783,"standard_error":1.118160814390956},"slope":{"confidence_interval":{"confidence_level":0.95,"lower_bound":269.20962490826645,"upper_bound":274.3910985627929},"point_estimate":271.55143360787497,"standard_error":1.3284119214011263},"std_dev":{"confidence_interval":{"confidence_level":0.95,"lower_bound":8.44331384302878,"upper_bound":22.001437426886827},"point_estimate":14.988542105505754,"standard_error":3.921173376569311}}