{"mean":{"confidence_interval":{"confidence_level":0.95,"lower_bound":285.1372042196715,"upper_bound":297.12880344918057},"point_estimate":290.8008022013683,"standard_error":3.0664432699529023},"median":{"confidence_interval":{"confidence_level":0.95,"lower_bound":279.9989872872226,"upper_bound":285.0022839905193},"point_estimate":281.34969219552477,"standard_error":1.2778703644917278},"median_abs_dev":{"confidence_interval":{"confidence_level":0.95,"lower_bound":7.1434846393919695,"upper_bound":17.097557391567147},"point_estimate":10.852892943266204,"standard_error":2.4263458315081956},"slope":{"confidence_interval":{"confidence_level":0.95,"lower_bound":287.9709445568706,"upper_bound":303.2753963123214},"point_estimate":294.9439243859552,"standard_error":3.9219782006145456},"std_dev":{"confidence_interval":{"confidence_level":0.95,"lower_bound":20.41436958149728,"upper_bound":39.64044656768044},"point_estimate":30.796650567049046,"standard_error":4.904563169495521}}