{"mean":{"confidence_interval":{"confidence_level":0.95,"lower_bound":7.184575035587561,"upper_bound":7.219831676954692},"point_estimate":7.199810602816958,"standard_error":0.009070374017705758},"median":{"confidence_interval":{"confidence_level":0.95,"lower_bound":7.165626774453635,"upper_bound":7.182048939277026},"point_estimate":7.171311919325062,"standard_error":0.004920824968513393},"median_abs_dev":{"confidence_interval":{"confidence_level":0.95,"lower_bound":0.01734658192043434,"upper_bound":0.0376003140542856},"point_estimate":0.024330027100105317,"standard_error":0.005810266417689039},"slope":{"confidence_interval":{"confidence_level":0.95,"lower_bound":7.172669696129465,"upper_bound":7.191161914599193},"point_estimate":7.181370511123683,"standard_error":0.0047182144239206825},"std_dev":{"confidence_interval":{"confidence_level":0.95,"lower_bound":0.040359619749455886,"upper_bound":0.13796511463034689},"point_estimate":0.09079741291348384,"standard_error":0.02716545505371905}}