{"mean":{"confidence_interval":{"confidence_level":0.95,"lower_bound":8.616602992263745,"upper_bound":8.653182192217129},"point_estimate":8.6319073778929,"standard_error":0.009500750731990462},"median":{"confidence_interval":{"confidence_level":0.95,"lower_bound":8.596264886875057,"upper_bound":8.6170451105056},"point_estimate":8.605986293452233,"standard_error":0.005136126224579887},"median_abs_dev":{"confidence_interval":{"confidence_level":0.95,"lower_bound":0.017729685127235818,"upper_bound":0.04150740283786541},"point_estimate":0.031380370003591264,"standard_error":0.006182566829084849},"slope":{"confidence_interval":{"confidence_level":0.95,"lower_bound":8.603590803763154,"upper_bound":8.630141904024615},"point_estimate":8.615648046760022,"standard_error":0.00685888221178683},"std_dev":{"confidence_interval":{"confidence_level":0.95,"lower_bound":0.039791494645978275,"upper_bound":0.14923291794983548},"point_estimate":0.09531231855362957,"standard_error":0.03355403265728425}}