{"mean":{"confidence_interval":{"confidence_level":0.95,"lower_bound":7.1718241078768585,"upper_bound":7.199778642857328},"point_estimate":7.183711364880947,"standard_error":0.007242424005856533},"median":{"confidence_interval":{"confidence_level":0.95,"lower_bound":7.158208730863363,"upper_bound":7.173006450286536},"point_estimate":7.165991064263561,"standard_error":0.004226660583868891},"median_abs_dev":{"confidence_interval":{"confidence_level":0.95,"lower_bound":0.013504678659326282,"upper_bound":0.029463216108502673},"point_estimate":0.02223396712703925,"standard_error":0.004408789898899936},"slope":{"confidence_interval":{"confidence_level":0.95,"lower_bound":7.160965697646253,"upper_bound":7.170132038355528},"point_estimate":7.165455492479081,"standard_error":0.0023422473665898236},"std_dev":{"confidence_interval":{"confidence_level":0.95,"lower_bound":0.027889937339395345,"upper_bound":0.11399468624701552},"point_estimate":0.073151553687108,"standard_error":0.024786560046288146}}