{"mean":{"confidence_interval":{"confidence_level":0.95,"lower_bound":7.055143380941034,"upper_bound":7.3279037257580635},"point_estimate":7.187702790786502,"standard_error":0.06966212885755153},"median":{"confidence_interval":{"confidence_level":0.95,"lower_bound":6.947432918773632,"upper_bound":7.215270602706028},"point_estimate":7.062164611945944,"standard_error":0.07544737374773608},"median_abs_dev":{"confidence_interval":{"confidence_level":0.95,"lower_bound":0.4497850464149964,"upper_bound":0.7260442153743559},"point_estimate":0.5775028260823936,"standard_error":0.07355281059422514},"slope":{"confidence_interval":{"confidence_level":0.95,"lower_bound":7.061444044118379,"upper_bound":7.395552938930508},"point_estimate":7.222851318892973,"standard_error":0.08513688777280702},"std_dev":{"confidence_interval":{"confidence_level":0.95,"lower_bound":0.5435771823876376,"upper_bound":0.8330290485386584},"point_estimate":0.6964956095531538,"standard_error":0.07430587405863684}}