{"mean":{"confidence_interval":{"confidence_level":0.95,"lower_bound":8.5794574481324,"upper_bound":8.629226675150335},"point_estimate":8.604948903834686,"standard_error":0.01264799063951923},"median":{"confidence_interval":{"confidence_level":0.95,"lower_bound":8.604817646873721,"upper_bound":8.637299375125249},"point_estimate":8.612978442539596,"standard_error":0.008214206579483473},"median_abs_dev":{"confidence_interval":{"confidence_level":0.95,"lower_bound":0.045205376001499084,"upper_bound":0.09463666039390578},"point_estimate":0.07414953930184202,"standard_error":0.012613992412698106},"slope":{"confidence_interval":{"confidence_level":0.95,"lower_bound":8.491755482686074,"upper_bound":8.57169160758148},"point_estimate":8.532154604357075,"standard_error":0.02036797128352518},"std_dev":{"confidence_interval":{"confidence_level":0.95,"lower_bound":0.09626079886287132,"upper_bound":0.1535101685187557},"point_estimate":0.12638346910152765,"standard_error":0.014712496444022742}}