{"mean":{"confidence_interval":{"confidence_level":0.95,"lower_bound":24.953996789404897,"upper_bound":25.297102979603377},"point_estimate":25.12104980783275,"standard_error":0.08711730122466652},"median":{"confidence_interval":{"confidence_level":0.95,"lower_bound":25.034130587931376,"upper_bound":25.25476122116949},"point_estimate":25.176571105107925,"standard_error":0.07261703804930154},"median_abs_dev":{"confidence_interval":{"confidence_level":0.95,"lower_bound":0.4154873620443294,"upper_bound":0.8168211777930291},"point_estimate":0.6200529931928193,"standard_error":0.10227686838150123},"slope":{"confidence_interval":{"confidence_level":0.95,"lower_bound":24.99744116424179,"upper_bound":25.22841153208004},"point_estimate":25.11267861508373,"standard_error":0.058960963074821016},"std_dev":{"confidence_interval":{"confidence_level":0.95,"lower_bound":0.6467429786041585,"upper_bound":1.1163737751223917},"point_estimate":0.8773800798635794,"standard_error":0.12255708910661145}}