{"mean":{"confidence_interval":{"confidence_level":0.95,"lower_bound":22.864684717288434,"upper_bound":23.301863510077276},"point_estimate":23.050686170353266,"standard_error":0.11285300038903394},"median":{"confidence_interval":{"confidence_level":0.95,"lower_bound":22.79765834600596,"upper_bound":22.893679672585666},"point_estimate":22.849532032331503,"standard_error":0.027798620889445978},"median_abs_dev":{"confidence_interval":{"confidence_level":0.95,"lower_bound":0.13071131905830952,"upper_bound":0.21869735645865718},"point_estimate":0.17457957236388857,"standard_error":0.021236661922005382},"slope":{"confidence_interval":{"confidence_level":0.95,"lower_bound":22.90838938115191,"upper_bound":23.357483392923232},"point_estimate":23.06308766801706,"standard_error":0.1288185392368971},"std_dev":{"confidence_interval":{"confidence_level":0.95,"lower_bound":0.1719241729959464,"upper_bound":1.7386138909174862},"point_estimate":1.132995586800624,"standard_error":0.3887945035344978}}