{"mean":{"confidence_interval":{"confidence_level":0.95,"lower_bound":21.812784986706337,"upper_bound":22.496713205496494},"point_estimate":22.111992311860437,"standard_error":0.17691968124600949},"median":{"confidence_interval":{"confidence_level":0.95,"lower_bound":21.726181021827546,"upper_bound":22.033357183581998},"point_estimate":21.873364419303517,"standard_error":0.07529057302530616},"median_abs_dev":{"confidence_interval":{"confidence_level":0.95,"lower_bound":0.5230206320750065,"upper_bound":0.924465054708146},"point_estimate":0.7224727550789796,"standard_error":0.10413302899997112},"slope":{"confidence_interval":{"confidence_level":0.95,"lower_bound":21.82219625375394,"upper_bound":22.5165084972089},"point_estimate":22.130557371503997,"standard_error":0.1786585124176907},"std_dev":{"confidence_interval":{"confidence_level":0.95,"lower_bound":0.8109975128226672,"upper_bound":2.693843573028655},"point_estimate":1.779091677684563,"standard_error":0.532688416091629}}