{"mean":{"confidence_interval":{"confidence_level":0.95,"lower_bound":22.12183687171507,"upper_bound":22.82164850884171},"point_estimate":22.409080285042677,"standard_error":0.18313710982995962},"median":{"confidence_interval":{"confidence_level":0.95,"lower_bound":22.021331304148887,"upper_bound":22.148379817391486},"point_estimate":22.065272799681402,"standard_error":0.03334199713539381},"median_abs_dev":{"confidence_interval":{"confidence_level":0.95,"lower_bound":0.2018167181792419,"upper_bound":0.35394942637690857},"point_estimate":0.2746877821425216,"standard_error":0.04252157248246795},"slope":{"confidence_interval":{"confidence_level":0.95,"lower_bound":22.062749475755737,"upper_bound":22.185146379650835},"point_estimate":22.12298764473196,"standard_error":0.031175849151929322},"std_dev":{"confidence_interval":{"confidence_level":0.95,"lower_bound":0.34054293574691624,"upper_bound":2.884985697905326},"point_estimate":1.8337906997746445,"standard_error":0.6942830964054238}}