{"mean":{"confidence_interval":{"confidence_level":0.95,"lower_bound":37.185439229979664,"upper_bound":38.82968766356371},"point_estimate":37.912183062797105,"standard_error":0.4233058041155885},"median":{"confidence_interval":{"confidence_level":0.95,"lower_bound":36.688127052683676,"upper_bound":37.10130858797177},"point_estimate":36.82148660153452,"standard_error":0.09466193024595834},"median_abs_dev":{"confidence_interval":{"confidence_level":0.95,"lower_bound":0.46830907308561953,"upper_bound":0.7880199666402795},"point_estimate":0.5615639948269057,"standard_error":0.08491349842235006},"slope":{"confidence_interval":{"confidence_level":0.95,"lower_bound":37.041433126476576,"upper_bound":37.35525569345335},"point_estimate":37.190438931734306,"standard_error":0.08016383661409071},"std_dev":{"confidence_interval":{"confidence_level":0.95,"lower_bound":1.6289985666860929,"upper_bound":6.058368106470268},"point_estimate":4.23384956343945,"standard_error":1.0875107687549739}}