{"mean":{"confidence_interval":{"confidence_level":0.95,"lower_bound":35.80950701463404,"upper_bound":36.72543860111396},"point_estimate":36.16400066420869,"standard_error":0.24641152720798282},"median":{"confidence_interval":{"confidence_level":0.95,"lower_bound":35.65947656025309,"upper_bound":36.26752022613599},"point_estimate":36.09013738166705,"standard_error":0.13457838425227067},"median_abs_dev":{"confidence_interval":{"confidence_level":0.95,"lower_bound":0.6264519290049767,"upper_bound":1.0745618165396171},"point_estimate":0.8841106453438947,"standard_error":0.11074040070989939},"slope":{"confidence_interval":{"confidence_level":0.95,"lower_bound":36.170888449795925,"upper_bound":36.43044989655917},"point_estimate":36.304852623750264,"standard_error":0.06605388640473113},"std_dev":{"confidence_interval":{"confidence_level":0.95,"lower_bound":0.7271554934587575,"upper_bound":4.116394102901638},"point_estimate":2.4776991125336227,"standard_error":1.164907832289141}}