{"mean":{"confidence_interval":{"confidence_level":0.95,"lower_bound":35.355884068050145,"upper_bound":36.20637603406022},"point_estimate":35.72969877128578,"standard_error":0.2193249951980034},"median":{"confidence_interval":{"confidence_level":0.95,"lower_bound":34.97318477952979,"upper_bound":35.4421768707483},"point_estimate":35.09143633951818,"standard_error":0.1527654350654284},"median_abs_dev":{"confidence_interval":{"confidence_level":0.95,"lower_bound":0.3603032249987286,"upper_bound":0.7478800317458494},"point_estimate":0.5496463503487418,"standard_error":0.09386657402243315},"slope":{"confidence_interval":{"confidence_level":0.95,"lower_bound":35.2643888564047,"upper_bound":35.47010155119726},"point_estimate":35.36234613603089,"standard_error":0.052355382278951465},"std_dev":{"confidence_interval":{"confidence_level":0.95,"lower_bound":0.9537260508941793,"upper_bound":3.3017136494292774},"point_estimate":2.203630830382947,"standard_error":0.6224249375627335}}