{"mean":{"confidence_interval":{"confidence_level":0.95,"lower_bound":35.114195661031175,"upper_bound":36.94429386399051},"point_estimate":35.872100043758344,"standard_error":0.47878493649798637},"median":{"confidence_interval":{"confidence_level":0.95,"lower_bound":34.93758594120436,"upper_bound":35.118703792107326},"point_estimate":35.02327458577459,"standard_error":0.04589153404672429},"median_abs_dev":{"confidence_interval":{"confidence_level":0.95,"lower_bound":0.3086945595360268,"upper_bound":0.5545674670685276},"point_estimate":0.4120408435268177,"standard_error":0.06159763516294753},"slope":{"confidence_interval":{"confidence_level":0.95,"lower_bound":35.0787092429448,"upper_bound":35.25530703927825},"point_estimate":35.16514304314659,"standard_error":0.04487871674167237},"std_dev":{"confidence_interval":{"confidence_level":0.95,"lower_bound":0.7070149861950459,"upper_bound":7.648854768027436},"point_estimate":4.810780140093064,"standard_error":1.8302023589819854}}