{"mean":{"confidence_interval":{"confidence_level":0.95,"lower_bound":7.069928453350389,"upper_bound":7.233169841130433},"point_estimate":7.1320990012320875,"standard_error":0.04401631156749757},"median":{"confidence_interval":{"confidence_level":0.95,"lower_bound":7.057947175549078,"upper_bound":7.064468215952351},"point_estimate":7.0602895909958345,"standard_error":0.0015570395107069007},"median_abs_dev":{"confidence_interval":{"confidence_level":0.95,"lower_bound":0.011276116791170939,"upper_bound":0.019047803571844903},"point_estimate":0.014319319078376027,"standard_error":0.0018938463754632191},"slope":{"confidence_interval":{"confidence_level":0.95,"lower_bound":7.068323803034499,"upper_bound":7.1206615440517895},"point_estimate":7.089336724404631,"standard_error":0.013785488145270412},"std_dev":{"confidence_interval":{"confidence_level":0.95,"lower_bound":0.044154135168812024,"upper_bound":0.7411193078479991},"point_estimate":0.4435625276498787,"standard_error":0.21209726780426558}}