{"mean":{"confidence_interval":{"confidence_level":0.95,"lower_bound":8.143158036620886,"upper_bound":8.38162142738048},"point_estimate":8.225778316368537,"standard_error":0.07426510691496628},"median":{"confidence_interval":{"confidence_level":0.95,"lower_bound":8.132468017857832,"upper_bound":8.145911298398149},"point_estimate":8.140197036465644,"standard_error":0.003660158914449946},"median_abs_dev":{"confidence_interval":{"confidence_level":0.95,"lower_bound":0.019041523790649918,"upper_bound":0.04008299354191394},"point_estimate":0.02948685640963255,"standard_error":0.005445056793979207},"slope":{"confidence_interval":{"confidence_level":0.95,"lower_bound":8.14531732490538,"upper_bound":8.17512206101136},"point_estimate":8.159680084453075,"standard_error":0.007611087768422747},"std_dev":{"confidence_interval":{"confidence_level":0.95,"lower_bound":0.04481624132430606,"upper_bound":1.2785842572275838},"point_estimate":0.7466087513174822,"standard_error":0.4435610765342381}}