{"mean":{"confidence_interval":{"confidence_level":0.95,"lower_bound":9.49353532809964,"upper_bound":9.688114216950225},"point_estimate":9.579417762003205,"standard_error":0.050168783608574824},"median":{"confidence_interval":{"confidence_level":0.95,"lower_bound":9.358458405036268,"upper_bound":9.64325426745189},"point_estimate":9.44209332531545,"standard_error":0.0873754080649106},"median_abs_dev":{"confidence_interval":{"confidence_level":0.95,"lower_bound":0.06548351732045382,"upper_bound":0.3352445579282534},"point_estimate":0.18948064792498087,"standard_error":0.06894790397066985},"slope":{"confidence_interval":{"confidence_level":0.95,"lower_bound":9.598461643938498,"upper_bound":9.690143309993097},"point_estimate":9.641643235820174,"standard_error":0.023310745868676576},"std_dev":{"confidence_interval":{"confidence_level":0.95,"lower_bound":0.1715115460812225,"upper_bound":0.7345023104452978},"point_estimate":0.5068516938460217,"standard_error":0.1364979088175768}}