{"mean":{"confidence_interval":{"confidence_level":0.95,"lower_bound":9.670024327979142,"upper_bound":9.81829930101988},"point_estimate":9.729025546611993,"standard_error":0.039321986096827966},"median":{"confidence_interval":{"confidence_level":0.95,"lower_bound":9.657378611622473,"upper_bound":9.664830520218398},"point_estimate":9.660698876787272,"standard_error":0.001809339403792774},"median_abs_dev":{"confidence_interval":{"confidence_level":0.95,"lower_bound":0.013226802972740476,"upper_bound":0.02536522551975689},"point_estimate":0.019918293359888078,"standard_error":0.0030014224361047735},"slope":{"confidence_interval":{"confidence_level":0.95,"lower_bound":9.665254310699993,"upper_bound":9.70036888675811},"point_estimate":9.679669373388496,"standard_error":0.009238699560951148},"std_dev":{"confidence_interval":{"confidence_level":0.95,"lower_bound":0.05339452603575277,"upper_bound":0.6415112740997491},"point_estimate":0.3944817680531209,"standard_error":0.16624153764288618}}