{"mean":{"confidence_interval":{"confidence_level":0.95,"lower_bound":9.644603842049788,"upper_bound":9.732100691668807},"point_estimate":9.685532492236808,"standard_error":0.022324613546587706},"median":{"confidence_interval":{"confidence_level":0.95,"lower_bound":9.62890522871006,"upper_bound":9.700419494043032},"point_estimate":9.665701576589221,"standard_error":0.01863059489465995},"median_abs_dev":{"confidence_interval":{"confidence_level":0.95,"lower_bound":0.1355873369131372,"upper_bound":0.21160071949241208},"point_estimate":0.1833284785008985,"standard_error":0.019772811594527727},"slope":{"confidence_interval":{"confidence_level":0.95,"lower_bound":9.664285818710297,"upper_bound":9.74017036682715},"point_estimate":9.703429834545142,"standard_error":0.0193040012743196},"std_dev":{"confidence_interval":{"confidence_level":0.95,"lower_bound":0.14874120491164344,"upper_bound":0.30941600771214},"point_estimate":0.22509706182765069,"standard_error":0.04370546095521742}}