{"mean":{"confidence_interval":{"confidence_level":0.95,"lower_bound":11.972761261968726,"upper_bound":12.06712035176906},"point_estimate":12.011189687207196,"standard_error":0.024618412288646946},"median":{"confidence_interval":{"confidence_level":0.95,"lower_bound":11.96373315328884,"upper_bound":11.989083828115628},"point_estimate":11.97955919395466,"standard_error":0.005715644887847044},"median_abs_dev":{"confidence_interval":{"confidence_level":0.95,"lower_bound":0.03744618835375038,"upper_bound":0.07128821618482008},"point_estimate":0.054601093445646696,"standard_error":0.008632513020729858},"slope":{"confidence_interval":{"confidence_level":0.95,"lower_bound":11.944641298189225,"upper_bound":11.9795867722494},"point_estimate":11.962315030454134,"standard_error":0.008952367635164637},"std_dev":{"confidence_interval":{"confidence_level":0.95,"lower_bound":0.062196687988246444,"upper_bound":0.4004768190629752},"point_estimate":0.24852445828052974,"standard_error":0.09631368071620972}}