{"mean":{"confidence_interval":{"confidence_level":0.95,"lower_bound":14.172309320154863,"upper_bound":14.569601964079833},"point_estimate":14.322935693304691,"standard_error":0.10844618803439145},"median":{"confidence_interval":{"confidence_level":0.95,"lower_bound":14.175612458097993,"upper_bound":14.250845693468644},"point_estimate":14.204167886416862,"standard_error":0.019460258668245994},"median_abs_dev":{"confidence_interval":{"confidence_level":0.95,"lower_bound":0.12845152547135238,"upper_bound":0.21648415591880568},"point_estimate":0.17480382253547377,"standard_error":0.022389373235590253},"slope":{"confidence_interval":{"confidence_level":0.95,"lower_bound":14.178440914032102,"upper_bound":14.40891740028404},"point_estimate":14.276941187499329,"standard_error":0.05964459547959984},"std_dev":{"confidence_interval":{"confidence_level":0.95,"lower_bound":0.21231910290599582,"upper_bound":1.8306635550488277},"point_estimate":1.093910825282601,"standard_error":0.533284495216123}}