{"mean":{"confidence_interval":{"confidence_level":0.95,"lower_bound":284.0210328069252,"upper_bound":284.85621356508955},"point_estimate":284.36752189841286,"standard_error":0.2174423042391655},"median":{"confidence_interval":{"confidence_level":0.95,"lower_bound":284.05391538742685,"upper_bound":284.1752345981232},"point_estimate":284.11344779327237,"standard_error":0.03230784460592218},"median_abs_dev":{"confidence_interval":{"confidence_level":0.95,"lower_bound":0.2829725865778235,"upper_bound":0.5721479972026955},"point_estimate":0.5023085480137556,"standard_error":0.07361547729488475},"slope":{"confidence_interval":{"confidence_level":0.95,"lower_bound":284.1948109785334,"upper_bound":284.4986250361037},"point_estimate":284.3381787518893,"standard_error":0.07771272570719968},"std_dev":{"confidence_interval":{"confidence_level":0.95,"lower_bound":0.7450453066013483,"upper_bound":3.5054262364473647},"point_estimate":2.1856738551859194,"standard_error":0.8290731127160056}}