{"mean":{"confidence_interval":{"confidence_level":0.95,"lower_bound":44.72139673980711,"upper_bound":47.75618972885652},"point_estimate":46.11816801599981,"standard_error":0.7800737055009853},"median":{"confidence_interval":{"confidence_level":0.95,"lower_bound":43.41164874551971,"upper_bound":43.733333333333334},"point_estimate":43.478508403361346,"standard_error":0.07259338140032592},"median_abs_dev":{"confidence_interval":{"confidence_level":0.95,"lower_bound":0.19847709325051935,"upper_bound":0.6199782659658168},"point_estimate":0.3043443250811431,"standard_error":0.09769854848505825},"slope":{"confidence_interval":{"confidence_level":0.95,"lower_bound":43.61807060781896,"upper_bound":43.996470345921715},"point_estimate":43.801946800650214,"standard_error":0.09677883106853602},"std_dev":{"confidence_interval":{"confidence_level":0.95,"lower_bound":4.803863288781101,"upper_bound":10.210481480892135},"point_estimate":7.873232392973583,"standard_error":1.3810109492606046}}