{"mean":{"confidence_interval":{"confidence_level":0.95,"lower_bound":34.52482312095815,"upper_bound":36.5328568376866},"point_estimate":35.43503228865423,"standard_error":0.5171199675502612},"median":{"confidence_interval":{"confidence_level":0.95,"lower_bound":33.79333333333334,"upper_bound":34.00311111111111},"point_estimate":33.853640404040405,"standard_error":0.057600166511827554},"median_abs_dev":{"confidence_interval":{"confidence_level":0.95,"lower_bound":0.2324197746484054,"upper_bound":0.4814212386985493},"point_estimate":0.3313073733877377,"standard_error":0.06630395841024103},"slope":{"confidence_interval":{"confidence_level":0.95,"lower_bound":33.891896684000386,"upper_bound":34.316712598176686},"point_estimate":34.07910428057731,"standard_error":0.1087124323237701},"std_dev":{"confidence_interval":{"confidence_level":0.95,"lower_bound":2.866361206749998,"upper_bound":6.959095115298248},"point_estimate":5.196624159320683,"standard_error":1.0477014062022134}}