{"mean":{"confidence_interval":{"confidence_level":0.95,"lower_bound":50.49776475162553,"upper_bound":54.37284973794232},"point_estimate":52.28624880367689,"standard_error":0.9943360887644156},"median":{"confidence_interval":{"confidence_level":0.95,"lower_bound":48.69087301587302,"upper_bound":49.330357142857146},"point_estimate":49.131973938223936,"standard_error":0.15353145208060173},"median_abs_dev":{"confidence_interval":{"confidence_level":0.95,"lower_bound":0.5002584267194954,"upper_bound":1.1336030499995875},"point_estimate":0.8936541630201013,"standard_error":0.15542029435457344},"slope":{"confidence_interval":{"confidence_level":0.95,"lower_bound":48.80358085696767,"upper_bound":49.42796984681087},"point_estimate":49.07363940551838,"standard_error":0.16079188687445686},"std_dev":{"confidence_interval":{"confidence_level":0.95,"lower_bound":6.271379883739496,"upper_bound":12.7980855182739},"point_estimate":9.988215302733298,"standard_error":1.6668326296592706}}