{"mean":{"confidence_interval":{"confidence_level":0.95,"lower_bound":50.500397298271515,"upper_bound":53.33032818493808},"point_estimate":51.74358377236938,"standard_error":0.7274553119133491},"median":{"confidence_interval":{"confidence_level":0.95,"lower_bound":49.52455590386625,"upper_bound":49.78220785440613},"point_estimate":49.5878418549346,"standard_error":0.07017873820243681},"median_abs_dev":{"confidence_interval":{"confidence_level":0.95,"lower_bound":0.3538305073676798,"upper_bound":0.7994691423052617},"point_estimate":0.5108159952548905,"standard_error":0.11082409521900745},"slope":{"confidence_interval":{"confidence_level":0.95,"lower_bound":49.770480490258684,"upper_bound":50.40599869896617},"point_estimate":50.05325040893178,"standard_error":0.16246797375946662},"std_dev":{"confidence_interval":{"confidence_level":0.95,"lower_bound":2.8739453938103647,"upper_bound":10.610403665601392},"point_estimate":7.323556812589638,"standard_error":1.9754147898828534}}