{"mean":{"confidence_interval":{"confidence_level":0.95,"lower_bound":49.48798333631583,"upper_bound":51.49080548103193},"point_estimate":50.35730038827199,"standard_error":0.5155029392556464},"median":{"confidence_interval":{"confidence_level":0.95,"lower_bound":48.70635285112897,"upper_bound":49.07287093942055},"point_estimate":48.86069153031953,"standard_error":0.08252340649012284},"median_abs_dev":{"confidence_interval":{"confidence_level":0.95,"lower_bound":0.3297719727140657,"upper_bound":0.7963245253857308},"point_estimate":0.5010013228435154,"standard_error":0.10937520311051663},"slope":{"confidence_interval":{"confidence_level":0.95,"lower_bound":49.02744157499294,"upper_bound":49.572149911776464},"point_estimate":49.27875466762537,"standard_error":0.13879973944932883},"std_dev":{"confidence_interval":{"confidence_level":0.95,"lower_bound":1.8743669031548864,"upper_bound":7.799415569513155},"point_estimate":5.186548051026923,"standard_error":1.5526466433002062}}