{"mean":{"confidence_interval":{"confidence_level":0.95,"lower_bound":45.06935208878096,"upper_bound":47.06659310954854},"point_estimate":45.95853673129546,"standard_error":0.5130024833755992},"median":{"confidence_interval":{"confidence_level":0.95,"lower_bound":44.077777777777776,"upper_bound":44.775862068965516},"point_estimate":44.19319047619048,"standard_error":0.23120395698066107},"median_abs_dev":{"confidence_interval":{"confidence_level":0.95,"lower_bound":0.29550008133377126,"upper_bound":1.1651853642402996},"point_estimate":0.5168312881130919,"standard_error":0.26837020219018626},"slope":{"confidence_interval":{"confidence_level":0.95,"lower_bound":44.32638150456439,"upper_bound":45.00160480146323},"point_estimate":44.62295995271169,"standard_error":0.1733204106649446},"std_dev":{"confidence_interval":{"confidence_level":0.95,"lower_bound":2.542488173381114,"upper_bound":7.409641813467816},"point_estimate":5.170423776862591,"standard_error":1.2569745991296113}}