{"mean":{"confidence_interval":{"confidence_level":0.95,"lower_bound":34.33505521282871,"upper_bound":36.46446366710527},"point_estimate":35.30827846748934,"standard_error":0.547380102181788},"median":{"confidence_interval":{"confidence_level":0.95,"lower_bound":33.486111111111114,"upper_bound":33.63157894736842},"point_estimate":33.52828461631566,"standard_error":0.03383303726762126},"median_abs_dev":{"confidence_interval":{"confidence_level":0.95,"lower_bound":0.18125276419505548,"upper_bound":0.41703027037400975},"point_estimate":0.27601463019036215,"standard_error":0.05992256158275423},"slope":{"confidence_interval":{"confidence_level":0.95,"lower_bound":33.656921083538066,"upper_bound":34.0338343356107},"point_estimate":33.82879394282712,"standard_error":0.0963289225517569},"std_dev":{"confidence_interval":{"confidence_level":0.95,"lower_bound":3.1662503183016955,"upper_bound":7.305304813060117},"point_estimate":5.518055563906356,"standard_error":1.0550088751948778}}