{"mean":{"confidence_interval":{"confidence_level":0.95,"lower_bound":12.817716762225157,"upper_bound":13.028783590328988},"point_estimate":12.893384014897869,"standard_error":0.061927547766651055},"median":{"confidence_interval":{"confidence_level":0.95,"lower_bound":12.801095325701827,"upper_bound":12.809223823328484},"point_estimate":12.805822701570861,"standard_error":0.0019718300930894796},"median_abs_dev":{"confidence_interval":{"confidence_level":0.95,"lower_bound":0.01416735256380297,"upper_bound":0.02577304643872958},"point_estimate":0.019791586187450097,"standard_error":0.0030680265369121174},"slope":{"confidence_interval":{"confidence_level":0.95,"lower_bound":12.813722364968521,"upper_bound":12.84343790384216},"point_estimate":12.826861433705641,"standard_error":0.007587673781321966},"std_dev":{"confidence_interval":{"confidence_level":0.95,"lower_bound":0.05769267946426374,"upper_bound":1.0624947557992672},"point_estimate":0.6244623870484951,"standard_error":0.3466995710560472}}