{"mean":{"confidence_interval":{"confidence_level":0.95,"lower_bound":12.431265658812075,"upper_bound":12.831912953003306},"point_estimate":12.606938172510086,"standard_error":0.10290716009137012},"median":{"confidence_interval":{"confidence_level":0.95,"lower_bound":12.377834664482217,"upper_bound":12.445481003448167},"point_estimate":12.395594734383646,"standard_error":0.01652581895987951},"median_abs_dev":{"confidence_interval":{"confidence_level":0.95,"lower_bound":0.12481623359653599,"upper_bound":0.2225195027367967},"point_estimate":0.15169956462001305,"standard_error":0.026327777369660372},"slope":{"confidence_interval":{"confidence_level":0.95,"lower_bound":12.375701442130415,"upper_bound":12.71822173690811},"point_estimate":12.492727324198823,"standard_error":0.0973704839345217},"std_dev":{"confidence_interval":{"confidence_level":0.95,"lower_bound":0.20322596691050904,"upper_bound":1.5217632469172955},"point_estimate":1.0367515475953706,"standard_error":0.3068683673736022}}