{"mean":{"confidence_interval":{"confidence_level":0.95,"lower_bound":12.68394619834651,"upper_bound":13.077487441711009},"point_estimate":12.841376053831675,"standard_error":0.10302593315032553},"median":{"confidence_interval":{"confidence_level":0.95,"lower_bound":12.658836091831287,"upper_bound":12.751366695904203},"point_estimate":12.710074905492586,"standard_error":0.023840692573362327},"median_abs_dev":{"confidence_interval":{"confidence_level":0.95,"lower_bound":0.116651261040448,"upper_bound":0.19871153266833583},"point_estimate":0.14315828555006385,"standard_error":0.021051136815066575},"slope":{"confidence_interval":{"confidence_level":0.95,"lower_bound":12.700385552688864,"upper_bound":12.864904699708683},"point_estimate":12.763840329443372,"standard_error":0.04413083464482025},"std_dev":{"confidence_interval":{"confidence_level":0.95,"lower_bound":0.19418962006770094,"upper_bound":1.6714032040058127},"point_estimate":1.027537555165623,"standard_error":0.41400651659403537}}