{"mean":{"confidence_interval":{"confidence_level":0.95,"lower_bound":-0.002528853599017691,"upper_bound":-0.0009943421036961114},"point_estimate":-0.0017521353417815355,"standard_error":0.000385423366727411},"median":{"confidence_interval":{"confidence_level":0.95,"lower_bound":-0.002032533119613644,"upper_bound":-0.0006040990434037566},"point_estimate":-0.0015142829943167735,"standard_error":0.0003564886341343287}}