{"mean":{"confidence_interval":{"confidence_level":0.95,"lower_bound":0.5925082539962727,"upper_bound":0.594556712099396},"point_estimate":0.593524771837719,"standard_error":0.0005232694768561688},"median":{"confidence_interval":{"confidence_level":0.95,"lower_bound":0.5909744133609387,"upper_bound":0.5931601118922643},"point_estimate":0.5917049786062969,"standard_error":0.0005462350418907399}}