{"mean":{"confidence_interval":{"confidence_level":0.95,"lower_bound":0.590218316923865,"upper_bound":0.5922442240486722},"point_estimate":0.5911872705498651,"standard_error":0.0005103938140842398},"median":{"confidence_interval":{"confidence_level":0.95,"lower_bound":0.5889037144607336,"upper_bound":0.5909603584978735},"point_estimate":0.5894256479330737,"standard_error":0.0005223428823438014}}