{"mean":{"confidence_interval":{"confidence_level":0.95,"lower_bound":0.5927763262297531,"upper_bound":0.5946810763070718},"point_estimate":0.5936712050318584,"standard_error":0.0004843420470372314},"median":{"confidence_interval":{"confidence_level":0.95,"lower_bound":0.5914087449876382,"upper_bound":0.5934148945826327},"point_estimate":0.5920071667827045,"standard_error":0.0004945992163178116}}