{"mean":{"confidence_interval":{"confidence_level":0.95,"lower_bound":0.5921118065216535,"upper_bound":0.594167205286329},"point_estimate":0.5931633912320537,"standard_error":0.0005249888751692995},"median":{"confidence_interval":{"confidence_level":0.95,"lower_bound":0.5910414481036008,"upper_bound":0.5930435565310708},"point_estimate":0.5916437649992594,"standard_error":0.0004968571351175752}}