{"mean":{"confidence_interval":{"confidence_level":0.95,"lower_bound":0.6083595375646665,"upper_bound":0.6652287211048691},"point_estimate":0.6361930903095099,"standard_error":0.014314458864887676},"median":{"confidence_interval":{"confidence_level":0.95,"lower_bound":0.5894333334594728,"upper_bound":0.6229488197282136},"point_estimate":0.6053191854922291,"standard_error":0.008209045802406917}}