{"mean":{"confidence_interval":{"confidence_level":0.95,"lower_bound":686130.1966250001,"upper_bound":691188.4802187501},"point_estimate":688651.05,"standard_error":1290.2525628332367},"median":{"confidence_interval":{"confidence_level":0.95,"lower_bound":683732.4375,"upper_bound":690663.5},"point_estimate":688974.8125,"standard_error":1881.214358866991},"median_abs_dev":{"confidence_interval":{"confidence_level":0.95,"lower_bound":10119.022807851434,"upper_bound":16272.39183923229},"point_estimate":13443.475261330605,"standard_error":1556.4588707342684},"slope":null,"std_dev":{"confidence_interval":{"confidence_level":0.95,"lower_bound":11281.729210282563,"upper_bound":14490.223034294952},"point_estimate":12979.663370098362,"standard_error":818.7591890262671}}