{"mean":{"confidence_interval":{"confidence_level":0.95,"lower_bound":696631.2769375,"upper_bound":699962.308125},"point_estimate":698312.665,"standard_error":849.3530232055404},"median":{"confidence_interval":{"confidence_level":0.95,"lower_bound":697028.375,"upper_bound":700341.375},"point_estimate":698529.1875,"standard_error":970.9707967295504},"median_abs_dev":{"confidence_interval":{"confidence_level":0.95,"lower_bound":7324.785169959068,"upper_bound":10983.607932189469},"point_estimate":9442.401244863868,"standard_error":918.5786988300847},"slope":null,"std_dev":{"confidence_interval":{"confidence_level":0.95,"lower_bound":7395.410744253275,"upper_bound":9564.200923645138},"point_estimate":8527.925269088852,"standard_error":553.0799921435495}}