{"mean":{"confidence_interval":{"confidence_level":0.95,"lower_bound":1.954885419763977,"upper_bound":2.0260224280901835},"point_estimate":1.9828158634335475,"standard_error":0.01891963399989216},"median":{"confidence_interval":{"confidence_level":0.95,"lower_bound":1.9497254269551019,"upper_bound":1.9519089630085134},"point_estimate":1.9507317374787787,"standard_error":0.0005464308464678367},"median_abs_dev":{"confidence_interval":{"confidence_level":0.95,"lower_bound":0.004710537996188652,"upper_bound":0.008294991573047326},"point_estimate":0.0060549110881131405,"standard_error":0.0009421955104802364},"slope":{"confidence_interval":{"confidence_level":0.95,"lower_bound":1.9512135281179388,"upper_bound":1.9614572714560454},"point_estimate":1.9552635048039817,"standard_error":0.002731151910452733},"std_dev":{"confidence_interval":{"confidence_level":0.95,"lower_bound":0.02263111333848921,"upper_bound":0.3126720882593004},"point_estimate":0.1899173870677381,"standard_error":0.08368173877079821}}