{"mean":{"confidence_interval":{"confidence_level":0.95,"lower_bound":16.513889864237655,"upper_bound":16.611321395050854},"point_estimate":16.54890589305895,"standard_error":0.02785064717555761},"median":{"confidence_interval":{"confidence_level":0.95,"lower_bound":16.508122047837222,"upper_bound":16.517184813278433},"point_estimate":16.511983320527015,"standard_error":0.002073537094463172},"median_abs_dev":{"confidence_interval":{"confidence_level":0.95,"lower_bound":0.012815704233466873,"upper_bound":0.02341967284130505},"point_estimate":0.017562992162968073,"standard_error":0.0025663062051513963},"slope":{"confidence_interval":{"confidence_level":0.95,"lower_bound":16.513208778488526,"upper_bound":16.53805827693252},"point_estimate":16.522892246732972,"standard_error":0.006578173752426102},"std_dev":{"confidence_interval":{"confidence_level":0.95,"lower_bound":0.03060815524318241,"upper_bound":0.47039265851050005},"point_estimate":0.27735089542897146,"standard_error":0.14925129536932696}}