{"mean":{"confidence_interval":{"confidence_level":0.95,"lower_bound":26.202630612071953,"upper_bound":26.880870097661735},"point_estimate":26.463390081679975,"standard_error":0.18196592096399283},"median":{"confidence_interval":{"confidence_level":0.95,"lower_bound":26.161382612026042,"upper_bound":26.26683767974653},"point_estimate":26.2144442540668,"standard_error":0.028038291015980415},"median_abs_dev":{"confidence_interval":{"confidence_level":0.95,"lower_bound":0.14179905093819278,"upper_bound":0.21713607401571183},"point_estimate":0.16974014259911296,"standard_error":0.019312663497929074},"slope":{"confidence_interval":{"confidence_level":0.95,"lower_bound":26.200006550152818,"upper_bound":26.288297245177944},"point_estimate":26.242254046308155,"standard_error":0.022556974000641373},"std_dev":{"confidence_interval":{"confidence_level":0.95,"lower_bound":0.17988851162970154,"upper_bound":3.009044574163392},"point_estimate":1.824028220388952,"standard_error":0.8247391410000527}}