{"mean":{"confidence_interval":{"confidence_level":0.95,"lower_bound":25.866548522536153,"upper_bound":26.583310113451656},"point_estimate":26.155998675113572,"standard_error":0.1886322186496162},"median":{"confidence_interval":{"confidence_level":0.95,"lower_bound":25.73518700437898,"upper_bound":25.915395366789348},"point_estimate":25.813345319815866,"standard_error":0.0569060314905001},"median_abs_dev":{"confidence_interval":{"confidence_level":0.95,"lower_bound":0.28944850449734716,"upper_bound":0.5029859233363638},"point_estimate":0.39086921325768137,"standard_error":0.05776542739563578},"slope":{"confidence_interval":{"confidence_level":0.95,"lower_bound":25.81890383322149,"upper_bound":25.973941875875383},"point_estimate":25.89186096255595,"standard_error":0.03975025193518699},"std_dev":{"confidence_interval":{"confidence_level":0.95,"lower_bound":0.3585450951059833,"upper_bound":3.066264758264561},"point_estimate":1.8965390340406962,"standard_error":0.7657151527502647}}