{"mean":{"confidence_interval":{"confidence_level":0.95,"lower_bound":28.786292848103496,"upper_bound":29.483850043608197},"point_estimate":29.070580786800043,"standard_error":0.1825555521317026},"median":{"confidence_interval":{"confidence_level":0.95,"lower_bound":28.717926921639386,"upper_bound":28.896428220979296},"point_estimate":28.76846532776083,"standard_error":0.04239384243916612},"median_abs_dev":{"confidence_interval":{"confidence_level":0.95,"lower_bound":0.3114667287866304,"upper_bound":0.5546717958819279},"point_estimate":0.4086776083222808,"standard_error":0.0639112934969348},"slope":{"confidence_interval":{"confidence_level":0.95,"lower_bound":28.645485083502297,"upper_bound":28.824345015778558},"point_estimate":28.733460913690525,"standard_error":0.04555565228792997},"std_dev":{"confidence_interval":{"confidence_level":0.95,"lower_bound":0.45590395010088886,"upper_bound":2.9383376355691166},"point_estimate":1.8266466835286865,"standard_error":0.7045525061953012}}