{"mean":{"confidence_interval":{"confidence_level":0.95,"lower_bound":25.858248744990217,"upper_bound":26.51465482604717},"point_estimate":26.126135624071967,"standard_error":0.17283209931516627},"median":{"confidence_interval":{"confidence_level":0.95,"lower_bound":25.839640408126918,"upper_bound":25.962631019764025},"point_estimate":25.897713001602163,"standard_error":0.03541374654894464},"median_abs_dev":{"confidence_interval":{"confidence_level":0.95,"lower_bound":0.24632573850421133,"upper_bound":0.4076977309366933},"point_estimate":0.32106093649702433,"standard_error":0.042590390863814866},"slope":{"confidence_interval":{"confidence_level":0.95,"lower_bound":25.889802522526466,"upper_bound":26.00703786534521},"point_estimate":25.9472533800447,"standard_error":0.0299711769343009},"std_dev":{"confidence_interval":{"confidence_level":0.95,"lower_bound":0.3433913704095356,"upper_bound":2.7894464144790425},"point_estimate":1.7327355086525422,"standard_error":0.6860482162823099}}