{"mean":{"confidence_interval":{"confidence_level":0.95,"lower_bound":26.606184455661865,"upper_bound":27.186971969680883},"point_estimate":26.812774592361972,"standard_error":0.17291917168937257},"median":{"confidence_interval":{"confidence_level":0.95,"lower_bound":26.560113515061573,"upper_bound":26.602355780215923},"point_estimate":26.57415767729416,"standard_error":0.011827360370883687},"median_abs_dev":{"confidence_interval":{"confidence_level":0.95,"lower_bound":0.069940452768488,"upper_bound":0.12395654041551792},"point_estimate":0.08915260620987521,"standard_error":0.014266366475137817},"slope":{"confidence_interval":{"confidence_level":0.95,"lower_bound":26.611594856625995,"upper_bound":26.715527579988347},"point_estimate":26.660099747568907,"standard_error":0.02652988806196751},"std_dev":{"confidence_interval":{"confidence_level":0.95,"lower_bound":0.17442463155660884,"upper_bound":2.9537334868778973},"point_estimate":1.7330692106397887,"standard_error":0.9760343723150317}}