{"mean":{"confidence_interval":{"confidence_level":0.95,"lower_bound":28.780885481980853,"upper_bound":29.39114127803429},"point_estimate":29.03383644028325,"standard_error":0.15837895561252813},"median":{"confidence_interval":{"confidence_level":0.95,"lower_bound":28.70116142311085,"upper_bound":28.927697735960013},"point_estimate":28.80709703054611,"standard_error":0.0582810420263088},"median_abs_dev":{"confidence_interval":{"confidence_level":0.95,"lower_bound":0.3786674734528283,"upper_bound":0.7056354436924829},"point_estimate":0.5148630487632838,"standard_error":0.08384257587002734},"slope":{"confidence_interval":{"confidence_level":0.95,"lower_bound":28.680959680478782,"upper_bound":28.894175325184296},"point_estimate":28.789783989418527,"standard_error":0.05434160105521048},"std_dev":{"confidence_interval":{"confidence_level":0.95,"lower_bound":0.5922029360543076,"upper_bound":2.524383773241125},"point_estimate":1.5885042649558134,"standard_error":0.5895675124984677}}