{"mean":{"confidence_interval":{"confidence_level":0.95,"lower_bound":32.16337464015809,"upper_bound":32.91122399377183},"point_estimate":32.498653375227484,"standard_error":0.19224712459457274},"median":{"confidence_interval":{"confidence_level":0.95,"lower_bound":31.829472448319986,"upper_bound":32.08351717978735},"point_estimate":31.859628851540617,"standard_error":0.07978806893049824},"median_abs_dev":{"confidence_interval":{"confidence_level":0.95,"lower_bound":0.15913929049203687,"upper_bound":0.45674024683485076},"point_estimate":0.2945980214584204,"standard_error":0.08595275313397076},"slope":{"confidence_interval":{"confidence_level":0.95,"lower_bound":31.986009545449168,"upper_bound":32.143253421727096},"point_estimate":32.05989391494739,"standard_error":0.04003251542866748},"std_dev":{"confidence_interval":{"confidence_level":0.95,"lower_bound":0.9520437429004354,"upper_bound":2.7229819705050455},"point_estimate":1.929986312284796,"standard_error":0.45182368517876753}}