{"mean":{"confidence_interval":{"confidence_level":0.95,"lower_bound":30.399803728780995,"upper_bound":32.04366759279491},"point_estimate":31.121831956325842,"standard_error":0.4197911725976788},"median":{"confidence_interval":{"confidence_level":0.95,"lower_bound":30.03491987562784,"upper_bound":30.23495575221239},"point_estimate":30.169164397549352,"standard_error":0.05627172544291132},"median_abs_dev":{"confidence_interval":{"confidence_level":0.95,"lower_bound":0.24277652666330585,"upper_bound":0.4463107000410035},"point_estimate":0.35000478037568833,"standard_error":0.05572143185962116},"slope":{"confidence_interval":{"confidence_level":0.95,"lower_bound":30.15194889119706,"upper_bound":30.688715958095532},"point_estimate":30.37782107599216,"standard_error":0.13963764340414941},"std_dev":{"confidence_interval":{"confidence_level":0.95,"lower_bound":0.9502060469000685,"upper_bound":6.186969874075177},"point_estimate":4.215284035196151,"standard_error":1.207490602389394}}