{"mean":{"confidence_interval":{"confidence_level":0.95,"lower_bound":25.584674887455144,"upper_bound":26.70805488638288},"point_estimate":26.091916569587283,"standard_error":0.28790589386931026},"median":{"confidence_interval":{"confidence_level":0.95,"lower_bound":25.566316260344443,"upper_bound":25.6499899939964},"point_estimate":25.618876842702164,"standard_error":0.02513683162001101},"median_abs_dev":{"confidence_interval":{"confidence_level":0.95,"lower_bound":0.23600615258103805,"upper_bound":1.0420445631375246},"point_estimate":0.6612141067165853,"standard_error":0.17202405071548665},"slope":{"confidence_interval":{"confidence_level":0.95,"lower_bound":25.035241531661917,"upper_bound":25.579695107138164},"point_estimate":25.311497869609898,"standard_error":0.1390557321362496},"std_dev":{"confidence_interval":{"confidence_level":0.95,"lower_bound":1.4686658926995857,"upper_bound":4.042152091225321},"point_estimate":2.8908081686519176,"standard_error":0.6549008724541465}}