{"mean":{"confidence_interval":{"confidence_level":0.95,"lower_bound":28.754573921836243,"upper_bound":29.3254582092318},"point_estimate":29.000890591357866,"standard_error":0.1474122903668081},"median":{"confidence_interval":{"confidence_level":0.95,"lower_bound":28.706408745043404,"upper_bound":28.824196540786403},"point_estimate":28.770595919124048,"standard_error":0.033747376025288406},"median_abs_dev":{"confidence_interval":{"confidence_level":0.95,"lower_bound":0.2973761016227849,"upper_bound":0.5819492408553195},"point_estimate":0.40521819053414404,"standard_error":0.07343406517046343},"slope":{"confidence_interval":{"confidence_level":0.95,"lower_bound":28.816997336614136,"upper_bound":29.21581920891263},"point_estimate":28.972811454885086,"standard_error":0.1075145280115262},"std_dev":{"confidence_interval":{"confidence_level":0.95,"lower_bound":0.5971413359379494,"upper_bound":2.25484898926552},"point_estimate":1.4785737934263399,"standard_error":0.4426649941872222}}