{"mean":{"confidence_interval":{"confidence_level":0.95,"lower_bound":30.553296983777457,"upper_bound":31.319543423449442},"point_estimate":30.86753733591222,"standard_error":0.19919241006099792},"median":{"confidence_interval":{"confidence_level":0.95,"lower_bound":30.263300223620572,"upper_bound":30.796791795411217},"point_estimate":30.42569422447471,"standard_error":0.11866959014954019},"median_abs_dev":{"confidence_interval":{"confidence_level":0.95,"lower_bound":0.49427814526081504,"upper_bound":1.061726309447448},"point_estimate":0.7375006059015704,"standard_error":0.14177866896317953},"slope":{"confidence_interval":{"confidence_level":0.95,"lower_bound":30.335759819156596,"upper_bound":30.52242267465966},"point_estimate":30.4192716343765,"standard_error":0.04772256582293489},"std_dev":{"confidence_interval":{"confidence_level":0.95,"lower_bound":0.8299245592323102,"upper_bound":3.1864035297293665},"point_estimate":1.9960363962355439,"standard_error":0.780402510171409}}