{"mean":{"confidence_interval":{"confidence_level":0.95,"lower_bound":55.90427618919205,"upper_bound":59.08867019288301},"point_estimate":57.34627013265931,"standard_error":0.8155569675904656},"median":{"confidence_interval":{"confidence_level":0.95,"lower_bound":54.532051282051285,"upper_bound":55.060123839009286},"point_estimate":54.72527910685805,"standard_error":0.1267012289767606},"median_abs_dev":{"confidence_interval":{"confidence_level":0.95,"lower_bound":0.4326802808174167,"upper_bound":1.0743407890640024},"point_estimate":0.7044300880950194,"standard_error":0.16095999528580127},"slope":{"confidence_interval":{"confidence_level":0.95,"lower_bound":54.734899757958054,"upper_bound":55.65401012325611},"point_estimate":55.126948166929814,"standard_error":0.23693337027568054},"std_dev":{"confidence_interval":{"confidence_level":0.95,"lower_bound":4.6345651327379915,"upper_bound":11.046609689058679},"point_estimate":8.199735628369984,"standard_error":1.6345427924652254}}