{"mean":{"confidence_interval":{"confidence_level":0.95,"lower_bound":49.84930623040596,"upper_bound":53.123704464319836},"point_estimate":51.339279797406306,"standard_error":0.8423870594074635},"median":{"confidence_interval":{"confidence_level":0.95,"lower_bound":48.421368547418965,"upper_bound":48.80624189013841},"point_estimate":48.60576815953654,"standard_error":0.10155098104943378},"median_abs_dev":{"confidence_interval":{"confidence_level":0.95,"lower_bound":0.28253767401208724,"upper_bound":0.7933517094520238},"point_estimate":0.4818247682438512,"standard_error":0.13422136574806892},"slope":{"confidence_interval":{"confidence_level":0.95,"lower_bound":48.82098913272971,"upper_bound":49.42518810382221},"point_estimate":49.09864059145159,"standard_error":0.1545365166174187},"std_dev":{"confidence_interval":{"confidence_level":0.95,"lower_bound":4.686304794637274,"upper_bound":11.38719079085091},"point_estimate":8.488490033941956,"standard_error":1.7056076219053724}}