{"mean":{"confidence_interval":{"confidence_level":0.95,"lower_bound":54.93254276485397,"upper_bound":58.71649819012491},"point_estimate":56.649625853966846,"standard_error":0.9735277351160664},"median":{"confidence_interval":{"confidence_level":0.95,"lower_bound":53.28812341710501,"upper_bound":53.55215123859192},"point_estimate":53.412990211295295,"standard_error":0.06179428578571465},"median_abs_dev":{"confidence_interval":{"confidence_level":0.95,"lower_bound":0.26420387817554136,"upper_bound":0.6451837765804003},"point_estimate":0.41482767991803343,"standard_error":0.09612980885210475},"slope":{"confidence_interval":{"confidence_level":0.95,"lower_bound":53.62739079923245,"upper_bound":54.24757264788132},"point_estimate":53.90869173180916,"standard_error":0.15828787105184636},"std_dev":{"confidence_interval":{"confidence_level":0.95,"lower_bound":5.392695951868126,"upper_bound":13.161123851802405},"point_estimate":9.766043147982735,"standard_error":1.9848025186500435}}