{"mean":{"confidence_interval":{"confidence_level":0.95,"lower_bound":47.49653183617341,"upper_bound":50.7040734406844},"point_estimate":48.93778654938482,"standard_error":0.8205717407683552},"median":{"confidence_interval":{"confidence_level":0.95,"lower_bound":46.25859434682964,"upper_bound":46.58273281596452},"point_estimate":46.38857173304105,"standard_error":0.08561513962130599},"median_abs_dev":{"confidence_interval":{"confidence_level":0.95,"lower_bound":0.3636343125805932,"upper_bound":0.8857625984000382},"point_estimate":0.5686827470418067,"standard_error":0.1328751890201102},"slope":{"confidence_interval":{"confidence_level":0.95,"lower_bound":46.55215294206864,"upper_bound":47.235050639040956},"point_estimate":46.86578477733638,"standard_error":0.1740194603551474},"std_dev":{"confidence_interval":{"confidence_level":0.95,"lower_bound":4.296653280937133,"upper_bound":11.179308543127476},"point_estimate":8.244425349911733,"standard_error":1.7517856096643358}}