{"mean":{"confidence_interval":{"confidence_level":0.95,"lower_bound":2.169659334785563,"upper_bound":2.172739778358401},"point_estimate":2.171152740922715,"standard_error":0.0007847898391201615},"median":{"confidence_interval":{"confidence_level":0.95,"lower_bound":2.168454321388573,"upper_bound":2.1718385247022667},"point_estimate":2.1699732506284364,"standard_error":0.0007182988952678794},"median_abs_dev":{"confidence_interval":{"confidence_level":0.95,"lower_bound":0.005961322304568892,"upper_bound":0.008968150700139399},"point_estimate":0.007192568986439413,"standard_error":0.0007773272576288923},"slope":{"confidence_interval":{"confidence_level":0.95,"lower_bound":2.170138855453212,"upper_bound":2.1731691009849725},"point_estimate":2.171611543071178,"standard_error":0.0007765460760882632},"std_dev":{"confidence_interval":{"confidence_level":0.95,"lower_bound":0.006277156007857382,"upper_bound":0.009560144449178262},"point_estimate":0.007895182543799594,"standard_error":0.0008485223996612118}}