{"mean":{"confidence_interval":{"confidence_level":0.95,"lower_bound":8.808890544928722,"upper_bound":8.837172792897967},"point_estimate":8.821541119097331,"standard_error":0.007249720874247358},"median":{"confidence_interval":{"confidence_level":0.95,"lower_bound":8.791919562385061,"upper_bound":8.812048600168085},"point_estimate":8.795836325659492,"standard_error":0.0052536549201508},"median_abs_dev":{"confidence_interval":{"confidence_level":0.95,"lower_bound":0.021723904782524266,"upper_bound":0.043469123329883605},"point_estimate":0.030902356306530175,"standard_error":0.0049961884297975365},"slope":{"confidence_interval":{"confidence_level":0.95,"lower_bound":8.797937364135409,"upper_bound":8.813335257639308},"point_estimate":8.804910456167612,"standard_error":0.00391774012573069},"std_dev":{"confidence_interval":{"confidence_level":0.95,"lower_bound":0.03958692250029841,"upper_bound":0.10684206903484625},"point_estimate":0.0729036763561688,"standard_error":0.01852268640032312}}