{"mean":{"confidence_interval":{"confidence_level":0.95,"lower_bound":2.1719704817955092,"upper_bound":2.1834172807094716},"point_estimate":2.176483563232483,"standard_error":0.0030200564081488005},"median":{"confidence_interval":{"confidence_level":0.95,"lower_bound":2.169675737551491,"upper_bound":2.1736088368538837},"point_estimate":2.1706857203908,"standard_error":0.0011124102704712674},"median_abs_dev":{"confidence_interval":{"confidence_level":0.95,"lower_bound":0.005453153578495792,"upper_bound":0.00893536551237232},"point_estimate":0.0074654568709410125,"standard_error":0.0009023669271472341},"slope":{"confidence_interval":{"confidence_level":0.95,"lower_bound":2.1712146433309414,"upper_bound":2.1741523367097204},"point_estimate":2.1726525120936344,"standard_error":0.0007470106616717667},"std_dev":{"confidence_interval":{"confidence_level":0.95,"lower_bound":0.008356611122970809,"upper_bound":0.049832033215870354},"point_estimate":0.030442690770205616,"standard_error":0.013151794825878759}}