{"mean":{"confidence_interval":{"confidence_level":0.95,"lower_bound":2.1901055612166807,"upper_bound":2.2025043643987563},"point_estimate":2.19556828546816,"standard_error":0.00319354254758071},"median":{"confidence_interval":{"confidence_level":0.95,"lower_bound":2.187582598376352,"upper_bound":2.195121662002561},"point_estimate":2.1909027002569395,"standard_error":0.0019549886322366137},"median_abs_dev":{"confidence_interval":{"confidence_level":0.95,"lower_bound":0.010794649981137086,"upper_bound":0.021554569816397702},"point_estimate":0.013895122342175065,"standard_error":0.0027165093965041166},"slope":{"confidence_interval":{"confidence_level":0.95,"lower_bound":2.190017169873377,"upper_bound":2.196240244533864},"point_estimate":2.19311515322322,"standard_error":0.0015852739010452717},"std_dev":{"confidence_interval":{"confidence_level":0.95,"lower_bound":0.01748340686455545,"upper_bound":0.04831547012020666},"point_estimate":0.032273354147728396,"standard_error":0.009485348166384406}}