{"mean":{"confidence_interval":{"confidence_level":0.95,"lower_bound":4.019467456950343,"upper_bound":4.023580566000735},"point_estimate":4.021411239101542,"standard_error":0.0010472309052686384},"median":{"confidence_interval":{"confidence_level":0.95,"lower_bound":4.016963550754051,"upper_bound":4.021482111363063},"point_estimate":4.019319181782825,"standard_error":0.0011113320849841634},"median_abs_dev":{"confidence_interval":{"confidence_level":0.95,"lower_bound":0.0064011970093648595,"upper_bound":0.010346251378224465},"point_estimate":0.008091389750832222,"standard_error":0.0009102679909913645},"slope":{"confidence_interval":{"confidence_level":0.95,"lower_bound":4.018375565129835,"upper_bound":4.021319440125101},"point_estimate":4.019818860866186,"standard_error":0.0007547930893990604},"std_dev":{"confidence_interval":{"confidence_level":0.95,"lower_bound":0.007713316450722848,"upper_bound":0.01299585677929197},"point_estimate":0.010484407159612697,"standard_error":0.0013518399294415637}}