{"mean":{"confidence_interval":{"confidence_level":0.95,"lower_bound":2.4646253003363205,"upper_bound":2.472245218761634},"point_estimate":2.468312104115317,"standard_error":0.0019473174851968665},"median":{"confidence_interval":{"confidence_level":0.95,"lower_bound":2.4652427139829536,"upper_bound":2.472502774566694},"point_estimate":2.4689125547758533,"standard_error":0.0021213851099761254},"median_abs_dev":{"confidence_interval":{"confidence_level":0.95,"lower_bound":0.010748689007409166,"upper_bound":0.019841896065393824},"point_estimate":0.0151716197607623,"standard_error":0.002282232539379706},"slope":{"confidence_interval":{"confidence_level":0.95,"lower_bound":2.465188309325117,"upper_bound":2.4696376130877096},"point_estimate":2.4674588499819006,"standard_error":0.0011381158225438736},"std_dev":{"confidence_interval":{"confidence_level":0.95,"lower_bound":0.0150653816492885,"upper_bound":0.02383807409147339},"point_estimate":0.019522648950920065,"standard_error":0.002253345738178874}}