{"mean":{"confidence_interval":{"confidence_level":0.95,"lower_bound":2.182289362686588,"upper_bound":2.188432359322376},"point_estimate":2.1851999510018074,"standard_error":0.0015689258397187523},"median":{"confidence_interval":{"confidence_level":0.95,"lower_bound":2.1804981362250087,"upper_bound":2.1851438358046287},"point_estimate":2.1829722370140874,"standard_error":0.0009843796268894935},"median_abs_dev":{"confidence_interval":{"confidence_level":0.95,"lower_bound":0.006495293692315408,"upper_bound":0.010721561034785316},"point_estimate":0.008381389445569546,"standard_error":0.0010865618209661486},"slope":{"confidence_interval":{"confidence_level":0.95,"lower_bound":2.1820084314770383,"upper_bound":2.185548905718607},"point_estimate":2.1837780184569233,"standard_error":0.0009047580811613373},"std_dev":{"confidence_interval":{"confidence_level":0.95,"lower_bound":0.010767092210154254,"upper_bound":0.020641553266039014},"point_estimate":0.01579965038048736,"standard_error":0.0025624482928817125}}