{"mean":{"confidence_interval":{"confidence_level":0.95,"lower_bound":2.191876763488798,"upper_bound":2.201848246445652},"point_estimate":2.196410103828714,"standard_error":0.002556328369797767},"median":{"confidence_interval":{"confidence_level":0.95,"lower_bound":2.188462594489111,"upper_bound":2.194175161296208},"point_estimate":2.191961699229293,"standard_error":0.001806786586159309},"median_abs_dev":{"confidence_interval":{"confidence_level":0.95,"lower_bound":0.008855536043788793,"upper_bound":0.01676877420198541},"point_estimate":0.011678182525194907,"standard_error":0.0019586365627392395},"slope":{"confidence_interval":{"confidence_level":0.95,"lower_bound":2.1912388206794096,"upper_bound":2.1973203064250253},"point_estimate":2.1941380335241654,"standard_error":0.0015462516561684095},"std_dev":{"confidence_interval":{"confidence_level":0.95,"lower_bound":0.01448053024835818,"upper_bound":0.036003011876620736},"point_estimate":0.025619297631615696,"standard_error":0.005626871636774588}}