{"mean":{"confidence_interval":{"confidence_level":0.95,"lower_bound":11.319141428777437,"upper_bound":12.019496411482699},"point_estimate":11.633704397587524,"standard_error":0.18007013289994386},"median":{"confidence_interval":{"confidence_level":0.95,"lower_bound":10.928644213753417,"upper_bound":11.244736643941883},"point_estimate":11.068553689106775,"standard_error":0.08700517417603898},"median_abs_dev":{"confidence_interval":{"confidence_level":0.95,"lower_bound":0.3696025386483646,"upper_bound":0.7104790961538443},"point_estimate":0.5210830306314834,"standard_error":0.08864939512790426},"slope":{"confidence_interval":{"confidence_level":0.95,"lower_bound":11.27617852397375,"upper_bound":11.702224551220842},"point_estimate":11.474496844976358,"standard_error":0.10929132023693132},"std_dev":{"confidence_interval":{"confidence_level":0.95,"lower_bound":0.8772975538676326,"upper_bound":2.545916015879374},"point_estimate":1.8029903191349776,"standard_error":0.4238050310932521}}