{"mean":{"confidence_interval":{"confidence_level":0.95,"lower_bound":2.189344374123579,"upper_bound":2.197210206269024},"point_estimate":2.1931958804501113,"standard_error":0.002012507446679579},"median":{"confidence_interval":{"confidence_level":0.95,"lower_bound":2.187874491508906,"upper_bound":2.1936513625081298},"point_estimate":2.1907471087825883,"standard_error":0.001417373812245574},"median_abs_dev":{"confidence_interval":{"confidence_level":0.95,"lower_bound":0.010429995869758858,"upper_bound":0.019119568014985235},"point_estimate":0.013965585352207457,"standard_error":0.002237422342621925},"slope":{"confidence_interval":{"confidence_level":0.95,"lower_bound":2.1900871841616625,"upper_bound":2.198232856746275},"point_estimate":2.1939998360359305,"standard_error":0.002082019615670069},"std_dev":{"confidence_interval":{"confidence_level":0.95,"lower_bound":0.016241220940048567,"upper_bound":0.024228827735245196},"point_estimate":0.020148522380549726,"standard_error":0.0020620620616164562}}