{"mean":{"confidence_interval":{"confidence_level":0.95,"lower_bound":2.185300643776095,"upper_bound":2.195765284889543},"point_estimate":2.190036602006883,"standard_error":0.002687683409788669},"median":{"confidence_interval":{"confidence_level":0.95,"lower_bound":2.185317322363211,"upper_bound":2.1887111888445876},"point_estimate":2.186904315086278,"standard_error":0.0008127418724712524},"median_abs_dev":{"confidence_interval":{"confidence_level":0.95,"lower_bound":0.0068943366101272795,"upper_bound":0.01395776789064463},"point_estimate":0.010543793407799125,"standard_error":0.0017812143654624536},"slope":{"confidence_interval":{"confidence_level":0.95,"lower_bound":2.1852952597239375,"upper_bound":2.1914687322328317},"point_estimate":2.1881079208726595,"standard_error":0.0015742390789971813},"std_dev":{"confidence_interval":{"confidence_level":0.95,"lower_bound":0.013554882282596019,"upper_bound":0.03788324015282238},"point_estimate":0.026918310480865137,"standard_error":0.006158317014731945}}