{"mean":{"confidence_interval":{"confidence_level":0.95,"lower_bound":2.189438898696271,"upper_bound":2.1968758668896786},"point_estimate":2.1929922474237995,"standard_error":0.0018930832608546212},"median":{"confidence_interval":{"confidence_level":0.95,"lower_bound":2.1869476194178783,"upper_bound":2.1924219513173924},"point_estimate":2.189520736162258,"standard_error":0.0014206653957698793},"median_abs_dev":{"confidence_interval":{"confidence_level":0.95,"lower_bound":0.008838942554495218,"upper_bound":0.014809275312222817},"point_estimate":0.011484604810002977,"standard_error":0.0015205856811323947},"slope":{"confidence_interval":{"confidence_level":0.95,"lower_bound":2.187858017250188,"upper_bound":2.1934659997657366},"point_estimate":2.190514848624079,"standard_error":0.0014255025140481698},"std_dev":{"confidence_interval":{"confidence_level":0.95,"lower_bound":0.01405802909492763,"upper_bound":0.02353084846786996},"point_estimate":0.019017400687182988,"standard_error":0.002431141905802104}}