{"mean":{"confidence_interval":{"confidence_level":0.95,"lower_bound":8.792851134840156,"upper_bound":8.810904047074148},"point_estimate":8.799678152762938,"standard_error":0.00493494979961388},"median":{"confidence_interval":{"confidence_level":0.95,"lower_bound":8.79126449555984,"upper_bound":8.795929346364208},"point_estimate":8.793391555521865,"standard_error":0.0010638721038385137},"median_abs_dev":{"confidence_interval":{"confidence_level":0.95,"lower_bound":0.007603841969282215,"upper_bound":0.014056033273637195},"point_estimate":0.010338632574800239,"standard_error":0.0017098699356216072},"slope":{"confidence_interval":{"confidence_level":0.95,"lower_bound":8.790694656738118,"upper_bound":8.804313517571314},"point_estimate":8.795677486182987,"standard_error":0.003670695530323228},"std_dev":{"confidence_interval":{"confidence_level":0.95,"lower_bound":0.011794612452575133,"upper_bound":0.08309851826139619},"point_estimate":0.04967678071243306,"standard_error":0.024323746567620413}}