{"mean":{"confidence_interval":{"confidence_level":0.95,"lower_bound":2.1707305732406597,"upper_bound":2.1767067254381454},"point_estimate":2.1734368420474923,"standard_error":0.0015229667016331972},"median":{"confidence_interval":{"confidence_level":0.95,"lower_bound":2.168640589555802,"upper_bound":2.1719837550370755},"point_estimate":2.170298350197735,"standard_error":0.0007767713443488918},"median_abs_dev":{"confidence_interval":{"confidence_level":0.95,"lower_bound":0.005102395858995717,"upper_bound":0.008075409977534623},"point_estimate":0.006337233468836675,"standard_error":0.0007620044008546248},"slope":{"confidence_interval":{"confidence_level":0.95,"lower_bound":2.169142438072695,"upper_bound":2.1715910238880305},"point_estimate":2.1703780399618338,"standard_error":0.0006266163721885866},"std_dev":{"confidence_interval":{"confidence_level":0.95,"lower_bound":0.007954431590796703,"upper_bound":0.021337421312658183},"point_estimate":0.015294472500215973,"standard_error":0.0034216910942520182}}