{"mean":{"confidence_interval":{"confidence_level":0.95,"lower_bound":11.423075923251206,"upper_bound":11.696121600483083},"point_estimate":11.537352396920005,"standard_error":0.07147280488603379},"median":{"confidence_interval":{"confidence_level":0.95,"lower_bound":11.335487102242505,"upper_bound":11.434683104036466},"point_estimate":11.39069676597827,"standard_error":0.024225849269725562},"median_abs_dev":{"confidence_interval":{"confidence_level":0.95,"lower_bound":0.15135158229147586,"upper_bound":0.27448260023492443},"point_estimate":0.20794986703400406,"standard_error":0.030774317964282243},"slope":{"confidence_interval":{"confidence_level":0.95,"lower_bound":11.501422584725892,"upper_bound":11.903927730503435},"point_estimate":11.663986620296575,"standard_error":0.10557106676969098},"std_dev":{"confidence_interval":{"confidence_level":0.95,"lower_bound":0.2293255541281128,"upper_bound":1.1428490812642238},"point_estimate":0.7200770062179922,"standard_error":0.26520449352740255}}