{"mean":{"confidence_interval":{"confidence_level":0.95,"lower_bound":2.184965343105903,"upper_bound":2.190982109079935},"point_estimate":2.187879897821251,"standard_error":0.0015344182564983558},"median":{"confidence_interval":{"confidence_level":0.95,"lower_bound":2.1849433527764486,"upper_bound":2.1874903531865013},"point_estimate":2.1862336177250237,"standard_error":0.0006666509343875608},"median_abs_dev":{"confidence_interval":{"confidence_level":0.95,"lower_bound":0.005376361308689463,"upper_bound":0.011700000789898994},"point_estimate":0.008057268364027495,"standard_error":0.0015224990056369625},"slope":{"confidence_interval":{"confidence_level":0.95,"lower_bound":2.1852634716319423,"upper_bound":2.188907891470425},"point_estimate":2.187012448118495,"standard_error":0.0009296471692551464},"std_dev":{"confidence_interval":{"confidence_level":0.95,"lower_bound":0.011482177676035783,"upper_bound":0.01914690643075242},"point_estimate":0.01539724066137225,"standard_error":0.0019722554779333743}}