{"mean":{"confidence_interval":{"confidence_level":0.95,"lower_bound":2.172362929925374,"upper_bound":2.1764651483692443},"point_estimate":2.174324082233148,"standard_error":0.0010442053224257372},"median":{"confidence_interval":{"confidence_level":0.95,"lower_bound":2.171378382554951,"upper_bound":2.174061640100001},"point_estimate":2.1727094700282046,"standard_error":0.0007011888586612075},"median_abs_dev":{"confidence_interval":{"confidence_level":0.95,"lower_bound":0.0057962248547999175,"upper_bound":0.009447344716404057},"point_estimate":0.007563819151110693,"standard_error":0.0009098635910621103},"slope":{"confidence_interval":{"confidence_level":0.95,"lower_bound":2.1710607988708737,"upper_bound":2.1746289835292405},"point_estimate":2.172708950321171,"standard_error":0.000909742552721584},"std_dev":{"confidence_interval":{"confidence_level":0.95,"lower_bound":0.007659996776572313,"upper_bound":0.013081923566557721},"point_estimate":0.010515654621081491,"standard_error":0.0013902488417460797}}