{"mean":{"confidence_interval":{"confidence_level":0.95,"lower_bound":2.4707887889591587,"upper_bound":2.4775017509987776},"point_estimate":2.474092933135681,"standard_error":0.001712256626982893},"median":{"confidence_interval":{"confidence_level":0.95,"lower_bound":2.468413333085787,"upper_bound":2.474249291698121},"point_estimate":2.470189562920905,"standard_error":0.0017369400049170901},"median_abs_dev":{"confidence_interval":{"confidence_level":0.95,"lower_bound":0.008771632985234106,"upper_bound":0.015774066195406975},"point_estimate":0.011802547295405445,"standard_error":0.0018013785251995837},"slope":{"confidence_interval":{"confidence_level":0.95,"lower_bound":2.469269552998306,"upper_bound":2.4745417693582072},"point_estimate":2.4717468281265518,"standard_error":0.0013446634419346038},"std_dev":{"confidence_interval":{"confidence_level":0.95,"lower_bound":0.01409262737302078,"upper_bound":0.020063703201400964},"point_estimate":0.017230061759478908,"standard_error":0.001525842090008731}}