{"mean":{"confidence_interval":{"confidence_level":0.95,"lower_bound":4.020194034956422,"upper_bound":4.025537107722511},"point_estimate":4.0225245065830855,"standard_error":0.001374782669085625},"median":{"confidence_interval":{"confidence_level":0.95,"lower_bound":4.019236967206511,"upper_bound":4.022503086714487},"point_estimate":4.021012299882859,"standard_error":0.0008914706927246439},"median_abs_dev":{"confidence_interval":{"confidence_level":0.95,"lower_bound":0.005407227290838516,"upper_bound":0.009309341390160583},"point_estimate":0.007359464726518192,"standard_error":0.000993862194406744},"slope":{"confidence_interval":{"confidence_level":0.95,"lower_bound":4.019766262966587,"upper_bound":4.022697182412749},"point_estimate":4.02124249211799,"standard_error":0.0007467796635743341},"std_dev":{"confidence_interval":{"confidence_level":0.95,"lower_bound":0.006806538552284397,"upper_bound":0.020871261572797697},"point_estimate":0.013794521259704736,"standard_error":0.004136555174042767}}