{"mean":{"confidence_interval":{"confidence_level":0.95,"lower_bound":8.597637622074766,"upper_bound":8.668304882002754},"point_estimate":8.62334477166432,"standard_error":0.01990178446578575},"median":{"confidence_interval":{"confidence_level":0.95,"lower_bound":8.591623262592162,"upper_bound":8.604522441068386},"point_estimate":8.598991143734052,"standard_error":0.004067699751657815},"median_abs_dev":{"confidence_interval":{"confidence_level":0.95,"lower_bound":0.01901507929358618,"upper_bound":0.031996773900678614},"point_estimate":0.02562516942586047,"standard_error":0.003404866929429585},"slope":{"confidence_interval":{"confidence_level":0.95,"lower_bound":8.604482798842879,"upper_bound":8.616554619101487},"point_estimate":8.610045407634196,"standard_error":0.00306414716153922},"std_dev":{"confidence_interval":{"confidence_level":0.95,"lower_bound":0.024837081969091842,"upper_bound":0.3369777547119986},"point_estimate":0.19907922282477047,"standard_error":0.10461750418788204}}