{"mean":{"confidence_interval":{"confidence_level":0.95,"lower_bound":11.709931921356139,"upper_bound":12.195469791471023},"point_estimate":11.929800424100627,"standard_error":0.12537392686458892},"median":{"confidence_interval":{"confidence_level":0.95,"lower_bound":11.513416347381865,"upper_bound":11.697257682717453},"point_estimate":11.616061904761905,"standard_error":0.046180038032312784},"median_abs_dev":{"confidence_interval":{"confidence_level":0.95,"lower_bound":0.2543092011604225,"upper_bound":0.43805359591237314},"point_estimate":0.3452385725398091,"standard_error":0.04891888973114625},"slope":{"confidence_interval":{"confidence_level":0.95,"lower_bound":11.727300481150316,"upper_bound":12.626472659765826},"point_estimate":12.12905823834056,"standard_error":0.23132079670574324},"std_dev":{"confidence_interval":{"confidence_level":0.95,"lower_bound":0.6305305661172618,"upper_bound":1.7193897899411714},"point_estimate":1.2564108152178126,"standard_error":0.2740046387907392}}