{"mean":{"confidence_interval":{"confidence_level":0.95,"lower_bound":2.190555954986283,"upper_bound":2.199888082949605},"point_estimate":2.1950636249452695,"standard_error":0.002384483468613545},"median":{"confidence_interval":{"confidence_level":0.95,"lower_bound":2.1874688989495006,"upper_bound":2.194067496813626},"point_estimate":2.1897685128899322,"standard_error":0.0018846594861655485},"median_abs_dev":{"confidence_interval":{"confidence_level":0.95,"lower_bound":0.011776281026083617,"upper_bound":0.023144275660515502},"point_estimate":0.01631017062702184,"standard_error":0.0028952935432843083},"slope":{"confidence_interval":{"confidence_level":0.95,"lower_bound":2.189189756148611,"upper_bound":2.1949532017027287},"point_estimate":2.1919748389470066,"standard_error":0.0014728813664801738},"std_dev":{"confidence_interval":{"confidence_level":0.95,"lower_bound":0.0181862616508598,"upper_bound":0.029851249279898562},"point_estimate":0.02399571265869745,"standard_error":0.003024826592164857}}