{"mean":{"confidence_interval":{"confidence_level":0.95,"lower_bound":2.1670895856713845,"upper_bound":2.1715473995783108},"point_estimate":2.169034758822633,"standard_error":0.001145070721478306},"median":{"confidence_interval":{"confidence_level":0.95,"lower_bound":2.165566892837627,"upper_bound":2.1682145258489283},"point_estimate":2.1669185790799097,"standard_error":0.0006329193619702573},"median_abs_dev":{"confidence_interval":{"confidence_level":0.95,"lower_bound":0.0039058522970921205,"upper_bound":0.006882032474639165},"point_estimate":0.0049630702934622415,"standard_error":0.0007648397265899862},"slope":{"confidence_interval":{"confidence_level":0.95,"lower_bound":2.166220763055277,"upper_bound":2.168322059704691},"point_estimate":2.1672713947256215,"standard_error":0.0005349333708856341},"std_dev":{"confidence_interval":{"confidence_level":0.95,"lower_bound":0.00542533551119346,"upper_bound":0.017441850199514494},"point_estimate":0.011528723602291107,"standard_error":0.0034303745735837347}}