{"mean":{"confidence_interval":{"confidence_level":0.95,"lower_bound":4.01959356357602,"upper_bound":4.02362132626194},"point_estimate":4.02153157046996,"standard_error":0.001027864183841983},"median":{"confidence_interval":{"confidence_level":0.95,"lower_bound":4.015861682296733,"upper_bound":4.022455925605847},"point_estimate":4.019434951835688,"standard_error":0.0016274389621738904},"median_abs_dev":{"confidence_interval":{"confidence_level":0.95,"lower_bound":0.006198573375539438,"upper_bound":0.011281983858340805},"point_estimate":0.009138684446114275,"standard_error":0.0012850903978835289},"slope":{"confidence_interval":{"confidence_level":0.95,"lower_bound":4.019100005493312,"upper_bound":4.024501970666967},"point_estimate":4.021606109120989,"standard_error":0.0013804800088187547},"std_dev":{"confidence_interval":{"confidence_level":0.95,"lower_bound":0.007889167706867673,"upper_bound":0.012601100573009913},"point_estimate":0.01034878482267713,"standard_error":0.0012105777320636337}}