{"mean":{"confidence_interval":{"confidence_level":0.95,"lower_bound":5.010751496599205,"upper_bound":5.143879006432292},"point_estimate":5.059066402223249,"standard_error":0.03760201212944411},"median":{"confidence_interval":{"confidence_level":0.95,"lower_bound":4.999123112147838,"upper_bound":5.003146269017734},"point_estimate":5.000960239674712,"standard_error":0.0008859960531324451},"median_abs_dev":{"confidence_interval":{"confidence_level":0.95,"lower_bound":0.00754268695854469,"upper_bound":0.01607304322666573},"point_estimate":0.011762474584194502,"standard_error":0.002035600979217246},"slope":{"confidence_interval":{"confidence_level":0.95,"lower_bound":5.0056892928563,"upper_bound":5.0279415409793025},"point_estimate":5.015367492712335,"standard_error":0.005699489915213497},"std_dev":{"confidence_interval":{"confidence_level":0.95,"lower_bound":0.047656221798985605,"upper_bound":0.6374270220406558},"point_estimate":0.376719848188827,"standard_error":0.19849851854420547}}