{"mean":{"confidence_interval":{"confidence_level":0.95,"lower_bound":5.017140133881147,"upper_bound":5.30321141273698},"point_estimate":5.120552724141844,"standard_error":0.0812057210286175},"median":{"confidence_interval":{"confidence_level":0.95,"lower_bound":5.005422405308339,"upper_bound":5.009215479371067},"point_estimate":5.007310852555133,"standard_error":0.0009790913935064144},"median_abs_dev":{"confidence_interval":{"confidence_level":0.95,"lower_bound":0.008893462194569409,"upper_bound":0.01904600096516703},"point_estimate":0.013182056504827155,"standard_error":0.00280327868371832},"slope":{"confidence_interval":{"confidence_level":0.95,"lower_bound":5.008380847401037,"upper_bound":5.029657372598838},"point_estimate":5.017556213419239,"standard_error":0.00547591801438779},"std_dev":{"confidence_interval":{"confidence_level":0.95,"lower_bound":0.06139191220329488,"upper_bound":1.3825564316320722},"point_estimate":0.8157801370938924,"standard_error":0.43429697014127794}}