{"mean":{"confidence_interval":{"confidence_level":0.95,"lower_bound":4.376526115815038,"upper_bound":4.447781190699617},"point_estimate":4.402841888586553,"standard_error":0.01974369982485578},"median":{"confidence_interval":{"confidence_level":0.95,"lower_bound":4.37170465542026,"upper_bound":4.37699823782425},"point_estimate":4.373710721322626,"standard_error":0.0013533078674049577},"median_abs_dev":{"confidence_interval":{"confidence_level":0.95,"lower_bound":0.007174482351927256,"upper_bound":0.013075000077667313},"point_estimate":0.009317327798404655,"standard_error":0.0015433719595843176},"slope":{"confidence_interval":{"confidence_level":0.95,"lower_bound":4.37606640278797,"upper_bound":4.387906224329251},"point_estimate":4.381089507567299,"standard_error":0.0030473807191467115},"std_dev":{"confidence_interval":{"confidence_level":0.95,"lower_bound":0.02703249236713599,"upper_bound":0.33330328720157676},"point_estimate":0.19801396217912035,"standard_error":0.10053174431052685}}