{"mean":{"confidence_interval":{"confidence_level":0.95,"lower_bound":4.773964084551349,"upper_bound":5.037626478855938},"point_estimate":4.8933854283382665,"standard_error":0.06790986691548599},"median":{"confidence_interval":{"confidence_level":0.95,"lower_bound":4.654124385487581,"upper_bound":4.66072433534719},"point_estimate":4.655663363712657,"standard_error":0.002053347559258337},"median_abs_dev":{"confidence_interval":{"confidence_level":0.95,"lower_bound":0.011078068271086018,"upper_bound":0.028075691052189718},"point_estimate":0.017026821195924424,"standard_error":0.004740230508759051},"slope":{"confidence_interval":{"confidence_level":0.95,"lower_bound":4.698037122404335,"upper_bound":4.843040708689072},"point_estimate":4.757991023114321,"standard_error":0.03739812104179026},"std_dev":{"confidence_interval":{"confidence_level":0.95,"lower_bound":0.34675786169253214,"upper_bound":0.9561869689144676},"point_estimate":0.6843020017992827,"standard_error":0.15559180077273263}}