{"mean":{"confidence_interval":{"confidence_level":0.95,"lower_bound":36.04896336849514,"upper_bound":37.75779420129454},"point_estimate":36.779236761484256,"standard_error":0.44183059305287176},"median":{"confidence_interval":{"confidence_level":0.95,"lower_bound":35.29169308814204,"upper_bound":36.02262382864792},"point_estimate":35.50683288710397,"standard_error":0.2201238403172274},"median_abs_dev":{"confidence_interval":{"confidence_level":0.95,"lower_bound":0.6973669349801676,"upper_bound":1.6893536656415808},"point_estimate":0.9786639474589328,"standard_error":0.2779765609952565},"slope":{"confidence_interval":{"confidence_level":0.95,"lower_bound":36.248771301163906,"upper_bound":37.13929053669832},"point_estimate":36.72027942121671,"standard_error":0.2277951409993722},"std_dev":{"confidence_interval":{"confidence_level":0.95,"lower_bound":1.4662315097375647,"upper_bound":6.7570516824854465},"point_estimate":4.435654890157889,"standard_error":1.407269320497577}}