{"mean":{"confidence_interval":{"confidence_level":0.95,"lower_bound":48.767699307074224,"upper_bound":52.32598956427504},"point_estimate":50.38352911180778,"standard_error":0.9145071560671535},"median":{"confidence_interval":{"confidence_level":0.95,"lower_bound":47.349436392914654,"upper_bound":48.26086956521739},"point_estimate":47.72882797731569,"standard_error":0.21640315092831566},"median_abs_dev":{"confidence_interval":{"confidence_level":0.95,"lower_bound":0.6555934997209703,"upper_bound":1.5151394144591053},"point_estimate":1.0752687761588717,"standard_error":0.19095333301657555},"slope":{"confidence_interval":{"confidence_level":0.95,"lower_bound":47.5002373568969,"upper_bound":48.07427341319102},"point_estimate":47.771643161720455,"standard_error":0.14647579385875348},"std_dev":{"confidence_interval":{"confidence_level":0.95,"lower_bound":4.799640819730043,"upper_bound":12.347069363221228},"point_estimate":9.207978356226285,"standard_error":1.8830038054799174}}