{"mean":{"confidence_interval":{"confidence_level":0.95,"lower_bound":44.22906400644064,"upper_bound":46.2490007842734},"point_estimate":45.1294330575686,"standard_error":0.519386903094324},"median":{"confidence_interval":{"confidence_level":0.95,"lower_bound":43.159942837168174,"upper_bound":43.521272411798726},"point_estimate":43.26550012834774,"standard_error":0.09114103875418368},"median_abs_dev":{"confidence_interval":{"confidence_level":0.95,"lower_bound":0.31900198644704236,"upper_bound":0.8371425508945687},"point_estimate":0.5020380289845511,"standard_error":0.12976644609521756},"slope":{"confidence_interval":{"confidence_level":0.95,"lower_bound":43.36752337772355,"upper_bound":44.007021396552666},"point_estimate":43.65572236305146,"standard_error":0.16386777728224405},"std_dev":{"confidence_interval":{"confidence_level":0.95,"lower_bound":2.506599371865396,"upper_bound":7.4830601254255615},"point_estimate":5.2211224411982755,"standard_error":1.277228413213734}}