{"mean":{"confidence_interval":{"confidence_level":0.95,"lower_bound":45.93222099340138,"upper_bound":48.79937309101674},"point_estimate":47.09542884179288,"standard_error":0.7481749333991956},"median":{"confidence_interval":{"confidence_level":0.95,"lower_bound":45.22461829802344,"upper_bound":45.44545705606186},"point_estimate":45.31196796161585,"standard_error":0.0562978545274399},"median_abs_dev":{"confidence_interval":{"confidence_level":0.95,"lower_bound":0.17955092453687033,"upper_bound":0.46460751793810345},"point_estimate":0.2964976852380972,"standard_error":0.07316255577887652},"slope":{"confidence_interval":{"confidence_level":0.95,"lower_bound":45.395432505111934,"upper_bound":45.82229016445932},"point_estimate":45.5903551410428,"standard_error":0.1092571385231734},"std_dev":{"confidence_interval":{"confidence_level":0.95,"lower_bound":1.8382505312892885,"upper_bound":12.092111750738216},"point_estimate":7.514969054653646,"standard_error":2.930145258504443}}