{"mean":{"confidence_interval":{"confidence_level":0.95,"lower_bound":45.035160128198676,"upper_bound":48.668071463780066},"point_estimate":46.702169215162584,"standard_error":0.934416319875153},"median":{"confidence_interval":{"confidence_level":0.95,"lower_bound":43.18850267379679,"upper_bound":44.59514876550233},"point_estimate":43.50702614379085,"standard_error":0.33829074256768094},"median_abs_dev":{"confidence_interval":{"confidence_level":0.95,"lower_bound":0.8551597887394563,"upper_bound":2.487780015878316},"point_estimate":1.3496330301438038,"standard_error":0.42421672417251066},"slope":{"confidence_interval":{"confidence_level":0.95,"lower_bound":44.08744718733301,"upper_bound":45.30341752789396},"point_estimate":44.653493119724615,"standard_error":0.309751584615145},"std_dev":{"confidence_interval":{"confidence_level":0.95,"lower_bound":5.482694706645242,"upper_bound":12.306896447469493},"point_estimate":9.352408400648233,"standard_error":1.7485813956626837}}