{"mean":{"confidence_interval":{"confidence_level":0.95,"lower_bound":5.246788482009582,"upper_bound":5.293127742070213},"point_estimate":5.266731195919345,"standard_error":0.012035168487972725},"median":{"confidence_interval":{"confidence_level":0.95,"lower_bound":5.240058774870578,"upper_bound":5.249710750954294},"point_estimate":5.2440155619383875,"standard_error":0.0023879587958094994},"median_abs_dev":{"confidence_interval":{"confidence_level":0.95,"lower_bound":0.015029876721455787,"upper_bound":0.029388706062937118},"point_estimate":0.02134253847766926,"standard_error":0.0036437052436716316},"slope":{"confidence_interval":{"confidence_level":0.95,"lower_bound":5.244093063398768,"upper_bound":5.261172381914357},"point_estimate":5.252079212632736,"standard_error":0.004356926537465408},"std_dev":{"confidence_interval":{"confidence_level":0.95,"lower_bound":0.036382535958138236,"upper_bound":0.18658827774567815},"point_estimate":0.12131029009218022,"standard_error":0.03936070940642638}}