{"mean":{"confidence_interval":{"confidence_level":0.95,"lower_bound":4.427043261322615,"upper_bound":4.6044440971868},"point_estimate":4.502969434557801,"standard_error":0.045685697737695354},"median":{"confidence_interval":{"confidence_level":0.95,"lower_bound":4.25739188132032,"upper_bound":4.685996401293776},"point_estimate":4.6797520985235685,"standard_error":0.1502320499856567},"median_abs_dev":{"confidence_interval":{"confidence_level":0.95,"lower_bound":0.023832233041319664,"upper_bound":0.3905099255728562},"point_estimate":0.18330226120041726,"standard_error":0.11304192508870034},"slope":{"confidence_interval":{"confidence_level":0.95,"lower_bound":4.612128946153709,"upper_bound":4.664479178163043},"point_estimate":4.641761569524495,"standard_error":0.013354326257895188},"std_dev":{"confidence_interval":{"confidence_level":0.95,"lower_bound":0.238322220858508,"upper_bound":0.7139929170433286},"point_estimate":0.4594523400106903,"standard_error":0.1598176999917859}}