{"mean":{"confidence_interval":{"confidence_level":0.95,"lower_bound":4.4079534078120925,"upper_bound":4.488790126039387},"point_estimate":4.437977966324694,"standard_error":0.02257386223542583},"median":{"confidence_interval":{"confidence_level":0.95,"lower_bound":4.401166955816222,"upper_bound":4.405619322421932},"point_estimate":4.403453049268305,"standard_error":0.0013371103728254264},"median_abs_dev":{"confidence_interval":{"confidence_level":0.95,"lower_bound":0.008324956710042615,"upper_bound":0.015553006165307137},"point_estimate":0.011409617939123073,"standard_error":0.0017967385070822585},"slope":{"confidence_interval":{"confidence_level":0.95,"lower_bound":4.405651034391906,"upper_bound":4.423534741477134},"point_estimate":4.413612388938893,"standard_error":0.0046119548072750685},"std_dev":{"confidence_interval":{"confidence_level":0.95,"lower_bound":0.03654315298783175,"upper_bound":0.3818438343718079},"point_estimate":0.22685527821081927,"standard_error":0.11582456207009811}}