{"mean":{"confidence_interval":{"confidence_level":0.95,"lower_bound":3.195343206322239,"upper_bound":3.2846393950140294},"point_estimate":3.23747255234082,"standard_error":0.022846010612042836},"median":{"confidence_interval":{"confidence_level":0.95,"lower_bound":3.1020049138808528,"upper_bound":3.1456004872568446},"point_estimate":3.1195852488396794,"standard_error":0.012325123304922133},"median_abs_dev":{"confidence_interval":{"confidence_level":0.95,"lower_bound":0.02295506397285762,"upper_bound":0.0829823603431921},"point_estimate":0.047066045976723446,"standard_error":0.01638654904326411},"slope":{"confidence_interval":{"confidence_level":0.95,"lower_bound":3.119617923076876,"upper_bound":3.1702075447136515},"point_estimate":3.1416173528399356,"standard_error":0.013040798493677019},"std_dev":{"confidence_interval":{"confidence_level":0.95,"lower_bound":0.16637533835728402,"upper_bound":0.2991033696537434},"point_estimate":0.2295838699773233,"standard_error":0.03529053868769953}}