{"mean":{"confidence_interval":{"confidence_level":0.95,"lower_bound":4.615216873282692,"upper_bound":4.675931026954439},"point_estimate":4.638138231159713,"standard_error":0.01644227445476929},"median":{"confidence_interval":{"confidence_level":0.95,"lower_bound":4.608507889310714,"upper_bound":4.615594258868162},"point_estimate":4.61194813655345,"standard_error":0.001809264083491811},"median_abs_dev":{"confidence_interval":{"confidence_level":0.95,"lower_bound":0.010468759654209491,"upper_bound":0.01667162933217099},"point_estimate":0.01387754585478639,"standard_error":0.001544548992560536},"slope":{"confidence_interval":{"confidence_level":0.95,"lower_bound":4.6163567240870105,"upper_bound":4.632967387988417},"point_estimate":4.623750315235725,"standard_error":0.004243674201680521},"std_dev":{"confidence_interval":{"confidence_level":0.95,"lower_bound":0.0338790523606471,"upper_bound":0.2771764603333705},"point_estimate":0.1658847153575097,"standard_error":0.08045815850606172}}