{"mean":{"confidence_interval":{"confidence_level":0.95,"lower_bound":5.257802413708239,"upper_bound":5.400732491850357},"point_estimate":5.320611893278996,"standard_error":0.03656886140840171},"median":{"confidence_interval":{"confidence_level":0.95,"lower_bound":5.236649519879096,"upper_bound":5.246949450141601},"point_estimate":5.241633479813238,"standard_error":0.002807170190518603},"median_abs_dev":{"confidence_interval":{"confidence_level":0.95,"lower_bound":0.019839057867387315,"upper_bound":0.03448159073197972},"point_estimate":0.026121961040839133,"standard_error":0.0037898166377084304},"slope":{"confidence_interval":{"confidence_level":0.95,"lower_bound":5.245309266386634,"upper_bound":5.268200508246104},"point_estimate":5.256132774627059,"standard_error":0.005840059069461997},"std_dev":{"confidence_interval":{"confidence_level":0.95,"lower_bound":0.08211858418247282,"upper_bound":0.5379549986544959},"point_estimate":0.368183497124662,"standard_error":0.1067592132452423}}