{"mean":{"confidence_interval":{"confidence_level":0.95,"lower_bound":4.616020350878127,"upper_bound":4.690038758845033},"point_estimate":4.6441620973576985,"standard_error":0.020001846881743765},"median":{"confidence_interval":{"confidence_level":0.95,"lower_bound":4.608410024338302,"upper_bound":4.612987169381678},"point_estimate":4.609742667817089,"standard_error":0.0010657958834520802},"median_abs_dev":{"confidence_interval":{"confidence_level":0.95,"lower_bound":0.0074660308643022585,"upper_bound":0.015112271925728733},"point_estimate":0.011740622466893471,"standard_error":0.002081775493637583},"slope":{"confidence_interval":{"confidence_level":0.95,"lower_bound":4.611359485711982,"upper_bound":4.634004173624769},"point_estimate":4.620765080552141,"standard_error":0.005897575057659622},"std_dev":{"confidence_interval":{"confidence_level":0.95,"lower_bound":0.041918391687443324,"upper_bound":0.3349590867086992},"point_estimate":0.20137282730604378,"standard_error":0.09528240282177161}}