{"mean":{"confidence_interval":{"confidence_level":0.95,"lower_bound":5.254564603943955,"upper_bound":5.3619436141317065},"point_estimate":5.295989766632308,"standard_error":0.028576614729336418},"median":{"confidence_interval":{"confidence_level":0.95,"lower_bound":5.2332452713826685,"upper_bound":5.2502941060408315},"point_estimate":5.237878477555897,"standard_error":0.004271525347623928},"median_abs_dev":{"confidence_interval":{"confidence_level":0.95,"lower_bound":0.016238569133122903,"upper_bound":0.033272560833113494},"point_estimate":0.024762868223965583,"standard_error":0.004354958169665706},"slope":{"confidence_interval":{"confidence_level":0.95,"lower_bound":5.247537562408331,"upper_bound":5.270273915853849},"point_estimate":5.258027292738904,"standard_error":0.0057949497757131645},"std_dev":{"confidence_interval":{"confidence_level":0.95,"lower_bound":0.06564728440948726,"upper_bound":0.47497800382353633},"point_estimate":0.28723235614236137,"standard_error":0.13132493972584772}}