{"mean":{"confidence_interval":{"confidence_level":0.95,"lower_bound":4.261732533230197,"upper_bound":4.426591474145163},"point_estimate":4.333002715726432,"standard_error":0.04242324286694134},"median":{"confidence_interval":{"confidence_level":0.95,"lower_bound":4.22296398973825,"upper_bound":4.27374005217476},"point_estimate":4.245322540665744,"standard_error":0.012920332073462064},"median_abs_dev":{"confidence_interval":{"confidence_level":0.95,"lower_bound":0.07966870954863131,"upper_bound":0.12245440537114627},"point_estimate":0.10772862928944847,"standard_error":0.010895153865530067},"slope":{"confidence_interval":{"confidence_level":0.95,"lower_bound":4.252038790609804,"upper_bound":4.2919328062955024},"point_estimate":4.271507459748968,"standard_error":0.01017423712104753},"std_dev":{"confidence_interval":{"confidence_level":0.95,"lower_bound":0.1419590631399301,"upper_bound":0.6386944907638311},"point_estimate":0.4248914493457054,"standard_error":0.12865646655010224}}