{"mean":{"confidence_interval":{"confidence_level":0.95,"lower_bound":4.868759027004422,"upper_bound":5.018897927254213},"point_estimate":4.936075079805561,"standard_error":0.03854784642953631},"median":{"confidence_interval":{"confidence_level":0.95,"lower_bound":4.8261704891994075,"upper_bound":4.836269905806576},"point_estimate":4.831233750916852,"standard_error":0.0027205598727620545},"median_abs_dev":{"confidence_interval":{"confidence_level":0.95,"lower_bound":0.01748889275824362,"upper_bound":0.03602716715973949},"point_estimate":0.02478260699567149,"standard_error":0.004681876646743579},"slope":{"confidence_interval":{"confidence_level":0.95,"lower_bound":4.853136157874386,"upper_bound":4.973586588363016},"point_estimate":4.901746389121784,"standard_error":0.03148152074442353},"std_dev":{"confidence_interval":{"confidence_level":0.95,"lower_bound":0.19224688544818583,"upper_bound":0.5399751657162859},"point_estimate":0.3873821703121826,"standard_error":0.08887472804095929}}