{"mean":{"confidence_interval":{"confidence_level":0.95,"lower_bound":4.286511405773785,"upper_bound":4.370738548384949},"point_estimate":4.3212477161277505,"standard_error":0.022056146889100448},"median":{"confidence_interval":{"confidence_level":0.95,"lower_bound":4.277080010998075,"upper_bound":4.288232262056843},"point_estimate":4.282604774551743,"standard_error":0.002726546762583912},"median_abs_dev":{"confidence_interval":{"confidence_level":0.95,"lower_bound":0.01519362631964232,"upper_bound":0.02652961923412151},"point_estimate":0.021059392051416038,"standard_error":0.002980833961278447},"slope":{"confidence_interval":{"confidence_level":0.95,"lower_bound":4.2793350606158285,"upper_bound":4.291893493564301},"point_estimate":4.284989592744131,"standard_error":0.003200590799072483},"std_dev":{"confidence_interval":{"confidence_level":0.95,"lower_bound":0.036916460690781,"upper_bound":0.34486726282620983},"point_estimate":0.22057086893067132,"standard_error":0.08234126305746468}}