{"mean":{"confidence_interval":{"confidence_level":0.95,"lower_bound":4.070294930813046,"upper_bound":4.178225144551107},"point_estimate":4.114044871327738,"standard_error":0.028337630427043244},"median":{"confidence_interval":{"confidence_level":0.95,"lower_bound":4.060617899497972,"upper_bound":4.064786487305682},"point_estimate":4.063171339565305,"standard_error":0.0010964074024667303},"median_abs_dev":{"confidence_interval":{"confidence_level":0.95,"lower_bound":0.006759198527382578,"upper_bound":0.014596453888693807},"point_estimate":0.01028849794625512,"standard_error":0.0020432667505304054},"slope":{"confidence_interval":{"confidence_level":0.95,"lower_bound":4.063335259644191,"upper_bound":4.076276667242569},"point_estimate":4.068897484355271,"standard_error":0.003320118113958782},"std_dev":{"confidence_interval":{"confidence_level":0.95,"lower_bound":0.04270363404110763,"upper_bound":0.4624307819093816},"point_estimate":0.28468830334547074,"standard_error":0.11484957926953594}}