{"mean":{"confidence_interval":{"confidence_level":0.95,"lower_bound":3.7521103718183832,"upper_bound":3.827760760154281},"point_estimate":3.783115751043971,"standard_error":0.019868940317378594},"median":{"confidence_interval":{"confidence_level":0.95,"lower_bound":3.7447373417858083,"upper_bound":3.748939059062111},"point_estimate":3.747120519773725,"standard_error":0.0011081819594376211},"median_abs_dev":{"confidence_interval":{"confidence_level":0.95,"lower_bound":0.00654530717902585,"upper_bound":0.013424310608811415},"point_estimate":0.009291639850189177,"standard_error":0.0017116674222784772},"slope":{"confidence_interval":{"confidence_level":0.95,"lower_bound":3.749802938905701,"upper_bound":3.7590553240833224},"point_estimate":3.753904263382027,"standard_error":0.0023766547469578066},"std_dev":{"confidence_interval":{"confidence_level":0.95,"lower_bound":0.03978661927652679,"upper_bound":0.32104691707350486},"point_estimate":0.19950720389166388,"standard_error":0.07800951122370703}}