{"mean":{"confidence_interval":{"confidence_level":0.95,"lower_bound":51.65382119780521,"upper_bound":54.45482867487408},"point_estimate":52.92993882998752,"standard_error":0.7174064313931663},"median":{"confidence_interval":{"confidence_level":0.95,"lower_bound":50.478954414838036,"upper_bound":50.784743991640546},"point_estimate":50.68667294504009,"standard_error":0.08790072562421221},"median_abs_dev":{"confidence_interval":{"confidence_level":0.95,"lower_bound":0.39169075808268766,"upper_bound":0.9840945281677796},"point_estimate":0.6403942584076042,"standard_error":0.1669798567195265},"slope":{"confidence_interval":{"confidence_level":0.95,"lower_bound":50.613794787428645,"upper_bound":51.20020007290209},"point_estimate":50.8804017468139,"standard_error":0.14964784257054445},"std_dev":{"confidence_interval":{"confidence_level":0.95,"lower_bound":3.9138584763982136,"upper_bound":9.954441067825028},"point_estimate":7.2320545574393105,"standard_error":1.546326103861601}}