{"mean":{"confidence_interval":{"confidence_level":0.95,"lower_bound":40.15143072208788,"upper_bound":42.36655724255261},"point_estimate":41.16663500510053,"standard_error":0.5673104907945845},"median":{"confidence_interval":{"confidence_level":0.95,"lower_bound":39.19162515566625,"upper_bound":39.52213587401944},"point_estimate":39.30997957221822,"standard_error":0.09178854551421864},"median_abs_dev":{"confidence_interval":{"confidence_level":0.95,"lower_bound":0.31150262202091084,"upper_bound":0.7999181789746648},"point_estimate":0.4959717780248285,"standard_error":0.13524346825503156},"slope":{"confidence_interval":{"confidence_level":0.95,"lower_bound":39.48952912827403,"upper_bound":39.92108817494446},"point_estimate":39.688133629964916,"standard_error":0.11023308731951535},"std_dev":{"confidence_interval":{"confidence_level":0.95,"lower_bound":3.293926291215002,"upper_bound":7.545357287741185},"point_estimate":5.711597554780595,"standard_error":1.093822832830729}}