{"mean":{"confidence_interval":{"confidence_level":0.95,"lower_bound":46.671389908698174,"upper_bound":49.91708416248652},"point_estimate":48.106355699324695,"standard_error":0.833094571898066},"median":{"confidence_interval":{"confidence_level":0.95,"lower_bound":45.90413781163435,"upper_bound":46.19932432432432},"point_estimate":46.06345161322278,"standard_error":0.07213329747641241},"median_abs_dev":{"confidence_interval":{"confidence_level":0.95,"lower_bound":0.5852340044841543,"upper_bound":1.239381828405063},"point_estimate":0.8784104999088022,"standard_error":0.1762306181039657},"slope":{"confidence_interval":{"confidence_level":0.95,"lower_bound":45.75910480091882,"upper_bound":46.43107447934677},"point_estimate":46.111173613433614,"standard_error":0.1721407938231926},"std_dev":{"confidence_interval":{"confidence_level":0.95,"lower_bound":3.6213386889887733,"upper_bound":12.17785969826612},"point_estimate":8.367226273965104,"standard_error":2.210737748894709}}