{"mean":{"confidence_interval":{"confidence_level":0.95,"lower_bound":49.632174765941606,"upper_bound":51.70242559800111},"point_estimate":50.46882352616374,"standard_error":0.5431509539265903},"median":{"confidence_interval":{"confidence_level":0.95,"lower_bound":49.21395348837209,"upper_bound":49.58765809873521},"point_estimate":49.4297404501361,"standard_error":0.1043028143135703},"median_abs_dev":{"confidence_interval":{"confidence_level":0.95,"lower_bound":0.4651985835009905,"upper_bound":0.8385887947132512},"point_estimate":0.6331292122520269,"standard_error":0.097942574153343},"slope":{"confidence_interval":{"confidence_level":0.95,"lower_bound":49.232110627516306,"upper_bound":49.599342206304705},"point_estimate":49.407506366395054,"standard_error":0.09385776302316508},"std_dev":{"confidence_interval":{"confidence_level":0.95,"lower_bound":1.1254553487704433,"upper_bound":8.863848506287853},"point_estimate":5.457803174191937,"standard_error":2.211676638229269}}