{"mean":{"confidence_interval":{"confidence_level":0.95,"lower_bound":231.2434367029898,"upper_bound":231.71884331323687},"point_estimate":231.4543554963878,"standard_error":0.12198668854951385},"median":{"confidence_interval":{"confidence_level":0.95,"lower_bound":231.0471530750169,"upper_bound":231.17149791363337},"point_estimate":231.09487469599236,"standard_error":0.029743356553245243},"median_abs_dev":{"confidence_interval":{"confidence_level":0.95,"lower_bound":0.17277686845270923,"upper_bound":0.35292014470954636},"point_estimate":0.24992003515437552,"standard_error":0.047647417663226006},"slope":{"confidence_interval":{"confidence_level":0.95,"lower_bound":231.0350110037818,"upper_bound":231.1172639296907},"point_estimate":231.0754746058861,"standard_error":0.020978638166993666},"std_dev":{"confidence_interval":{"confidence_level":0.95,"lower_bound":0.542843190105679,"upper_bound":1.7911849017418011},"point_estimate":1.22198428337006,"standard_error":0.32372863861357043}}