{"mean":{"confidence_interval":{"confidence_level":0.95,"lower_bound":221.75433597964107,"upper_bound":227.08997444959132},"point_estimate":224.2193606213033,"standard_error":1.3644064687319197},"median":{"confidence_interval":{"confidence_level":0.95,"lower_bound":220.24544105173877,"upper_bound":223.1814059877646},"point_estimate":221.71253481386654,"standard_error":0.7409604063134709},"median_abs_dev":{"confidence_interval":{"confidence_level":0.95,"lower_bound":3.9001102854926555,"upper_bound":7.018010770170759},"point_estimate":4.91702897892436,"standard_error":0.7802883331746698},"slope":{"confidence_interval":{"confidence_level":0.95,"lower_bound":223.8739546761609,"upper_bound":231.46483443351022},"point_estimate":227.24155380981873,"standard_error":1.9574705514889792},"std_dev":{"confidence_interval":{"confidence_level":0.95,"lower_bound":8.115028290681678,"upper_bound":18.219857286650445},"point_estimate":13.697372340334809,"standard_error":2.5334489192711738}}