{"mean":{"confidence_interval":{"confidence_level":0.95,"lower_bound":257.56198854368205,"upper_bound":268.9564625344463},"point_estimate":262.3973008598721,"standard_error":2.9200726144904365},"median":{"confidence_interval":{"confidence_level":0.95,"lower_bound":257.1847873799726,"upper_bound":262.87105624142663},"point_estimate":259.59704528296464,"standard_error":1.2622291736250721},"median_abs_dev":{"confidence_interval":{"confidence_level":0.95,"lower_bound":8.185672901519457,"upper_bound":14.609816666078135},"point_estimate":12.192432557629052,"standard_error":1.5914309046137374},"slope":{"confidence_interval":{"confidence_level":0.95,"lower_bound":256.70896566407527,"upper_bound":264.0429060633747},"point_estimate":260.04849429663807,"standard_error":1.8839125329671562},"std_dev":{"confidence_interval":{"confidence_level":0.95,"lower_bound":13.236694351784585,"upper_bound":45.92427892712238},"point_estimate":29.326837101296736,"standard_error":10.270119865966787}}