{"mean":{"confidence_interval":{"confidence_level":0.95,"lower_bound":209.9396233224182,"upper_bound":217.0071882913892},"point_estimate":213.38345109822993,"standard_error":1.8084331236020044},"median":{"confidence_interval":{"confidence_level":0.95,"lower_bound":206.4730526164071,"upper_bound":214.88258175655025},"point_estimate":211.59101822083616,"standard_error":2.0373771085679175},"median_abs_dev":{"confidence_interval":{"confidence_level":0.95,"lower_bound":11.626588116790792,"upper_bound":17.719356167649075},"point_estimate":14.655242785222796,"standard_error":1.5179186140841943},"slope":{"confidence_interval":{"confidence_level":0.95,"lower_bound":210.2046976782005,"upper_bound":216.504998908835},"point_estimate":213.259567113508,"standard_error":1.6063650694503242},"std_dev":{"confidence_interval":{"confidence_level":0.95,"lower_bound":14.376175147572617,"upper_bound":21.743429517975226},"point_estimate":18.174586517896994,"standard_error":1.8900411310581426}}