{"mean":{"confidence_interval":{"confidence_level":0.95,"lower_bound":165.34013660573282,"upper_bound":165.50271133408015},"point_estimate":165.41215028356365,"standard_error":0.04167895927425235},"median":{"confidence_interval":{"confidence_level":0.95,"lower_bound":165.33582795698925,"upper_bound":165.3998639662447},"point_estimate":165.35836069701185,"standard_error":0.015769041143353067},"median_abs_dev":{"confidence_interval":{"confidence_level":0.95,"lower_bound":0.10109797569433449,"upper_bound":0.17592664081781556},"point_estimate":0.14315266070640406,"standard_error":0.019157762425991997},"slope":{"confidence_interval":{"confidence_level":0.95,"lower_bound":165.32597220902417,"upper_bound":165.377133168243},"point_estimate":165.3510404833916,"standard_error":0.013097871658347431},"std_dev":{"confidence_interval":{"confidence_level":0.95,"lower_bound":0.209664458458986,"upper_bound":0.6228553991179016},"point_estimate":0.4175284200679558,"standard_error":0.11355360955404946}}