{"mean":{"confidence_interval":{"confidence_level":0.95,"lower_bound":251.92341667121576,"upper_bound":261.380419925375},"point_estimate":256.32302544029164,"standard_error":2.419149231795013},"median":{"confidence_interval":{"confidence_level":0.95,"lower_bound":249.88403589993501,"upper_bound":259.26800446055614},"point_estimate":253.2224320489097,"standard_error":2.1877771436144067},"median_abs_dev":{"confidence_interval":{"confidence_level":0.95,"lower_bound":11.781121037108129,"upper_bound":18.206001341008882},"point_estimate":14.942535064712517,"standard_error":1.6276276565816226},"slope":{"confidence_interval":{"confidence_level":0.95,"lower_bound":253.76267031690062,"upper_bound":262.3206716430633},"point_estimate":257.5770505990112,"standard_error":2.1905385270799274},"std_dev":{"confidence_interval":{"confidence_level":0.95,"lower_bound":15.195495528697828,"upper_bound":33.89754163301495},"point_estimate":24.313824408897926,"standard_error":5.026217542459602}}