{"mean":{"confidence_interval":{"confidence_level":0.95,"lower_bound":3.14407117357271,"upper_bound":3.19296917728289},"point_estimate":3.1644450871794887,"standard_error":0.012825289498441752},"median":{"confidence_interval":{"confidence_level":0.95,"lower_bound":3.133621173872218,"upper_bound":3.1397898010364305},"point_estimate":3.136841666517595,"standard_error":0.0016779207290366636},"median_abs_dev":{"confidence_interval":{"confidence_level":0.95,"lower_bound":0.007136992932064367,"upper_bound":0.015729739302698564},"point_estimate":0.010595755426701697,"standard_error":0.0021789610993226865},"slope":{"confidence_interval":{"confidence_level":0.95,"lower_bound":3.132871292668357,"upper_bound":3.139298114983054},"point_estimate":3.135674198530007,"standard_error":0.0016585125589917492},"std_dev":{"confidence_interval":{"confidence_level":0.95,"lower_bound":0.020838236426116888,"upper_bound":0.19955618891911736},"point_estimate":0.12855916851690885,"standard_error":0.047297566358872216}}