{"mean":{"confidence_interval":{"confidence_level":0.95,"lower_bound":3.3353805612911964,"upper_bound":3.4250095931558135},"point_estimate":3.3796000257268806,"standard_error":0.022806770571770166},"median":{"confidence_interval":{"confidence_level":0.95,"lower_bound":3.4470475818897386,"upper_bound":3.4519640400558362},"point_estimate":3.4486161041683836,"standard_error":0.0012158017418615517},"median_abs_dev":{"confidence_interval":{"confidence_level":0.95,"lower_bound":0.009434536335688096,"upper_bound":0.020468706777891803},"point_estimate":0.013894840098925124,"standard_error":0.0028304782185436996},"slope":{"confidence_interval":{"confidence_level":0.95,"lower_bound":3.4459436306476765,"upper_bound":3.456878188523572},"point_estimate":3.451399534108404,"standard_error":0.0027704395258418167},"std_dev":{"confidence_interval":{"confidence_level":0.95,"lower_bound":0.16318245264943546,"upper_bound":0.30204004439058246},"point_estimate":0.22864120243190938,"standard_error":0.03691516762048555}}