{"mean":{"confidence_interval":{"confidence_level":0.95,"lower_bound":2.4452504073197048,"upper_bound":2.4771600382918084},"point_estimate":2.4580992919333453,"standard_error":0.008326515587741543},"median":{"confidence_interval":{"confidence_level":0.95,"lower_bound":2.4397826402715843,"upper_bound":2.44475544048702},"point_estimate":2.441847516418925,"standard_error":0.001450240361259687},"median_abs_dev":{"confidence_interval":{"confidence_level":0.95,"lower_bound":0.007478061934273218,"upper_bound":0.01358499336695235},"point_estimate":0.009812629538950879,"standard_error":0.0014890303642251803},"slope":{"confidence_interval":{"confidence_level":0.95,"lower_bound":2.4425121053365757,"upper_bound":2.4508495590691584},"point_estimate":2.44643480153809,"standard_error":0.0021282939083713467},"std_dev":{"confidence_interval":{"confidence_level":0.95,"lower_bound":0.02310813521746041,"upper_bound":0.1349803983701329},"point_estimate":0.08356506483250581,"standard_error":0.03331797112620355}}