{"mean":{"confidence_interval":{"confidence_level":0.95,"lower_bound":1224360.48175,"upper_bound":1236659.4711874998},"point_estimate":1230394.87,"standard_error":3147.128194110013},"median":{"confidence_interval":{"confidence_level":0.95,"lower_bound":1218724.875,"upper_bound":1230096.875},"point_estimate":1224700.0,"standard_error":2673.1926143895225},"median_abs_dev":{"confidence_interval":{"confidence_level":0.95,"lower_bound":19722.656799852848,"upper_bound":36104.645209014416},"point_estimate":30849.754927307367,"standard_error":4244.706641956568},"slope":null,"std_dev":{"confidence_interval":{"confidence_level":0.95,"lower_bound":26150.863913566136,"upper_bound":37068.984757579026},"point_estimate":31699.41052493141,"standard_error":2795.2854463787107}}