{"mean":{"confidence_interval":{"confidence_level":0.95,"lower_bound":0.8714209355481699,"upper_bound":0.9118068123456563},"point_estimate":0.8863992771911559,"standard_error":0.010881014756586498},"median":{"confidence_interval":{"confidence_level":0.95,"lower_bound":0.8667043268334017,"upper_bound":0.8720519762506027},"point_estimate":0.8702919566199103,"standard_error":0.0012133347900749093},"median_abs_dev":{"confidence_interval":{"confidence_level":0.95,"lower_bound":0.0060225899936537895,"upper_bound":0.010837776862956854},"point_estimate":0.008333758509845716,"standard_error":0.0012976073303489063},"slope":{"confidence_interval":{"confidence_level":0.95,"lower_bound":0.8708408985642093,"upper_bound":0.8753627572933701},"point_estimate":0.8730193113874093,"standard_error":0.001152096899250923},"std_dev":{"confidence_interval":{"confidence_level":0.95,"lower_bound":0.010423638217179057,"upper_bound":0.18236940891662384},"point_estimate":0.10907216319031895,"standard_error":0.052853643279342395}}