{"mean":{"confidence_interval":{"confidence_level":0.95,"lower_bound":0.9456046956723865,"upper_bound":0.9599114976443476},"point_estimate":0.9518949568394004,"standard_error":0.0036847097745169328},"median":{"confidence_interval":{"confidence_level":0.95,"lower_bound":0.93946415204818,"upper_bound":0.9431327190133321},"point_estimate":0.940630985254304,"standard_error":0.0009187203395351062},"median_abs_dev":{"confidence_interval":{"confidence_level":0.95,"lower_bound":0.005955331474711789,"upper_bound":0.011889800973657211},"point_estimate":0.008766856751971388,"standard_error":0.0015534869667630246},"slope":{"confidence_interval":{"confidence_level":0.95,"lower_bound":0.9434020418069213,"upper_bound":0.9545139710737125},"point_estimate":0.9484428192310548,"standard_error":0.0028414580981712245},"std_dev":{"confidence_interval":{"confidence_level":0.95,"lower_bound":0.01635277462941673,"upper_bound":0.05496917114667897},"point_estimate":0.03711521277512231,"standard_error":0.01010520325970794}}