{"mean":{"confidence_interval":{"confidence_level":0.95,"lower_bound":0.9354078682304601,"upper_bound":0.9491571694020151},"point_estimate":0.9413449737116146,"standard_error":0.0035505263221295045},"median":{"confidence_interval":{"confidence_level":0.95,"lower_bound":0.9317995279607083,"upper_bound":0.935019347267595},"point_estimate":0.9334739673748014,"standard_error":0.0008692563763453252},"median_abs_dev":{"confidence_interval":{"confidence_level":0.95,"lower_bound":0.0028273218062866384,"upper_bound":0.006477153636636101},"point_estimate":0.004778432492716363,"standard_error":0.0010014623762580343},"slope":{"confidence_interval":{"confidence_level":0.95,"lower_bound":0.9341791171575217,"upper_bound":0.941916384413093},"point_estimate":0.9371286907018448,"standard_error":0.002061840146665278},"std_dev":{"confidence_interval":{"confidence_level":0.95,"lower_bound":0.010723538680539293,"upper_bound":0.05354180520036884},"point_estimate":0.03569535353175523,"standard_error":0.010948460099834415}}