{"mean":{"confidence_interval":{"confidence_level":0.95,"lower_bound":0.9419829500687703,"upper_bound":0.9714288496414305},"point_estimate":0.9531534162271714,"standard_error":0.007896109057938408},"median":{"confidence_interval":{"confidence_level":0.95,"lower_bound":0.9383679565988816,"upper_bound":0.9429358140653598},"point_estimate":0.9408514428289613,"standard_error":0.0013401088287980478},"median_abs_dev":{"confidence_interval":{"confidence_level":0.95,"lower_bound":0.00918872322600845,"upper_bound":0.01624367853135727},"point_estimate":0.013339608585239582,"standard_error":0.0018324766138409694},"slope":{"confidence_interval":{"confidence_level":0.95,"lower_bound":0.9407865206537179,"upper_bound":0.9468236471036955},"point_estimate":0.9437097109894407,"standard_error":0.0015441779853934607},"std_dev":{"confidence_interval":{"confidence_level":0.95,"lower_bound":0.012916142148345619,"upper_bound":0.13194143861277868},"point_estimate":0.07924302281911626,"standard_error":0.03717693375164253}}