{"mean":{"confidence_interval":{"confidence_level":0.95,"lower_bound":1.0654458132971647,"upper_bound":1.0811386304194464},"point_estimate":1.071561950127637,"standard_error":0.0041975340948989266},"median":{"confidence_interval":{"confidence_level":0.95,"lower_bound":1.0631880541544154,"upper_bound":1.0690991384164883},"point_estimate":1.0659097691321706,"standard_error":0.0016384650667016466},"median_abs_dev":{"confidence_interval":{"confidence_level":0.95,"lower_bound":0.009667525328279603,"upper_bound":0.016668509012951527},"point_estimate":0.012463456780261013,"standard_error":0.001796573422562533},"slope":{"confidence_interval":{"confidence_level":0.95,"lower_bound":1.067507300371887,"upper_bound":1.0715385890280422},"point_estimate":1.0694618739407884,"standard_error":0.0010312199182445545},"std_dev":{"confidence_interval":{"confidence_level":0.95,"lower_bound":0.01170606843202748,"upper_bound":0.06992189333055045},"point_estimate":0.04233017202757174,"standard_error":0.019233065590039424}}