{"mean":{"confidence_interval":{"confidence_level":0.95,"lower_bound":2.016410018099284,"upper_bound":2.0287307267515007},"point_estimate":2.0220775816965495,"standard_error":0.0031620519708820665},"median":{"confidence_interval":{"confidence_level":0.95,"lower_bound":2.0112623561821423,"upper_bound":2.0128558310376494},"point_estimate":2.011997441149169,"standard_error":0.00041252925227199227},"median_abs_dev":{"confidence_interval":{"confidence_level":0.95,"lower_bound":0.0031042584136925814,"upper_bound":0.007177831370954888},"point_estimate":0.005473507091542727,"standard_error":0.0011191499535159798},"slope":{"confidence_interval":{"confidence_level":0.95,"lower_bound":2.011108106230297,"upper_bound":2.0153545064359406},"point_estimate":2.0129408304713534,"standard_error":0.0010880508215151937},"std_dev":{"confidence_interval":{"confidence_level":0.95,"lower_bound":0.019478928152547884,"upper_bound":0.04151692389341778},"point_estimate":0.03188358429450718,"standard_error":0.0056421044349508915}}