{"mean":{"confidence_interval":{"confidence_level":0.95,"lower_bound":0.9434648678713801,"upper_bound":0.9538224850418768},"point_estimate":0.9479193726471868,"standard_error":0.0026761512348259095},"median":{"confidence_interval":{"confidence_level":0.95,"lower_bound":0.9406500454629829,"upper_bound":0.9448291825054427},"point_estimate":0.9424286464737905,"standard_error":0.0012534021725021198},"median_abs_dev":{"confidence_interval":{"confidence_level":0.95,"lower_bound":0.0058978024915638675,"upper_bound":0.010886740810690156},"point_estimate":0.007475427676835407,"standard_error":0.0012976446660398146},"slope":{"confidence_interval":{"confidence_level":0.95,"lower_bound":0.9425036395395585,"upper_bound":0.9463365730024468},"point_estimate":0.9443053299828205,"standard_error":0.0009768699630001711},"std_dev":{"confidence_interval":{"confidence_level":0.95,"lower_bound":0.009109810665509385,"upper_bound":0.04091045036825817},"point_estimate":0.026985054916457602,"standard_error":0.00845600109661944}}