{"mean":{"confidence_interval":{"confidence_level":0.95,"lower_bound":0.9345481956762302,"upper_bound":0.9403653369521172},"point_estimate":0.9369760073083618,"standard_error":0.0015091907099032825},"median":{"confidence_interval":{"confidence_level":0.95,"lower_bound":0.9324360333791717,"upper_bound":0.9351716660867836},"point_estimate":0.9339743470611557,"standard_error":0.0006614514590474192},"median_abs_dev":{"confidence_interval":{"confidence_level":0.95,"lower_bound":0.003844359915411386,"upper_bound":0.006305025088471238},"point_estimate":0.005275545492378999,"standard_error":0.0006121738301014535},"slope":{"confidence_interval":{"confidence_level":0.95,"lower_bound":0.9341459105377697,"upper_bound":0.936879664747613},"point_estimate":0.9354465719465951,"standard_error":0.0006973580360738638},"std_dev":{"confidence_interval":{"confidence_level":0.95,"lower_bound":0.005414594491034324,"upper_bound":0.023850857564445164},"point_estimate":0.015107459303243887,"standard_error":0.00537905189449561}}