{"mean":{"confidence_interval":{"confidence_level":0.95,"lower_bound":0.9416317848455502,"upper_bound":0.9539226656417351},"point_estimate":0.9468015560744101,"standard_error":0.003206639177739079},"median":{"confidence_interval":{"confidence_level":0.95,"lower_bound":0.9383506324088253,"upper_bound":0.9437840816095028},"point_estimate":0.9414932954842565,"standard_error":0.0014889071706644546},"median_abs_dev":{"confidence_interval":{"confidence_level":0.95,"lower_bound":0.0088153332646066,"upper_bound":0.014331360606172811},"point_estimate":0.01154169453458999,"standard_error":0.0014180528883760925},"slope":{"confidence_interval":{"confidence_level":0.95,"lower_bound":0.9394087971255476,"upper_bound":0.9432869129056153},"point_estimate":0.941284196075204,"standard_error":0.0009869868829701747},"std_dev":{"confidence_interval":{"confidence_level":0.95,"lower_bound":0.011153685056507486,"upper_bound":0.05066034969572488},"point_estimate":0.032170021051257845,"standard_error":0.01149634391255327}}