{"mean":{"confidence_interval":{"confidence_level":0.95,"lower_bound":1.3484117453095081,"upper_bound":1.4244103571035247},"point_estimate":1.3839996095052718,"standard_error":0.019409016206996768},"median":{"confidence_interval":{"confidence_level":0.95,"lower_bound":1.3094551425585907,"upper_bound":1.388307657859382},"point_estimate":1.3381280788177339,"standard_error":0.020183789592249698},"median_abs_dev":{"confidence_interval":{"confidence_level":0.95,"lower_bound":0.11034330894729852,"upper_bound":0.17937932596898545},"point_estimate":0.14427279099186913,"standard_error":0.017467417776381652},"slope":{"confidence_interval":{"confidence_level":0.95,"lower_bound":1.3280950853171636,"upper_bound":1.3961276861528813},"point_estimate":1.3603102340320055,"standard_error":0.017408106673227144},"std_dev":{"confidence_interval":{"confidence_level":0.95,"lower_bound":0.13501152269730393,"upper_bound":0.25691358703422984},"point_estimate":0.1944132540855611,"standard_error":0.031973874052331}}