{"mean":{"confidence_interval":{"confidence_level":0.95,"lower_bound":2.021643774358234,"upper_bound":2.0367185713949376},"point_estimate":2.028336781301185,"standard_error":0.00387585173518565},"median":{"confidence_interval":{"confidence_level":0.95,"lower_bound":2.0137732983804604,"upper_bound":2.0185033235221055},"point_estimate":2.0151220092112725,"standard_error":0.0010210583588756465},"median_abs_dev":{"confidence_interval":{"confidence_level":0.95,"lower_bound":0.0050383982055139725,"upper_bound":0.011589686954351088},"point_estimate":0.006997201413194583,"standard_error":0.0014278737731173137},"slope":{"confidence_interval":{"confidence_level":0.95,"lower_bound":2.013297579305152,"upper_bound":2.0169527606659705},"point_estimate":2.014985419200519,"standard_error":0.0009342354104813493},"std_dev":{"confidence_interval":{"confidence_level":0.95,"lower_bound":0.01849742695012286,"upper_bound":0.054960674278891876},"point_estimate":0.0389501779011774,"standard_error":0.009222774500045394}}