{"mean":{"confidence_interval":{"confidence_level":0.95,"lower_bound":2.431255459250279,"upper_bound":2.4481149659067403},"point_estimate":2.438880197371713,"standard_error":0.00434770612989586},"median":{"confidence_interval":{"confidence_level":0.95,"lower_bound":2.4207726282772417,"upper_bound":2.429013265812676},"point_estimate":2.4260569305681763,"standard_error":0.002222005101521575},"median_abs_dev":{"confidence_interval":{"confidence_level":0.95,"lower_bound":0.008762095497924482,"upper_bound":0.017987877943193984},"point_estimate":0.014026016729157402,"standard_error":0.0025307302736067173},"slope":{"confidence_interval":{"confidence_level":0.95,"lower_bound":2.4217338132636352,"upper_bound":2.4293642237605577},"point_estimate":2.4252293925771253,"standard_error":0.0019410613938999892},"std_dev":{"confidence_interval":{"confidence_level":0.95,"lower_bound":0.023565858907762912,"upper_bound":0.06271952981279623},"point_estimate":0.04379717846582645,"standard_error":0.010319759166772347}}