{"mean":{"confidence_interval":{"confidence_level":0.95,"lower_bound":0.9436933216151271,"upper_bound":0.9734073658841883},"point_estimate":0.9555512243044426,"standard_error":0.007829654568939111},"median":{"confidence_interval":{"confidence_level":0.95,"lower_bound":0.9380936096282566,"upper_bound":0.9431458674591809},"point_estimate":0.940689968194397,"standard_error":0.001572879641335048},"median_abs_dev":{"confidence_interval":{"confidence_level":0.95,"lower_bound":0.008776877465092137,"upper_bound":0.015400151356440342},"point_estimate":0.01227704397105852,"standard_error":0.0019579802025961554},"slope":{"confidence_interval":{"confidence_level":0.95,"lower_bound":0.9422010375687513,"upper_bound":0.9488145564712445},"point_estimate":0.9453246815909735,"standard_error":0.0016874184798994192},"std_dev":{"confidence_interval":{"confidence_level":0.95,"lower_bound":0.01576587780088032,"upper_bound":0.12857247906978286},"point_estimate":0.07877873688771159,"standard_error":0.032905822847126766}}