{"mean":{"confidence_interval":{"confidence_level":0.95,"lower_bound":0.9453822042164338,"upper_bound":0.9628721259197507},"point_estimate":0.9520935274279347,"standard_error":0.004689542916693917},"median":{"confidence_interval":{"confidence_level":0.95,"lower_bound":0.9436536520551386,"upper_bound":0.9467942476308459},"point_estimate":0.9448883406878307,"standard_error":0.0008771373377786158},"median_abs_dev":{"confidence_interval":{"confidence_level":0.95,"lower_bound":0.006376492939095599,"upper_bound":0.012211631602937319},"point_estimate":0.009421385343230745,"standard_error":0.0015030692785218335},"slope":{"confidence_interval":{"confidence_level":0.95,"lower_bound":0.9445621173634118,"upper_bound":0.9480197524371304},"point_estimate":0.9462028367492893,"standard_error":0.0008832138566178316},"std_dev":{"confidence_interval":{"confidence_level":0.95,"lower_bound":0.009513475802745051,"upper_bound":0.07853992926052276},"point_estimate":0.04724369103877374,"standard_error":0.021949770717858027}}