{"mean":{"confidence_interval":{"confidence_level":0.95,"lower_bound":0.927120651317036,"upper_bound":0.9450342891607496},"point_estimate":0.9347519733514247,"standard_error":0.004648516371403465},"median":{"confidence_interval":{"confidence_level":0.95,"lower_bound":0.9299722234169951,"upper_bound":0.9309472662735051},"point_estimate":0.9302184209465432,"standard_error":0.0002824981281696358},"median_abs_dev":{"confidence_interval":{"confidence_level":0.95,"lower_bound":0.0016270338918023823,"upper_bound":0.007568620533338105},"point_estimate":0.002949514013772075,"standard_error":0.0015866985456736047},"slope":{"confidence_interval":{"confidence_level":0.95,"lower_bound":0.9186029409443971,"upper_bound":0.9339934240154796},"point_estimate":0.9258095013951257,"standard_error":0.003921116025055532},"std_dev":{"confidence_interval":{"confidence_level":0.95,"lower_bound":0.016264408743736993,"upper_bound":0.07315609062622788},"point_estimate":0.04678433758973885,"standard_error":0.0158197676642718}}