{"mean":{"confidence_interval":{"confidence_level":0.95,"lower_bound":0.9344511058640098,"upper_bound":0.9425880626996078},"point_estimate":0.9379488338648274,"standard_error":0.0021027251007685573},"median":{"confidence_interval":{"confidence_level":0.95,"lower_bound":0.9315340377276982,"upper_bound":0.9337186539737922},"point_estimate":0.9327496206816059,"standard_error":0.0005310460650077975},"median_abs_dev":{"confidence_interval":{"confidence_level":0.95,"lower_bound":0.0023587551868819857,"upper_bound":0.004987935172216304},"point_estimate":0.003642806763253019,"standard_error":0.0006446992040043399},"slope":{"confidence_interval":{"confidence_level":0.95,"lower_bound":0.933830489161338,"upper_bound":0.936455481516572},"point_estimate":0.9350485526164557,"standard_error":0.0006734821771454131},"std_dev":{"confidence_interval":{"confidence_level":0.95,"lower_bound":0.005670503488832492,"upper_bound":0.031771200644858284},"point_estimate":0.021079926069698312,"standard_error":0.006559260825894793}}