{"mean":{"confidence_interval":{"confidence_level":0.95,"lower_bound":0.934117490205786,"upper_bound":0.941082035946127},"point_estimate":0.937146606077507,"standard_error":0.0018002276709212645},"median":{"confidence_interval":{"confidence_level":0.95,"lower_bound":0.9313966430126729,"upper_bound":0.9333272165642108},"point_estimate":0.9326562123331662,"standard_error":0.0005295095218884221},"median_abs_dev":{"confidence_interval":{"confidence_level":0.95,"lower_bound":0.0029954153798768964,"upper_bound":0.005637017341067781},"point_estimate":0.004728421569674103,"standard_error":0.0006940767404623543},"slope":{"confidence_interval":{"confidence_level":0.95,"lower_bound":0.9322577693361883,"upper_bound":0.9350995351567382},"point_estimate":0.9335717250182443,"standard_error":0.000726879672397947},"std_dev":{"confidence_interval":{"confidence_level":0.95,"lower_bound":0.006999546411161806,"upper_bound":0.027491712584853684},"point_estimate":0.0181283908955482,"standard_error":0.005461837294395427}}