{"mean":{"confidence_interval":{"confidence_level":0.95,"lower_bound":2.0609516640038588,"upper_bound":2.133445125718766},"point_estimate":2.0917401124938677,"standard_error":0.01874508213128763},"median":{"confidence_interval":{"confidence_level":0.95,"lower_bound":2.033500569028804,"upper_bound":2.049209195577717},"point_estimate":2.0400618675467603,"standard_error":0.003877036299252706},"median_abs_dev":{"confidence_interval":{"confidence_level":0.95,"lower_bound":0.013485576644880164,"upper_bound":0.031637801932079386},"point_estimate":0.021268622142010408,"standard_error":0.00441433083022031},"slope":{"confidence_interval":{"confidence_level":0.95,"lower_bound":2.032617314522059,"upper_bound":2.040069883748185},"point_estimate":2.035999041473131,"standard_error":0.0018990247215300061},"std_dev":{"confidence_interval":{"confidence_level":0.95,"lower_bound":0.06972206159725704,"upper_bound":0.29130780295533637},"point_estimate":0.1877381654838188,"standard_error":0.062119105177521644}}