{"mean":{"confidence_interval":{"confidence_level":0.95,"lower_bound":0.942577235513915,"upper_bound":0.9592452203472572},"point_estimate":0.9489765941073336,"standard_error":0.004433468675195632},"median":{"confidence_interval":{"confidence_level":0.95,"lower_bound":0.9394994296374967,"upper_bound":0.9441144046329346},"point_estimate":0.9415397924516533,"standard_error":0.001207894983461497},"median_abs_dev":{"confidence_interval":{"confidence_level":0.95,"lower_bound":0.0057053656593706766,"upper_bound":0.010455652325448301},"point_estimate":0.007800345070547793,"standard_error":0.0012348159483537345},"slope":{"confidence_interval":{"confidence_level":0.95,"lower_bound":0.9421170380897333,"upper_bound":0.9455683933173027},"point_estimate":0.9437627052863508,"standard_error":0.0008783956422357727},"std_dev":{"confidence_interval":{"confidence_level":0.95,"lower_bound":0.010618321390903981,"upper_bound":0.07375766308589185},"point_estimate":0.04453096363483268,"standard_error":0.020445474144511675}}