{"mean":{"confidence_interval":{"confidence_level":0.95,"lower_bound":0.9456653180689173,"upper_bound":0.9548497949251215},"point_estimate":0.9493478231183816,"standard_error":0.002408277073932819},"median":{"confidence_interval":{"confidence_level":0.95,"lower_bound":0.9443935662971696,"upper_bound":0.9472984800223117},"point_estimate":0.9460046041428493,"standard_error":0.0006397770969048534},"median_abs_dev":{"confidence_interval":{"confidence_level":0.95,"lower_bound":0.006781028503298338,"upper_bound":0.010508652717223432},"point_estimate":0.008760804147816525,"standard_error":0.0009375571542070706},"slope":{"confidence_interval":{"confidence_level":0.95,"lower_bound":0.9462954285401494,"upper_bound":0.9504670748468217},"point_estimate":0.9483214846978942,"standard_error":0.00106787668140851},"std_dev":{"confidence_interval":{"confidence_level":0.95,"lower_bound":0.008532646229104619,"upper_bound":0.03929657198818305},"point_estimate":0.024265869423864092,"standard_error":0.01008116328994009}}