{"mean":{"confidence_interval":{"confidence_level":0.95,"lower_bound":0.9274405379860813,"upper_bound":0.9444541731400314},"point_estimate":0.9347744684824864,"standard_error":0.004385672007957391},"median":{"confidence_interval":{"confidence_level":0.95,"lower_bound":0.9300695095517549,"upper_bound":0.9316551419870392},"point_estimate":0.9308525559566544,"standard_error":0.0004690242730047889},"median_abs_dev":{"confidence_interval":{"confidence_level":0.95,"lower_bound":0.0021218807596044605,"upper_bound":0.005887632905796299},"point_estimate":0.0029210883571528967,"standard_error":0.0009264651308163092},"slope":{"confidence_interval":{"confidence_level":0.95,"lower_bound":0.9279397434522312,"upper_bound":0.9365800035697913},"point_estimate":0.9322086462357385,"standard_error":0.002198650986316901},"std_dev":{"confidence_interval":{"confidence_level":0.95,"lower_bound":0.018011838111640532,"upper_bound":0.06832520968713372},"point_estimate":0.04400198304624539,"standard_error":0.014244186595534199}}