{"mean":{"confidence_interval":{"confidence_level":0.95,"lower_bound":1.0728053743342771,"upper_bound":1.1147418960161186},"point_estimate":1.0905695377849467,"standard_error":0.010852341398494917},"median":{"confidence_interval":{"confidence_level":0.95,"lower_bound":1.0577337512632352,"upper_bound":1.0644173991074504},"point_estimate":1.0599713148046228,"standard_error":0.0016314793741356503},"median_abs_dev":{"confidence_interval":{"confidence_level":0.95,"lower_bound":0.008927425154647334,"upper_bound":0.018170823489667195},"point_estimate":0.012914756259153656,"standard_error":0.0022455225754390695},"slope":{"confidence_interval":{"confidence_level":0.95,"lower_bound":1.054756722330504,"upper_bound":1.0576489234234856},"point_estimate":1.0560846390758047,"standard_error":0.0007393715780930306},"std_dev":{"confidence_interval":{"confidence_level":0.95,"lower_bound":0.03871202868975939,"upper_bound":0.17026946702991252},"point_estimate":0.1088394455266731,"standard_error":0.03678529118055017}}