{"mean":{"confidence_interval":{"confidence_level":0.95,"lower_bound":1.42714952279893,"upper_bound":1.4987916606622314},"point_estimate":1.4607524529256477,"standard_error":0.018336049228891774},"median":{"confidence_interval":{"confidence_level":0.95,"lower_bound":1.392329571520323,"upper_bound":1.4457591601558364},"point_estimate":1.4250863362241293,"standard_error":0.014411276307804472},"median_abs_dev":{"confidence_interval":{"confidence_level":0.95,"lower_bound":0.091094210970504,"upper_bound":0.14336462966325506},"point_estimate":0.12337601145622569,"standard_error":0.01309478518163624},"slope":{"confidence_interval":{"confidence_level":0.95,"lower_bound":1.4210408587431436,"upper_bound":1.475944801268602},"point_estimate":1.4473574202879202,"standard_error":0.01397946270262421},"std_dev":{"confidence_interval":{"confidence_level":0.95,"lower_bound":0.12263723358793656,"upper_bound":0.2474637003416501},"point_estimate":0.1846237956522533,"standard_error":0.03307264939964764}}