{"mean":{"confidence_interval":{"confidence_level":0.95,"lower_bound":0.932937066680855,"upper_bound":0.9423897018795552},"point_estimate":0.9364474715602741,"standard_error":0.002570749524371531},"median":{"confidence_interval":{"confidence_level":0.95,"lower_bound":0.9312852327974468,"upper_bound":0.9325549327637197},"point_estimate":0.9316576733136521,"standard_error":0.0003236262089358114},"median_abs_dev":{"confidence_interval":{"confidence_level":0.95,"lower_bound":0.0019606973888172388,"upper_bound":0.0036173701313320207},"point_estimate":0.002950425861831352,"standard_error":0.00040071640655943224},"slope":{"confidence_interval":{"confidence_level":0.95,"lower_bound":0.9319681193439915,"upper_bound":0.9338540483210953},"point_estimate":0.9328354822982682,"standard_error":0.00048084756011444144},"std_dev":{"confidence_interval":{"confidence_level":0.95,"lower_bound":0.004301660335296028,"upper_bound":0.043295997810888505},"point_estimate":0.025814726644435532,"standard_error":0.012697079587978262}}