{"mean":{"confidence_interval":{"confidence_level":0.95,"lower_bound":4.712926169322983,"upper_bound":4.825880677739071},"point_estimate":4.754565094951348,"standard_error":0.031868914104390085},"median":{"confidence_interval":{"confidence_level":0.95,"lower_bound":4.703635507782248,"upper_bound":4.70901057245518},"point_estimate":4.7065154862218606,"standard_error":0.001223730291736365},"median_abs_dev":{"confidence_interval":{"confidence_level":0.95,"lower_bound":0.007216318647641163,"upper_bound":0.013895838183834826},"point_estimate":0.010330904377606961,"standard_error":0.001707793269442163},"slope":{"confidence_interval":{"confidence_level":0.95,"lower_bound":4.709990053969422,"upper_bound":4.725874438285632},"point_estimate":4.717166362676061,"standard_error":0.004067696064309134},"std_dev":{"confidence_interval":{"confidence_level":0.95,"lower_bound":0.040419439796487266,"upper_bound":0.5411828409518503},"point_estimate":0.32030700527336214,"standard_error":0.16689930076978454}}