{"mean":{"confidence_interval":{"confidence_level":0.95,"lower_bound":4.695920578911771,"upper_bound":4.774745992665574},"point_estimate":4.725214471325498,"standard_error":0.022054552624202976},"median":{"confidence_interval":{"confidence_level":0.95,"lower_bound":4.698101663418525,"upper_bound":4.707122633653473},"point_estimate":4.703110204489823,"standard_error":0.002766171942408463},"median_abs_dev":{"confidence_interval":{"confidence_level":0.95,"lower_bound":0.012551640314702238,"upper_bound":0.023110859018021904},"point_estimate":0.017099325183574345,"standard_error":0.002710298545943026},"slope":{"confidence_interval":{"confidence_level":0.95,"lower_bound":4.701897275326893,"upper_bound":4.716435836543318},"point_estimate":4.708700176811862,"standard_error":0.0037263142902644194},"std_dev":{"confidence_interval":{"confidence_level":0.95,"lower_bound":0.038800093547699546,"upper_bound":0.3740781340282492},"point_estimate":0.22155444994404835,"standard_error":0.11395051103640139}}