{"mean":{"confidence_interval":{"confidence_level":0.95,"lower_bound":11.519500879836544,"upper_bound":11.568715466405614},"point_estimate":11.542369571835538,"standard_error":0.012613543770929133},"median":{"confidence_interval":{"confidence_level":0.95,"lower_bound":11.492432882780253,"upper_bound":11.521557024285276},"point_estimate":11.506489079717706,"standard_error":0.008131905191468574},"median_abs_dev":{"confidence_interval":{"confidence_level":0.95,"lower_bound":0.049368092678207534,"upper_bound":0.0938254286057707},"point_estimate":0.06910170901242069,"standard_error":0.01164061490377441},"slope":{"confidence_interval":{"confidence_level":0.95,"lower_bound":11.488461427441182,"upper_bound":11.533802873640653},"point_estimate":11.510269888531127,"standard_error":0.011659318359866517},"std_dev":{"confidence_interval":{"confidence_level":0.95,"lower_bound":0.08549301458513701,"upper_bound":0.1712058592843208},"point_estimate":0.12698052585766229,"standard_error":0.023127735262036608}}