{"mean":{"confidence_interval":{"confidence_level":0.95,"lower_bound":11.455578564192729,"upper_bound":11.506210595702832},"point_estimate":11.476572717555092,"standard_error":0.013190071178976368},"median":{"confidence_interval":{"confidence_level":0.95,"lower_bound":11.44897206679958,"upper_bound":11.466187977538434},"point_estimate":11.455573273052892,"standard_error":0.004785093117984551},"median_abs_dev":{"confidence_interval":{"confidence_level":0.95,"lower_bound":0.022166527568866137,"upper_bound":0.037499834647586695},"point_estimate":0.02915787859631764,"standard_error":0.0038414555497982427},"slope":{"confidence_interval":{"confidence_level":0.95,"lower_bound":11.449070109694537,"upper_bound":11.462030336724556},"point_estimate":11.454716308909287,"standard_error":0.003310855349175964},"std_dev":{"confidence_interval":{"confidence_level":0.95,"lower_bound":0.03254535661489291,"upper_bound":0.21165029185149067},"point_estimate":0.13257836212235613,"standard_error":0.04955094044704942}}