{"mean":{"confidence_interval":{"confidence_level":0.95,"lower_bound":11.422758932758313,"upper_bound":11.490804928371926},"point_estimate":11.453151588773057,"standard_error":0.017512063462538602},"median":{"confidence_interval":{"confidence_level":0.95,"lower_bound":11.400636502227062,"upper_bound":11.426188162670401},"point_estimate":11.412452998117883,"standard_error":0.006697163663914115},"median_abs_dev":{"confidence_interval":{"confidence_level":0.95,"lower_bound":0.031199438524656824,"upper_bound":0.05302935650793293},"point_estimate":0.04364987093932452,"standard_error":0.005397683262127828},"slope":{"confidence_interval":{"confidence_level":0.95,"lower_bound":11.40575830131161,"upper_bound":11.43845104328121},"point_estimate":11.41991770629765,"standard_error":0.008450643978309035},"std_dev":{"confidence_interval":{"confidence_level":0.95,"lower_bound":0.08863539589584588,"upper_bound":0.25053024207198044},"point_estimate":0.1759599802029972,"standard_error":0.042004828912346484}}