{"mean":{"confidence_interval":{"confidence_level":0.95,"lower_bound":11.352212017431292,"upper_bound":11.473306721389083},"point_estimate":11.400050549240923,"standard_error":0.03195097157229037},"median":{"confidence_interval":{"confidence_level":0.95,"lower_bound":11.337845928861713,"upper_bound":11.366919720435837},"point_estimate":11.353205746516572,"standard_error":0.007364303858793653},"median_abs_dev":{"confidence_interval":{"confidence_level":0.95,"lower_bound":0.049823934900433506,"upper_bound":0.0772321996589366},"point_estimate":0.06369453992918542,"standard_error":0.006789729700635758},"slope":{"confidence_interval":{"confidence_level":0.95,"lower_bound":11.345694333220248,"upper_bound":11.370235049402519},"point_estimate":11.357799176289683,"standard_error":0.006255735477943043},"std_dev":{"confidence_interval":{"confidence_level":0.95,"lower_bound":0.05678693807917457,"upper_bound":0.5247402266576228},"point_estimate":0.3197251253816525,"standard_error":0.13572184751507463}}