{"mean":{"confidence_interval":{"confidence_level":0.95,"lower_bound":11.393339477253088,"upper_bound":11.459161989487574},"point_estimate":11.422647843511111,"standard_error":0.016825556849846025},"median":{"confidence_interval":{"confidence_level":0.95,"lower_bound":11.386312400602883,"upper_bound":11.409893717014619},"point_estimate":11.396751193019528,"standard_error":0.005461033243172396},"median_abs_dev":{"confidence_interval":{"confidence_level":0.95,"lower_bound":0.03600010800832804,"upper_bound":0.06431848698859927},"point_estimate":0.041956586930231354,"standard_error":0.00788066340612343},"slope":{"confidence_interval":{"confidence_level":0.95,"lower_bound":11.395251668721908,"upper_bound":11.438757951128057},"point_estimate":11.413247830740048,"standard_error":0.011270552300253736},"std_dev":{"confidence_interval":{"confidence_level":0.95,"lower_bound":0.08101532057399388,"upper_bound":0.24626336439131985},"point_estimate":0.16994834704362224,"standard_error":0.043114894655051285}}