{"mean":{"confidence_interval":{"confidence_level":0.95,"lower_bound":11.411997429853459,"upper_bound":11.559561847244835},"point_estimate":11.4715975542804,"standard_error":0.03861784837930404},"median":{"confidence_interval":{"confidence_level":0.95,"lower_bound":11.393166003976143,"upper_bound":11.415717404620178},"point_estimate":11.403187315500933,"standard_error":0.00549540573330229},"median_abs_dev":{"confidence_interval":{"confidence_level":0.95,"lower_bound":0.03582305776223588,"upper_bound":0.06999445113026673},"point_estimate":0.05480427026833518,"standard_error":0.00870792706761231},"slope":{"confidence_interval":{"confidence_level":0.95,"lower_bound":11.406735705786176,"upper_bound":11.445262763168097},"point_estimate":11.422546234635925,"standard_error":0.009968614017744936},"std_dev":{"confidence_interval":{"confidence_level":0.95,"lower_bound":0.1084357034943826,"upper_bound":0.6276242962120844},"point_estimate":0.388408491983978,"standard_error":0.15603876709179884}}