{"mean":{"confidence_interval":{"confidence_level":0.95,"lower_bound":11.30254249013714,"upper_bound":11.36928127321053},"point_estimate":11.33170427995435,"standard_error":0.017163392569903776},"median":{"confidence_interval":{"confidence_level":0.95,"lower_bound":11.296928128766524,"upper_bound":11.317623723463704},"point_estimate":11.305143371378055,"standard_error":0.0046072239832187665},"median_abs_dev":{"confidence_interval":{"confidence_level":0.95,"lower_bound":0.031011880299355265,"upper_bound":0.05133037804266516},"point_estimate":0.042335292162301134,"standard_error":0.005259338630719071},"slope":{"confidence_interval":{"confidence_level":0.95,"lower_bound":11.29265174999593,"upper_bound":11.309798405862404},"point_estimate":11.300551693566783,"standard_error":0.0043799467628088135},"std_dev":{"confidence_interval":{"confidence_level":0.95,"lower_bound":0.05193986884965346,"upper_bound":0.2499695494879486},"point_estimate":0.17184952073092838,"standard_error":0.047314200449666104}}