{"mean":{"confidence_interval":{"confidence_level":0.95,"lower_bound":10.772533290575074,"upper_bound":10.910607696314846},"point_estimate":10.839629354181634,"standard_error":0.03521699213015375},"median":{"confidence_interval":{"confidence_level":0.95,"lower_bound":10.672390404446006,"upper_bound":10.779735120079467},"point_estimate":10.722414500840312,"standard_error":0.030021955878650884},"median_abs_dev":{"confidence_interval":{"confidence_level":0.95,"lower_bound":0.20280889561935345,"upper_bound":0.3744798887524547},"point_estimate":0.28090446040815076,"standard_error":0.04376403911921326},"slope":{"confidence_interval":{"confidence_level":0.95,"lower_bound":10.61388352139587,"upper_bound":10.681398341027085},"point_estimate":10.646162685068612,"standard_error":0.017215047093220002},"std_dev":{"confidence_interval":{"confidence_level":0.95,"lower_bound":0.2980722355766595,"upper_bound":0.40223145428574153},"point_estimate":0.3532528261328519,"standard_error":0.02663935067806731}}