{"mean":{"confidence_interval":{"confidence_level":0.95,"lower_bound":8.829087398799599,"upper_bound":8.956779709151078},"point_estimate":8.890594195436062,"standard_error":0.03283284472363166},"median":{"confidence_interval":{"confidence_level":0.95,"lower_bound":8.726417605542604,"upper_bound":8.746029879211697},"point_estimate":8.737887315936096,"standard_error":0.005524711192294564},"median_abs_dev":{"confidence_interval":{"confidence_level":0.95,"lower_bound":0.02309100643550458,"upper_bound":0.06440871803795226},"point_estimate":0.04046346894328083,"standard_error":0.010119094441546513},"slope":{"confidence_interval":{"confidence_level":0.95,"lower_bound":8.754543426213356,"upper_bound":8.82281619487994},"point_estimate":8.783167643515213,"standard_error":0.017545973847122576},"std_dev":{"confidence_interval":{"confidence_level":0.95,"lower_bound":0.2597302546676752,"upper_bound":0.39187585740796393},"point_estimate":0.3305646249492126,"standard_error":0.03375904792169933}}