{"mean":{"confidence_interval":{"confidence_level":0.95,"lower_bound":13.959871146614322,"upper_bound":14.02378113820727},"point_estimate":13.986267882540467,"standard_error":0.016754186641681556},"median":{"confidence_interval":{"confidence_level":0.95,"lower_bound":13.957008984210788,"upper_bound":13.97121206766563},"point_estimate":13.963819280962099,"standard_error":0.00363576879670631},"median_abs_dev":{"confidence_interval":{"confidence_level":0.95,"lower_bound":0.024819904601220293,"upper_bound":0.04804456098216572},"point_estimate":0.037047591592712974,"standard_error":0.00583311164579838},"slope":{"confidence_interval":{"confidence_level":0.95,"lower_bound":13.960456000304385,"upper_bound":13.986749234405364},"point_estimate":13.97115181687361,"standard_error":0.006768867917813866},"std_dev":{"confidence_interval":{"confidence_level":0.95,"lower_bound":0.04012352115173875,"upper_bound":0.2690335293338103},"point_estimate":0.16846239167690563,"standard_error":0.06360835951194346}}