{"mean":{"confidence_interval":{"confidence_level":0.95,"lower_bound":45.63598803167763,"upper_bound":46.251804500687484},"point_estimate":45.92714030595107,"standard_error":0.15721526705254088},"median":{"confidence_interval":{"confidence_level":0.95,"lower_bound":45.62152655645445,"upper_bound":45.950116328839805},"point_estimate":45.74658308627707,"standard_error":0.0758080933479976},"median_abs_dev":{"confidence_interval":{"confidence_level":0.95,"lower_bound":0.7704120707679915,"upper_bound":1.4027671054387925},"point_estimate":1.0361164430896017,"standard_error":0.16198957884735557},"slope":{"confidence_interval":{"confidence_level":0.95,"lower_bound":45.76556256688904,"upper_bound":46.829327697750536},"point_estimate":46.196439687521654,"standard_error":0.2810270343554395},"std_dev":{"confidence_interval":{"confidence_level":0.95,"lower_bound":1.0563211451096977,"upper_bound":2.1835143811620985},"point_estimate":1.5868383774564843,"standard_error":0.310955289184529}}