{"mean":{"confidence_interval":{"confidence_level":0.95,"lower_bound":11.798514498980854,"upper_bound":11.901362766505152},"point_estimate":11.842033026622742,"standard_error":0.026581478168853437},"median":{"confidence_interval":{"confidence_level":0.95,"lower_bound":11.793358236206824,"upper_bound":11.817660916233454},"point_estimate":11.800748900029127,"standard_error":0.005220765797913749},"median_abs_dev":{"confidence_interval":{"confidence_level":0.95,"lower_bound":0.040684644842535055,"upper_bound":0.06772345405375772},"point_estimate":0.0526026729249002,"standard_error":0.006856534507376334},"slope":{"confidence_interval":{"confidence_level":0.95,"lower_bound":11.80658457469247,"upper_bound":11.847854688682357},"point_estimate":11.824491759265433,"standard_error":0.010614173163719537},"std_dev":{"confidence_interval":{"confidence_level":0.95,"lower_bound":0.07874862092038608,"upper_bound":0.41870993479613156},"point_estimate":0.26710602267534084,"standard_error":0.09067771188558497}}