{"mean":{"confidence_interval":{"confidence_level":0.95,"lower_bound":11.564535223407509,"upper_bound":11.620837338230935},"point_estimate":11.588907073574946,"standard_error":0.014506341563667336},"median":{"confidence_interval":{"confidence_level":0.95,"lower_bound":11.553645512716193,"upper_bound":11.570148474109487},"point_estimate":11.564619962643448,"standard_error":0.004016649019390937},"median_abs_dev":{"confidence_interval":{"confidence_level":0.95,"lower_bound":0.02464847877056286,"upper_bound":0.05010858284237029},"point_estimate":0.035345773718561055,"standard_error":0.006065314742815814},"slope":{"confidence_interval":{"confidence_level":0.95,"lower_bound":11.542515345928315,"upper_bound":11.566072117137834},"point_estimate":11.553493833666309,"standard_error":0.006009207320020995},"std_dev":{"confidence_interval":{"confidence_level":0.95,"lower_bound":0.054015144668608364,"upper_bound":0.22251834312002616},"point_estimate":0.14595048704677402,"standard_error":0.04420785397722104}}