{"mean":{"confidence_interval":{"confidence_level":0.95,"lower_bound":11.48140435540812,"upper_bound":11.587821511129587},"point_estimate":11.52609987426282,"standard_error":0.02775511301604135},"median":{"confidence_interval":{"confidence_level":0.95,"lower_bound":11.465477205663978,"upper_bound":11.472871486626142},"point_estimate":11.469920245045287,"standard_error":0.001820137662913957},"median_abs_dev":{"confidence_interval":{"confidence_level":0.95,"lower_bound":0.015139880922089087,"upper_bound":0.03366570551525036},"point_estimate":0.024465489471257682,"standard_error":0.0049330745456948},"slope":{"confidence_interval":{"confidence_level":0.95,"lower_bound":11.473853013517145,"upper_bound":11.57670123671533},"point_estimate":11.513422123432843,"standard_error":0.027199978126763922},"std_dev":{"confidence_interval":{"confidence_level":0.95,"lower_bound":0.08287384100979672,"upper_bound":0.44333940079878004},"point_estimate":0.27991039276859175,"standard_error":0.10173427018158833}}