{"mean":{"confidence_interval":{"confidence_level":0.95,"lower_bound":11.376655272937484,"upper_bound":11.448957103643016},"point_estimate":11.409628680784188,"standard_error":0.01848110217718464},"median":{"confidence_interval":{"confidence_level":0.95,"lower_bound":11.365761204769736,"upper_bound":11.399922049831392},"point_estimate":11.388309804459064,"standard_error":0.008535023859998965},"median_abs_dev":{"confidence_interval":{"confidence_level":0.95,"lower_bound":0.059650639993070464,"upper_bound":0.10086018061488196},"point_estimate":0.08430598710072326,"standard_error":0.010646197036232164},"slope":{"confidence_interval":{"confidence_level":0.95,"lower_bound":11.326299165837527,"upper_bound":11.36576833815817},"point_estimate":11.345645642759852,"standard_error":0.010083010930577497},"std_dev":{"confidence_interval":{"confidence_level":0.95,"lower_bound":0.10523380160748744,"upper_bound":0.25386192683984016},"point_estimate":0.18583296476645042,"standard_error":0.03845426385968752}}