{"mean":{"confidence_interval":{"confidence_level":0.95,"lower_bound":11.472005591588072,"upper_bound":11.535388000175276},"point_estimate":11.499585996767099,"standard_error":0.016359288922316455},"median":{"confidence_interval":{"confidence_level":0.95,"lower_bound":11.462103105256569,"upper_bound":11.480537784734146},"point_estimate":11.472749226272787,"standard_error":0.004981542809762332},"median_abs_dev":{"confidence_interval":{"confidence_level":0.95,"lower_bound":0.028988390123308817,"upper_bound":0.04904982166829084},"point_estimate":0.03913343704742817,"standard_error":0.005213173426057954},"slope":{"confidence_interval":{"confidence_level":0.95,"lower_bound":11.457568028209629,"upper_bound":11.483449806212485},"point_estimate":11.468833011690178,"standard_error":0.006632769049097749},"std_dev":{"confidence_interval":{"confidence_level":0.95,"lower_bound":0.06279861214224605,"upper_bound":0.24658318502313278},"point_estimate":0.16488419813936228,"standard_error":0.04772981553065376}}