{"mean":{"confidence_interval":{"confidence_level":0.95,"lower_bound":11.30426690109262,"upper_bound":11.360764037924806},"point_estimate":11.3287679067612,"standard_error":0.014577575017019463},"median":{"confidence_interval":{"confidence_level":0.95,"lower_bound":11.291383067501178,"upper_bound":11.318516268517282},"point_estimate":11.308248731625667,"standard_error":0.007991599194629195},"median_abs_dev":{"confidence_interval":{"confidence_level":0.95,"lower_bound":0.03572574491873435,"upper_bound":0.058999192339589494},"point_estimate":0.04607900705594916,"standard_error":0.005500158213480841},"slope":{"confidence_interval":{"confidence_level":0.95,"lower_bound":11.291636116023243,"upper_bound":11.313043223322277},"point_estimate":11.301227381452447,"standard_error":0.005460367110478441},"std_dev":{"confidence_interval":{"confidence_level":0.95,"lower_bound":0.056162791504412155,"upper_bound":0.22462689856208498},"point_estimate":0.14608139642663118,"standard_error":0.04541780028667463}}