{"mean":{"confidence_interval":{"confidence_level":0.95,"lower_bound":11.467685146199152,"upper_bound":11.529485205764976},"point_estimate":11.494637887859291,"standard_error":0.015921493251493352},"median":{"confidence_interval":{"confidence_level":0.95,"lower_bound":11.449273703323597,"upper_bound":11.47035265989241},"point_estimate":11.459020833149044,"standard_error":0.005191858442761753},"median_abs_dev":{"confidence_interval":{"confidence_level":0.95,"lower_bound":0.025141349719620783,"upper_bound":0.04654520721642836},"point_estimate":0.03368621258120044,"standard_error":0.005463061780338708},"slope":{"confidence_interval":{"confidence_level":0.95,"lower_bound":11.450354402304011,"upper_bound":11.465926447536877},"point_estimate":11.457177626408741,"standard_error":0.003966720889520169},"std_dev":{"confidence_interval":{"confidence_level":0.95,"lower_bound":0.0649018597469829,"upper_bound":0.23945293933331674},"point_estimate":0.15972947253391348,"standard_error":0.04591166843837765}}