{"mean":{"confidence_interval":{"confidence_level":0.95,"lower_bound":44.034510955716165,"upper_bound":47.540468812527685},"point_estimate":45.51372764863625,"standard_error":0.9097964075618922},"median":{"confidence_interval":{"confidence_level":0.95,"lower_bound":43.20618034447822,"upper_bound":43.606516290726816},"point_estimate":43.40018279688419,"standard_error":0.10793594256848336},"median_abs_dev":{"confidence_interval":{"confidence_level":0.95,"lower_bound":0.5504127631556107,"upper_bound":1.0249256762483785},"point_estimate":0.69950447511917,"standard_error":0.1189155211038096},"slope":{"confidence_interval":{"confidence_level":0.95,"lower_bound":43.05636778770606,"upper_bound":43.91217312811552},"point_estimate":43.39639113484909,"standard_error":0.22364885115452857},"std_dev":{"confidence_interval":{"confidence_level":0.95,"lower_bound":3.037782234400935,"upper_bound":14.295707961999305},"point_estimate":9.139037333047453,"standard_error":3.0618442188090387}}