{"mean":{"confidence_interval":{"confidence_level":0.95,"lower_bound":49.23202948412973,"upper_bound":53.70097524371732},"point_estimate":51.308174490616736,"standard_error":1.1449372738468704},"median":{"confidence_interval":{"confidence_level":0.95,"lower_bound":47.20589846980976,"upper_bound":47.529193583118},"point_estimate":47.36696637426901,"standard_error":0.09287760450973319},"median_abs_dev":{"confidence_interval":{"confidence_level":0.95,"lower_bound":0.5733040807309067,"upper_bound":1.5899480014885428},"point_estimate":0.9895850299147378,"standard_error":0.309321309370295},"slope":{"confidence_interval":{"confidence_level":0.95,"lower_bound":47.116059781885454,"upper_bound":50.953162580747424},"point_estimate":48.69706886360278,"standard_error":0.9963304535296387},"std_dev":{"confidence_interval":{"confidence_level":0.95,"lower_bound":7.4770540446688445,"upper_bound":14.513202139161784},"point_estimate":11.44775979771802,"standard_error":1.8025125295764983}}