{"mean":{"confidence_interval":{"confidence_level":0.95,"lower_bound":42.873214728244726,"upper_bound":45.746217994993486},"point_estimate":44.19551688337242,"standard_error":0.7375678084243561},"median":{"confidence_interval":{"confidence_level":0.95,"lower_bound":41.65007704481093,"upper_bound":41.90576923076923},"point_estimate":41.73179347826087,"standard_error":0.07021883088076397},"median_abs_dev":{"confidence_interval":{"confidence_level":0.95,"lower_bound":0.19629442888222998,"upper_bound":0.5242578202521186},"point_estimate":0.3061512772119788,"standard_error":0.08437233937456262},"slope":{"confidence_interval":{"confidence_level":0.95,"lower_bound":41.80448708346945,"upper_bound":42.30610451860645},"point_estimate":42.0299692625979,"standard_error":0.12861622834049724},"std_dev":{"confidence_interval":{"confidence_level":0.95,"lower_bound":4.4401863255023155,"upper_bound":9.72330804231273},"point_estimate":7.389807912269132,"standard_error":1.3544302221249387}}