{"mean":{"confidence_interval":{"confidence_level":0.95,"lower_bound":87139.57632398212,"upper_bound":90396.40642811598},"point_estimate":88753.61749979074,"standard_error":831.5220334379713},"median":{"confidence_interval":{"confidence_level":0.95,"lower_bound":87698.92281982723,"upper_bound":90999.24401913876},"point_estimate":89123.42930456641,"standard_error":762.547019233962},"median_abs_dev":{"confidence_interval":{"confidence_level":0.95,"lower_bound":5858.741298148839,"upper_bound":9627.837998162626},"point_estimate":7946.348446882879,"standard_error":920.9388189820453},"slope":{"confidence_interval":{"confidence_level":0.95,"lower_bound":89524.4240387122,"upper_bound":92602.25248336373},"point_estimate":91074.86900546771,"standard_error":785.6937524390364},"std_dev":{"confidence_interval":{"confidence_level":0.95,"lower_bound":6747.884344053639,"upper_bound":10185.478058059922},"point_estimate":8352.492113794251,"standard_error":911.9644491059591}}