{"mean":{"confidence_interval":{"confidence_level":0.95,"lower_bound":74067.32013499575,"upper_bound":74108.87847236823},"point_estimate":74088.15045459432,"standard_error":10.59276368086057},"median":{"confidence_interval":{"confidence_level":0.95,"lower_bound":74069.67857142857,"upper_bound":74111.42857142857},"point_estimate":74087.02750385868,"standard_error":10.133950338912616},"median_abs_dev":{"confidence_interval":{"confidence_level":0.95,"lower_bound":77.11979225722789,"upper_bound":129.92623052883505},"point_estimate":105.4007829533375,"standard_error":13.945108019814484},"slope":{"confidence_interval":{"confidence_level":0.95,"lower_bound":74116.29808073286,"upper_bound":74157.83172361324},"point_estimate":74137.97615149149,"standard_error":10.639963292647522},"std_dev":{"confidence_interval":{"confidence_level":0.95,"lower_bound":90.93720645248038,"upper_bound":120.46379541648533},"point_estimate":106.56954324934185,"standard_error":7.564118561334832}}