{"mean":{"confidence_interval":{"confidence_level":0.95,"lower_bound":164533.3645649605,"upper_bound":166772.5219667301},"point_estimate":165618.77508753748,"standard_error":570.494205807375},"median":{"confidence_interval":{"confidence_level":0.95,"lower_bound":163811.9301075269,"upper_bound":165919.7633744856},"point_estimate":164846.90066964284,"standard_error":533.6469836314444},"median_abs_dev":{"confidence_interval":{"confidence_level":0.95,"lower_bound":3273.6662778632626,"upper_bound":5603.984995488307},"point_estimate":4307.844729884085,"standard_error":581.1966093802856},"slope":{"confidence_interval":{"confidence_level":0.95,"lower_bound":164520.58426558998,"upper_bound":166662.44399092646},"point_estimate":165572.74888379883,"standard_error":545.8413154534683},"std_dev":{"confidence_interval":{"confidence_level":0.95,"lower_bound":4440.439229178487,"upper_bound":6903.363654476796},"point_estimate":5731.79813435743,"standard_error":631.9500999919651}}