{"mean":{"confidence_interval":{"confidence_level":0.95,"lower_bound":0.001549485609418883,"upper_bound":0.004326613949724667},"point_estimate":0.002931262865153883,"standard_error":0.0007064705494940859},"median":{"confidence_interval":{"confidence_level":0.95,"lower_bound":0.0005420341494131176,"upper_bound":0.0034774525116673853},"point_estimate":0.0017345348588213572,"standard_error":0.0007316591829007415}}