{"mean":{"confidence_interval":{"confidence_level":0.95,"lower_bound":-0.045502990602717897,"upper_bound":-0.003160631817733914},"point_estimate":-0.020251769101846673,"standard_error":0.01129663272770202},"median":{"confidence_interval":{"confidence_level":0.95,"lower_bound":0.0031768906023039722,"upper_bound":0.008210287580424858},"point_estimate":0.006522719518058384,"standard_error":0.0013033260952040645}}