{"mean":{"confidence_interval":{"confidence_level":0.95,"lower_bound":0.03125090267429037,"upper_bound":0.10079183995694097},"point_estimate":0.06658863724743092,"standard_error":0.017763886835559243},"median":{"confidence_interval":{"confidence_level":0.95,"lower_bound":0.0353258086185404,"upper_bound":0.09240450579324944},"point_estimate":0.06114265313908018,"standard_error":0.013907570151059461}}