{"mean":{"confidence_interval":{"confidence_level":0.95,"lower_bound":-0.05404369550804855,"upper_bound":-0.012226981060417197},"point_estimate":-0.029027684325910186,"standard_error":0.011116511511479184},"median":{"confidence_interval":{"confidence_level":0.95,"lower_bound":-0.0052710470030462656,"upper_bound":-0.0003044667531661993},"point_estimate":-0.0019481082491479285,"standard_error":0.0012826717389791786}}