{"mean":{"confidence_interval":{"confidence_level":0.95,"lower_bound":-0.19257114357516553,"upper_bound":-0.1483062150850471},"point_estimate":-0.16834600058658422,"standard_error":0.011393396752512988},"median":{"confidence_interval":{"confidence_level":0.95,"lower_bound":-0.15870998795193914,"upper_bound":-0.13444336630417275},"point_estimate":-0.147612356174727,"standard_error":0.006560882864682849}}