{"mean":{"confidence_interval":{"confidence_level":0.95,"lower_bound":4.353377881235111,"upper_bound":4.366275545170674},"point_estimate":4.359612081175252,"standard_error":0.0032783776392603893},"median":{"confidence_interval":{"confidence_level":0.95,"lower_bound":4.36194916814997,"upper_bound":4.383776760159536},"point_estimate":4.372225678724342,"standard_error":0.004633826331155059}}