{"mean":{"confidence_interval":{"confidence_level":0.95,"lower_bound":-0.8128991185866371,"upper_bound":-0.8119009347021826},"point_estimate":-0.8123482856953833,"standard_error":0.0002530790189837928},"median":{"confidence_interval":{"confidence_level":0.95,"lower_bound":-0.8127353114644564,"upper_bound":-0.8121905132692999},"point_estimate":-0.812520394701041,"standard_error":0.00014662085486589322}}