{"mean":{"confidence_interval":{"confidence_level":0.95,"lower_bound":1.8691869336987645,"upper_bound":1.8730131228031013},"point_estimate":1.8710700985711923,"standard_error":0.000977404181552597},"median":{"confidence_interval":{"confidence_level":0.95,"lower_bound":1.869201883316548,"upper_bound":1.8717271210744442},"point_estimate":1.8700804931914192,"standard_error":0.0006672875871946538},"median_abs_dev":{"confidence_interval":{"confidence_level":0.95,"lower_bound":0.004280491702332863,"upper_bound":0.00956040495096633},"point_estimate":0.007206524400028348,"standard_error":0.0013514934460370906},"slope":{"confidence_interval":{"confidence_level":0.95,"lower_bound":1.8694027262411512,"upper_bound":1.8721686062706593},"point_estimate":1.8708124281196055,"standard_error":0.0007041149474727883},"std_dev":{"confidence_interval":{"confidence_level":0.95,"lower_bound":0.007851438465928187,"upper_bound":0.011702377250334167},"point_estimate":0.009830831175662311,"standard_error":0.000985153366033734}}