{"mean":{"confidence_interval":{"confidence_level":0.95,"lower_bound":1.8724251327119024,"upper_bound":1.8763730387932729},"point_estimate":1.8743886486994057,"standard_error":0.0010111398303918491},"median":{"confidence_interval":{"confidence_level":0.95,"lower_bound":1.8717402139839325,"upper_bound":1.875584187495659},"point_estimate":1.87340030670412,"standard_error":0.0010421737171389207},"median_abs_dev":{"confidence_interval":{"confidence_level":0.95,"lower_bound":0.0054263831498184475,"upper_bound":0.009008921488890142},"point_estimate":0.00749649940551408,"standard_error":0.0009129126292929446},"slope":{"confidence_interval":{"confidence_level":0.95,"lower_bound":1.8730423926735031,"upper_bound":1.8754258795502752},"point_estimate":1.8741675311932227,"standard_error":0.000608082333819539},"std_dev":{"confidence_interval":{"confidence_level":0.95,"lower_bound":0.008281904069560952,"upper_bound":0.011826096875812101},"point_estimate":0.010161770202010227,"standard_error":0.000904269202604652}}