{"mean":{"confidence_interval":{"confidence_level":0.95,"lower_bound":2.425273111959573,"upper_bound":2.4669251508854875},"point_estimate":2.4403821625260322,"standard_error":0.011943449529118048},"median":{"confidence_interval":{"confidence_level":0.95,"lower_bound":2.4202791140003255,"upper_bound":2.4240973279215288},"point_estimate":2.4216591933322764,"standard_error":0.0009578269769164942},"median_abs_dev":{"confidence_interval":{"confidence_level":0.95,"lower_bound":0.005990861582353364,"upper_bound":0.010902322559691613},"point_estimate":0.007658758430251812,"standard_error":0.0012778763862004087},"slope":{"confidence_interval":{"confidence_level":0.95,"lower_bound":2.4180499019811568,"upper_bound":2.4204435938203512},"point_estimate":2.41919195491533,"standard_error":0.0006122546960213517},"std_dev":{"confidence_interval":{"confidence_level":0.95,"lower_bound":0.01536927969152144,"upper_bound":0.20381683407949283},"point_estimate":0.12023326363708173,"standard_error":0.06455489565131409}}