{"mean":{"confidence_interval":{"confidence_level":0.95,"lower_bound":1.8730667499084568,"upper_bound":1.922345817740266},"point_estimate":1.8911909285229889,"standard_error":0.01367556140304249},"median":{"confidence_interval":{"confidence_level":0.95,"lower_bound":1.8708655472789046,"upper_bound":1.8743505825037634},"point_estimate":1.8722282971092596,"standard_error":0.001043946075627529},"median_abs_dev":{"confidence_interval":{"confidence_level":0.95,"lower_bound":0.006498743319914169,"upper_bound":0.01102326813571945},"point_estimate":0.008452922765633922,"standard_error":0.0011795531268806898},"slope":{"confidence_interval":{"confidence_level":0.95,"lower_bound":1.872618560311814,"upper_bound":1.9689506868554927},"point_estimate":1.906760552372056,"standard_error":0.027000948197981166},"std_dev":{"confidence_interval":{"confidence_level":0.95,"lower_bound":0.012646589815708317,"upper_bound":0.2329469031797924},"point_estimate":0.13804433529839674,"standard_error":0.07086274248588458}}