{"mean":{"confidence_interval":{"confidence_level":0.95,"lower_bound":1.8587194209247382,"upper_bound":1.8618722052876273},"point_estimate":1.8602109769705197,"standard_error":0.0007999949554464738},"median":{"confidence_interval":{"confidence_level":0.95,"lower_bound":1.8567171455327396,"upper_bound":1.8606685513313395},"point_estimate":1.8585821220216634,"standard_error":0.0009623676179968035},"median_abs_dev":{"confidence_interval":{"confidence_level":0.95,"lower_bound":0.005265057891727892,"upper_bound":0.008422330186796131},"point_estimate":0.006835255681599863,"standard_error":0.0008064960989168255},"slope":{"confidence_interval":{"confidence_level":0.95,"lower_bound":1.8584164227697288,"upper_bound":1.861069323754652},"point_estimate":1.8597366169428724,"standard_error":0.0006752189672429949},"std_dev":{"confidence_interval":{"confidence_level":0.95,"lower_bound":0.00567152311450478,"upper_bound":0.01071554443795711},"point_estimate":0.008061123515497327,"standard_error":0.001374339013006233}}