{"mean":{"confidence_interval":{"confidence_level":0.95,"lower_bound":2.4118519601410187,"upper_bound":2.413960042937384},"point_estimate":2.412847926186318,"standard_error":0.000541323883794875},"median":{"confidence_interval":{"confidence_level":0.95,"lower_bound":2.410361249490867,"upper_bound":2.412787681938918},"point_estimate":2.4118576794379747,"standard_error":0.0006638797353126917},"median_abs_dev":{"confidence_interval":{"confidence_level":0.95,"lower_bound":0.0030715826680484735,"upper_bound":0.005144831006445828},"point_estimate":0.004161245813894575,"standard_error":0.0005306011878386657},"slope":{"confidence_interval":{"confidence_level":0.95,"lower_bound":2.4116298138570724,"upper_bound":2.4134778823065344},"point_estimate":2.412505325956304,"standard_error":0.0004709496163194833},"std_dev":{"confidence_interval":{"confidence_level":0.95,"lower_bound":0.0037446423877481546,"upper_bound":0.007072257254823267},"point_estimate":0.005453655269487291,"standard_error":0.0008620676082185042}}