{"mean":{"confidence_interval":{"confidence_level":0.95,"lower_bound":1.8696483634297134,"upper_bound":1.8748965336386871},"point_estimate":1.8721107225952485,"standard_error":0.001341219911020773},"median":{"confidence_interval":{"confidence_level":0.95,"lower_bound":1.8698134382173013,"upper_bound":1.8724079808990046},"point_estimate":1.8713058897429307,"standard_error":0.0008189649183439822},"median_abs_dev":{"confidence_interval":{"confidence_level":0.95,"lower_bound":0.004775807598551135,"upper_bound":0.008849576495021893},"point_estimate":0.006485697036398815,"standard_error":0.0010396979734103656},"slope":{"confidence_interval":{"confidence_level":0.95,"lower_bound":1.8698740548673884,"upper_bound":1.872638597554348},"point_estimate":1.871221488805428,"standard_error":0.0007060365466087314},"std_dev":{"confidence_interval":{"confidence_level":0.95,"lower_bound":0.008994568278672841,"upper_bound":0.01785012824285547},"point_estimate":0.013457939344164865,"standard_error":0.002298567155423696}}