{"mean":{"confidence_interval":{"confidence_level":0.95,"lower_bound":1.8681740722830735,"upper_bound":1.8721766580929995},"point_estimate":1.8701448621537489,"standard_error":0.0010174534062802664},"median":{"confidence_interval":{"confidence_level":0.95,"lower_bound":1.8684493470891914,"upper_bound":1.8717862150521403},"point_estimate":1.8703354498024964,"standard_error":0.0009852200263583415},"median_abs_dev":{"confidence_interval":{"confidence_level":0.95,"lower_bound":0.0052930168036531555,"upper_bound":0.009338715225484349},"point_estimate":0.0072284592340245285,"standard_error":0.0010049248922107006},"slope":{"confidence_interval":{"confidence_level":0.95,"lower_bound":1.8689234264851473,"upper_bound":1.872106573178471},"point_estimate":1.8705293821086,"standard_error":0.0008086044171103366},"std_dev":{"confidence_interval":{"confidence_level":0.95,"lower_bound":0.008222869799883624,"upper_bound":0.012087864070232846},"point_estimate":0.010220887384421376,"standard_error":0.0009872948964675856}}