{"mean":{"confidence_interval":{"confidence_level":0.95,"lower_bound":2.686084138480965,"upper_bound":2.707572114037487},"point_estimate":2.695339818914258,"standard_error":0.005553848552505847},"median":{"confidence_interval":{"confidence_level":0.95,"lower_bound":2.6814345665004558,"upper_bound":2.68455447365055},"point_estimate":2.6826594263684878,"standard_error":0.0007206134632931581},"median_abs_dev":{"confidence_interval":{"confidence_level":0.95,"lower_bound":0.004533409854416956,"upper_bound":0.008078673286480311},"point_estimate":0.0061868216865362995,"standard_error":0.0009132435782418731},"slope":{"confidence_interval":{"confidence_level":0.95,"lower_bound":2.683101562135772,"upper_bound":2.708865929852249},"point_estimate":2.6935696962177405,"standard_error":0.0067997005162345504},"std_dev":{"confidence_interval":{"confidence_level":0.95,"lower_bound":0.01603651407904071,"upper_bound":0.08518972192730295},"point_estimate":0.055883217535272034,"standard_error":0.01760466296493355}}