{"mean":{"confidence_interval":{"confidence_level":0.95,"lower_bound":2.6827163770399474,"upper_bound":2.685403165563103},"point_estimate":2.6839887014586314,"standard_error":0.0006852381338993405},"median":{"confidence_interval":{"confidence_level":0.95,"lower_bound":2.681309656727527,"upper_bound":2.6831688186352083},"point_estimate":2.6822079842991853,"standard_error":0.0005220498271388004},"median_abs_dev":{"confidence_interval":{"confidence_level":0.95,"lower_bound":0.003509653400519938,"upper_bound":0.006222424738472279},"point_estimate":0.004614453921225389,"standard_error":0.0006980773841891767},"slope":{"confidence_interval":{"confidence_level":0.95,"lower_bound":2.6814436120056433,"upper_bound":2.6835903868361823},"point_estimate":2.6824888151224373,"standard_error":0.0005479649868661947},"std_dev":{"confidence_interval":{"confidence_level":0.95,"lower_bound":0.005066135114929587,"upper_bound":0.008716945680895717},"point_estimate":0.006833482508965581,"standard_error":0.0009547076314329011}}