{"mean":{"confidence_interval":{"confidence_level":0.95,"lower_bound":1.8774872119696748,"upper_bound":1.890192775222841},"point_estimate":1.8829074493410785,"standard_error":0.0032767689850940964},"median":{"confidence_interval":{"confidence_level":0.95,"lower_bound":1.8748320731699102,"upper_bound":1.8791716216902983},"point_estimate":1.8769504306138338,"standard_error":0.0012032379537582447},"median_abs_dev":{"confidence_interval":{"confidence_level":0.95,"lower_bound":0.00947511265884205,"upper_bound":0.016972737970679438},"point_estimate":0.014080905052824796,"standard_error":0.0018731251138589544},"slope":{"confidence_interval":{"confidence_level":0.95,"lower_bound":1.8742402499477933,"upper_bound":1.8804469461069935},"point_estimate":1.8772110789186247,"standard_error":0.001578697390223159},"std_dev":{"confidence_interval":{"confidence_level":0.95,"lower_bound":0.015297428083562445,"upper_bound":0.05093109183693482},"point_estimate":0.032858865334063375,"standard_error":0.011122024436684783}}