{"mean":{"confidence_interval":{"confidence_level":0.95,"lower_bound":2.684810805254147,"upper_bound":2.693275066999089},"point_estimate":2.6883917264493147,"standard_error":0.002187610917138917},"median":{"confidence_interval":{"confidence_level":0.95,"lower_bound":2.6815447016751364,"upper_bound":2.6852695652173915},"point_estimate":2.6842142393838047,"standard_error":0.0009972827819725606},"median_abs_dev":{"confidence_interval":{"confidence_level":0.95,"lower_bound":0.0053277734171189054,"upper_bound":0.00978908892449232},"point_estimate":0.007916836433888167,"standard_error":0.0011279453096702077},"slope":{"confidence_interval":{"confidence_level":0.95,"lower_bound":2.682949407034673,"upper_bound":2.6883126040668017},"point_estimate":2.6854463183865436,"standard_error":0.0013765546935636957},"std_dev":{"confidence_interval":{"confidence_level":0.95,"lower_bound":0.008368320829637139,"upper_bound":0.034484077982000746},"point_estimate":0.02196272644092244,"standard_error":0.007655449189708685}}