{"mean":{"confidence_interval":{"confidence_level":0.95,"lower_bound":2.1135859598687508,"upper_bound":2.1193005479823266},"point_estimate":2.116362430572955,"standard_error":0.0014541892098907411},"median":{"confidence_interval":{"confidence_level":0.95,"lower_bound":2.113824314720242,"upper_bound":2.1175222285180797},"point_estimate":2.114954869447658,"standard_error":0.0007025791556985843},"median_abs_dev":{"confidence_interval":{"confidence_level":0.95,"lower_bound":0.0066787594529145984,"upper_bound":0.013059551158190888},"point_estimate":0.008750420703896108,"standard_error":0.001654000585875093},"slope":{"confidence_interval":{"confidence_level":0.95,"lower_bound":2.114343045222712,"upper_bound":2.11780209886864},"point_estimate":2.1160671204635095,"standard_error":0.0008802758477143818},"std_dev":{"confidence_interval":{"confidence_level":0.95,"lower_bound":0.011297016073752393,"upper_bound":0.01764872347430779},"point_estimate":0.014591011631124626,"standard_error":0.001623239882423595}}