{"mean":{"confidence_interval":{"confidence_level":0.95,"lower_bound":1.8735524526832734,"upper_bound":1.8938685803548572},"point_estimate":1.881684776765749,"standard_error":0.005345223204721982},"median":{"confidence_interval":{"confidence_level":0.95,"lower_bound":1.8728057088138297,"upper_bound":1.876398395802551},"point_estimate":1.8749602875030362,"standard_error":0.001012330159566607},"median_abs_dev":{"confidence_interval":{"confidence_level":0.95,"lower_bound":0.007478829144558891,"upper_bound":0.015364533107618076},"point_estimate":0.01166062494001775,"standard_error":0.0020950872469103375},"slope":{"confidence_interval":{"confidence_level":0.95,"lower_bound":1.8721636900423642,"upper_bound":1.877807365061148},"point_estimate":1.8749685521159523,"standard_error":0.001445546873091873},"std_dev":{"confidence_interval":{"confidence_level":0.95,"lower_bound":0.015193306883373312,"upper_bound":0.08736103353690737},"point_estimate":0.05361482559587204,"standard_error":0.022282145598200593}}