{"mean":{"confidence_interval":{"confidence_level":0.95,"lower_bound":1.8690491197477976,"upper_bound":1.8734693252464252},"point_estimate":1.871181997547806,"standard_error":0.0011267104370363615},"median":{"confidence_interval":{"confidence_level":0.95,"lower_bound":1.8678192547937553,"upper_bound":1.8717384577934912},"point_estimate":1.8694489617807357,"standard_error":0.001156219464143641},"median_abs_dev":{"confidence_interval":{"confidence_level":0.95,"lower_bound":0.005164852754394277,"upper_bound":0.008329078930018876},"point_estimate":0.0065857094018843335,"standard_error":0.0008020785008753515},"slope":{"confidence_interval":{"confidence_level":0.95,"lower_bound":1.8684057378673704,"upper_bound":1.87121060599124},"point_estimate":1.8697397361379815,"standard_error":0.0007174872864150868},"std_dev":{"confidence_interval":{"confidence_level":0.95,"lower_bound":0.008473120056662332,"upper_bound":0.013988649876323098},"point_estimate":0.011342956852400112,"standard_error":0.0014158247511020068}}