{"mean":{"confidence_interval":{"confidence_level":0.95,"lower_bound":3.219225855310166,"upper_bound":3.2302715850837735},"point_estimate":3.2242718940322987,"standard_error":0.002819529692365685},"median":{"confidence_interval":{"confidence_level":0.95,"lower_bound":3.2159900166389352,"upper_bound":3.2213865779256796},"point_estimate":3.219199432911873,"standard_error":0.0014911506842818886},"median_abs_dev":{"confidence_interval":{"confidence_level":0.95,"lower_bound":0.006276310760213723,"upper_bound":0.012235131778642503},"point_estimate":0.009004592277149651,"standard_error":0.0016025135488677651},"slope":{"confidence_interval":{"confidence_level":0.95,"lower_bound":3.214326815052903,"upper_bound":3.224586075499807},"point_estimate":3.2192261361681402,"standard_error":0.002615963333213152},"std_dev":{"confidence_interval":{"confidence_level":0.95,"lower_bound":0.015114828262406402,"upper_bound":0.04191081962301882},"point_estimate":0.028354343142577364,"standard_error":0.007624071054929055}}