{"mean":{"confidence_interval":{"confidence_level":0.95,"lower_bound":1.8595607567029109,"upper_bound":1.8623062109490447},"point_estimate":1.8608809550600407,"standard_error":0.000699211929773342},"median":{"confidence_interval":{"confidence_level":0.95,"lower_bound":1.8580014531879856,"upper_bound":1.86114826706189},"point_estimate":1.8603107654912043,"standard_error":0.0009030074564007989},"median_abs_dev":{"confidence_interval":{"confidence_level":0.95,"lower_bound":0.005047720508213371,"upper_bound":0.008005361287529886},"point_estimate":0.006696759894661781,"standard_error":0.0007415648340848992},"slope":{"confidence_interval":{"confidence_level":0.95,"lower_bound":1.8594184081398168,"upper_bound":1.8618708495524394},"point_estimate":1.8606433732756578,"standard_error":0.0006254150846080242},"std_dev":{"confidence_interval":{"confidence_level":0.95,"lower_bound":0.005547083760709732,"upper_bound":0.008507550876752567},"point_estimate":0.007039230177834159,"standard_error":0.0007672442921518278}}