{"mean":{"confidence_interval":{"confidence_level":0.95,"lower_bound":1.8707442273091064,"upper_bound":1.8772629315918836},"point_estimate":1.873550081334502,"standard_error":0.0016791751388316363},"median":{"confidence_interval":{"confidence_level":0.95,"lower_bound":1.8697101394977083,"upper_bound":1.8729491070167703},"point_estimate":1.8717157323069835,"standard_error":0.0008365927445165064},"median_abs_dev":{"confidence_interval":{"confidence_level":0.95,"lower_bound":0.004190485939083827,"upper_bound":0.007371700427522895},"point_estimate":0.005099315823517598,"standard_error":0.0007918618083735431},"slope":{"confidence_interval":{"confidence_level":0.95,"lower_bound":1.8711988157692798,"upper_bound":1.8737139833723324},"point_estimate":1.8724338285514261,"standard_error":0.000641128955333073},"std_dev":{"confidence_interval":{"confidence_level":0.95,"lower_bound":0.008032804692709243,"upper_bound":0.025985625486554243},"point_estimate":0.01687023130832344,"standard_error":0.005535511107015885}}