{"mean":{"confidence_interval":{"confidence_level":0.95,"lower_bound":1.870524525691651,"upper_bound":1.8834055773488352},"point_estimate":1.875800803913946,"standard_error":0.0033636987436553296},"median":{"confidence_interval":{"confidence_level":0.95,"lower_bound":1.8700804970990088,"upper_bound":1.8727110928173252},"point_estimate":1.8717157873137822,"standard_error":0.0006441553949796129},"median_abs_dev":{"confidence_interval":{"confidence_level":0.95,"lower_bound":0.0048041344130897445,"upper_bound":0.008840068933708239},"point_estimate":0.006934988577168692,"standard_error":0.0009693965226060671},"slope":{"confidence_interval":{"confidence_level":0.95,"lower_bound":1.8693455006716972,"upper_bound":1.8866992238927427},"point_estimate":1.8760370232208314,"standard_error":0.004646975893525621},"std_dev":{"confidence_interval":{"confidence_level":0.95,"lower_bound":0.010395148033927014,"upper_bound":0.054357789203341896},"point_estimate":0.033818799865051874,"standard_error":0.013050023559048206}}