{"mean":{"confidence_interval":{"confidence_level":0.95,"lower_bound":1.8705204559430886,"upper_bound":1.8770724252114757},"point_estimate":1.873704927110943,"standard_error":0.001667650665056092},"median":{"confidence_interval":{"confidence_level":0.95,"lower_bound":1.868551547827471,"upper_bound":1.8746314007494973},"point_estimate":1.8715379238218646,"standard_error":0.0016957185594005948},"median_abs_dev":{"confidence_interval":{"confidence_level":0.95,"lower_bound":0.00855443265344272,"upper_bound":0.015701701208250107},"point_estimate":0.011335824906095703,"standard_error":0.0017969831129423803},"slope":{"confidence_interval":{"confidence_level":0.95,"lower_bound":1.8711373999144183,"upper_bound":1.8814334965981638},"point_estimate":1.8759525789737286,"standard_error":0.0026383071546090026},"std_dev":{"confidence_interval":{"confidence_level":0.95,"lower_bound":0.013229136175032552,"upper_bound":0.020116683882962536},"point_estimate":0.016791887504618713,"standard_error":0.001764944312869242}}