{"mean":{"confidence_interval":{"confidence_level":0.95,"lower_bound":2.11276136450852,"upper_bound":2.118850302197568},"point_estimate":2.115716369420538,"standard_error":0.0015527446449078255},"median":{"confidence_interval":{"confidence_level":0.95,"lower_bound":2.113883079609856,"upper_bound":2.11709452582814},"point_estimate":2.116096235059562,"standard_error":0.0007557544368154181},"median_abs_dev":{"confidence_interval":{"confidence_level":0.95,"lower_bound":0.00685727323053687,"upper_bound":0.01303552382665127},"point_estimate":0.009008274679508594,"standard_error":0.0015652708936306548},"slope":{"confidence_interval":{"confidence_level":0.95,"lower_bound":2.115764044807365,"upper_bound":2.1195355992591387},"point_estimate":2.1176418306269,"standard_error":0.000961339756374073},"std_dev":{"confidence_interval":{"confidence_level":0.95,"lower_bound":0.011978823100026827,"upper_bound":0.019651422889466984},"point_estimate":0.015615572718837017,"standard_error":0.002024804793707739}}