{"mean":{"confidence_interval":{"confidence_level":0.95,"lower_bound":1.8706972351837012,"upper_bound":1.8773228394283767},"point_estimate":1.8737692559065886,"standard_error":0.0016951292420013656},"median":{"confidence_interval":{"confidence_level":0.95,"lower_bound":1.8696189956286116,"upper_bound":1.8721001532028865},"point_estimate":1.8705033132118825,"standard_error":0.0006624980709503988},"median_abs_dev":{"confidence_interval":{"confidence_level":0.95,"lower_bound":0.0043574890350498675,"upper_bound":0.00717870967930171},"point_estimate":0.005250613354606583,"standard_error":0.0007175050110451525},"slope":{"confidence_interval":{"confidence_level":0.95,"lower_bound":1.8707321712067202,"upper_bound":1.8737029241658183},"point_estimate":1.8720326254954511,"standard_error":0.0007606234776361294},"std_dev":{"confidence_interval":{"confidence_level":0.95,"lower_bound":0.009903691184399903,"upper_bound":0.02269370501754124},"point_estimate":0.01704649645121512,"standard_error":0.0031902241351806564}}