{"mean":{"confidence_interval":{"confidence_level":0.95,"lower_bound":4.338500396304145,"upper_bound":4.396519971703855},"point_estimate":4.366888241868574,"standard_error":0.014820072724993635},"median":{"confidence_interval":{"confidence_level":0.95,"lower_bound":4.287572702377609,"upper_bound":4.3530033064815195},"point_estimate":4.3154142254095795,"standard_error":0.0157709007043254},"median_abs_dev":{"confidence_interval":{"confidence_level":0.95,"lower_bound":0.08950849751119302,"upper_bound":0.1727734624484559},"point_estimate":0.13480346729648265,"standard_error":0.021028922046114278},"slope":{"confidence_interval":{"confidence_level":0.95,"lower_bound":4.325586721630791,"upper_bound":4.390821750196075},"point_estimate":4.356332528157439,"standard_error":0.01674545027133224},"std_dev":{"confidence_interval":{"confidence_level":0.95,"lower_bound":0.12539465011768153,"upper_bound":0.16860023448561318},"point_estimate":0.14877851107290327,"standard_error":0.011071597510901206}}