{"mean":{"confidence_interval":{"confidence_level":0.95,"lower_bound":1491328.9909375,"upper_bound":1495050.4588125001},"point_estimate":1493195.625,"standard_error":945.5938380470385},"median":{"confidence_interval":{"confidence_level":0.95,"lower_bound":1492711.75,"upper_bound":1495273.75},"point_estimate":1494149.5,"standard_error":528.6993919710161},"median_abs_dev":{"confidence_interval":{"confidence_level":0.95,"lower_bound":4068.069002777338,"upper_bound":6891.86597764492},"point_estimate":5601.818675547838,"standard_error":716.7561991272572},"slope":null,"std_dev":{"confidence_interval":{"confidence_level":0.95,"lower_bound":6386.940405892913,"upper_bound":12374.322759046461},"point_estimate":9504.722756272857,"standard_error":1527.3688410104155}}