{"mean":{"confidence_interval":{"confidence_level":0.95,"lower_bound":5.300507285084342,"upper_bound":5.477749058855349},"point_estimate":5.369867332178743,"standard_error":0.04753789603011298},"median":{"confidence_interval":{"confidence_level":0.95,"lower_bound":5.294840437922199,"upper_bound":5.299186997378052},"point_estimate":5.29694116995643,"standard_error":0.0008974684794173179},"median_abs_dev":{"confidence_interval":{"confidence_level":0.95,"lower_bound":0.006455973023605931,"upper_bound":0.013288424145461074},"point_estimate":0.008317770260056822,"standard_error":0.0017782855264035907},"slope":{"confidence_interval":{"confidence_level":0.95,"lower_bound":5.29738373140456,"upper_bound":5.307345154084633},"point_estimate":5.301858616741865,"standard_error":0.0025567268395221866},"std_dev":{"confidence_interval":{"confidence_level":0.95,"lower_bound":0.02719413349287182,"upper_bound":0.7732409827757495},"point_estimate":0.4784986990261688,"standard_error":0.20674268526364104}}