{"mean":{"confidence_interval":{"confidence_level":0.95,"lower_bound":4.63381775920368,"upper_bound":4.773028552857244},"point_estimate":4.690561377502833,"standard_error":0.036417558417129584},"median":{"confidence_interval":{"confidence_level":0.95,"lower_bound":4.691945238876647,"upper_bound":4.698249473525872},"point_estimate":4.69435668598565,"standard_error":0.0014238564722564052},"median_abs_dev":{"confidence_interval":{"confidence_level":0.95,"lower_bound":0.011424783736691726,"upper_bound":0.023784649360802834},"point_estimate":0.014274550621566903,"standard_error":0.003226355248404297},"slope":{"confidence_interval":{"confidence_level":0.95,"lower_bound":4.697797043016883,"upper_bound":4.714630848533602},"point_estimate":4.705477930565566,"standard_error":0.004306576942784594},"std_dev":{"confidence_interval":{"confidence_level":0.95,"lower_bound":0.1322048732208445,"upper_bound":0.5977496562438354},"point_estimate":0.36783465175170826,"standard_error":0.15146973204441178}}