{"mean":{"confidence_interval":{"confidence_level":0.95,"lower_bound":44.57255915907826,"upper_bound":47.80371316541407},"point_estimate":46.06426135575745,"standard_error":0.8285822168968681},"median":{"confidence_interval":{"confidence_level":0.95,"lower_bound":43.1,"upper_bound":43.50797438063063},"point_estimate":43.31735119047619,"standard_error":0.1097345101415499},"median_abs_dev":{"confidence_interval":{"confidence_level":0.95,"lower_bound":0.43177716461907073,"upper_bound":0.943057591068421},"point_estimate":0.6773487150280902,"standard_error":0.130387368420649},"slope":{"confidence_interval":{"confidence_level":0.95,"lower_bound":43.12065462815853,"upper_bound":43.78728563424876},"point_estimate":43.39884276636619,"standard_error":0.17196542854647756},"std_dev":{"confidence_interval":{"confidence_level":0.95,"lower_bound":5.186408570476364,"upper_bound":10.703607108524535},"point_estimate":8.306615608907908,"standard_error":1.4071464691925766}}