{"mean":{"confidence_interval":{"confidence_level":0.95,"lower_bound":43.597641526653206,"upper_bound":46.69649443523192},"point_estimate":44.951770010985136,"standard_error":0.7947818159653308},"median":{"confidence_interval":{"confidence_level":0.95,"lower_bound":42.54416212946158,"upper_bound":42.78611369990681},"point_estimate":42.62565308254963,"standard_error":0.06048657021336913},"median_abs_dev":{"confidence_interval":{"confidence_level":0.95,"lower_bound":0.29226208660866804,"upper_bound":0.689180742368909},"point_estimate":0.45350240870717107,"standard_error":0.09977249673820904},"slope":{"confidence_interval":{"confidence_level":0.95,"lower_bound":42.73681126612679,"upper_bound":43.21287403586522},"point_estimate":42.9648704921959,"standard_error":0.12144879658079676},"std_dev":{"confidence_interval":{"confidence_level":0.95,"lower_bound":3.5710392473562935,"upper_bound":11.887123173339207},"point_estimate":7.998224422815044,"standard_error":2.203761130668801}}