{"mean":{"confidence_interval":{"confidence_level":0.95,"lower_bound":32.294827187778544,"upper_bound":33.96423480846095},"point_estimate":33.073277757811724,"standard_error":0.42703966904347257},"median":{"confidence_interval":{"confidence_level":0.95,"lower_bound":30.656679151061173,"upper_bound":33.51878812199037},"point_estimate":31.14699288932313,"standard_error":0.9247270202804737},"median_abs_dev":{"confidence_interval":{"confidence_level":0.95,"lower_bound":0.7253540218666554,"upper_bound":4.054980338122072},"point_estimate":1.466652216602794,"standard_error":0.9693391915279946},"slope":{"confidence_interval":{"confidence_level":0.95,"lower_bound":30.745400432607802,"upper_bound":31.137800640750797},"point_estimate":30.91860924546253,"standard_error":0.10002042340546714},"std_dev":{"confidence_interval":{"confidence_level":0.95,"lower_bound":2.739691812892826,"upper_bound":5.597182512693545},"point_estimate":4.2990330497251135,"standard_error":0.7290481822574346}}