{"mean":{"confidence_interval":{"confidence_level":0.95,"lower_bound":199.38267693014996,"upper_bound":199.80860936319667},"point_estimate":199.56821935649583,"standard_error":0.10932847214887219},"median":{"confidence_interval":{"confidence_level":0.95,"lower_bound":199.20071946212266,"upper_bound":199.3063579006843},"point_estimate":199.23767681387744,"standard_error":0.03355408133246186},"median_abs_dev":{"confidence_interval":{"confidence_level":0.95,"lower_bound":0.1406905992952534,"upper_bound":0.3099390210179809},"point_estimate":0.2236095158923515,"standard_error":0.042989664207991725},"slope":{"confidence_interval":{"confidence_level":0.95,"lower_bound":199.15816819284825,"upper_bound":199.280109456585},"point_estimate":199.20869007562123,"standard_error":0.031691371568224005},"std_dev":{"confidence_interval":{"confidence_level":0.95,"lower_bound":0.4774734364103415,"upper_bound":1.6587012550781244},"point_estimate":1.1012877205831428,"standard_error":0.3135898369227296}}