{"mean":{"confidence_interval":{"confidence_level":0.95,"lower_bound":68.75985758519745,"upper_bound":68.85122841928587},"point_estimate":68.79941611908912,"standard_error":0.02354123617877532},"median":{"confidence_interval":{"confidence_level":0.95,"lower_bound":68.73910501623962,"upper_bound":68.76591091145949},"point_estimate":68.75334751859472,"standard_error":0.007995849003184057},"median_abs_dev":{"confidence_interval":{"confidence_level":0.95,"lower_bound":0.05019208262851448,"upper_bound":0.09277842349243459},"point_estimate":0.06529546234514674,"standard_error":0.010280497529492947},"slope":{"confidence_interval":{"confidence_level":0.95,"lower_bound":68.75866046684416,"upper_bound":68.78877905876293},"point_estimate":68.77356071563247,"standard_error":0.007670136107967679},"std_dev":{"confidence_interval":{"confidence_level":0.95,"lower_bound":0.09133425730446375,"upper_bound":0.3639921474017653},"point_estimate":0.23738936888167622,"standard_error":0.07339393300380574}}