{"mean":{"confidence_interval":{"confidence_level":0.95,"lower_bound":116.44791448250386,"upper_bound":116.6101098727608},"point_estimate":116.52544229742597,"standard_error":0.041380375019283884},"median":{"confidence_interval":{"confidence_level":0.95,"lower_bound":116.41272943283171,"upper_bound":116.48634421687873},"point_estimate":116.45475069141048,"standard_error":0.01883864705886265},"median_abs_dev":{"confidence_interval":{"confidence_level":0.95,"lower_bound":0.10145238501238225,"upper_bound":0.23751505324047223},"point_estimate":0.14942856316875788,"standard_error":0.03457634079648492},"slope":{"confidence_interval":{"confidence_level":0.95,"lower_bound":116.51864499252154,"upper_bound":116.68773081973914},"point_estimate":116.59807314946727,"standard_error":0.043311240123304326},"std_dev":{"confidence_interval":{"confidence_level":0.95,"lower_bound":0.2987198360226603,"upper_bound":0.5183466962846928},"point_estimate":0.4150157069103017,"standard_error":0.05616676964906786}}