{"mean":{"confidence_interval":{"confidence_level":0.95,"lower_bound":199.57796706793553,"upper_bound":199.99182510195868},"point_estimate":199.76140290122493,"standard_error":0.10714004375811612},"median":{"confidence_interval":{"confidence_level":0.95,"lower_bound":199.36436733737668,"upper_bound":199.48130136043608},"point_estimate":199.4246829279286,"standard_error":0.02719341321819321},"median_abs_dev":{"confidence_interval":{"confidence_level":0.95,"lower_bound":0.1268619186450605,"upper_bound":0.2972420579093462},"point_estimate":0.20673023152035508,"standard_error":0.0387396050076019},"slope":{"confidence_interval":{"confidence_level":0.95,"lower_bound":199.3427959698775,"upper_bound":199.39039533137816},"point_estimate":199.3643843853316,"standard_error":0.01217086612082223},"std_dev":{"confidence_interval":{"confidence_level":0.95,"lower_bound":0.48166012083822113,"upper_bound":1.5879636931121774},"point_estimate":1.0764731431995043,"standard_error":0.2897176799539663}}