{"mean":{"confidence_interval":{"confidence_level":0.95,"lower_bound":116.76802798173523,"upper_bound":116.90961403795046},"point_estimate":116.8328177042282,"standard_error":0.03611924592263527},"median":{"confidence_interval":{"confidence_level":0.95,"lower_bound":116.76594161612613,"upper_bound":116.82592331765576},"point_estimate":116.80601378058115,"standard_error":0.016413377752086258},"median_abs_dev":{"confidence_interval":{"confidence_level":0.95,"lower_bound":0.09742505091151282,"upper_bound":0.1970663458634224},"point_estimate":0.12567121804358763,"standard_error":0.024619761679702958},"slope":{"confidence_interval":{"confidence_level":0.95,"lower_bound":116.7812414626949,"upper_bound":116.84489179677979},"point_estimate":116.81343305757574,"standard_error":0.01616215283092042},"std_dev":{"confidence_interval":{"confidence_level":0.95,"lower_bound":0.19768854953604245,"upper_bound":0.5168312482836827},"point_estimate":0.363232481867942,"standard_error":0.08412534010670962}}