{"mean":{"confidence_interval":{"confidence_level":0.95,"lower_bound":70.04643554584983,"upper_bound":70.28749146361714},"point_estimate":70.16127861938345,"standard_error":0.06123204143579883},"median":{"confidence_interval":{"confidence_level":0.95,"lower_bound":70.17716718266254,"upper_bound":70.26140223695111},"point_estimate":70.21836579644484,"standard_error":0.021415791801365262},"median_abs_dev":{"confidence_interval":{"confidence_level":0.95,"lower_bound":0.13703001390042197,"upper_bound":0.2622582024413253},"point_estimate":0.18520652485444836,"standard_error":0.033162531599352},"slope":{"confidence_interval":{"confidence_level":0.95,"lower_bound":70.26771125342854,"upper_bound":70.36788319597468},"point_estimate":70.31150423552013,"standard_error":0.025955686141565543},"std_dev":{"confidence_interval":{"confidence_level":0.95,"lower_bound":0.3337977370888075,"upper_bound":0.8814791814178422},"point_estimate":0.6158556449626631,"standard_error":0.1435899470229541}}