{"mean":{"confidence_interval":{"confidence_level":0.95,"lower_bound":69.29664164610342,"upper_bound":69.58571863965442},"point_estimate":69.40994440066783,"standard_error":0.0764327479158672},"median":{"confidence_interval":{"confidence_level":0.95,"lower_bound":69.24637174849858,"upper_bound":69.27715147433457},"point_estimate":69.26309948425789,"standard_error":0.008390125761120778},"median_abs_dev":{"confidence_interval":{"confidence_level":0.95,"lower_bound":0.04918327993694079,"upper_bound":0.09113846752956142},"point_estimate":0.07037895566686274,"standard_error":0.010587573306269804},"slope":{"confidence_interval":{"confidence_level":0.95,"lower_bound":69.25191329794848,"upper_bound":69.31856151904603},"point_estimate":69.28023201201121,"standard_error":0.01718854773900795},"std_dev":{"confidence_interval":{"confidence_level":0.95,"lower_bound":0.1891987808449916,"upper_bound":1.258923313415964},"point_estimate":0.7675228367086758,"standard_error":0.3319084297811928}}