{"mean":{"confidence_interval":{"confidence_level":0.95,"lower_bound":69.94427434603385,"upper_bound":70.10796961055696},"point_estimate":70.01123670660087,"standard_error":0.04270937963116801},"median":{"confidence_interval":{"confidence_level":0.95,"lower_bound":69.98433252332923,"upper_bound":70.02841235094647},"point_estimate":70.01401925661467,"standard_error":0.0121607175507545},"median_abs_dev":{"confidence_interval":{"confidence_level":0.95,"lower_bound":0.05291400438358561,"upper_bound":0.10675690533175568},"point_estimate":0.07752423033090262,"standard_error":0.013629708866961543},"slope":{"confidence_interval":{"confidence_level":0.95,"lower_bound":70.01742220137176,"upper_bound":70.04353872310665},"point_estimate":70.030304774008,"standard_error":0.006634493454133724},"std_dev":{"confidence_interval":{"confidence_level":0.95,"lower_bound":0.13864347769881347,"upper_bound":0.6979461379081235},"point_estimate":0.42855945851736815,"standard_error":0.17557698394133348}}