{"mean":{"confidence_interval":{"confidence_level":0.95,"lower_bound":70.61880081276486,"upper_bound":70.83037088784013},"point_estimate":70.71255564594689,"standard_error":0.054210169134368366},"median":{"confidence_interval":{"confidence_level":0.95,"lower_bound":70.58698065458145,"upper_bound":70.6331033188536},"point_estimate":70.60934639346593,"standard_error":0.013150094996110811},"median_abs_dev":{"confidence_interval":{"confidence_level":0.95,"lower_bound":0.06841251381314717,"upper_bound":0.15403696470553302},"point_estimate":0.09737448048136563,"standard_error":0.02203092079678364},"slope":{"confidence_interval":{"confidence_level":0.95,"lower_bound":70.6143007379949,"upper_bound":70.69280997448678},"point_estimate":70.64861016064334,"standard_error":0.020173329918250587},"std_dev":{"confidence_interval":{"confidence_level":0.95,"lower_bound":0.23578544477861413,"upper_bound":0.8039717236214916},"point_estimate":0.5444775527358725,"standard_error":0.14800843990369097}}