{"mean":{"confidence_interval":{"confidence_level":0.95,"lower_bound":70.36632367018234,"upper_bound":70.69311183531136},"point_estimate":70.51772934045124,"standard_error":0.08358820569166858},"median":{"confidence_interval":{"confidence_level":0.95,"lower_bound":70.14980081150867,"upper_bound":70.22174679290134},"point_estimate":70.1837021415109,"standard_error":0.01905619919744788},"median_abs_dev":{"confidence_interval":{"confidence_level":0.95,"lower_bound":0.07121979954710927,"upper_bound":0.15927694385161933},"point_estimate":0.10825632231624606,"standard_error":0.023247539033793545},"slope":{"confidence_interval":{"confidence_level":0.95,"lower_bound":70.24700797562564,"upper_bound":70.43990898786038},"point_estimate":70.33420492738836,"standard_error":0.049422833950814406},"std_dev":{"confidence_interval":{"confidence_level":0.95,"lower_bound":0.523201932621746,"upper_bound":1.107007861041612},"point_estimate":0.8394042108963287,"standard_error":0.14909593835526608}}