{"mean":{"confidence_interval":{"confidence_level":0.95,"lower_bound":69.18014010093506,"upper_bound":69.77357108126954},"point_estimate":69.4830757358812,"standard_error":0.1521926638902269},"median":{"confidence_interval":{"confidence_level":0.95,"lower_bound":69.85453216374269,"upper_bound":70.19197733918129},"point_estimate":70.0410218668364,"standard_error":0.07958536332884683},"median_abs_dev":{"confidence_interval":{"confidence_level":0.95,"lower_bound":0.5196429582390639,"upper_bound":1.1519358650762679},"point_estimate":0.6862738627903125,"standard_error":0.15627597274357866},"slope":{"confidence_interval":{"confidence_level":0.95,"lower_bound":69.24336164851027,"upper_bound":69.97815612926051},"point_estimate":69.62338882493906,"standard_error":0.1877686872306649},"std_dev":{"confidence_interval":{"confidence_level":0.95,"lower_bound":1.2690833585807144,"upper_bound":1.7687397294649851},"point_estimate":1.5356933387677716,"standard_error":0.12773376762927496}}