{"mean":{"confidence_interval":{"confidence_level":0.95,"lower_bound":69.8015653957405,"upper_bound":69.90629603743102},"point_estimate":69.84439200351447,"standard_error":0.027386217973556493},"median":{"confidence_interval":{"confidence_level":0.95,"lower_bound":69.78338508550273,"upper_bound":69.8030199556541},"point_estimate":69.7947036820857,"standard_error":0.005425769130396993},"median_abs_dev":{"confidence_interval":{"confidence_level":0.95,"lower_bound":0.03945183624168827,"upper_bound":0.06622076088620135},"point_estimate":0.05162453566145461,"standard_error":0.006590996348804436},"slope":{"confidence_interval":{"confidence_level":0.95,"lower_bound":69.77986550652436,"upper_bound":69.80006299563397},"point_estimate":69.7899247288311,"standard_error":0.005152393205858096},"std_dev":{"confidence_interval":{"confidence_level":0.95,"lower_bound":0.07253294555745984,"upper_bound":0.4404940933528141},"point_estimate":0.27437706394328637,"standard_error":0.10564628435501246}}