{"mean":{"confidence_interval":{"confidence_level":0.95,"lower_bound":192.0803840817973,"upper_bound":192.2487471113318},"point_estimate":192.15706314269963,"standard_error":0.043125005877373106},"median":{"confidence_interval":{"confidence_level":0.95,"lower_bound":192.00611712096259,"upper_bound":192.07926417841543},"point_estimate":192.04846549948508,"standard_error":0.019451733463592812},"median_abs_dev":{"confidence_interval":{"confidence_level":0.95,"lower_bound":0.13762971564594115,"upper_bound":0.229587862516703},"point_estimate":0.19085654612658937,"standard_error":0.023318646686837023},"slope":{"confidence_interval":{"confidence_level":0.95,"lower_bound":191.98788754575486,"upper_bound":192.078768936211},"point_estimate":192.03176218813144,"standard_error":0.023177525162876546},"std_dev":{"confidence_interval":{"confidence_level":0.95,"lower_bound":0.24406577872202287,"upper_bound":0.5924365202021991},"point_estimate":0.432522920903623,"standard_error":0.09003803995467834}}