{"mean":{"confidence_interval":{"confidence_level":0.95,"lower_bound":69.57372228944345,"upper_bound":69.68173358344697},"point_estimate":69.62100300466177,"standard_error":0.027701692110231525},"median":{"confidence_interval":{"confidence_level":0.95,"lower_bound":69.61519447473646,"upper_bound":69.6489672082713},"point_estimate":69.63501952442559,"standard_error":0.007970739502450903},"median_abs_dev":{"confidence_interval":{"confidence_level":0.95,"lower_bound":0.04395858264876735,"upper_bound":0.07251215500093917},"point_estimate":0.05600141627625761,"standard_error":0.007219584422911556},"slope":{"confidence_interval":{"confidence_level":0.95,"lower_bound":69.63987997661133,"upper_bound":69.6678492301236},"point_estimate":69.65336696781057,"standard_error":0.007141991515883106},"std_dev":{"confidence_interval":{"confidence_level":0.95,"lower_bound":0.11601643201370253,"upper_bound":0.4381925709613962},"point_estimate":0.2782076486571254,"standard_error":0.09540450598454908}}