{"mean":{"confidence_interval":{"confidence_level":0.95,"lower_bound":69.97698958369875,"upper_bound":70.09730433461513},"point_estimate":70.03227139758079,"standard_error":0.03066099586760759},"median":{"confidence_interval":{"confidence_level":0.95,"lower_bound":70.0373473897449,"upper_bound":70.07733377088908},"point_estimate":70.05402525212135,"standard_error":0.00988934064898374},"median_abs_dev":{"confidence_interval":{"confidence_level":0.95,"lower_bound":0.058411487629547065,"upper_bound":0.10856140199007352},"point_estimate":0.07669760417763131,"standard_error":0.012869948736906191},"slope":{"confidence_interval":{"confidence_level":0.95,"lower_bound":70.07140214437119,"upper_bound":70.12220106898194},"point_estimate":70.09424218945571,"standard_error":0.013061837536483566},"std_dev":{"confidence_interval":{"confidence_level":0.95,"lower_bound":0.15967269735001763,"upper_bound":0.4622936579668091},"point_estimate":0.3078975240094554,"standard_error":0.08509306801488697}}