{"mean":{"confidence_interval":{"confidence_level":0.95,"lower_bound":116.84478417701456,"upper_bound":117.01169421274321},"point_estimate":116.92359736961049,"standard_error":0.04270441219793307},"median":{"confidence_interval":{"confidence_level":0.95,"lower_bound":116.78958503958503,"upper_bound":116.84218854701808},"point_estimate":116.81400172309263,"standard_error":0.013295435750372021},"median_abs_dev":{"confidence_interval":{"confidence_level":0.95,"lower_bound":0.09972611469409629,"upper_bound":0.17526892949721135},"point_estimate":0.13338496017843796,"standard_error":0.019324517737813747},"slope":{"confidence_interval":{"confidence_level":0.95,"lower_bound":116.8094664563815,"upper_bound":116.95294736048542},"point_estimate":116.86928803751694,"standard_error":0.03719652424609553},"std_dev":{"confidence_interval":{"confidence_level":0.95,"lower_bound":0.29152174153177757,"upper_bound":0.5404909041906705},"point_estimate":0.4286624284877176,"standard_error":0.06345066667252132}}