{"mean":{"confidence_interval":{"confidence_level":0.95,"lower_bound":70.15572624452659,"upper_bound":70.27574887902286},"point_estimate":70.205944295039,"standard_error":0.031215659156470923},"median":{"confidence_interval":{"confidence_level":0.95,"lower_bound":70.13606573606573,"upper_bound":70.15607094659727},"point_estimate":70.14708323644162,"standard_error":0.0045841723023437985},"median_abs_dev":{"confidence_interval":{"confidence_level":0.95,"lower_bound":0.04082804498033567,"upper_bound":0.07149694293972676},"point_estimate":0.05578510740123295,"standard_error":0.007964212618496414},"slope":{"confidence_interval":{"confidence_level":0.95,"lower_bound":70.14063887503325,"upper_bound":70.18649826300498},"point_estimate":70.1604179017869,"standard_error":0.011784883121529853},"std_dev":{"confidence_interval":{"confidence_level":0.95,"lower_bound":0.08212965848886158,"upper_bound":0.49675051277720256},"point_estimate":0.3137965144099499,"standard_error":0.11217683932569036}}