{"mean":{"confidence_interval":{"confidence_level":0.95,"lower_bound":93.87459293249827,"upper_bound":94.18046725133128},"point_estimate":94.01056319979587,"standard_error":0.0784435652082131},"median":{"confidence_interval":{"confidence_level":0.95,"lower_bound":93.84493352497304,"upper_bound":94.00778536351659},"point_estimate":93.95694993412386,"standard_error":0.042396184368973445},"median_abs_dev":{"confidence_interval":{"confidence_level":0.95,"lower_bound":0.21281112993092824,"upper_bound":0.3381265310030096},"point_estimate":0.2733090149212801,"standard_error":0.03312352000363464},"slope":{"confidence_interval":{"confidence_level":0.95,"lower_bound":93.95711474542784,"upper_bound":94.06909561198427},"point_estimate":94.01329914237368,"standard_error":0.028429134378144857},"std_dev":{"confidence_interval":{"confidence_level":0.95,"lower_bound":0.36436945301460183,"upper_bound":1.1772011484606275},"point_estimate":0.7860756581301642,"standard_error":0.21818671708616943}}