{"mean":{"confidence_interval":{"confidence_level":0.95,"lower_bound":205.30599323002716,"upper_bound":208.27770806855895},"point_estimate":206.6999606815357,"standard_error":0.7617335730810917},"median":{"confidence_interval":{"confidence_level":0.95,"lower_bound":204.52257137560252,"upper_bound":206.0122667161043},"point_estimate":205.06782462263493,"standard_error":0.30312323519124235},"median_abs_dev":{"confidence_interval":{"confidence_level":0.95,"lower_bound":2.703683905747079,"upper_bound":4.343704477454252},"point_estimate":3.6135319653747318,"standard_error":0.41210648800058364},"slope":{"confidence_interval":{"confidence_level":0.95,"lower_bound":205.72229246757203,"upper_bound":208.7886112235135},"point_estimate":207.1916690416572,"standard_error":0.7810024875053273},"std_dev":{"confidence_interval":{"confidence_level":0.95,"lower_bound":5.169842531639088,"upper_bound":9.844689787974428},"point_estimate":7.614066440630542,"standard_error":1.200079515229115}}