{"mean":{"confidence_interval":{"confidence_level":0.95,"lower_bound":69.89526164106425,"upper_bound":70.05968764102627},"point_estimate":69.9637549386924,"standard_error":0.0429074316367859},"median":{"confidence_interval":{"confidence_level":0.95,"lower_bound":69.8676531184091,"upper_bound":69.90169763644681},"point_estimate":69.88793096383148,"standard_error":0.009250672079317407},"median_abs_dev":{"confidence_interval":{"confidence_level":0.95,"lower_bound":0.05204083575929099,"upper_bound":0.08469164471036086},"point_estimate":0.06800849121260175,"standard_error":0.008518090887727372},"slope":{"confidence_interval":{"confidence_level":0.95,"lower_bound":69.86320233883714,"upper_bound":69.95523006556918},"point_estimate":69.89724558856365,"standard_error":0.025154807102307965},"std_dev":{"confidence_interval":{"confidence_level":0.95,"lower_bound":0.11271347675696167,"upper_bound":0.6859005502182461},"point_estimate":0.4318671038665402,"standard_error":0.15861118794953719}}