{"mean":{"confidence_interval":{"confidence_level":0.95,"lower_bound":69.3052979444627,"upper_bound":69.42960541559388},"point_estimate":69.36483750576289,"standard_error":0.0315281389560109},"median":{"confidence_interval":{"confidence_level":0.95,"lower_bound":69.37133778077077,"upper_bound":69.40552098408104},"point_estimate":69.39457318690314,"standard_error":0.010402730346685185},"median_abs_dev":{"confidence_interval":{"confidence_level":0.95,"lower_bound":0.05528294710348108,"upper_bound":0.10864172603804925},"point_estimate":0.07732587312835919,"standard_error":0.013359760988248036},"slope":{"confidence_interval":{"confidence_level":0.95,"lower_bound":69.40071435664628,"upper_bound":69.44477854846932},"point_estimate":69.41996090887142,"standard_error":0.011268885636868831},"std_dev":{"confidence_interval":{"confidence_level":0.95,"lower_bound":0.15380884588874022,"upper_bound":0.4516845266449098},"point_estimate":0.31619867525979145,"standard_error":0.07545368180522696}}