{"mean":{"confidence_interval":{"confidence_level":0.95,"lower_bound":236.9825091854063,"upper_bound":241.16775356886947},"point_estimate":238.97415377945384,"standard_error":1.065517206985102},"median":{"confidence_interval":{"confidence_level":0.95,"lower_bound":234.76104218362283,"upper_bound":236.9899415101028},"point_estimate":235.99451636878004,"standard_error":0.6156033530307468},"median_abs_dev":{"confidence_interval":{"confidence_level":0.95,"lower_bound":4.997499100277062,"upper_bound":8.52866434809944},"point_estimate":6.979060608323427,"standard_error":0.9290315292193538},"slope":{"confidence_interval":{"confidence_level":0.95,"lower_bound":236.39454910825455,"upper_bound":241.46956603954368},"point_estimate":238.65798766529,"standard_error":1.3028302877122062},"std_dev":{"confidence_interval":{"confidence_level":0.95,"lower_bound":8.075687716232313,"upper_bound":13.011049080160277},"point_estimate":10.720374516530617,"standard_error":1.2608734396852979}}