{"mean":{"confidence_interval":{"confidence_level":0.95,"lower_bound":189.50869398474305,"upper_bound":189.71493817637568},"point_estimate":189.60502372957947,"standard_error":0.05278594058290275},"median":{"confidence_interval":{"confidence_level":0.95,"lower_bound":189.39624881291547,"upper_bound":189.54717433949665},"point_estimate":189.46972646112323,"standard_error":0.0362236696078842},"median_abs_dev":{"confidence_interval":{"confidence_level":0.95,"lower_bound":0.23094632869916032,"upper_bound":0.3732952095863842},"point_estimate":0.31309809773865016,"standard_error":0.036667691348570335},"slope":{"confidence_interval":{"confidence_level":0.95,"lower_bound":189.37380033136662,"upper_bound":189.51636420190437},"point_estimate":189.442218281862,"standard_error":0.036457717478604525},"std_dev":{"confidence_interval":{"confidence_level":0.95,"lower_bound":0.34155962969489934,"upper_bound":0.7060235655079727},"point_estimate":0.5340164086027341,"standard_error":0.09373729382995508}}