{"mean":{"confidence_interval":{"confidence_level":0.95,"lower_bound":116.78627671296233,"upper_bound":116.90218553423618},"point_estimate":116.84225640357923,"standard_error":0.029520955902023638},"median":{"confidence_interval":{"confidence_level":0.95,"lower_bound":116.80620714543485,"upper_bound":116.85249399839957},"point_estimate":116.82965366356348,"standard_error":0.011878924409852226},"median_abs_dev":{"confidence_interval":{"confidence_level":0.95,"lower_bound":0.09481620747561417,"upper_bound":0.1849920608524309},"point_estimate":0.12993870974312444,"standard_error":0.022827822817481982},"slope":{"confidence_interval":{"confidence_level":0.95,"lower_bound":116.85399623924587,"upper_bound":116.94010811364589},"point_estimate":116.89472536968924,"standard_error":0.022083810425840286},"std_dev":{"confidence_interval":{"confidence_level":0.95,"lower_bound":0.21080735037931644,"upper_bound":0.3801348733191006},"point_estimate":0.2958423177322937,"standard_error":0.04371133662685073}}