{"mean":{"confidence_interval":{"confidence_level":0.95,"lower_bound":70.05895320185424,"upper_bound":72.76116475794196},"point_estimate":71.20987871090335,"standard_error":0.6974717038527264},"median":{"confidence_interval":{"confidence_level":0.95,"lower_bound":69.64659173493658,"upper_bound":69.68541414980369},"point_estimate":69.67000711955787,"standard_error":0.00976543277063263},"median_abs_dev":{"confidence_interval":{"confidence_level":0.95,"lower_bound":0.07046116849600921,"upper_bound":0.11496620296358266},"point_estimate":0.08534993376724992,"standard_error":0.011495829787434674},"slope":{"confidence_interval":{"confidence_level":0.95,"lower_bound":70.45291914281172,"upper_bound":75.76583821827377},"point_estimate":72.72277736239651,"standard_error":1.3754302854509843},"std_dev":{"confidence_interval":{"confidence_level":0.95,"lower_bound":2.610106551518719,"upper_bound":10.742081592551182},"point_estimate":7.003030832040802,"standard_error":2.201265081315945}}