{"mean":{"confidence_interval":{"confidence_level":0.95,"lower_bound":69.95296450202169,"upper_bound":70.07055712300884},"point_estimate":70.00638094107423,"standard_error":0.02993414447832655},"median":{"confidence_interval":{"confidence_level":0.95,"lower_bound":69.9826318054316,"upper_bound":70.02762302639752},"point_estimate":70.01107430741851,"standard_error":0.011911566358487415},"median_abs_dev":{"confidence_interval":{"confidence_level":0.95,"lower_bound":0.055557116723872695,"upper_bound":0.0908650906069589},"point_estimate":0.07035986240665532,"standard_error":0.00866237380739719},"slope":{"confidence_interval":{"confidence_level":0.95,"lower_bound":70.01516874487746,"upper_bound":70.07727243743948},"point_estimate":70.03886287689915,"standard_error":0.0167448925961256},"std_dev":{"confidence_interval":{"confidence_level":0.95,"lower_bound":0.13265511326959173,"upper_bound":0.45423946538969906},"point_estimate":0.3007256823963985,"standard_error":0.08569181050945344}}