{"mean":{"confidence_interval":{"confidence_level":0.95,"lower_bound":192.7146126862336,"upper_bound":192.87827455150475},"point_estimate":192.7903012890535,"standard_error":0.041927303230186334},"median":{"confidence_interval":{"confidence_level":0.95,"lower_bound":192.6243165600964,"upper_bound":192.69638220529686},"point_estimate":192.66123319997297,"standard_error":0.01644394807833707},"median_abs_dev":{"confidence_interval":{"confidence_level":0.95,"lower_bound":0.10150193496355532,"upper_bound":0.18519901799571772},"point_estimate":0.13707105524866714,"standard_error":0.021086561149576598},"slope":{"confidence_interval":{"confidence_level":0.95,"lower_bound":192.6069582583679,"upper_bound":192.65211973048457},"point_estimate":192.62848556141387,"standard_error":0.011568205644851075},"std_dev":{"confidence_interval":{"confidence_level":0.95,"lower_bound":0.26015927606654665,"upper_bound":0.550755801075156},"point_estimate":0.42025853872766755,"standard_error":0.07395004755151477}}