{"mean":{"confidence_interval":{"confidence_level":0.95,"lower_bound":69.33898836576981,"upper_bound":69.5432940119006},"point_estimate":69.42040995018344,"standard_error":0.054080037699250676},"median":{"confidence_interval":{"confidence_level":0.95,"lower_bound":69.3845103749545,"upper_bound":69.42304523595118},"point_estimate":69.40698701613883,"standard_error":0.009428120647096723},"median_abs_dev":{"confidence_interval":{"confidence_level":0.95,"lower_bound":0.06027921279438241,"upper_bound":0.11206208907969799},"point_estimate":0.08376173232525432,"standard_error":0.013456397281452327},"slope":{"confidence_interval":{"confidence_level":0.95,"lower_bound":69.41548454196109,"upper_bound":69.45516381634815},"point_estimate":69.43385447020162,"standard_error":0.010135620678367829},"std_dev":{"confidence_interval":{"confidence_level":0.95,"lower_bound":0.14700746068695206,"upper_bound":0.9052185812096979},"point_estimate":0.5457705133713439,"standard_error":0.2455041752722049}}