{"mean":{"confidence_interval":{"confidence_level":0.95,"lower_bound":70.45063561388606,"upper_bound":70.62100304761107},"point_estimate":70.52225433157683,"standard_error":0.04405066533441691},"median":{"confidence_interval":{"confidence_level":0.95,"lower_bound":70.50704837328392,"upper_bound":70.5364329434384},"point_estimate":70.51930970586017,"standard_error":0.0067219350003643145},"median_abs_dev":{"confidence_interval":{"confidence_level":0.95,"lower_bound":0.06872039024523459,"upper_bound":0.11352098480558308},"point_estimate":0.09469523563701758,"standard_error":0.011362476267142254},"slope":{"confidence_interval":{"confidence_level":0.95,"lower_bound":70.53061275952562,"upper_bound":70.57678847471058},"point_estimate":70.55248055873496,"standard_error":0.011774671150812039},"std_dev":{"confidence_interval":{"confidence_level":0.95,"lower_bound":0.15361159651463083,"upper_bound":0.7176454951467944},"point_estimate":0.44369384098237313,"standard_error":0.17202771054769037}}