{"mean":{"confidence_interval":{"confidence_level":0.95,"lower_bound":176.61478600891067,"upper_bound":177.0193386671366},"point_estimate":176.7932307897001,"standard_error":0.10438889898498808},"median":{"confidence_interval":{"confidence_level":0.95,"lower_bound":176.35798810214249,"upper_bound":176.5990548204159},"point_estimate":176.4179814035689,"standard_error":0.0563213649079539},"median_abs_dev":{"confidence_interval":{"confidence_level":0.95,"lower_bound":0.14085758617240085,"upper_bound":0.45228288557584195},"point_estimate":0.27128031262149566,"standard_error":0.08622684192401896},"slope":{"confidence_interval":{"confidence_level":0.95,"lower_bound":176.36616839601697,"upper_bound":176.42315598110704},"point_estimate":176.39248797748888,"standard_error":0.014575161296277573},"std_dev":{"confidence_interval":{"confidence_level":0.95,"lower_bound":0.4599338141567031,"upper_bound":1.547981281924003},"point_estimate":1.0520531441932637,"standard_error":0.28970437322183734}}