{"mean":{"confidence_interval":{"confidence_level":0.95,"lower_bound":29.540243283426772,"upper_bound":30.066959395565664},"point_estimate":29.774258908841297,"standard_error":0.13542771453418448},"median":{"confidence_interval":{"confidence_level":0.95,"lower_bound":29.273894302848575,"upper_bound":29.682989690721648},"point_estimate":29.304126725773735,"standard_error":0.1145407976862367},"median_abs_dev":{"confidence_interval":{"confidence_level":0.95,"lower_bound":0.17846349159132327,"upper_bound":0.6273169646647792},"point_estimate":0.29635426975010914,"standard_error":0.11810704074255246},"slope":{"confidence_interval":{"confidence_level":0.95,"lower_bound":29.543642179010433,"upper_bound":29.69841202875827},"point_estimate":29.621421528411204,"standard_error":0.03934892270915682},"std_dev":{"confidence_interval":{"confidence_level":0.95,"lower_bound":0.533140724012915,"upper_bound":1.9395530279542557},"point_estimate":1.3622720684657332,"standard_error":0.3423422827996851}}