{"mean":{"confidence_interval":{"confidence_level":0.95,"lower_bound":29.201561348327758,"upper_bound":30.980524940583788},"point_estimate":29.977977504332557,"standard_error":0.454018701983554},"median":{"confidence_interval":{"confidence_level":0.95,"lower_bound":28.86885226286502,"upper_bound":29.06188322368421},"point_estimate":28.890806525735293,"standard_error":0.0532859464615089},"median_abs_dev":{"confidence_interval":{"confidence_level":0.95,"lower_bound":0.1304249410233759,"upper_bound":0.3946952389577328},"point_estimate":0.20311288701902466,"standard_error":0.0752699841960989},"slope":{"confidence_interval":{"confidence_level":0.95,"lower_bound":29.117543882723652,"upper_bound":29.61792861571611},"point_estimate":29.31823405404906,"standard_error":0.13189421322696068},"std_dev":{"confidence_interval":{"confidence_level":0.95,"lower_bound":0.9511132962987181,"upper_bound":6.739374729377774},"point_estimate":4.561000153523716,"standard_error":1.3620352285338173}}