{"mean":{"confidence_interval":{"confidence_level":0.95,"lower_bound":29.51959080440261,"upper_bound":30.947584371592384},"point_estimate":30.14321584559774,"standard_error":0.36706355297775006},"median":{"confidence_interval":{"confidence_level":0.95,"lower_bound":29.290571686351704,"upper_bound":29.538915808600848},"point_estimate":29.39593440436881,"standard_error":0.08023216361794139},"median_abs_dev":{"confidence_interval":{"confidence_level":0.95,"lower_bound":0.416344715853685,"upper_bound":0.8029343749132641},"point_estimate":0.6715715443907808,"standard_error":0.09722403564475045},"slope":{"confidence_interval":{"confidence_level":0.95,"lower_bound":29.284399119059657,"upper_bound":29.53856599696991},"point_estimate":29.415135482639815,"standard_error":0.06479202398883759},"std_dev":{"confidence_interval":{"confidence_level":0.95,"lower_bound":1.008015324096234,"upper_bound":5.410838803079105},"point_estimate":3.6976511436825774,"standard_error":1.0474212299961243}}