{"mean":{"confidence_interval":{"confidence_level":0.95,"lower_bound":32.507238178475845,"upper_bound":34.97243620020311},"point_estimate":33.54786094082233,"standard_error":0.6381671205698269},"median":{"confidence_interval":{"confidence_level":0.95,"lower_bound":32.00000145276762,"upper_bound":32.403167420814476},"point_estimate":32.038766805949464,"standard_error":0.13552482735892685},"median_abs_dev":{"confidence_interval":{"confidence_level":0.95,"lower_bound":0.358809384301764,"upper_bound":0.6604592390737054},"point_estimate":0.49056855500503893,"standard_error":0.07365497255509064},"slope":{"confidence_interval":{"confidence_level":0.95,"lower_bound":32.27103304363702,"upper_bound":32.54078208544129},"point_estimate":32.39341704184601,"standard_error":0.06914231540933655},"std_dev":{"confidence_interval":{"confidence_level":0.95,"lower_bound":2.245987176273486,"upper_bound":9.981071142779912},"point_estimate":6.402606082039668,"standard_error":2.1356395050452117}}