{"mean":{"confidence_interval":{"confidence_level":0.95,"lower_bound":30.896846201720944,"upper_bound":31.96177239632648},"point_estimate":31.36139775688822,"standard_error":0.2739126936466754},"median":{"confidence_interval":{"confidence_level":0.95,"lower_bound":30.619747899159663,"upper_bound":30.933952541922118},"point_estimate":30.771329365079367,"standard_error":0.0985369367965828},"median_abs_dev":{"confidence_interval":{"confidence_level":0.95,"lower_bound":0.25632578137820505,"upper_bound":0.542071406510197},"point_estimate":0.3873914227961492,"standard_error":0.07074712635829655},"slope":{"confidence_interval":{"confidence_level":0.95,"lower_bound":30.822580487987118,"upper_bound":31.00122168568536},"point_estimate":30.90682917332245,"standard_error":0.04575595414862845},"std_dev":{"confidence_interval":{"confidence_level":0.95,"lower_bound":0.6425124904574339,"upper_bound":4.062962703876161},"point_estimate":2.751487258942557,"standard_error":0.8144574611397771}}