{"mean":{"confidence_interval":{"confidence_level":0.95,"lower_bound":32.81384687865189,"upper_bound":34.06137274809356},"point_estimate":33.376579259388386,"standard_error":0.3201716557533807},"median":{"confidence_interval":{"confidence_level":0.95,"lower_bound":32.331498211932995,"upper_bound":32.58791172595521},"point_estimate":32.49226883037355,"standard_error":0.07169343818676076},"median_abs_dev":{"confidence_interval":{"confidence_level":0.95,"lower_bound":0.4156939839547081,"upper_bound":0.7408340841662222},"point_estimate":0.5583896454761189,"standard_error":0.08175675808186868},"slope":{"confidence_interval":{"confidence_level":0.95,"lower_bound":32.96239129391329,"upper_bound":34.954411985866464},"point_estimate":33.88640373446819,"standard_error":0.5100575937798779},"std_dev":{"confidence_interval":{"confidence_level":0.95,"lower_bound":1.7211318624163392,"upper_bound":4.482996257654701},"point_estimate":3.2229857376130315,"standard_error":0.7097897968921532}}