{"mean":{"confidence_interval":{"confidence_level":0.95,"lower_bound":35.77776638597029,"upper_bound":37.532779642728194},"point_estimate":36.56406352544199,"standard_error":0.4530548368462653},"median":{"confidence_interval":{"confidence_level":0.95,"lower_bound":34.65143872144135,"upper_bound":36.66317339338299},"point_estimate":36.06525008612998,"standard_error":0.628407586251242},"median_abs_dev":{"confidence_interval":{"confidence_level":0.95,"lower_bound":1.0668384507106297,"upper_bound":2.5014383241736815},"point_estimate":2.343195675531433,"standard_error":0.39219525809449884},"slope":{"confidence_interval":{"confidence_level":0.95,"lower_bound":35.37761960159047,"upper_bound":36.10017203718759},"point_estimate":35.716755404862006,"standard_error":0.1851553148646895},"std_dev":{"confidence_interval":{"confidence_level":0.95,"lower_bound":1.9236529796634496,"upper_bound":6.4270855937178055},"point_estimate":4.563431810711175,"standard_error":1.1007339313471252}}