{"mean":{"confidence_interval":{"confidence_level":0.95,"lower_bound":0.987287214943518,"upper_bound":1.0063812579067208},"point_estimate":0.994796096872101,"standard_error":0.005041649900937831},"median":{"confidence_interval":{"confidence_level":0.95,"lower_bound":0.9855817278747743,"upper_bound":0.987178232076015},"point_estimate":0.9860913423476633,"standard_error":0.0003449181041840982},"median_abs_dev":{"confidence_interval":{"confidence_level":0.95,"lower_bound":0.002633388207031646,"upper_bound":0.004964163718754599},"point_estimate":0.0036935848347914736,"standard_error":0.0005615314541107529},"slope":{"confidence_interval":{"confidence_level":0.95,"lower_bound":0.9851677738838789,"upper_bound":0.9871648520421242},"point_estimate":0.9860626586267404,"standard_error":0.0005109204880897369},"std_dev":{"confidence_interval":{"confidence_level":0.95,"lower_bound":0.006490867664545888,"upper_bound":0.08369858284881226},"point_estimate":0.05087521080738577,"standard_error":0.02226202135553321}}