{"mean":{"confidence_interval":{"confidence_level":0.95,"lower_bound":1.0772413401333816,"upper_bound":1.1024310323607278},"point_estimate":1.087616450135003,"standard_error":0.0067059156369298975},"median":{"confidence_interval":{"confidence_level":0.95,"lower_bound":1.0752482807163672,"upper_bound":1.0785927839859553},"point_estimate":1.0765704598628836,"standard_error":0.0007366448766289972},"median_abs_dev":{"confidence_interval":{"confidence_level":0.95,"lower_bound":0.005123720209976895,"upper_bound":0.008397852835442221},"point_estimate":0.006238971725946015,"standard_error":0.0008421321356102864},"slope":{"confidence_interval":{"confidence_level":0.95,"lower_bound":1.0757633137222287,"upper_bound":1.0779124450944941},"point_estimate":1.0768072312014578,"standard_error":0.0005487407776507652},"std_dev":{"confidence_interval":{"confidence_level":0.95,"lower_bound":0.009110822121266612,"upper_bound":0.10441660803905149},"point_estimate":0.06728726200809271,"standard_error":0.026035195393978708}}