{"mean":{"confidence_interval":{"confidence_level":0.95,"lower_bound":1.059158361617689,"upper_bound":1.0880752907296747},"point_estimate":1.0711322717290832,"standard_error":0.007523088614374019},"median":{"confidence_interval":{"confidence_level":0.95,"lower_bound":1.0549387829939367,"upper_bound":1.0576907618472204},"point_estimate":1.0564254483855455,"standard_error":0.0007116842670376056},"median_abs_dev":{"confidence_interval":{"confidence_level":0.95,"lower_bound":0.00370047006883214,"upper_bound":0.0071770572708867945},"point_estimate":0.005160165607944306,"standard_error":0.0009016890623349283},"slope":{"confidence_interval":{"confidence_level":0.95,"lower_bound":1.056573485885917,"upper_bound":1.0610203878231863},"point_estimate":1.0585980522476923,"standard_error":0.0011390499421357091},"std_dev":{"confidence_interval":{"confidence_level":0.95,"lower_bound":0.011211768650945274,"upper_bound":0.1206253585502636},"point_estimate":0.07560332291180615,"standard_error":0.028338348719243147}}