{"mean":{"confidence_interval":{"confidence_level":0.95,"lower_bound":15245340.89825,"upper_bound":15281956.125},"point_estimate":15263453.47,"standard_error":9372.900785018086},"median":{"confidence_interval":{"confidence_level":0.95,"lower_bound":15239460.0,"upper_bound":15270252.0},"point_estimate":15254147.0,"standard_error":8737.079319733983},"median_abs_dev":{"confidence_interval":{"confidence_level":0.95,"lower_bound":63974.18886423111,"upper_bound":105721.98022305965},"point_estimate":79935.8601808548,"standard_error":10753.408450080518},"slope":null,"std_dev":{"confidence_interval":{"confidence_level":0.95,"lower_bound":80300.32485676231,"upper_bound":106625.37969875088},"point_estimate":94287.31705849945,"standard_error":6731.472300286829}}