{"mean":{"confidence_interval":{"confidence_level":0.95,"lower_bound":15379320.420249999,"upper_bound":15420187.624499999},"point_estimate":15398971.59,"standard_error":10408.986153325835},"median":{"confidence_interval":{"confidence_level":0.95,"lower_bound":15360572.0,"upper_bound":15400908.0},"point_estimate":15376146.0,"standard_error":8631.389095796334},"median_abs_dev":{"confidence_interval":{"confidence_level":0.95,"lower_bound":69983.16655755043,"upper_bound":111699.82331693172},"point_estimate":93266.65784418583,"standard_error":10561.446034821041},"slope":null,"std_dev":{"confidence_interval":{"confidence_level":0.95,"lower_bound":81312.98955951272,"upper_bound":125884.84404511229},"point_estimate":104599.46545347845,"standard_error":11388.887025415612}}