{"mean":{"confidence_interval":{"confidence_level":0.95,"lower_bound":2.6300319423661205,"upper_bound":2.7514655437838624},"point_estimate":2.6829656500184784,"standard_error":0.03128898486641615},"median":{"confidence_interval":{"confidence_level":0.95,"lower_bound":2.6111127191303622,"upper_bound":2.6163410568027086},"point_estimate":2.612679848285758,"standard_error":0.0017588160508955186},"median_abs_dev":{"confidence_interval":{"confidence_level":0.95,"lower_bound":0.006520856495170622,"upper_bound":0.012529009423511367},"point_estimate":0.008845374128940004,"standard_error":0.0015377202056095851},"slope":{"confidence_interval":{"confidence_level":0.95,"lower_bound":2.629284633314324,"upper_bound":2.901188690350633},"point_estimate":2.7511763144543067,"standard_error":0.06892228644392717},"std_dev":{"confidence_interval":{"confidence_level":0.95,"lower_bound":0.08231315713106432,"upper_bound":0.46128371240325494},"point_estimate":0.31420546466444815,"standard_error":0.09122630257268718}}