{"mean":{"confidence_interval":{"confidence_level":0.95,"lower_bound":2.2480949385661595,"upper_bound":2.286917771711768},"point_estimate":2.263020477688833,"standard_error":0.010338621377115869},"median":{"confidence_interval":{"confidence_level":0.95,"lower_bound":2.246408075871676,"upper_bound":2.2492532043023066},"point_estimate":2.2476622243145483,"standard_error":0.0006562126978341979},"median_abs_dev":{"confidence_interval":{"confidence_level":0.95,"lower_bound":0.00434318993214628,"upper_bound":0.00709361882795622},"point_estimate":0.005615187414920715,"standard_error":0.0006838864016715898},"slope":{"confidence_interval":{"confidence_level":0.95,"lower_bound":2.2474146595589284,"upper_bound":2.250652733956372},"point_estimate":2.248917050572016,"standard_error":0.0008288549804916937},"std_dev":{"confidence_interval":{"confidence_level":0.95,"lower_bound":0.010054917264712764,"upper_bound":0.17266250811232392},"point_estimate":0.10390829995719192,"standard_error":0.047949460297540596}}