{"mean":{"confidence_interval":{"confidence_level":0.95,"lower_bound":2.365827601513079,"upper_bound":2.4108601486575303},"point_estimate":2.3841918907351713,"standard_error":0.01178020046198514},"median":{"confidence_interval":{"confidence_level":0.95,"lower_bound":2.363670548798831,"upper_bound":2.3664267193834427},"point_estimate":2.365495959869185,"standard_error":0.000698335545465717},"median_abs_dev":{"confidence_interval":{"confidence_level":0.95,"lower_bound":0.00502205024038063,"upper_bound":0.009334508796722896},"point_estimate":0.007655609215503126,"standard_error":0.001052022866014107},"slope":{"confidence_interval":{"confidence_level":0.95,"lower_bound":2.3645112151041094,"upper_bound":2.3762518972998237},"point_estimate":2.369381682891106,"standard_error":0.003067255974828913},"std_dev":{"confidence_interval":{"confidence_level":0.95,"lower_bound":0.017443462762184777,"upper_bound":0.18686382830559226},"point_estimate":0.11793590304178232,"standard_error":0.04577976327191278}}