{"mean":{"confidence_interval":{"confidence_level":0.95,"lower_bound":19.83804277433459,"upper_bound":20.25905982412686},"point_estimate":20.02066743287713,"standard_error":0.10882143799057221},"median":{"confidence_interval":{"confidence_level":0.95,"lower_bound":19.694077894171368,"upper_bound":19.880058077141594},"point_estimate":19.800315094308107,"standard_error":0.06087804983998101},"median_abs_dev":{"confidence_interval":{"confidence_level":0.95,"lower_bound":0.06979717175434275,"upper_bound":0.29455342315061867},"point_estimate":0.20639429899258568,"standard_error":0.06897259855125404},"slope":{"confidence_interval":{"confidence_level":0.95,"lower_bound":19.765909661299805,"upper_bound":19.869815370677465},"point_estimate":19.813746469065226,"standard_error":0.026568117758875628},"std_dev":{"confidence_interval":{"confidence_level":0.95,"lower_bound":0.24592702857591553,"upper_bound":1.642330459518865},"point_estimate":1.0940347335387208,"standard_error":0.34179698198301933}}