{"mean":{"confidence_interval":{"confidence_level":0.95,"lower_bound":32.03974166149211,"upper_bound":33.762913317327545},"point_estimate":32.787528661453045,"standard_error":0.44376718006932264},"median":{"confidence_interval":{"confidence_level":0.95,"lower_bound":31.609565117349288,"upper_bound":31.988374309129025},"point_estimate":31.76483470746789,"standard_error":0.08922871275816958},"median_abs_dev":{"confidence_interval":{"confidence_level":0.95,"lower_bound":0.4324000159082646,"upper_bound":0.8837172824056556},"point_estimate":0.5638278687358977,"standard_error":0.12149819650824631},"slope":{"confidence_interval":{"confidence_level":0.95,"lower_bound":31.492908472639595,"upper_bound":31.786597779630945},"point_estimate":31.62351320643188,"standard_error":0.07513280138491513},"std_dev":{"confidence_interval":{"confidence_level":0.95,"lower_bound":1.554327158485209,"upper_bound":6.738128546354182},"point_estimate":4.469463611235584,"standard_error":1.3390391708061582}}