{"mean":{"confidence_interval":{"confidence_level":0.95,"lower_bound":46.11704212940277,"upper_bound":47.96282306749659},"point_estimate":46.910195375443266,"standard_error":0.47428138778960244},"median":{"confidence_interval":{"confidence_level":0.95,"lower_bound":45.2972972972973,"upper_bound":45.573832962845344},"point_estimate":45.392866661590006,"standard_error":0.06012348961700868},"median_abs_dev":{"confidence_interval":{"confidence_level":0.95,"lower_bound":0.24247678695255942,"upper_bound":0.6328842494316053},"point_estimate":0.3564733952255888,"standard_error":0.0938801399375359},"slope":{"confidence_interval":{"confidence_level":0.95,"lower_bound":45.6108633349657,"upper_bound":46.25980171218477},"point_estimate":45.9140759921392,"standard_error":0.16568228789532902},"std_dev":{"confidence_interval":{"confidence_level":0.95,"lower_bound":2.0478057759950135,"upper_bound":7.222579832600324},"point_estimate":4.744404952634025,"standard_error":1.444810713826179}}