{"mean":{"confidence_interval":{"confidence_level":0.95,"lower_bound":48.28731446662308,"upper_bound":51.92324095653202},"point_estimate":49.941894264027134,"standard_error":0.9315418586862315},"median":{"confidence_interval":{"confidence_level":0.95,"lower_bound":47.035762032085564,"upper_bound":47.29248492875411},"point_estimate":47.15445641819481,"standard_error":0.06395380267480417},"median_abs_dev":{"confidence_interval":{"confidence_level":0.95,"lower_bound":0.2503241760712756,"upper_bound":0.5681345342540622},"point_estimate":0.40085552874157043,"standard_error":0.0776715007601669},"slope":{"confidence_interval":{"confidence_level":0.95,"lower_bound":47.22195434355835,"upper_bound":47.73656494870561},"point_estimate":47.45928002677353,"standard_error":0.13126961095665668},"std_dev":{"confidence_interval":{"confidence_level":0.95,"lower_bound":5.0948593309658206,"upper_bound":12.692094329554157},"point_estimate":9.374299398698032,"standard_error":1.934384876722394}}