{"mean":{"confidence_interval":{"confidence_level":0.95,"lower_bound":46.611139582816996,"upper_bound":49.67205317662541},"point_estimate":47.99340155670709,"standard_error":0.7866606274041998},"median":{"confidence_interval":{"confidence_level":0.95,"lower_bound":45.611979166666664,"upper_bound":45.88023088023088},"point_estimate":45.71979042969609,"standard_error":0.07913955245370982},"median_abs_dev":{"confidence_interval":{"confidence_level":0.95,"lower_bound":0.38559489408671827,"upper_bound":0.8304510886821073},"point_estimate":0.5670414807249434,"standard_error":0.1191465959116215},"slope":{"confidence_interval":{"confidence_level":0.95,"lower_bound":45.76106966413551,"upper_bound":46.309495254098906},"point_estimate":46.01309832475785,"standard_error":0.13997380730797665},"std_dev":{"confidence_interval":{"confidence_level":0.95,"lower_bound":4.155589738191477,"upper_bound":10.77810980756199},"point_estimate":7.911605832618513,"standard_error":1.690271652239241}}