{"mean":{"confidence_interval":{"confidence_level":0.95,"lower_bound":48.242669239659506,"upper_bound":50.23808956801523},"point_estimate":49.11129982008575,"standard_error":0.5110308289489244},"median":{"confidence_interval":{"confidence_level":0.95,"lower_bound":47.49337831084458,"upper_bound":47.81709956709957},"point_estimate":47.59233483156928,"standard_error":0.07694179830607628},"median_abs_dev":{"confidence_interval":{"confidence_level":0.95,"lower_bound":0.32544192604043165,"upper_bound":0.8031236083312365},"point_estimate":0.4814401748612639,"standard_error":0.1132789375623422},"slope":{"confidence_interval":{"confidence_level":0.95,"lower_bound":47.78190490678338,"upper_bound":48.486591383608875},"point_estimate":48.10842126003645,"standard_error":0.1804733942754908},"std_dev":{"confidence_interval":{"confidence_level":0.95,"lower_bound":1.9269632808577934,"upper_bound":7.645559644902127},"point_estimate":5.135959454650847,"standard_error":1.4760731652796726}}