{"mean":{"confidence_interval":{"confidence_level":0.95,"lower_bound":3.245257182935939,"upper_bound":3.296725574288383},"point_estimate":3.2657407220160235,"standard_error":0.013543983156388306},"median":{"confidence_interval":{"confidence_level":0.95,"lower_bound":3.239074560751062,"upper_bound":3.2425297105916564},"point_estimate":3.240555345790887,"standard_error":0.0009117076368316139},"median_abs_dev":{"confidence_interval":{"confidence_level":0.95,"lower_bound":0.0058036529281049925,"upper_bound":0.012069878923745374},"point_estimate":0.008486765878956963,"standard_error":0.001565003935572532},"slope":{"confidence_interval":{"confidence_level":0.95,"lower_bound":3.2403474170304096,"upper_bound":3.259622588206709},"point_estimate":3.2477792745594347,"standard_error":0.005181816241009491},"std_dev":{"confidence_interval":{"confidence_level":0.95,"lower_bound":0.026142929189569432,"upper_bound":0.22223361265978975},"point_estimate":0.13593017171923646,"standard_error":0.05693093152732986}}