{"mean":{"confidence_interval":{"confidence_level":0.95,"lower_bound":3.66967406055232,"upper_bound":3.7045363583299604},"point_estimate":3.682709454681076,"standard_error":0.009514769680215595},"median":{"confidence_interval":{"confidence_level":0.95,"lower_bound":3.666484324800641,"upper_bound":3.6702442210816155},"point_estimate":3.669306342615659,"standard_error":0.0009636521350866905},"median_abs_dev":{"confidence_interval":{"confidence_level":0.95,"lower_bound":0.006945701758220764,"upper_bound":0.01551141831403113},"point_estimate":0.009686225565799012,"standard_error":0.00201697221479991},"slope":{"confidence_interval":{"confidence_level":0.95,"lower_bound":3.6684203510858615,"upper_bound":3.6764060523389803},"point_estimate":3.6721442821840022,"standard_error":0.0020399774464666945},"std_dev":{"confidence_interval":{"confidence_level":0.95,"lower_bound":0.015421322320093852,"upper_bound":0.16021846903282308},"point_estimate":0.09553437299683232,"standard_error":0.04701832565877762}}