{"mean":{"confidence_interval":{"confidence_level":0.95,"lower_bound":2.850951135485413,"upper_bound":2.874842349327527},"point_estimate":2.860318813275003,"standard_error":0.006316575167364602},"median":{"confidence_interval":{"confidence_level":0.95,"lower_bound":2.8472446075237476,"upper_bound":2.850961520142961},"point_estimate":2.8494044210840617,"standard_error":0.0007770575091089014},"median_abs_dev":{"confidence_interval":{"confidence_level":0.95,"lower_bound":0.00587266188679143,"upper_bound":0.010563372529977497},"point_estimate":0.00828782852023929,"standard_error":0.0011800392416301474},"slope":{"confidence_interval":{"confidence_level":0.95,"lower_bound":2.846616699859502,"upper_bound":2.8519764777901644},"point_estimate":2.849001554721195,"standard_error":0.0013742672535242448},"std_dev":{"confidence_interval":{"confidence_level":0.95,"lower_bound":0.016697100522975458,"upper_bound":0.1036341630484065},"point_estimate":0.06325171480985978,"standard_error":0.02736896568514326}}