{"mean":{"confidence_interval":{"confidence_level":0.95,"lower_bound":8.833619464506187,"upper_bound":9.078519668078131},"point_estimate":8.924665440950456,"standard_error":0.06667949498095979},"median":{"confidence_interval":{"confidence_level":0.95,"lower_bound":8.81360952473139,"upper_bound":8.82955609792073},"point_estimate":8.821691094538227,"standard_error":0.004900796436397449},"median_abs_dev":{"confidence_interval":{"confidence_level":0.95,"lower_bound":0.02228179952181933,"upper_bound":0.043178927218800484},"point_estimate":0.03033416714156425,"standard_error":0.005775310301611222},"slope":{"confidence_interval":{"confidence_level":0.95,"lower_bound":8.835480935426977,"upper_bound":8.883063787968569},"point_estimate":8.856807948896835,"standard_error":0.012242102631566606},"std_dev":{"confidence_interval":{"confidence_level":0.95,"lower_bound":0.06990680095619926,"upper_bound":1.122768733014023},"point_estimate":0.6698696711495477,"standard_error":0.32910954531791586}}