{"mean":{"confidence_interval":{"confidence_level":0.95,"lower_bound":7.34110830050519,"upper_bound":7.4413788905877265},"point_estimate":7.380057571985194,"standard_error":0.026701244762054294},"median":{"confidence_interval":{"confidence_level":0.95,"lower_bound":7.34756411555801,"upper_bound":7.366270896144451},"point_estimate":7.355681972650409,"standard_error":0.004978461746595111},"median_abs_dev":{"confidence_interval":{"confidence_level":0.95,"lower_bound":0.03518585621972962,"upper_bound":0.06587712539384803},"point_estimate":0.048218608657855086,"standard_error":0.008164472959677723},"slope":{"confidence_interval":{"confidence_level":0.95,"lower_bound":7.368427772059598,"upper_bound":7.4075262731133025},"point_estimate":7.385577453019359,"standard_error":0.01005015029566198},"std_dev":{"confidence_interval":{"confidence_level":0.95,"lower_bound":0.06888641734858848,"upper_bound":0.44568205080106815},"point_estimate":0.26953649387562695,"standard_error":0.12256966477476187}}