{"mean":{"confidence_interval":{"confidence_level":0.95,"lower_bound":7.212289395243771,"upper_bound":7.433271839541141},"point_estimate":7.292955031866494,"standard_error":0.06122615563622422},"median":{"confidence_interval":{"confidence_level":0.95,"lower_bound":7.20541630829064,"upper_bound":7.213020297521389},"point_estimate":7.2091138759859765,"standard_error":0.0020842009775905823},"median_abs_dev":{"confidence_interval":{"confidence_level":0.95,"lower_bound":0.010555595505366416,"upper_bound":0.019605269932763646},"point_estimate":0.01350335849114381,"standard_error":0.002333135944562415},"slope":{"confidence_interval":{"confidence_level":0.95,"lower_bound":7.209858803811898,"upper_bound":7.233735062739489},"point_estimate":7.218885028288065,"standard_error":0.006406415773794234},"std_dev":{"confidence_interval":{"confidence_level":0.95,"lower_bound":0.03637305243241443,"upper_bound":1.0363943249743173},"point_estimate":0.615344153806859,"standard_error":0.3142552081246948}}