{"mean":{"confidence_interval":{"confidence_level":0.95,"lower_bound":-0.012852103991188635,"upper_bound":-0.0048072447211776614},"point_estimate":-0.008575808819800468,"standard_error":0.0020647339814768156},"median":{"confidence_interval":{"confidence_level":0.95,"lower_bound":-0.009681806513063829,"upper_bound":-0.006104553943217525},"point_estimate":-0.008321396175909546,"standard_error":0.0009273856998618867}}