{"mean":{"confidence_interval":{"confidence_level":0.95,"lower_bound":0.3740748833844598,"upper_bound":0.3829112790907392},"point_estimate":0.3786592082589284,"standard_error":0.0022665045954824783},"median":{"confidence_interval":{"confidence_level":0.95,"lower_bound":0.37957863489767485,"upper_bound":0.3864642136777614},"point_estimate":0.3838677370147121,"standard_error":0.0019283577267095306}}