{"mean":{"confidence_interval":{"confidence_level":0.95,"lower_bound":-0.033226936645699735,"upper_bound":-0.025342858258292744},"point_estimate":-0.029355840426948387,"standard_error":0.002022478457275152},"median":{"confidence_interval":{"confidence_level":0.95,"lower_bound":-0.0326749158062154,"upper_bound":-0.026214101043451336},"point_estimate":-0.029363834165140434,"standard_error":0.0016855598426663732}}