{"mean":{"confidence_interval":{"confidence_level":0.95,"lower_bound":0.10315468127792843,"upper_bound":0.11083969242199931},"point_estimate":0.1068987912490782,"standard_error":0.001951222287871628},"median":{"confidence_interval":{"confidence_level":0.95,"lower_bound":0.10631326872412622,"upper_bound":0.11218815422907236},"point_estimate":0.10985286692134189,"standard_error":0.0016161104220088897}}