{"mean":{"confidence_interval":{"confidence_level":0.95,"lower_bound":-0.05397677504497071,"upper_bound":0.009956606820283495},"point_estimate":-0.019542704272675793,"standard_error":0.016339905832170987},"median":{"confidence_interval":{"confidence_level":0.95,"lower_bound":-0.03501280805209339,"upper_bound":0.017222488345760345},"point_estimate":-0.007848300201246938,"standard_error":0.014169023092564879}}