{"mean":{"confidence_interval":{"confidence_level":0.95,"lower_bound":8.069795007500982,"upper_bound":8.338985545184249},"point_estimate":8.18981346960177,"standard_error":0.0690406663039964},"median":{"confidence_interval":{"confidence_level":0.95,"lower_bound":8.009173915226718,"upper_bound":8.182474153466755},"point_estimate":8.067424650311608,"standard_error":0.044808979792151885},"median_abs_dev":{"confidence_interval":{"confidence_level":0.95,"lower_bound":0.3390225136843411,"upper_bound":0.5388938484427748},"point_estimate":0.4480088425284205,"standard_error":0.052822259000193134},"slope":{"confidence_interval":{"confidence_level":0.95,"lower_bound":8.211654245336419,"upper_bound":8.3779047604826},"point_estimate":8.297177411943048,"standard_error":0.04239817150211296},"std_dev":{"confidence_interval":{"confidence_level":0.95,"lower_bound":0.369065997382726,"upper_bound":1.032998348302451},"point_estimate":0.6949142990481213,"standard_error":0.19136863330815904}}