{"mean":{"confidence_interval":{"confidence_level":0.95,"lower_bound":9.892581282427011,"upper_bound":10.099561230041878},"point_estimate":9.972766006670879,"standard_error":0.05487487171047482},"median":{"confidence_interval":{"confidence_level":0.95,"lower_bound":9.867771290824315,"upper_bound":9.876940183611792},"point_estimate":9.871622977961007,"standard_error":0.0022715433032770233},"median_abs_dev":{"confidence_interval":{"confidence_level":0.95,"lower_bound":0.019385128107207463,"upper_bound":0.041515080428493445},"point_estimate":0.02829468963851307,"standard_error":0.005987618529150543},"slope":{"confidence_interval":{"confidence_level":0.95,"lower_bound":9.881327579989152,"upper_bound":9.920428332120544},"point_estimate":9.898332227601895,"standard_error":0.010089491544825458},"std_dev":{"confidence_interval":{"confidence_level":0.95,"lower_bound":0.10586544341909099,"upper_bound":0.9088425015904331},"point_estimate":0.5506469337864563,"standard_error":0.24656416152688773}}