{"mean":{"confidence_interval":{"confidence_level":0.95,"lower_bound":462.1778022346291,"upper_bound":463.19383921896514},"point_estimate":462.6346099291651,"standard_error":0.26120195934705515},"median":{"confidence_interval":{"confidence_level":0.95,"lower_bound":461.67849548534525,"upper_bound":461.9897706038553},"point_estimate":461.77431813976773,"standard_error":0.07722092284721056},"median_abs_dev":{"confidence_interval":{"confidence_level":0.95,"lower_bound":0.37041922131480687,"upper_bound":0.7644236077095271},"point_estimate":0.49266459569238197,"standard_error":0.09109100990650885},"slope":{"confidence_interval":{"confidence_level":0.95,"lower_bound":461.7068185523931,"upper_bound":463.19202867947104},"point_estimate":462.2702445800459,"standard_error":0.4020622764073977},"std_dev":{"confidence_interval":{"confidence_level":0.95,"lower_bound":1.3023502461676577,"upper_bound":3.6681293255921754},"point_estimate":2.623742981321077,"standard_error":0.5973228887347446}}