{"mean":{"confidence_interval":{"confidence_level":0.95,"lower_bound":550.6370119773951,"upper_bound":553.3036079828935},"point_estimate":551.6454607985721,"standard_error":0.7286316652653686},"median":{"confidence_interval":{"confidence_level":0.95,"lower_bound":550.6884185969005,"upper_bound":551.4343620034958},"point_estimate":551.2026621793575,"standard_error":0.15873616229162268},"median_abs_dev":{"confidence_interval":{"confidence_level":0.95,"lower_bound":1.0632240090960587,"upper_bound":1.9173565504790933},"point_estimate":1.5532270557580323,"standard_error":0.20310249566687955},"slope":{"confidence_interval":{"confidence_level":0.95,"lower_bound":551.1077163750398,"upper_bound":551.9530754798458},"point_estimate":551.4970863350763,"standard_error":0.21580515649715776},"std_dev":{"confidence_interval":{"confidence_level":0.95,"lower_bound":1.6993308758535917,"upper_bound":12.238235469233146},"point_estimate":7.297640974099864,"standard_error":3.5997961827937073}}