{"mean":{"confidence_interval":{"confidence_level":0.95,"lower_bound":537.4347886164915,"upper_bound":538.1384948602768},"point_estimate":537.7952332399499,"standard_error":0.1792459332540687},"median":{"confidence_interval":{"confidence_level":0.95,"lower_bound":537.7564704418091,"upper_bound":538.1697574078737},"point_estimate":537.9369319270743,"standard_error":0.13117077382037687},"median_abs_dev":{"confidence_interval":{"confidence_level":0.95,"lower_bound":0.7330825303274312,"upper_bound":1.3376064709815059},"point_estimate":0.984352156411675,"standard_error":0.1527276323163929},"slope":{"confidence_interval":{"confidence_level":0.95,"lower_bound":538.3232612440687,"upper_bound":538.812479711277},"point_estimate":538.5684946131361,"standard_error":0.12427928381149594},"std_dev":{"confidence_interval":{"confidence_level":0.95,"lower_bound":1.2703278394845767,"upper_bound":2.261160913844805},"point_estimate":1.796639677641115,"standard_error":0.2522537645289748}}