{"mean":{"confidence_interval":{"confidence_level":0.95,"lower_bound":478.42155416411373,"upper_bound":485.3021589186624},"point_estimate":481.7303781649931,"standard_error":1.7609098927382563},"median":{"confidence_interval":{"confidence_level":0.95,"lower_bound":476.815625,"upper_bound":481.8277169074001},"point_estimate":479.6618055555556,"standard_error":1.3721883338154737},"median_abs_dev":{"confidence_interval":{"confidence_level":0.95,"lower_bound":7.5132509788962585,"upper_bound":14.27516384229189},"point_estimate":9.666182760112168,"standard_error":1.7358824335971783},"slope":{"confidence_interval":{"confidence_level":0.95,"lower_bound":480.0838007896542,"upper_bound":491.63742672351265},"point_estimate":485.54783783531536,"standard_error":2.951123856043549},"std_dev":{"confidence_interval":{"confidence_level":0.95,"lower_bound":13.301198006399755,"upper_bound":21.544880659807422},"point_estimate":17.598366241622145,"standard_error":2.1199270894675952}}