{"mean":{"confidence_interval":{"confidence_level":0.95,"lower_bound":341.7860669609491,"upper_bound":344.5051455633976},"point_estimate":342.89667029846527,"standard_error":0.7076233148860659},"median":{"confidence_interval":{"confidence_level":0.95,"lower_bound":342.0778712195968,"upper_bound":342.5634412772284},"point_estimate":342.29897136946363,"standard_error":0.12631726595914938},"median_abs_dev":{"confidence_interval":{"confidence_level":0.95,"lower_bound":0.7214961930213237,"upper_bound":1.3226533971115613},"point_estimate":0.9938378599233103,"standard_error":0.15558519430369458},"slope":{"confidence_interval":{"confidence_level":0.95,"lower_bound":342.5062460808678,"upper_bound":343.4329668589229},"point_estimate":342.91588742307846,"standard_error":0.2391362442779161},"std_dev":{"confidence_interval":{"confidence_level":0.95,"lower_bound":2.1200307468100403,"upper_bound":11.417196887552727},"point_estimate":7.07030465004652,"standard_error":2.78155689883099}}