{"mean":{"confidence_interval":{"confidence_level":0.95,"lower_bound":454.4878274960599,"upper_bound":461.0195321818502},"point_estimate":457.2632028182241,"standard_error":1.6910701112468267},"median":{"confidence_interval":{"confidence_level":0.95,"lower_bound":451.8155895757859,"upper_bound":454.6774542895199},"point_estimate":452.9766177827915,"standard_error":0.7628724479406047},"median_abs_dev":{"confidence_interval":{"confidence_level":0.95,"lower_bound":3.8092956610147177,"upper_bound":7.569443830887152},"point_estimate":5.109787672230154,"standard_error":0.9484816566128229},"slope":{"confidence_interval":{"confidence_level":0.95,"lower_bound":455.4376511680842,"upper_bound":470.88088101184377},"point_estimate":461.8769391140719,"standard_error":4.046934808083025},"std_dev":{"confidence_interval":{"confidence_level":0.95,"lower_bound":7.470358834853123,"upper_bound":26.133603153261234},"point_estimate":16.912238467227258,"standard_error":5.627755965660666}}