{"mean":{"confidence_interval":{"confidence_level":0.95,"lower_bound":342.0423483584313,"upper_bound":343.8221055459418},"point_estimate":342.7804685603167,"standard_error":0.4634961037719592},"median":{"confidence_interval":{"confidence_level":0.95,"lower_bound":342.4766074555917,"upper_bound":342.78617018319295},"point_estimate":342.63806005106244,"standard_error":0.07530521024138187},"median_abs_dev":{"confidence_interval":{"confidence_level":0.95,"lower_bound":0.4670188627048721,"upper_bound":0.7893584892866433},"point_estimate":0.6041661543124139,"standard_error":0.08248035435401507},"slope":{"confidence_interval":{"confidence_level":0.95,"lower_bound":342.76673854437007,"upper_bound":343.0347497575717},"point_estimate":342.89342903143074,"standard_error":0.06830543643910239},"std_dev":{"confidence_interval":{"confidence_level":0.95,"lower_bound":1.398385411653115,"upper_bound":7.606054202365128},"point_estimate":4.651314170426931,"standard_error":1.914889970290785}}