{"mean":{"confidence_interval":{"confidence_level":0.95,"lower_bound":341.41765692752625,"upper_bound":344.9007846327777},"point_estimate":342.8160761923339,"standard_error":0.9162841161761252},"median":{"confidence_interval":{"confidence_level":0.95,"lower_bound":342.37003841229193,"upper_bound":342.86508057160233},"point_estimate":342.6461768226474,"standard_error":0.11404106881118958},"median_abs_dev":{"confidence_interval":{"confidence_level":0.95,"lower_bound":0.6905119559154013,"upper_bound":1.2603382865449575},"point_estimate":0.9114293316671871,"standard_error":0.1447338863767721},"slope":{"confidence_interval":{"confidence_level":0.95,"lower_bound":342.83682111002105,"upper_bound":343.36373815971103},"point_estimate":343.074911360252,"standard_error":0.13467263256872522},"std_dev":{"confidence_interval":{"confidence_level":0.95,"lower_bound":2.4042902627607052,"upper_bound":15.255714435295472},"point_estimate":9.207982047137515,"standard_error":4.0699699076741185}}