{"mean":{"confidence_interval":{"confidence_level":0.95,"lower_bound":480.76679256374996,"upper_bound":493.34876897608655},"point_estimate":486.6962647532535,"standard_error":3.21654710643157},"median":{"confidence_interval":{"confidence_level":0.95,"lower_bound":476.3989697802198,"upper_bound":484.6369913190623},"point_estimate":479.18760270341903,"standard_error":2.252183145663687},"median_abs_dev":{"confidence_interval":{"confidence_level":0.95,"lower_bound":13.373653979204661,"upper_bound":21.32177752790113},"point_estimate":17.785920977281734,"standard_error":1.9817046001235175},"slope":{"confidence_interval":{"confidence_level":0.95,"lower_bound":479.81172258714196,"upper_bound":501.9924591057186},"point_estimate":489.7597292130066,"standard_error":5.717620779702508},"std_dev":{"confidence_interval":{"confidence_level":0.95,"lower_bound":21.390127081299056,"upper_bound":41.68045201575677},"point_estimate":32.282177462041226,"standard_error":5.182077362597553}}