{"mean":{"confidence_interval":{"confidence_level":0.95,"lower_bound":338.33074786945934,"upper_bound":349.70991845271317},"point_estimate":343.38915562752214,"standard_error":2.933839911087019},"median":{"confidence_interval":{"confidence_level":0.95,"lower_bound":336.0641033592443,"upper_bound":336.3960296031356},"point_estimate":336.2198476216314,"standard_error":0.083400467618936},"median_abs_dev":{"confidence_interval":{"confidence_level":0.95,"lower_bound":0.6260578864741313,"upper_bound":1.000312294530826},"point_estimate":0.8529312742169598,"standard_error":0.09958228075849661},"slope":{"confidence_interval":{"confidence_level":0.95,"lower_bound":338.173975486837,"upper_bound":352.12098519048425},"point_estimate":344.1640973503413,"standard_error":3.6056482597550352},"std_dev":{"confidence_interval":{"confidence_level":0.95,"lower_bound":12.192759796437587,"upper_bound":41.91438539204226},"point_estimate":29.647705401130516,"standard_error":7.2114383097837225}}