{"mean":{"confidence_interval":{"confidence_level":0.95,"lower_bound":403.3637638939511,"upper_bound":411.8124363262857},"point_estimate":407.40180478176154,"standard_error":2.158071638462935},"median":{"confidence_interval":{"confidence_level":0.95,"lower_bound":396.76706333742993,"upper_bound":403.0296547895098},"point_estimate":399.79784330866426,"standard_error":1.8928781457736545},"median_abs_dev":{"confidence_interval":{"confidence_level":0.95,"lower_bound":10.314838578988171,"upper_bound":20.488172508719924},"point_estimate":14.410622312944614,"standard_error":2.832993419813002},"slope":{"confidence_interval":{"confidence_level":0.95,"lower_bound":395.9962775968044,"upper_bound":402.05945463975314},"point_estimate":398.8067019733751,"standard_error":1.5475207974006386},"std_dev":{"confidence_interval":{"confidence_level":0.95,"lower_bound":16.277710613188304,"upper_bound":27.961912533102677},"point_estimate":21.804553567707654,"standard_error":3.1258395122052236}}