{"mean":{"confidence_interval":{"confidence_level":0.95,"lower_bound":342.2547516396802,"upper_bound":344.9412984654222},"point_estimate":343.2956790133632,"standard_error":0.7221650801584416},"median":{"confidence_interval":{"confidence_level":0.95,"lower_bound":342.40771889400924,"upper_bound":342.76142344497606},"point_estimate":342.5316003586388,"standard_error":0.08776417043468154},"median_abs_dev":{"confidence_interval":{"confidence_level":0.95,"lower_bound":0.5485787221783062,"upper_bound":0.9236115277239211},"point_estimate":0.7182672423716195,"standard_error":0.09568268051656194},"slope":{"confidence_interval":{"confidence_level":0.95,"lower_bound":342.5965011198455,"upper_bound":342.95564464238385},"point_estimate":342.7617189871383,"standard_error":0.09152398504151735},"std_dev":{"confidence_interval":{"confidence_level":0.95,"lower_bound":1.3632642529125052,"upper_bound":12.11731854735316},"point_estimate":7.269514564728998,"standard_error":3.38682664851505}}