{"mean":{"confidence_interval":{"confidence_level":0.95,"lower_bound":347.47335906484625,"upper_bound":349.70733351292995},"point_estimate":348.36460931219887,"standard_error":0.5877053210595639},"median":{"confidence_interval":{"confidence_level":0.95,"lower_bound":347.66153220181354,"upper_bound":347.9814031447043},"point_estimate":347.8318086325439,"standard_error":0.08700925745542197},"median_abs_dev":{"confidence_interval":{"confidence_level":0.95,"lower_bound":0.49981166499200086,"upper_bound":0.8398620969493121},"point_estimate":0.6572177285545225,"standard_error":0.08481562397519576},"slope":{"confidence_interval":{"confidence_level":0.95,"lower_bound":347.89362228282533,"upper_bound":349.8194507767245},"point_estimate":348.5576614518344,"standard_error":0.5499971303518326},"std_dev":{"confidence_interval":{"confidence_level":0.95,"lower_bound":1.3028100280949872,"upper_bound":9.675332500717074},"point_estimate":5.899900421801569,"standard_error":2.4784072428391264}}