{"mean":{"confidence_interval":{"confidence_level":0.95,"lower_bound":343.3885956699987,"upper_bound":345.27559006118145},"point_estimate":344.1359654630525,"standard_error":0.5041472861165853},"median":{"confidence_interval":{"confidence_level":0.95,"lower_bound":343.7463257807716,"upper_bound":343.9922032193159},"point_estimate":343.8643761003521,"standard_error":0.057503462279215115},"median_abs_dev":{"confidence_interval":{"confidence_level":0.95,"lower_bound":0.4141189557828601,"upper_bound":0.8013898998814135},"point_estimate":0.6002012715043449,"standard_error":0.10697775937582037},"slope":{"confidence_interval":{"confidence_level":0.95,"lower_bound":343.9668801900677,"upper_bound":344.33003693745735},"point_estimate":344.13812892725053,"standard_error":0.09270716650568075},"std_dev":{"confidence_interval":{"confidence_level":0.95,"lower_bound":1.2134528615429063,"upper_bound":8.453220171612863},"point_estimate":5.068710252116703,"standard_error":2.345919060661812}}