{"mean":{"confidence_interval":{"confidence_level":0.95,"lower_bound":341.27930881850176,"upper_bound":343.8623576753221},"point_estimate":342.3782842173056,"standard_error":0.6721434484035069},"median":{"confidence_interval":{"confidence_level":0.95,"lower_bound":341.5218200100553,"upper_bound":341.9918130649838},"point_estimate":341.7324098003446,"standard_error":0.12311356181030778},"median_abs_dev":{"confidence_interval":{"confidence_level":0.95,"lower_bound":0.702754167255174,"upper_bound":1.1311892002497106},"point_estimate":0.9159408538720033,"standard_error":0.10965063998763633},"slope":{"confidence_interval":{"confidence_level":0.95,"lower_bound":341.90068059882475,"upper_bound":342.51903801507177},"point_estimate":342.1771046966924,"standard_error":0.15774337628976656},"std_dev":{"confidence_interval":{"confidence_level":0.95,"lower_bound":1.7028105985578152,"upper_bound":10.502549591594438},"point_estimate":6.765515925293511,"standard_error":2.3426709491010076}}