{"mean":{"confidence_interval":{"confidence_level":0.95,"lower_bound":343.3573254671508,"upper_bound":346.41769690492947},"point_estimate":344.5241678703122,"standard_error":0.8358894781150388},"median":{"confidence_interval":{"confidence_level":0.95,"lower_bound":343.7796674610672,"upper_bound":344.0876833163932},"point_estimate":343.9469360892284,"standard_error":0.06302375565077113},"median_abs_dev":{"confidence_interval":{"confidence_level":0.95,"lower_bound":0.44046655214600494,"upper_bound":0.7882613192849388},"point_estimate":0.5652064371486885,"standard_error":0.0876804526951656},"slope":{"confidence_interval":{"confidence_level":0.95,"lower_bound":343.8817199142321,"upper_bound":344.2129237143049},"point_estimate":344.03856679161714,"standard_error":0.08441697588713373},"std_dev":{"confidence_interval":{"confidence_level":0.95,"lower_bound":1.6634733010320997,"upper_bound":14.129347238673828},"point_estimate":8.391147503061525,"standard_error":4.1502076307834885}}