{"mean":{"confidence_interval":{"confidence_level":0.95,"lower_bound":335.925882663561,"upper_bound":338.3790603747959},"point_estimate":336.9311162928703,"standard_error":0.6366395201989089},"median":{"confidence_interval":{"confidence_level":0.95,"lower_bound":336.12321206006294,"upper_bound":336.37591636386816},"point_estimate":336.2665263778964,"standard_error":0.05894543117984007},"median_abs_dev":{"confidence_interval":{"confidence_level":0.95,"lower_bound":0.38832285514697507,"upper_bound":0.7736805902801801},"point_estimate":0.5819019128335061,"standard_error":0.09734375926785806},"slope":{"confidence_interval":{"confidence_level":0.95,"lower_bound":336.44027740684453,"upper_bound":337.83161781870604},"point_estimate":337.00686682129304,"standard_error":0.36543985045125776},"std_dev":{"confidence_interval":{"confidence_level":0.95,"lower_bound":1.6996782397668102,"upper_bound":10.27108905002227},"point_estimate":6.3927591698955375,"standard_error":2.4368761896996927}}