{"mean":{"confidence_interval":{"confidence_level":0.95,"lower_bound":333.6261375819953,"upper_bound":335.4678652366961},"point_estimate":334.52465370945714,"standard_error":0.4672899480319707},"median":{"confidence_interval":{"confidence_level":0.95,"lower_bound":334.4318014435116,"upper_bound":335.06305398871876},"point_estimate":334.6783984126796,"standard_error":0.17643471444670225},"median_abs_dev":{"confidence_interval":{"confidence_level":0.95,"lower_bound":0.9834721718992717,"upper_bound":1.6385550485353422},"point_estimate":1.2729151726198615,"standard_error":0.17081882848637606},"slope":{"confidence_interval":{"confidence_level":0.95,"lower_bound":334.75458951329506,"upper_bound":335.2481638977239},"point_estimate":334.9998731353405,"standard_error":0.12591893050359965},"std_dev":{"confidence_interval":{"confidence_level":0.95,"lower_bound":2.4570848147892077,"upper_bound":6.690588262233094},"point_estimate":4.70559741120721,"standard_error":1.0908747494535993}}