{"mean":{"confidence_interval":{"confidence_level":0.95,"lower_bound":436.9869173634197,"upper_bound":456.4146495502785},"point_estimate":445.83097510905617,"standard_error":4.968924634793718},"median":{"confidence_interval":{"confidence_level":0.95,"lower_bound":431.09014917695475,"upper_bound":448.6727994227994},"point_estimate":440.80458325444476,"standard_error":4.5896122538471085},"median_abs_dev":{"confidence_interval":{"confidence_level":0.95,"lower_bound":25.75563650192108,"upper_bound":41.272395097022205},"point_estimate":33.181774552462315,"standard_error":3.9453906303131996},"slope":{"confidence_interval":{"confidence_level":0.95,"lower_bound":442.7132051574431,"upper_bound":477.74929773754786},"point_estimate":456.8486552112923,"standard_error":9.211483796025526},"std_dev":{"confidence_interval":{"confidence_level":0.95,"lower_bound":30.71004155722531,"upper_bound":71.60547563566614},"point_estimate":49.91248625735698,"standard_error":12.00488354837321}}