{"mean":{"confidence_interval":{"confidence_level":0.95,"lower_bound":337.12905489180275,"upper_bound":341.7542571568446},"point_estimate":339.03263872060523,"standard_error":1.2082552994188664},"median":{"confidence_interval":{"confidence_level":0.95,"lower_bound":336.7106468060773,"upper_bound":336.94338962994834},"point_estimate":336.8168085877344,"standard_error":0.053590678465759344},"median_abs_dev":{"confidence_interval":{"confidence_level":0.95,"lower_bound":0.3940459564062666,"upper_bound":0.7369232508819317},"point_estimate":0.5571634230997665,"standard_error":0.08773457337104469},"slope":{"confidence_interval":{"confidence_level":0.95,"lower_bound":336.8402499962967,"upper_bound":337.7586308089681},"point_estimate":337.20925030273725,"standard_error":0.23742621293427765},"std_dev":{"confidence_interval":{"confidence_level":0.95,"lower_bound":3.6247909406821925,"upper_bound":19.408213181219622},"point_estimate":12.14483845626625,"standard_error":4.611004487910728}}