{"mean":{"confidence_interval":{"confidence_level":0.95,"lower_bound":50.14540109877806,"upper_bound":53.87669185299985},"point_estimate":51.85792391740422,"standard_error":0.9539419968070613},"median":{"confidence_interval":{"confidence_level":0.95,"lower_bound":48.86369496516555,"upper_bound":49.30103960956975},"point_estimate":49.15649374805002,"standard_error":0.1117787554258576},"median_abs_dev":{"confidence_interval":{"confidence_level":0.95,"lower_bound":0.8115551882547806,"upper_bound":2.297368912592774},"point_estimate":1.719653952238184,"standard_error":0.45716475939339557},"slope":{"confidence_interval":{"confidence_level":0.95,"lower_bound":49.41888947668133,"upper_bound":50.00766395727941},"point_estimate":49.70308147671659,"standard_error":0.1500727220974419},"std_dev":{"confidence_interval":{"confidence_level":0.95,"lower_bound":5.893070250999946,"upper_bound":12.453993610116292},"point_estimate":9.594757340822815,"standard_error":1.6849193202004837}}