{"mean":{"confidence_interval":{"confidence_level":0.95,"lower_bound":29.249131929386373,"upper_bound":30.390312904111237},"point_estimate":29.756700086555334,"standard_error":0.29380929890075924},"median":{"confidence_interval":{"confidence_level":0.95,"lower_bound":28.823844804055373,"upper_bound":29.00511093824675},"point_estimate":28.897263255077817,"standard_error":0.04206097714263988},"median_abs_dev":{"confidence_interval":{"confidence_level":0.95,"lower_bound":0.19589256979655034,"upper_bound":0.4250322382627294},"point_estimate":0.30671310135467056,"standard_error":0.05341220642502916},"slope":{"confidence_interval":{"confidence_level":0.95,"lower_bound":28.946878722239216,"upper_bound":29.31580677090095},"point_estimate":29.087341125920368,"standard_error":0.09778385847167788},"std_dev":{"confidence_interval":{"confidence_level":0.95,"lower_bound":1.2016082935096748,"upper_bound":4.184742512632719},"point_estimate":2.9446175344173953,"standard_error":0.7357561116919984}}