{"mean":{"confidence_interval":{"confidence_level":0.95,"lower_bound":28.6598718983826,"upper_bound":30.39457316094158},"point_estimate":29.438468305404825,"standard_error":0.4455944602371796},"median":{"confidence_interval":{"confidence_level":0.95,"lower_bound":28.148624401913874,"upper_bound":28.289502164502164},"point_estimate":28.20422752547423,"standard_error":0.04032935235615891},"median_abs_dev":{"confidence_interval":{"confidence_level":0.95,"lower_bound":0.17291941027534505,"upper_bound":0.38658351693611503},"point_estimate":0.26684887772923443,"standard_error":0.061702916237095895},"slope":{"confidence_interval":{"confidence_level":0.95,"lower_bound":28.295388840455477,"upper_bound":28.57620240854081},"point_estimate":28.413698653447433,"standard_error":0.072196888784795},"std_dev":{"confidence_interval":{"confidence_level":0.95,"lower_bound":2.1786182370279357,"upper_bound":6.196660689153529},"point_estimate":4.48431192728173,"standard_error":1.0221446302196007}}