{"mean":{"confidence_interval":{"confidence_level":0.95,"lower_bound":29.621952838318617,"upper_bound":31.00897484630941},"point_estimate":30.24085950137956,"standard_error":0.35599168945359316},"median":{"confidence_interval":{"confidence_level":0.95,"lower_bound":29.15830639948287,"upper_bound":29.40001329149402},"point_estimate":29.240307486631018,"standard_error":0.05409524980302852},"median_abs_dev":{"confidence_interval":{"confidence_level":0.95,"lower_bound":0.2656592302410248,"upper_bound":0.5386675304577668},"point_estimate":0.38714166399534017,"standard_error":0.06604519713563717},"slope":{"confidence_interval":{"confidence_level":0.95,"lower_bound":29.311982199907558,"upper_bound":29.51482077214009},"point_estimate":29.40829031224862,"standard_error":0.05177307752847413},"std_dev":{"confidence_interval":{"confidence_level":0.95,"lower_bound":1.6153856829318385,"upper_bound":4.979058168089188},"point_estimate":3.5648626348498134,"standard_error":0.8505028577262423}}