{"mean":{"confidence_interval":{"confidence_level":0.95,"lower_bound":28.51370722121024,"upper_bound":29.685066345364564},"point_estimate":29.01020260934606,"standard_error":0.30254751722678874},"median":{"confidence_interval":{"confidence_level":0.95,"lower_bound":28.152804642166345,"upper_bound":28.556928621250872},"point_estimate":28.229075145178676,"standard_error":0.0972228829999995},"median_abs_dev":{"confidence_interval":{"confidence_level":0.95,"lower_bound":0.12586105058621355,"upper_bound":0.6104320106384697},"point_estimate":0.24783256056158667,"standard_error":0.12009043434976464},"slope":{"confidence_interval":{"confidence_level":0.95,"lower_bound":28.380312846802635,"upper_bound":28.539231861598598},"point_estimate":28.459449222015,"standard_error":0.04051005812320782},"std_dev":{"confidence_interval":{"confidence_level":0.95,"lower_bound":0.7274645744281183,"upper_bound":4.670282623005903},"point_estimate":3.0394561300232037,"standard_error":1.021798701681259}}