{"mean":{"confidence_interval":{"confidence_level":0.95,"lower_bound":27.98176138096827,"upper_bound":28.801685985599885},"point_estimate":28.343138113318382,"standard_error":0.21099008687673135},"median":{"confidence_interval":{"confidence_level":0.95,"lower_bound":27.690241034685478,"upper_bound":27.80939019827909},"point_estimate":27.749792509596432,"standard_error":0.03462251744517793},"median_abs_dev":{"confidence_interval":{"confidence_level":0.95,"lower_bound":0.10420340491175896,"upper_bound":0.29973226200600633},"point_estimate":0.19151679252803538,"standard_error":0.05159868631268813},"slope":{"confidence_interval":{"confidence_level":0.95,"lower_bound":27.83895258896671,"upper_bound":27.989298639546863},"point_estimate":27.912816153920534,"standard_error":0.03844192774249172},"std_dev":{"confidence_interval":{"confidence_level":0.95,"lower_bound":0.7319108498622816,"upper_bound":3.056969173314758},"point_estimate":2.1258834632033814,"standard_error":0.5692717479428918}}