{"mean":{"confidence_interval":{"confidence_level":0.95,"lower_bound":7.184878589556933,"upper_bound":7.465781593227287},"point_estimate":7.28873512891588,"standard_error":0.07600414902621287},"median":{"confidence_interval":{"confidence_level":0.95,"lower_bound":7.168506550309111,"upper_bound":7.1761691064996445},"point_estimate":7.170961220114521,"standard_error":0.0019449100943558762},"median_abs_dev":{"confidence_interval":{"confidence_level":0.95,"lower_bound":0.010003295027160691,"upper_bound":0.021535262830823812},"point_estimate":0.014833772904413952,"standard_error":0.003025521439431191},"slope":{"confidence_interval":{"confidence_level":0.95,"lower_bound":7.179137222295453,"upper_bound":7.212842723293485},"point_estimate":7.193377072678913,"standard_error":0.008670941234616031},"std_dev":{"confidence_interval":{"confidence_level":0.95,"lower_bound":0.0624126964697058,"upper_bound":1.273059580305334},"point_estimate":0.7613351389031091,"standard_error":0.3706203005817302}}