{"mean":{"confidence_interval":{"confidence_level":0.95,"lower_bound":6.427946985633423,"upper_bound":6.649599239596119},"point_estimate":6.507879739939215,"standard_error":0.0603898593075813},"median":{"confidence_interval":{"confidence_level":0.95,"lower_bound":6.410289218705503,"upper_bound":6.416669812507864},"point_estimate":6.412819592923687,"standard_error":0.0016532143744200038},"median_abs_dev":{"confidence_interval":{"confidence_level":0.95,"lower_bound":0.009524856667101247,"upper_bound":0.02365974425509525},"point_estimate":0.015389885629103048,"standard_error":0.00356829502419965},"slope":{"confidence_interval":{"confidence_level":0.95,"lower_bound":6.415564218733073,"upper_bound":6.452596940815851},"point_estimate":6.430873871674113,"standard_error":0.009703346248409364},"std_dev":{"confidence_interval":{"confidence_level":0.95,"lower_bound":0.05067905456832998,"upper_bound":1.0164640186863365},"point_estimate":0.603500831395802,"standard_error":0.30649606199355145}}