{"mean":{"confidence_interval":{"confidence_level":0.95,"lower_bound":5.135201045520816,"upper_bound":5.2833112410395655},"point_estimate":5.191881554330309,"standard_error":0.03946122889296753},"median":{"confidence_interval":{"confidence_level":0.95,"lower_bound":5.1277193351356765,"upper_bound":5.149306956185899},"point_estimate":5.142377890446221,"standard_error":0.005911825339465661},"median_abs_dev":{"confidence_interval":{"confidence_level":0.95,"lower_bound":0.03783769713539515,"upper_bound":0.06722971374620071},"point_estimate":0.051963545709136576,"standard_error":0.007436960019653736},"slope":{"confidence_interval":{"confidence_level":0.95,"lower_bound":5.13628662657989,"upper_bound":5.165849947112494},"point_estimate":5.149473645427248,"standard_error":0.007571117953005932},"std_dev":{"confidence_interval":{"confidence_level":0.95,"lower_bound":0.07150213880999245,"upper_bound":0.656827850697646},"point_estimate":0.3958470176676606,"standard_error":0.18115448671673942}}