{"mean":{"confidence_interval":{"confidence_level":0.95,"lower_bound":13.75030619924652,"upper_bound":13.90922145806625},"point_estimate":13.81585969479619,"standard_error":0.041566369236422596},"median":{"confidence_interval":{"confidence_level":0.95,"lower_bound":13.722566170499984,"upper_bound":13.7410382225897},"point_estimate":13.730328092460674,"standard_error":0.003941626203055217},"median_abs_dev":{"confidence_interval":{"confidence_level":0.95,"lower_bound":0.028389834945715484,"upper_bound":0.059861215762839905},"point_estimate":0.03820162849127209,"standard_error":0.008374533718719882},"slope":{"confidence_interval":{"confidence_level":0.95,"lower_bound":13.750367711022282,"upper_bound":13.796707657395267},"point_estimate":13.771480047018176,"standard_error":0.011917442450529574},"std_dev":{"confidence_interval":{"confidence_level":0.95,"lower_bound":0.09211100687120727,"upper_bound":0.6626187607871852},"point_estimate":0.4172258661605688,"standard_error":0.15696746507279752}}