{"mean":{"confidence_interval":{"confidence_level":0.95,"lower_bound":10.815390507069175,"upper_bound":11.116404064250215},"point_estimate":10.92576566117598,"standard_error":0.08206286619254644},"median":{"confidence_interval":{"confidence_level":0.95,"lower_bound":10.810518513676051,"upper_bound":10.817946194891356},"point_estimate":10.813192794722777,"standard_error":0.0019978330526805106},"median_abs_dev":{"confidence_interval":{"confidence_level":0.95,"lower_bound":0.01907190899659881,"upper_bound":0.04077067343843967},"point_estimate":0.025984448339658225,"standard_error":0.006017641795262152},"slope":{"confidence_interval":{"confidence_level":0.95,"lower_bound":10.820195686735348,"upper_bound":10.851644707527486},"point_estimate":10.833431985574638,"standard_error":0.00811155686179518},"std_dev":{"confidence_interval":{"confidence_level":0.95,"lower_bound":0.04966808984299892,"upper_bound":1.3829864182243685},"point_estimate":0.8235700477754878,"standard_error":0.41099285711767536}}