{"mean":{"confidence_interval":{"confidence_level":0.95,"lower_bound":1638640.0055677784,"upper_bound":1660554.7224949556},"point_estimate":1649069.4676000178,"standard_error":5591.83600431034},"median":{"confidence_interval":{"confidence_level":0.95,"lower_bound":1635772.955882353,"upper_bound":1659344.185423588},"point_estimate":1648956.8599999999,"standard_error":6454.51345403873},"median_abs_dev":{"confidence_interval":{"confidence_level":0.95,"lower_bound":32847.76734068168,"upper_bound":57004.03053205423},"point_estimate":46561.11069705917,"standard_error":6200.52530716208},"slope":{"confidence_interval":{"confidence_level":0.95,"lower_bound":1641444.080021704,"upper_bound":1665596.73200102},"point_estimate":1653098.0340564505,"standard_error":6157.036661015506},"std_dev":{"confidence_interval":{"confidence_level":0.95,"lower_bound":40156.59410718708,"upper_bound":72784.16022203301},"point_estimate":56110.989803938595,"standard_error":8575.74164002988}}