{"mean":{"confidence_interval":{"confidence_level":0.95,"lower_bound":1526598.0229846414,"upper_bound":1554237.5184621278},"point_estimate":1540426.1378268835,"standard_error":7058.283252494921},"median":{"confidence_interval":{"confidence_level":0.95,"lower_bound":1506905.5384615385,"upper_bound":1546634.4030448718},"point_estimate":1523753.52987013,"standard_error":10116.64472238273},"median_abs_dev":{"confidence_interval":{"confidence_level":0.95,"lower_bound":56071.08212506322,"upper_bound":103772.35431666112},"point_estimate":72968.34213273476,"standard_error":12570.76922270481},"slope":{"confidence_interval":{"confidence_level":0.95,"lower_bound":1522399.855100264,"upper_bound":1553981.6494050433},"point_estimate":1537337.4535747007,"standard_error":8079.046380870141},"std_dev":{"confidence_interval":{"confidence_level":0.95,"lower_bound":63857.568977316776,"upper_bound":76834.93660378104},"point_estimate":71013.58243561095,"standard_error":3309.537000204856}}