{"mean":{"confidence_interval":{"confidence_level":0.95,"lower_bound":1689949.8617683707,"upper_bound":1692133.507387703},"point_estimate":1691087.0608171308,"standard_error":559.7355514827844},"median":{"confidence_interval":{"confidence_level":0.95,"lower_bound":1691825.831617647,"upper_bound":1693067.8076923077},"point_estimate":1692344.4036458335,"standard_error":345.9947271691577},"median_abs_dev":{"confidence_interval":{"confidence_level":0.95,"lower_bound":2040.960150482268,"upper_bound":3965.1203340074117},"point_estimate":3101.668104954973,"standard_error":526.6879213460155},"slope":{"confidence_interval":{"confidence_level":0.95,"lower_bound":1687994.9703173365,"upper_bound":1691275.4858613568},"point_estimate":1689709.4152297915,"standard_error":840.4963882940618},"std_dev":{"confidence_interval":{"confidence_level":0.95,"lower_bound":4157.258735271958,"upper_bound":6857.337980819063},"point_estimate":5627.936045193278,"standard_error":689.0823820074638}}