{"mean":{"confidence_interval":{"confidence_level":0.95,"lower_bound":1459812.8862966725,"upper_bound":1460469.3381482824},"point_estimate":1460134.8463144782,"standard_error":167.31707313142508},"median":{"confidence_interval":{"confidence_level":0.95,"lower_bound":1459497.785130719,"upper_bound":1460117.7531055901},"point_estimate":1459818.99845679,"standard_error":155.99232589002546},"median_abs_dev":{"confidence_interval":{"confidence_level":0.95,"lower_bound":1141.2648222083392,"upper_bound":1916.2325687675204},"point_estimate":1524.8702467464325,"standard_error":200.27743082674363},"slope":{"confidence_interval":{"confidence_level":0.95,"lower_bound":1458992.3601956188,"upper_bound":1459701.7926290322},"point_estimate":1459326.9851603368,"standard_error":180.31571072592482},"std_dev":{"confidence_interval":{"confidence_level":0.95,"lower_bound":1409.803763201931,"upper_bound":1931.9869546595835},"point_estimate":1678.1308035763632,"standard_error":133.1558251643391}}