{"mean":{"confidence_interval":{"confidence_level":0.95,"lower_bound":13.237715254026542,"upper_bound":13.257529250795185},"point_estimate":13.245901817742379,"standard_error":0.005113791616766797},"median":{"confidence_interval":{"confidence_level":0.95,"lower_bound":13.232814967575734,"upper_bound":13.241149456041228},"point_estimate":13.236488737731898,"standard_error":0.002345367761717931},"median_abs_dev":{"confidence_interval":{"confidence_level":0.95,"lower_bound":0.015938937947919347,"upper_bound":0.027146677665747743},"point_estimate":0.02150422887491181,"standard_error":0.0028556949781915445},"slope":{"confidence_interval":{"confidence_level":0.95,"lower_bound":13.234486851454905,"upper_bound":13.243304810091718},"point_estimate":13.238719326034005,"standard_error":0.0022505611471679518},"std_dev":{"confidence_interval":{"confidence_level":0.95,"lower_bound":0.021249945049972865,"upper_bound":0.08130949404476763},"point_estimate":0.051314981328854925,"standard_error":0.019273668410956533}}