{"mean":{"confidence_interval":{"confidence_level":0.95,"lower_bound":10.721005632191286,"upper_bound":10.750285596181355},"point_estimate":10.733495388577802,"standard_error":0.007538368247179795},"median":{"confidence_interval":{"confidence_level":0.95,"lower_bound":10.712415993305614,"upper_bound":10.724091943202323},"point_estimate":10.718904648817725,"standard_error":0.0023858815720721304},"median_abs_dev":{"confidence_interval":{"confidence_level":0.95,"lower_bound":0.014580614674391415,"upper_bound":0.02509238384752961},"point_estimate":0.019660222798561507,"standard_error":0.002533219481431722},"slope":{"confidence_interval":{"confidence_level":0.95,"lower_bound":10.716214445617783,"upper_bound":10.732474315769508},"point_estimate":10.722700466707519,"standard_error":0.0043000963990282425},"std_dev":{"confidence_interval":{"confidence_level":0.95,"lower_bound":0.03223058566468961,"upper_bound":0.11755783123314582},"point_estimate":0.07587740389494574,"standard_error":0.025069149006791785}}