{"mean":{"confidence_interval":{"confidence_level":0.95,"lower_bound":10.617640462333874,"upper_bound":10.638423179978206},"point_estimate":10.62723825005455,"standard_error":0.005330408052375558},"median":{"confidence_interval":{"confidence_level":0.95,"lower_bound":10.608413735433043,"upper_bound":10.616981833056393},"point_estimate":10.613702276295793,"standard_error":0.002438562929783002},"median_abs_dev":{"confidence_interval":{"confidence_level":0.95,"lower_bound":0.013977996769879004,"upper_bound":0.02547789845807559},"point_estimate":0.021047359664467833,"standard_error":0.0030987060910391564},"slope":{"confidence_interval":{"confidence_level":0.95,"lower_bound":10.617424654231131,"upper_bound":10.63842482258717},"point_estimate":10.627221817329437,"standard_error":0.0054030485746394095},"std_dev":{"confidence_interval":{"confidence_level":0.95,"lower_bound":0.031522934928166796,"upper_bound":0.07310657225678553},"point_estimate":0.05366801234018328,"standard_error":0.010725181047366125}}