{"mean":{"confidence_interval":{"confidence_level":0.95,"lower_bound":5.168122607570928,"upper_bound":5.270760650621647},"point_estimate":5.21285051986519,"standard_error":0.0265052342376844},"median":{"confidence_interval":{"confidence_level":0.95,"lower_bound":5.14391647573038,"upper_bound":5.1655414316581085},"point_estimate":5.151744254566883,"standard_error":0.005535057775012135},"median_abs_dev":{"confidence_interval":{"confidence_level":0.95,"lower_bound":0.0339161441590257,"upper_bound":0.06308626494822445},"point_estimate":0.042442040024346324,"standard_error":0.007290178199125477},"slope":{"confidence_interval":{"confidence_level":0.95,"lower_bound":5.1561609372475194,"upper_bound":5.2569059535912155},"point_estimate":5.198243653056851,"standard_error":0.02631004894554607},"std_dev":{"confidence_interval":{"confidence_level":0.95,"lower_bound":0.09138065559037582,"upper_bound":0.39366188059957435},"point_estimate":0.26656747228923117,"standard_error":0.07842243143024945}}