{"mean":{"confidence_interval":{"confidence_level":0.95,"lower_bound":10.694526660363652,"upper_bound":10.707531684979749},"point_estimate":10.700834129040034,"standard_error":0.0033222720961264382},"median":{"confidence_interval":{"confidence_level":0.95,"lower_bound":10.693518274922484,"upper_bound":10.706029529054053},"point_estimate":10.697860419784831,"standard_error":0.0035564665068357187},"median_abs_dev":{"confidence_interval":{"confidence_level":0.95,"lower_bound":0.01899382534480782,"upper_bound":0.03306484499946425},"point_estimate":0.026735454761585405,"standard_error":0.0035737947091480232},"slope":{"confidence_interval":{"confidence_level":0.95,"lower_bound":10.699989865389425,"upper_bound":10.715257628327334},"point_estimate":10.70713777780641,"standard_error":0.0038929181170115176},"std_dev":{"confidence_interval":{"confidence_level":0.95,"lower_bound":0.0261992830177264,"upper_bound":0.04019799584711524},"point_estimate":0.03333640598354504,"standard_error":0.0035974233104842214}}