{"mean":{"confidence_interval":{"confidence_level":0.95,"lower_bound":10.77303726891666,"upper_bound":10.794862681066574},"point_estimate":10.783212417811823,"standard_error":0.00557591267210886},"median":{"confidence_interval":{"confidence_level":0.95,"lower_bound":10.768923928297044,"upper_bound":10.78019679802561},"point_estimate":10.772975795552279,"standard_error":0.0029376174055544884},"median_abs_dev":{"confidence_interval":{"confidence_level":0.95,"lower_bound":0.021031134520227604,"upper_bound":0.03547290334626507},"point_estimate":0.02683249895884359,"standard_error":0.0036652764326581245},"slope":{"confidence_interval":{"confidence_level":0.95,"lower_bound":10.773420465140207,"upper_bound":10.784570721177785},"point_estimate":10.778742313457075,"standard_error":0.0028455278598433203},"std_dev":{"confidence_interval":{"confidence_level":0.95,"lower_bound":0.03528587404551912,"upper_bound":0.07829213251306712},"point_estimate":0.05599474653578194,"standard_error":0.011892944626423232}}