{"mean":{"confidence_interval":{"confidence_level":0.95,"lower_bound":5.062426401623474,"upper_bound":5.351022291572119},"point_estimate":5.196906677839208,"standard_error":0.07403155662697548},"median":{"confidence_interval":{"confidence_level":0.95,"lower_bound":4.894310735788569,"upper_bound":4.929104178069695},"point_estimate":4.910967030490356,"standard_error":0.008052781335499127},"median_abs_dev":{"confidence_interval":{"confidence_level":0.95,"lower_bound":0.04830313243566376,"upper_bound":0.09246967131719061},"point_estimate":0.061860186993632924,"standard_error":0.012058839659677283},"slope":{"confidence_interval":{"confidence_level":0.95,"lower_bound":4.991335658147679,"upper_bound":5.219054739396571},"point_estimate":5.089730175635018,"standard_error":0.058354053363578455},"std_dev":{"confidence_interval":{"confidence_level":0.95,"lower_bound":0.49224835059302285,"upper_bound":0.9616450396760999},"point_estimate":0.7411771025117068,"standard_error":0.12026403642509356}}