{"mean":{"confidence_interval":{"confidence_level":0.95,"lower_bound":38.07779044446609,"upper_bound":38.13698611503571},"point_estimate":38.100500398000435,"standard_error":0.015846714297347672},"median":{"confidence_interval":{"confidence_level":0.95,"lower_bound":38.06943564435247,"upper_bound":38.08844713939547},"point_estimate":38.0765448804691,"standard_error":0.00427296616511945},"median_abs_dev":{"confidence_interval":{"confidence_level":0.95,"lower_bound":0.029362773373870766,"upper_bound":0.046225124170445005},"point_estimate":0.0384516991042282,"standard_error":0.004376048952413337},"slope":{"confidence_interval":{"confidence_level":0.95,"lower_bound":38.07977305535081,"upper_bound":38.10501912064548},"point_estimate":38.09134260449251,"standard_error":0.0064807326993487685},"std_dev":{"confidence_interval":{"confidence_level":0.95,"lower_bound":0.04162560919332238,"upper_bound":0.2626478907046583},"point_estimate":0.15862314871698846,"standard_error":0.07353011150591236}}