{"mean":{"confidence_interval":{"confidence_level":0.95,"lower_bound":10.840588832862048,"upper_bound":10.855200756066594},"point_estimate":10.847218630970337,"standard_error":0.003748076183058289},"median":{"confidence_interval":{"confidence_level":0.95,"lower_bound":10.83776446084181,"upper_bound":10.849715500283839},"point_estimate":10.847180072139896,"standard_error":0.00304060521171026},"median_abs_dev":{"confidence_interval":{"confidence_level":0.95,"lower_bound":0.019852283736735043,"upper_bound":0.02895506833355607},"point_estimate":0.024983777626868413,"standard_error":0.0022219595187410054},"slope":{"confidence_interval":{"confidence_level":0.95,"lower_bound":10.838592370345612,"upper_bound":10.8476267532786},"point_estimate":10.84299445275414,"standard_error":0.0023063561959365737},"std_dev":{"confidence_interval":{"confidence_level":0.95,"lower_bound":0.02230382243432259,"upper_bound":0.05476201416720078},"point_estimate":0.037834381551638846,"standard_error":0.009435734865845714}}