{"mean":{"confidence_interval":{"confidence_level":0.95,"lower_bound":4.412369411166153,"upper_bound":4.5230853724149425},"point_estimate":4.453888439800325,"standard_error":0.030610678501360008},"median":{"confidence_interval":{"confidence_level":0.95,"lower_bound":4.387210130441302,"upper_bound":4.435688422968285},"point_estimate":4.408362340263208,"standard_error":0.010825145198272584},"median_abs_dev":{"confidence_interval":{"confidence_level":0.95,"lower_bound":0.05471991895399391,"upper_bound":0.08584351401829696},"point_estimate":0.07025021944676638,"standard_error":0.007674533328903632},"slope":{"confidence_interval":{"confidence_level":0.95,"lower_bound":4.395972269581599,"upper_bound":4.423410182007998},"point_estimate":4.408935507283877,"standard_error":0.006990191255660007},"std_dev":{"confidence_interval":{"confidence_level":0.95,"lower_bound":0.06913294422215484,"upper_bound":0.5138181588456546},"point_estimate":0.3062376820756092,"standard_error":0.15315485682627375}}