{"mean":{"confidence_interval":{"confidence_level":0.95,"lower_bound":10.81394890946833,"upper_bound":10.82979667698108},"point_estimate":10.821901601679247,"standard_error":0.004034561801998683},"median":{"confidence_interval":{"confidence_level":0.95,"lower_bound":10.81561049242055,"upper_bound":10.829625171797407},"point_estimate":10.820934694129365,"standard_error":0.003462372776331182},"median_abs_dev":{"confidence_interval":{"confidence_level":0.95,"lower_bound":0.019067298913397257,"upper_bound":0.032237328102872685},"point_estimate":0.02424386973980623,"standard_error":0.0032678524652992097},"slope":{"confidence_interval":{"confidence_level":0.95,"lower_bound":10.816986911616082,"upper_bound":10.827914325812813},"point_estimate":10.822435048042735,"standard_error":0.002775950532391234},"std_dev":{"confidence_interval":{"confidence_level":0.95,"lower_bound":0.032644681979582583,"upper_bound":0.047586906580026775},"point_estimate":0.04057900700671583,"standard_error":0.003818576355023257}}