{"mean":{"confidence_interval":{"confidence_level":0.95,"lower_bound":7.0719312675789165,"upper_bound":7.0834385872441565},"point_estimate":7.077298113883923,"standard_error":0.0029330902362325853},"median":{"confidence_interval":{"confidence_level":0.95,"lower_bound":7.065576035191042,"upper_bound":7.075567283795482},"point_estimate":7.069555015810639,"standard_error":0.002242082720333335},"median_abs_dev":{"confidence_interval":{"confidence_level":0.95,"lower_bound":0.013877571175939485,"upper_bound":0.025620555903525768},"point_estimate":0.01784001991501469,"standard_error":0.0030509136331285727},"slope":{"confidence_interval":{"confidence_level":0.95,"lower_bound":7.066487343229415,"upper_bound":7.076522084790765},"point_estimate":7.07131270297248,"standard_error":0.002564090713761419},"std_dev":{"confidence_interval":{"confidence_level":0.95,"lower_bound":0.020181193321141277,"upper_bound":0.039835117222953784},"point_estimate":0.029450796753782246,"standard_error":0.00547906448434254}}