{"mean":{"confidence_interval":{"confidence_level":0.95,"lower_bound":10.799488063204835,"upper_bound":10.816323032050311},"point_estimate":10.807946680598084,"standard_error":0.004289726991639372},"median":{"confidence_interval":{"confidence_level":0.95,"lower_bound":10.807924285484477,"upper_bound":10.820032263301325},"point_estimate":10.812471824938752,"standard_error":0.0031517501767236323},"median_abs_dev":{"confidence_interval":{"confidence_level":0.95,"lower_bound":0.015194183747436923,"upper_bound":0.027752641535330757},"point_estimate":0.01973274713008743,"standard_error":0.0030680137746385257},"slope":{"confidence_interval":{"confidence_level":0.95,"lower_bound":10.810131158521497,"upper_bound":10.823278650495844},"point_estimate":10.816278359549312,"standard_error":0.003340124288882712},"std_dev":{"confidence_interval":{"confidence_level":0.95,"lower_bound":0.0338033109170442,"upper_bound":0.05175357379046327},"point_estimate":0.043049792163592615,"standard_error":0.004579992925087659}}