{"mean":{"confidence_interval":{"confidence_level":0.95,"lower_bound":7.047104262064847,"upper_bound":7.055091704757197},"point_estimate":7.050810924296577,"standard_error":0.0020354236106082},"median":{"confidence_interval":{"confidence_level":0.95,"lower_bound":7.0432648211952005,"upper_bound":7.04979759314048},"point_estimate":7.045882790597661,"standard_error":0.0016255661466302493},"median_abs_dev":{"confidence_interval":{"confidence_level":0.95,"lower_bound":0.008332390028195122,"upper_bound":0.014619220604814472},"point_estimate":0.010539547420803343,"standard_error":0.0015446853378721117},"slope":{"confidence_interval":{"confidence_level":0.95,"lower_bound":7.043129472552901,"upper_bound":7.049048086891491},"point_estimate":7.046025075143739,"standard_error":0.0015055762036138667},"std_dev":{"confidence_interval":{"confidence_level":0.95,"lower_bound":0.013492354325863456,"upper_bound":0.027985593809531965},"point_estimate":0.020434792992184068,"standard_error":0.003898060115044424}}