{"mean":{"confidence_interval":{"confidence_level":0.95,"lower_bound":10.8412679948019,"upper_bound":10.853375030556244},"point_estimate":10.847134672672887,"standard_error":0.003086211731174798},"median":{"confidence_interval":{"confidence_level":0.95,"lower_bound":10.839378768890363,"upper_bound":10.846060052934197},"point_estimate":10.842296276629579,"standard_error":0.0016127392173451115},"median_abs_dev":{"confidence_interval":{"confidence_level":0.95,"lower_bound":0.010914720050115257,"upper_bound":0.022846364920978655},"point_estimate":0.014152546171068016,"standard_error":0.0032038093157788963},"slope":{"confidence_interval":{"confidence_level":0.95,"lower_bound":10.841101631240655,"upper_bound":10.850601103738697},"point_estimate":10.845415387979225,"standard_error":0.002419800315138055},"std_dev":{"confidence_interval":{"confidence_level":0.95,"lower_bound":0.024704541730156442,"upper_bound":0.03655166396756584},"point_estimate":0.031110905848018393,"standard_error":0.003020814947112272}}