{"mean":{"confidence_interval":{"confidence_level":0.95,"lower_bound":37.329449522407046,"upper_bound":37.76827197708027},"point_estimate":37.484545714251546,"standard_error":0.12823530027085023},"median":{"confidence_interval":{"confidence_level":0.95,"lower_bound":37.32325440803314,"upper_bound":37.342490858985215},"point_estimate":37.333033914764194,"standard_error":0.005036160670304144},"median_abs_dev":{"confidence_interval":{"confidence_level":0.95,"lower_bound":0.025636008631539337,"upper_bound":0.04466700867804807},"point_estimate":0.03666514211959026,"standard_error":0.004744018737531788},"slope":{"confidence_interval":{"confidence_level":0.95,"lower_bound":37.324154978553125,"upper_bound":37.389728361873544},"point_estimate":37.34874298005244,"standard_error":0.01763494960343775},"std_dev":{"confidence_interval":{"confidence_level":0.95,"lower_bound":0.08550646620170946,"upper_bound":2.181029773080736},"point_estimate":1.280522653116863,"standard_error":0.7127082955392858}}