{"mean":{"confidence_interval":{"confidence_level":0.95,"lower_bound":46.31833635924427,"upper_bound":46.37205782108728},"point_estimate":46.34183086075908,"standard_error":0.01379327487385499},"median":{"confidence_interval":{"confidence_level":0.95,"lower_bound":46.31187191940643,"upper_bound":46.34496932515337},"point_estimate":46.32467105263158,"standard_error":0.007773613950153565},"median_abs_dev":{"confidence_interval":{"confidence_level":0.95,"lower_bound":0.04991482433653062,"upper_bound":0.08612995333719771},"point_estimate":0.06223777184520074,"standard_error":0.00909826761925995},"slope":{"confidence_interval":{"confidence_level":0.95,"lower_bound":46.34158291777653,"upper_bound":46.39212299230538},"point_estimate":46.362573655442645,"standard_error":0.013096870081242737},"std_dev":{"confidence_interval":{"confidence_level":0.95,"lower_bound":0.07133939384269365,"upper_bound":0.20967740847362268},"point_estimate":0.1386019292451223,"standard_error":0.042142978067167935}}