{"mean":{"confidence_interval":{"confidence_level":0.95,"lower_bound":42.03764432289622,"upper_bound":46.138081439397105},"point_estimate":43.88074470078518,"standard_error":1.0527061213219522},"median":{"confidence_interval":{"confidence_level":0.95,"lower_bound":40.468733153638816,"upper_bound":40.833547658015746},"point_estimate":40.559615384615384,"standard_error":0.09822290687481638},"median_abs_dev":{"confidence_interval":{"confidence_level":0.95,"lower_bound":0.38500964781430713,"upper_bound":0.8455996164918483},"point_estimate":0.5112565582762171,"standard_error":0.11268946658182162},"slope":{"confidence_interval":{"confidence_level":0.95,"lower_bound":40.54835648057279,"upper_bound":41.03533978401013},"point_estimate":40.76192885642509,"standard_error":0.1250263378687202},"std_dev":{"confidence_interval":{"confidence_level":0.95,"lower_bound":5.626694715688971,"upper_bound":14.70528228424402},"point_estimate":10.555249668789571,"standard_error":2.341075274568457}}