{"mean":{"confidence_interval":{"confidence_level":0.95,"lower_bound":42.10351769927997,"upper_bound":45.70840419220914},"point_estimate":43.726602280909155,"standard_error":0.9236603770004195},"median":{"confidence_interval":{"confidence_level":0.95,"lower_bound":40.69976076555024,"upper_bound":40.98110275689223},"point_estimate":40.78671595376401,"standard_error":0.06829619725810075},"median_abs_dev":{"confidence_interval":{"confidence_level":0.95,"lower_bound":0.2315530701192356,"upper_bound":0.6415029451185712},"point_estimate":0.37050924382087314,"standard_error":0.10148272361857091},"slope":{"confidence_interval":{"confidence_level":0.95,"lower_bound":40.845991954041295,"upper_bound":41.306211771452055},"point_estimate":41.05470417583785,"standard_error":0.11744743333295755},"std_dev":{"confidence_interval":{"confidence_level":0.95,"lower_bound":4.863122533275348,"upper_bound":12.921998790342586},"point_estimate":9.273697851771683,"standard_error":2.0762486751514353}}