{"mean":{"confidence_interval":{"confidence_level":0.95,"lower_bound":46.30876144710047,"upper_bound":50.03473081615616},"point_estimate":47.96363073467232,"standard_error":0.9526241429471499},"median":{"confidence_interval":{"confidence_level":0.95,"lower_bound":45.08454324526421,"upper_bound":45.23016949152542},"point_estimate":45.15515168354846,"standard_error":0.04486123315877598},"median_abs_dev":{"confidence_interval":{"confidence_level":0.95,"lower_bound":0.2540181023718199,"upper_bound":0.5902643218927595},"point_estimate":0.3850595100559979,"standard_error":0.08697592941548493},"slope":{"confidence_interval":{"confidence_level":0.95,"lower_bound":45.27699744938907,"upper_bound":45.94495446776578},"point_estimate":45.58021875853156,"standard_error":0.1713236831837523},"std_dev":{"confidence_interval":{"confidence_level":0.95,"lower_bound":4.74975084473326,"upper_bound":13.57832542430046},"point_estimate":9.570765514381568,"standard_error":2.269408258147294}}