{"mean":{"confidence_interval":{"confidence_level":0.95,"lower_bound":42.85772400330914,"upper_bound":45.951747675857185},"point_estimate":44.27341744617629,"standard_error":0.7916166563902985},"median":{"confidence_interval":{"confidence_level":0.95,"lower_bound":40.795870206489674,"upper_bound":41.482498835584536},"point_estimate":40.88473076346183,"standard_error":0.18982103283913876},"median_abs_dev":{"confidence_interval":{"confidence_level":0.95,"lower_bound":0.14705885967700114,"upper_bound":1.1021730982983617},"point_estimate":0.3046243234442493,"standard_error":0.26043190474858396},"slope":{"confidence_interval":{"confidence_level":0.95,"lower_bound":41.09738366041722,"upper_bound":41.53930213189787},"point_estimate":41.28244476382653,"standard_error":0.11347958671779962},"std_dev":{"confidence_interval":{"confidence_level":0.95,"lower_bound":4.736433057931007,"upper_bound":10.60608765278617},"point_estimate":7.954481224198089,"standard_error":1.4981726789987515}}