{"mean":{"confidence_interval":{"confidence_level":0.95,"lower_bound":34.9857631067891,"upper_bound":36.214249268123005},"point_estimate":35.52626901539911,"standard_error":0.3157252431306353},"median":{"confidence_interval":{"confidence_level":0.95,"lower_bound":34.71621900826446,"upper_bound":35.01080354475754},"point_estimate":34.89035002430724,"standard_error":0.07991011356793531},"median_abs_dev":{"confidence_interval":{"confidence_level":0.95,"lower_bound":0.26191452260424236,"upper_bound":0.5039588682690158},"point_estimate":0.3796283958511767,"standard_error":0.05922908409328397},"slope":{"confidence_interval":{"confidence_level":0.95,"lower_bound":34.922731804911606,"upper_bound":35.095621108008295},"point_estimate":35.00210627168551,"standard_error":0.04415009920896411},"std_dev":{"confidence_interval":{"confidence_level":0.95,"lower_bound":0.6489623687049934,"upper_bound":4.668921087663602},"point_estimate":3.1573116498657194,"standard_error":0.9450710185271919}}