{"mean":{"confidence_interval":{"confidence_level":0.95,"lower_bound":37.37533490404026,"upper_bound":38.707124329706794},"point_estimate":37.9552915575501,"standard_error":0.3427119913572327},"median":{"confidence_interval":{"confidence_level":0.95,"lower_bound":36.9790156062425,"upper_bound":37.46756768013328},"point_estimate":37.20420546523694,"standard_error":0.15533156774342097},"median_abs_dev":{"confidence_interval":{"confidence_level":0.95,"lower_bound":0.42967612370698416,"upper_bound":0.8195403752586008},"point_estimate":0.6082759005065917,"standard_error":0.0927548044380099},"slope":{"confidence_interval":{"confidence_level":0.95,"lower_bound":37.28364798679748,"upper_bound":37.490110493288476},"point_estimate":37.38562768296324,"standard_error":0.052655612518307575},"std_dev":{"confidence_interval":{"confidence_level":0.95,"lower_bound":1.0075327873008193,"upper_bound":5.044911427611956},"point_estimate":3.4353221130500753,"standard_error":0.980387711546201}}