{"mean":{"confidence_interval":{"confidence_level":0.95,"lower_bound":37.377955665361945,"upper_bound":38.58942273062616},"point_estimate":37.919012605882834,"standard_error":0.31140081127508884},"median":{"confidence_interval":{"confidence_level":0.95,"lower_bound":36.86440677966102,"upper_bound":37.48686906314025},"point_estimate":37.27339774411989,"standard_error":0.17646663559793904},"median_abs_dev":{"confidence_interval":{"confidence_level":0.95,"lower_bound":0.4770922055129787,"upper_bound":0.9763603864316284},"point_estimate":0.7349573170164738,"standard_error":0.1173177904523563},"slope":{"confidence_interval":{"confidence_level":0.95,"lower_bound":37.35632954582415,"upper_bound":37.95955220149276},"point_estimate":37.59870426771997,"standard_error":0.15921277114600782},"std_dev":{"confidence_interval":{"confidence_level":0.95,"lower_bound":1.3724358464977175,"upper_bound":4.379945373594612},"point_estimate":3.1258453223428395,"standard_error":0.7495058138490304}}