{"mean":{"confidence_interval":{"confidence_level":0.95,"lower_bound":11.013012455225821,"upper_bound":11.13802842350975},"point_estimate":11.061489208297353,"standard_error":0.033323875509075576},"median":{"confidence_interval":{"confidence_level":0.95,"lower_bound":10.99719580159727,"upper_bound":11.012003197554444},"point_estimate":11.00358700787495,"standard_error":0.0038348363987827233},"median_abs_dev":{"confidence_interval":{"confidence_level":0.95,"lower_bound":0.023938781045980292,"upper_bound":0.04312838022631037},"point_estimate":0.030889589066146066,"standard_error":0.004866676657117006},"slope":{"confidence_interval":{"confidence_level":0.95,"lower_bound":11.007129863005584,"upper_bound":11.053025226789723},"point_estimate":11.026879741760819,"standard_error":0.011808381722595558},"std_dev":{"confidence_interval":{"confidence_level":0.95,"lower_bound":0.07337978749810603,"upper_bound":0.5540087946488335},"point_estimate":0.3349177025772409,"standard_error":0.1516965840090268}}