{"mean":{"confidence_interval":{"confidence_level":0.95,"lower_bound":13.742183597465102,"upper_bound":14.127216517883747},"point_estimate":13.87994514892918,"standard_error":0.11203803487486179},"median":{"confidence_interval":{"confidence_level":0.95,"lower_bound":13.712670288818988,"upper_bound":13.734727385377942},"point_estimate":13.721579019547342,"standard_error":0.005311371423364727},"median_abs_dev":{"confidence_interval":{"confidence_level":0.95,"lower_bound":0.03745873685334529,"upper_bound":0.07497626815183943},"point_estimate":0.05609523818011756,"standard_error":0.00947521830478777},"slope":{"confidence_interval":{"confidence_level":0.95,"lower_bound":13.748560036319315,"upper_bound":13.838550885812289},"point_estimate":13.785815359581788,"standard_error":0.023424811856651455},"std_dev":{"confidence_interval":{"confidence_level":0.95,"lower_bound":0.093301302406977,"upper_bound":1.9043359605313388},"point_estimate":1.120477042857783,"standard_error":0.6151452087522059}}