{"mean":{"confidence_interval":{"confidence_level":0.95,"lower_bound":11.603215146066468,"upper_bound":11.823858707487743},"point_estimate":11.690352588263679,"standard_error":0.05816962377371676},"median":{"confidence_interval":{"confidence_level":0.95,"lower_bound":11.587736941594876,"upper_bound":11.600740044916344},"point_estimate":11.596261529439426,"standard_error":0.00282409786287866},"median_abs_dev":{"confidence_interval":{"confidence_level":0.95,"lower_bound":0.023898749868961892,"upper_bound":0.03899186081483738},"point_estimate":0.03257567456029459,"standard_error":0.003955268994715077},"slope":{"confidence_interval":{"confidence_level":0.95,"lower_bound":11.600766382186581,"upper_bound":11.62127149945334},"point_estimate":11.610200455580951,"standard_error":0.005245561685894722},"std_dev":{"confidence_interval":{"confidence_level":0.95,"lower_bound":0.07937274504104476,"upper_bound":0.9533900039813447},"point_estimate":0.5839953480073385,"standard_error":0.24735193454113522}}