{"mean":{"confidence_interval":{"confidence_level":0.95,"lower_bound":11.565645697678036,"upper_bound":11.702185323385232},"point_estimate":11.61530070943494,"standard_error":0.03947034467060328},"median":{"confidence_interval":{"confidence_level":0.95,"lower_bound":11.557139480117657,"upper_bound":11.56761666517764},"point_estimate":11.561811774774094,"standard_error":0.0026481293772113042},"median_abs_dev":{"confidence_interval":{"confidence_level":0.95,"lower_bound":0.018531959415324956,"upper_bound":0.03476154999141352},"point_estimate":0.027263496975590707,"standard_error":0.004350369495393137},"slope":{"confidence_interval":{"confidence_level":0.95,"lower_bound":11.569297136866167,"upper_bound":11.59795313063094},"point_estimate":11.581610462723626,"standard_error":0.007409259616886188},"std_dev":{"confidence_interval":{"confidence_level":0.95,"lower_bound":0.05624598413089112,"upper_bound":0.6761795119513139},"point_estimate":0.39827452657681545,"standard_error":0.21576972692893265}}