{"mean":{"confidence_interval":{"confidence_level":0.95,"lower_bound":13.838127940415447,"upper_bound":14.631923300862546},"point_estimate":14.180370134614611,"standard_error":0.2055526383214973},"median":{"confidence_interval":{"confidence_level":0.95,"lower_bound":13.70268119353705,"upper_bound":13.71177343814893},"point_estimate":13.707196651580695,"standard_error":0.0026753952313688023},"median_abs_dev":{"confidence_interval":{"confidence_level":0.95,"lower_bound":0.02002451162117076,"upper_bound":0.046364212004416636},"point_estimate":0.0300223373053171,"standard_error":0.007041028722250259},"slope":{"confidence_interval":{"confidence_level":0.95,"lower_bound":13.816071070972328,"upper_bound":14.260614973118654},"point_estimate":14.01617132457438,"standard_error":0.11429908600108511},"std_dev":{"confidence_interval":{"confidence_level":0.95,"lower_bound":0.6438221903193437,"upper_bound":3.106940669124326},"point_estimate":2.0590032101490587,"standard_error":0.6401114354977948}}