{"mean":{"confidence_interval":{"confidence_level":0.95,"lower_bound":9.78088747620838,"upper_bound":9.939773260662646},"point_estimate":9.840427862667367,"standard_error":0.04302402188714256},"median":{"confidence_interval":{"confidence_level":0.95,"lower_bound":9.765971339045521,"upper_bound":9.778798113859411},"point_estimate":9.771907033446666,"standard_error":0.003424951521898399},"median_abs_dev":{"confidence_interval":{"confidence_level":0.95,"lower_bound":0.017419349461574543,"upper_bound":0.029570653672773447},"point_estimate":0.02093105612626058,"standard_error":0.003126190816135117},"slope":{"confidence_interval":{"confidence_level":0.95,"lower_bound":9.781711403177514,"upper_bound":9.852999070808412},"point_estimate":9.811999295811024,"standard_error":0.018487977597331458},"std_dev":{"confidence_interval":{"confidence_level":0.95,"lower_bound":0.05595936590671312,"upper_bound":0.7247439751034613},"point_estimate":0.43287876031058536,"standard_error":0.21046177279617073}}