{"mean":{"confidence_interval":{"confidence_level":0.95,"lower_bound":11.263873393272203,"upper_bound":11.392239434021747},"point_estimate":11.311870709633137,"standard_error":0.03512549965273857},"median":{"confidence_interval":{"confidence_level":0.95,"lower_bound":11.250210351916587,"upper_bound":11.262289368281488},"point_estimate":11.255230754060321,"standard_error":0.002814140162600401},"median_abs_dev":{"confidence_interval":{"confidence_level":0.95,"lower_bound":0.015337623106303133,"upper_bound":0.030438917448488617},"point_estimate":0.02329662305562102,"standard_error":0.003777961760710284},"slope":{"confidence_interval":{"confidence_level":0.95,"lower_bound":11.260145575023241,"upper_bound":11.303972784596038},"point_estimate":11.277859482964892,"standard_error":0.011371934151142713},"std_dev":{"confidence_interval":{"confidence_level":0.95,"lower_bound":0.046959083766003315,"upper_bound":0.59373762089409},"point_estimate":0.3537627427065286,"standard_error":0.17452291028138772}}