{"mean":{"confidence_interval":{"confidence_level":0.95,"lower_bound":37.59720611563475,"upper_bound":39.120808076941536},"point_estimate":38.28077908089154,"standard_error":0.39085006328948},"median":{"confidence_interval":{"confidence_level":0.95,"lower_bound":37.004671441918404,"upper_bound":37.404652439442806},"point_estimate":37.20816630027156,"standard_error":0.09805678250630191},"median_abs_dev":{"confidence_interval":{"confidence_level":0.95,"lower_bound":0.3299917817465831,"upper_bound":0.67103002104572},"point_estimate":0.5057546671344187,"standard_error":0.08519456794288457},"slope":{"confidence_interval":{"confidence_level":0.95,"lower_bound":37.24477861375568,"upper_bound":37.45474658008367},"point_estimate":37.34782272148298,"standard_error":0.05369380731094762},"std_dev":{"confidence_interval":{"confidence_level":0.95,"lower_bound":1.9210782006863345,"upper_bound":5.472133458721607},"point_estimate":3.936659017874904,"standard_error":0.8988199684960552}}