{"mean":{"confidence_interval":{"confidence_level":0.95,"lower_bound":37.287666125279365,"upper_bound":38.177609927703614},"point_estimate":37.66283215538839,"standard_error":0.23076072975597972},"median":{"confidence_interval":{"confidence_level":0.95,"lower_bound":36.97175141242938,"upper_bound":37.45702193280364},"point_estimate":37.338263591321564,"standard_error":0.14968274027481282},"median_abs_dev":{"confidence_interval":{"confidence_level":0.95,"lower_bound":0.41487028719444713,"upper_bound":0.829478470932426},"point_estimate":0.7071629786903529,"standard_error":0.11200987588650387},"slope":{"confidence_interval":{"confidence_level":0.95,"lower_bound":37.267783281557186,"upper_bound":37.48900075929497},"point_estimate":37.37022770023018,"standard_error":0.056342218340084196},"std_dev":{"confidence_interval":{"confidence_level":0.95,"lower_bound":0.6976177310190483,"upper_bound":3.6353393802845884},"point_estimate":2.311539753987027,"standard_error":0.7923535332973791}}