{"mean":{"confidence_interval":{"confidence_level":0.95,"lower_bound":30.10046237245367,"upper_bound":31.077770299351304},"point_estimate":30.530614890283967,"standard_error":0.250670815363822},"median":{"confidence_interval":{"confidence_level":0.95,"lower_bound":29.7660887070589,"upper_bound":30.031931860866955},"point_estimate":29.873040548422118,"standard_error":0.07830327356086757},"median_abs_dev":{"confidence_interval":{"confidence_level":0.95,"lower_bound":0.21930981576560873,"upper_bound":0.47134219316778936},"point_estimate":0.3398218223763587,"standard_error":0.06569326534238626},"slope":{"confidence_interval":{"confidence_level":0.95,"lower_bound":29.959843221598756,"upper_bound":30.226666296108917},"point_estimate":30.074307680896755,"standard_error":0.06890601715906479},"std_dev":{"confidence_interval":{"confidence_level":0.95,"lower_bound":1.0123901666000894,"upper_bound":3.5890272548159046},"point_estimate":2.522744753262329,"standard_error":0.6367800482803938}}