{"mean":{"confidence_interval":{"confidence_level":0.95,"lower_bound":37.55878908735819,"upper_bound":39.05920728846485},"point_estimate":38.21576417648533,"standard_error":0.3823082846132101},"median":{"confidence_interval":{"confidence_level":0.95,"lower_bound":37.19386611992982,"upper_bound":37.68047799865982},"point_estimate":37.42761587163501,"standard_error":0.13521608953158024},"median_abs_dev":{"confidence_interval":{"confidence_level":0.95,"lower_bound":0.2798223465395352,"upper_bound":0.7134892102549942},"point_estimate":0.5430791002886559,"standard_error":0.11455108596228988},"slope":{"confidence_interval":{"confidence_level":0.95,"lower_bound":37.54623543574463,"upper_bound":37.7388476797534},"point_estimate":37.644458303360864,"standard_error":0.049155651619235935},"std_dev":{"confidence_interval":{"confidence_level":0.95,"lower_bound":0.6705523244433639,"upper_bound":5.624422488327231},"point_estimate":3.831674885298893,"standard_error":1.1476066581928193}}