{"mean":{"confidence_interval":{"confidence_level":0.95,"lower_bound":25.65540603841359,"upper_bound":26.656167484913038},"point_estimate":26.080571432183515,"standard_error":0.2575504994873647},"median":{"confidence_interval":{"confidence_level":0.95,"lower_bound":25.495111776244052,"upper_bound":25.64486237097279},"point_estimate":25.54050156101534,"standard_error":0.033096822790128565},"median_abs_dev":{"confidence_interval":{"confidence_level":0.95,"lower_bound":0.2556922016955683,"upper_bound":0.39564670392539275},"point_estimate":0.29844183397743135,"standard_error":0.038243578840117975},"slope":{"confidence_interval":{"confidence_level":0.95,"lower_bound":25.61136679410863,"upper_bound":25.76836633713511},"point_estimate":25.683050329944408,"standard_error":0.040168790768851576},"std_dev":{"confidence_interval":{"confidence_level":0.95,"lower_bound":0.4508622433593973,"upper_bound":4.022018021531104},"point_estimate":2.5847642488009885,"standard_error":0.8751265226739482}}