{"mean":{"confidence_interval":{"confidence_level":0.95,"lower_bound":33.00274482599517,"upper_bound":34.310196635074604},"point_estimate":33.57567928528392,"standard_error":0.33753145903671405},"median":{"confidence_interval":{"confidence_level":0.95,"lower_bound":32.71772268135904,"upper_bound":33.06232954545454},"point_estimate":32.84319606725563,"standard_error":0.11003167344264583},"median_abs_dev":{"confidence_interval":{"confidence_level":0.95,"lower_bound":0.5680086142968822,"upper_bound":1.3658570693872205},"point_estimate":0.9646569422869337,"standard_error":0.20483721941887242},"slope":{"confidence_interval":{"confidence_level":0.95,"lower_bound":33.07966973814854,"upper_bound":33.59156825849072},"point_estimate":33.34381581984521,"standard_error":0.13111603580734732},"std_dev":{"confidence_interval":{"confidence_level":0.95,"lower_bound":1.0946988403400943,"upper_bound":4.936248196471507},"point_estimate":3.371490911246588,"standard_error":0.9457811143437934}}