{"mean":{"confidence_interval":{"confidence_level":0.95,"lower_bound":32.56116749346028,"upper_bound":34.40131623909638},"point_estimate":33.325253812874664,"standard_error":0.483873949835512},"median":{"confidence_interval":{"confidence_level":0.95,"lower_bound":32.27084760273973,"upper_bound":32.581072181243414},"point_estimate":32.485200107440235,"standard_error":0.07727191295513673},"median_abs_dev":{"confidence_interval":{"confidence_level":0.95,"lower_bound":0.4690547861931616,"upper_bound":0.805890664253632},"point_estimate":0.6762921279337545,"standard_error":0.08299536580713174},"slope":{"confidence_interval":{"confidence_level":0.95,"lower_bound":32.1243207264283,"upper_bound":32.28823493721168},"point_estimate":32.198127415276794,"standard_error":0.041986015581586905},"std_dev":{"confidence_interval":{"confidence_level":0.95,"lower_bound":0.8346980222278343,"upper_bound":7.51705909199122},"point_estimate":4.854005755674588,"standard_error":1.8069688400783965}}