{"mean":{"confidence_interval":{"confidence_level":0.95,"lower_bound":31.502507608643086,"upper_bound":32.839249281716754},"point_estimate":32.086084970016934,"standard_error":0.34324158641808267},"median":{"confidence_interval":{"confidence_level":0.95,"lower_bound":31.259036144578314,"upper_bound":31.445865093025162},"point_estimate":31.308820648447448,"standard_error":0.0559074424262839},"median_abs_dev":{"confidence_interval":{"confidence_level":0.95,"lower_bound":0.21123830956500098,"upper_bound":0.49742388248621744},"point_estimate":0.3672470651814987,"standard_error":0.07866349349570934},"slope":{"confidence_interval":{"confidence_level":0.95,"lower_bound":31.51992691327341,"upper_bound":31.89697230670224},"point_estimate":31.678234961420976,"standard_error":0.09876825123178598},"std_dev":{"confidence_interval":{"confidence_level":0.95,"lower_bound":0.7026971708669179,"upper_bound":5.139178100896752},"point_estimate":3.4612872437829205,"standard_error":1.0504767427947088}}