{"mean":{"confidence_interval":{"confidence_level":0.95,"lower_bound":25.215634023070894,"upper_bound":26.417560172596872},"point_estimate":25.74649851906015,"standard_error":0.3107372412150987},"median":{"confidence_interval":{"confidence_level":0.95,"lower_bound":24.856253404139434,"upper_bound":24.989445259042032},"point_estimate":24.91351488095238,"standard_error":0.037966433798543926},"median_abs_dev":{"confidence_interval":{"confidence_level":0.95,"lower_bound":0.20942229325913558,"upper_bound":0.3955975891305854},"point_estimate":0.29294009960696554,"standard_error":0.04714768540813667},"slope":{"confidence_interval":{"confidence_level":0.95,"lower_bound":24.970634914483526,"upper_bound":25.23065592745175},"point_estimate":25.089180545293335,"standard_error":0.06649043399512838},"std_dev":{"confidence_interval":{"confidence_level":0.95,"lower_bound":0.967858038914392,"upper_bound":4.485920409970225},"point_estimate":3.124887695523887,"standard_error":0.8429862448726732}}