{"mean":{"confidence_interval":{"confidence_level":0.95,"lower_bound":29.480765227482596,"upper_bound":30.685956560428675},"point_estimate":30.00815120872245,"standard_error":0.315580217472975},"median":{"confidence_interval":{"confidence_level":0.95,"lower_bound":29.16710719530103,"upper_bound":29.28157121879589},"point_estimate":29.212860988742047,"standard_error":0.02622598464373557},"median_abs_dev":{"confidence_interval":{"confidence_level":0.95,"lower_bound":0.12741331162671665,"upper_bound":0.2842755483903348},"point_estimate":0.18160764833864795,"standard_error":0.03838275039575775},"slope":{"confidence_interval":{"confidence_level":0.95,"lower_bound":29.303140973777133,"upper_bound":29.558845116595275},"point_estimate":29.424843835951744,"standard_error":0.06536192383243698},"std_dev":{"confidence_interval":{"confidence_level":0.95,"lower_bound":1.4707351661379329,"upper_bound":4.43839479458033},"point_estimate":3.161010743669897,"standard_error":0.8015795210577505}}