{"mean":{"confidence_interval":{"confidence_level":0.95,"lower_bound":20.25711027281132,"upper_bound":20.659771801766663},"point_estimate":20.436281200707306,"standard_error":0.10336383288384421},"median":{"confidence_interval":{"confidence_level":0.95,"lower_bound":19.998499185999187,"upper_bound":20.2094674556213},"point_estimate":20.11964390838753,"standard_error":0.058318621430469265},"median_abs_dev":{"confidence_interval":{"confidence_level":0.95,"lower_bound":0.23425017023790964,"upper_bound":0.4838390087389679},"point_estimate":0.3233602660751801,"standard_error":0.06713497239806449},"slope":{"confidence_interval":{"confidence_level":0.95,"lower_bound":20.49271887189347,"upper_bound":20.836870223469646},"point_estimate":20.67344115024919,"standard_error":0.08812544647818836},"std_dev":{"confidence_interval":{"confidence_level":0.95,"lower_bound":0.5128658590981381,"upper_bound":1.5055759717837405},"point_estimate":1.0412963389395016,"standard_error":0.2648617097503811}}