{"mean":{"confidence_interval":{"confidence_level":0.95,"lower_bound":32.45532998072331,"upper_bound":33.890200852145064},"point_estimate":33.102124383533436,"standard_error":0.3684399763915047},"median":{"confidence_interval":{"confidence_level":0.95,"lower_bound":31.87879767291532,"upper_bound":32.161787792039895},"point_estimate":31.998152709359605,"standard_error":0.08300800886790924},"median_abs_dev":{"confidence_interval":{"confidence_level":0.95,"lower_bound":0.3982395293029648,"upper_bound":0.8433653434114281},"point_estimate":0.6906158506996849,"standard_error":0.1068724669630341},"slope":{"confidence_interval":{"confidence_level":0.95,"lower_bound":31.89869747967777,"upper_bound":32.49829334340763},"point_estimate":32.16108824632717,"standard_error":0.15462767440034983},"std_dev":{"confidence_interval":{"confidence_level":0.95,"lower_bound":1.8514553112876706,"upper_bound":5.158103284464698},"point_estimate":3.7045352622991627,"standard_error":0.8314217542612568}}