{"mean":{"confidence_interval":{"confidence_level":0.95,"lower_bound":30.417352810506117,"upper_bound":31.115290659541934},"point_estimate":30.72266194999385,"standard_error":0.17903094378386203},"median":{"confidence_interval":{"confidence_level":0.95,"lower_bound":29.958250988142293,"upper_bound":30.38122307589821},"point_estimate":30.202822539779064,"standard_error":0.1256683210298446},"median_abs_dev":{"confidence_interval":{"confidence_level":0.95,"lower_bound":0.3486003530819463,"upper_bound":0.7587286957822862},"point_estimate":0.5047111820225173,"standard_error":0.10082312154726891},"slope":{"confidence_interval":{"confidence_level":0.95,"lower_bound":30.64579301091833,"upper_bound":31.14018338460677},"point_estimate":30.890998258813553,"standard_error":0.12632035539417547},"std_dev":{"confidence_interval":{"confidence_level":0.95,"lower_bound":0.9560713531806391,"upper_bound":2.667546841332165},"point_estimate":1.793502731397455,"standard_error":0.5000491057989825}}