{"mean":{"confidence_interval":{"confidence_level":0.95,"lower_bound":14621013.23625,"upper_bound":14638069.680750001},"point_estimate":14628983.76,"standard_error":4341.779066032663},"median":{"confidence_interval":{"confidence_level":0.95,"lower_bound":14613728.0,"upper_bound":14621881.0},"point_estimate":14615791.0,"standard_error":2290.532998319568},"median_abs_dev":{"confidence_interval":{"confidence_level":0.95,"lower_bound":17417.584490776062,"upper_bound":33201.34381055832},"point_estimate":23972.158974409103,"standard_error":4161.315664011322},"slope":null,"std_dev":{"confidence_interval":{"confidence_level":0.95,"lower_bound":28121.829606152045,"upper_bound":58840.15163774353},"point_estimate":43676.5206517741,"standard_error":8006.807191109758}}