{"mean":{"confidence_interval":{"confidence_level":0.95,"lower_bound":13388250.545,"upper_bound":13409660.634},"point_estimate":13398318.17,"standard_error":5454.638060869118},"median":{"confidence_interval":{"confidence_level":0.95,"lower_bound":13375516.0,"upper_bound":13390183.0},"point_estimate":13380970.5,"standard_error":4334.134051384614},"median_abs_dev":{"confidence_interval":{"confidence_level":0.95,"lower_bound":22296.07970416546,"upper_bound":42497.24564552307},"point_estimate":33043.44691336155,"standard_error":5440.654849798104},"slope":null,"std_dev":{"confidence_interval":{"confidence_level":0.95,"lower_bound":38667.657552821605,"upper_bound":69030.69060299174},"point_estimate":54964.583095386035,"standard_error":7771.566783239001}}