{"mean":{"confidence_interval":{"confidence_level":0.95,"lower_bound":285.35769619087284,"upper_bound":287.2452762908248},"point_estimate":286.2104223526179,"standard_error":0.4826777384656338},"median":{"confidence_interval":{"confidence_level":0.95,"lower_bound":285.346253450672,"upper_bound":285.5160233182934},"point_estimate":285.45786674132137,"standard_error":0.05189570479709887},"median_abs_dev":{"confidence_interval":{"confidence_level":0.95,"lower_bound":0.3138688454769091,"upper_bound":0.5984647106867063},"point_estimate":0.4703141201984105,"standard_error":0.07139866537422489},"slope":{"confidence_interval":{"confidence_level":0.95,"lower_bound":285.61376203917575,"upper_bound":287.42635921314996},"point_estimate":286.3503864298449,"standard_error":0.4771086411654776},"std_dev":{"confidence_interval":{"confidence_level":0.95,"lower_bound":2.189667243667385,"upper_bound":6.851670298844499},"point_estimate":4.850240887725059,"standard_error":1.168124442112485}}