{"mean":{"confidence_interval":{"confidence_level":0.95,"lower_bound":219.864341830743,"upper_bound":224.4962434271635},"point_estimate":222.1988331587295,"standard_error":1.185159511054556},"median":{"confidence_interval":{"confidence_level":0.95,"lower_bound":218.20632306190393,"upper_bound":226.4316938804231},"point_estimate":221.84808909136927,"standard_error":2.1506044643059963},"median_abs_dev":{"confidence_interval":{"confidence_level":0.95,"lower_bound":10.275044266624322,"upper_bound":15.377024283950867},"point_estimate":12.6386827831146,"standard_error":1.2867154062597845},"slope":{"confidence_interval":{"confidence_level":0.95,"lower_bound":222.6269102379772,"upper_bound":227.80954711990358},"point_estimate":225.167269873596,"standard_error":1.3316052320532314},"std_dev":{"confidence_interval":{"confidence_level":0.95,"lower_bound":10.417467449486795,"upper_bound":13.147716936150848},"point_estimate":11.88406518092889,"standard_error":0.6965188447819306}}