{"mean":{"confidence_interval":{"confidence_level":0.95,"lower_bound":70.15893476954342,"upper_bound":70.30145303287198},"point_estimate":70.22081235271676,"standard_error":0.036700932564487046},"median":{"confidence_interval":{"confidence_level":0.95,"lower_bound":70.12486801094865,"upper_bound":70.15516333331675},"point_estimate":70.13719214825653,"standard_error":0.008467434466664609},"median_abs_dev":{"confidence_interval":{"confidence_level":0.95,"lower_bound":0.05252690552428996,"upper_bound":0.09424149699290892},"point_estimate":0.07377556849496603,"standard_error":0.010854086880409362},"slope":{"confidence_interval":{"confidence_level":0.95,"lower_bound":70.12822162538616,"upper_bound":70.17336771025332},"point_estimate":70.1490162563298,"standard_error":0.011555133124535233},"std_dev":{"confidence_interval":{"confidence_level":0.95,"lower_bound":0.14895947704675555,"upper_bound":0.5572231132951639},"point_estimate":0.3699589197535809,"standard_error":0.10777573259146998}}