{"mean":{"confidence_interval":{"confidence_level":0.95,"lower_bound":69.35923257795334,"upper_bound":69.52486760612918},"point_estimate":69.42877722288893,"standard_error":0.04320520371845817},"median":{"confidence_interval":{"confidence_level":0.95,"lower_bound":69.37816061183462,"upper_bound":69.40199375657544},"point_estimate":69.39226427622842,"standard_error":0.006193757507005891},"median_abs_dev":{"confidence_interval":{"confidence_level":0.95,"lower_bound":0.05904047226517565,"upper_bound":0.1057453642180696},"point_estimate":0.08612623774462436,"standard_error":0.011585356200162605},"slope":{"confidence_interval":{"confidence_level":0.95,"lower_bound":69.40769964909681,"upper_bound":69.4420295349389},"point_estimate":69.42421774888436,"standard_error":0.008735972751122398},"std_dev":{"confidence_interval":{"confidence_level":0.95,"lower_bound":0.1414082982135086,"upper_bound":0.6918575152923049},"point_estimate":0.434530568251701,"standard_error":0.1598683311880666}}