{"mean":{"confidence_interval":{"confidence_level":0.95,"lower_bound":191.42233287052633,"upper_bound":191.62998517758243},"point_estimate":191.51796630844856,"standard_error":0.05302966346952497},"median":{"confidence_interval":{"confidence_level":0.95,"lower_bound":191.30787037037038,"upper_bound":191.39442186088527},"point_estimate":191.33069438395276,"standard_error":0.021783404724072492},"median_abs_dev":{"confidence_interval":{"confidence_level":0.95,"lower_bound":0.11138533810149125,"upper_bound":0.21768641243820164},"point_estimate":0.14343914419058282,"standard_error":0.026303481432744524},"slope":{"confidence_interval":{"confidence_level":0.95,"lower_bound":191.2940214911253,"upper_bound":191.36810805138768},"point_estimate":191.32715401800465,"standard_error":0.018984181306400234},"std_dev":{"confidence_interval":{"confidence_level":0.95,"lower_bound":0.332258818451821,"upper_bound":0.6953883615266051},"point_estimate":0.5344705910898141,"standard_error":0.0926271033504173}}