{"mean":{"confidence_interval":{"confidence_level":0.95,"lower_bound":68.86450449637566,"upper_bound":69.1364676788163},"point_estimate":68.98528110667425,"standard_error":0.06934793865512393},"median":{"confidence_interval":{"confidence_level":0.95,"lower_bound":68.97633510631807,"upper_bound":69.01888576186633},"point_estimate":69.00548602893558,"standard_error":0.011036699302609622},"median_abs_dev":{"confidence_interval":{"confidence_level":0.95,"lower_bound":0.08894566833211476,"upper_bound":0.16861353480348182},"point_estimate":0.12888693075716084,"standard_error":0.019714876010800877},"slope":{"confidence_interval":{"confidence_level":0.95,"lower_bound":69.01000163288535,"upper_bound":69.09174595575244},"point_estimate":69.04562823246638,"standard_error":0.021035286960996553},"std_dev":{"confidence_interval":{"confidence_level":0.95,"lower_bound":0.2891110310023063,"upper_bound":1.088463236922152},"point_estimate":0.6963049010815674,"standard_error":0.2268516137856727}}