{"mean":{"confidence_interval":{"confidence_level":0.95,"lower_bound":207.7032866381099,"upper_bound":216.56666427919342},"point_estimate":211.85248364528198,"standard_error":2.2628778360991557},"median":{"confidence_interval":{"confidence_level":0.95,"lower_bound":204.85356157635468,"upper_bound":212.41160201149424},"point_estimate":207.84760956420183,"standard_error":2.0038637467545617},"median_abs_dev":{"confidence_interval":{"confidence_level":0.95,"lower_bound":10.310034299718914,"upper_bound":17.48276395007474},"point_estimate":13.109680627585941,"standard_error":1.7692722324763015},"slope":{"confidence_interval":{"confidence_level":0.95,"lower_bound":199.1678600702476,"upper_bound":206.35338049170747},"point_estimate":202.664031100897,"standard_error":1.8346411968481608},"std_dev":{"confidence_interval":{"confidence_level":0.95,"lower_bound":14.440311895451343,"upper_bound":30.558505222404023},"point_estimate":22.789279214036085,"standard_error":4.20364511144484}}