{"mean":{"confidence_interval":{"confidence_level":0.95,"lower_bound":69.44634989622854,"upper_bound":69.85506758204718},"point_estimate":69.61323854664924,"standard_error":0.10669219203263879},"median":{"confidence_interval":{"confidence_level":0.95,"lower_bound":69.56636910836032,"upper_bound":69.68868491196456},"point_estimate":69.62893079662236,"standard_error":0.034256488929043545},"median_abs_dev":{"confidence_interval":{"confidence_level":0.95,"lower_bound":0.1667344599446634,"upper_bound":0.3090682399169875},"point_estimate":0.24037481829760668,"standard_error":0.03773420813702071},"slope":{"confidence_interval":{"confidence_level":0.95,"lower_bound":69.64645445870923,"upper_bound":69.72301505590265},"point_estimate":69.68534130515825,"standard_error":0.019564030129921382},"std_dev":{"confidence_interval":{"confidence_level":0.95,"lower_bound":0.343994511479885,"upper_bound":1.7530768513859796},"point_estimate":1.0718060931468678,"standard_error":0.44418029458038094}}