{"mean":{"confidence_interval":{"confidence_level":0.95,"lower_bound":70.19223679184982,"upper_bound":70.31372833797776},"point_estimate":70.24612726871739,"standard_error":0.030969947358043162},"median":{"confidence_interval":{"confidence_level":0.95,"lower_bound":70.2250625,"upper_bound":70.26303185688151},"point_estimate":70.2422653336067,"standard_error":0.009364833101977828},"median_abs_dev":{"confidence_interval":{"confidence_level":0.95,"lower_bound":0.05010962761296549,"upper_bound":0.0913683559635068},"point_estimate":0.06323237669020894,"standard_error":0.01070173079709109},"slope":{"confidence_interval":{"confidence_level":0.95,"lower_bound":70.25221093784188,"upper_bound":70.28290658516687},"point_estimate":70.26685469384296,"standard_error":0.007841647862015428},"std_dev":{"confidence_interval":{"confidence_level":0.95,"lower_bound":0.1303412784047119,"upper_bound":0.48554321435711134},"point_estimate":0.31003392686878595,"standard_error":0.10116024954503093}}