{"mean":{"confidence_interval":{"confidence_level":0.95,"lower_bound":116.85843315625372,"upper_bound":116.98232877130914},"point_estimate":116.91784833179956,"standard_error":0.03166529800478373},"median":{"confidence_interval":{"confidence_level":0.95,"lower_bound":116.85942435942437,"upper_bound":116.90387387387388},"point_estimate":116.87081600831601,"standard_error":0.010486520502544247},"median_abs_dev":{"confidence_interval":{"confidence_level":0.95,"lower_bound":0.06522824085670931,"upper_bound":0.13307057390947183},"point_estimate":0.08799496316391972,"standard_error":0.017832726307509372},"slope":{"confidence_interval":{"confidence_level":0.95,"lower_bound":116.90069593552782,"upper_bound":116.98269283283803},"point_estimate":116.93910368608462,"standard_error":0.02093151033460653},"std_dev":{"confidence_interval":{"confidence_level":0.95,"lower_bound":0.216392256978343,"upper_bound":0.41430478436055745},"point_estimate":0.31786016963742303,"standard_error":0.05092564983833465}}