{"mean":{"confidence_interval":{"confidence_level":0.95,"lower_bound":114.84570158369287,"upper_bound":114.97507249690192},"point_estimate":114.90740528027305,"standard_error":0.033004066982016696},"median":{"confidence_interval":{"confidence_level":0.95,"lower_bound":114.89129827426876,"upper_bound":114.93789987030382},"point_estimate":114.91419170845168,"standard_error":0.011476303069291802},"median_abs_dev":{"confidence_interval":{"confidence_level":0.95,"lower_bound":0.0827034107496624,"upper_bound":0.1573859540619729},"point_estimate":0.11742206270389714,"standard_error":0.018442692239569496},"slope":{"confidence_interval":{"confidence_level":0.95,"lower_bound":114.9506411471483,"upper_bound":115.03798143853413},"point_estimate":114.99002659278328,"standard_error":0.022341524021208342},"std_dev":{"confidence_interval":{"confidence_level":0.95,"lower_bound":0.21840111012839095,"upper_bound":0.4379226601180662},"point_estimate":0.332689698432551,"standard_error":0.05628279692726381}}