{"mean":{"confidence_interval":{"confidence_level":0.95,"lower_bound":69.47806573097485,"upper_bound":69.60506405143879},"point_estimate":69.53097421052752,"standard_error":0.03300291100898345},"median":{"confidence_interval":{"confidence_level":0.95,"lower_bound":69.46635212888377,"upper_bound":69.49228417508417},"point_estimate":69.48077474747475,"standard_error":0.007520166598160123},"median_abs_dev":{"confidence_interval":{"confidence_level":0.95,"lower_bound":0.044039667155244926,"upper_bound":0.07130158519570153},"point_estimate":0.06067602414131566,"standard_error":0.0072915785348835836},"slope":{"confidence_interval":{"confidence_level":0.95,"lower_bound":69.47304447136742,"upper_bound":69.5015494939531},"point_estimate":69.48740497548262,"standard_error":0.007287141439627835},"std_dev":{"confidence_interval":{"confidence_level":0.95,"lower_bound":0.07511304050497683,"upper_bound":0.5302610664947052},"point_estimate":0.3335359108947438,"standard_error":0.1224160123075326}}