{"mean":{"confidence_interval":{"confidence_level":0.95,"lower_bound":69.88831837468192,"upper_bound":70.00712603572073},"point_estimate":69.9345616895803,"standard_error":0.03155045663543751},"median":{"confidence_interval":{"confidence_level":0.95,"lower_bound":69.86273627362736,"upper_bound":69.9036617947509},"point_estimate":69.88192598388511,"standard_error":0.009194674590788323},"median_abs_dev":{"confidence_interval":{"confidence_level":0.95,"lower_bound":0.050579076763375905,"upper_bound":0.08218129434966079},"point_estimate":0.06717294139730287,"standard_error":0.007900160812292646},"slope":{"confidence_interval":{"confidence_level":0.95,"lower_bound":69.86810045654364,"upper_bound":69.90136575711517},"point_estimate":69.88364079676772,"standard_error":0.008509316907821307},"std_dev":{"confidence_interval":{"confidence_level":0.95,"lower_bound":0.07270917820485194,"upper_bound":0.5238615854102131},"point_estimate":0.31722205827126965,"standard_error":0.14116698150806573}}