{"mean":{"confidence_interval":{"confidence_level":0.95,"lower_bound":175.478644450976,"upper_bound":181.84635945825985},"point_estimate":178.6081158056347,"standard_error":1.6197417478068579},"median":{"confidence_interval":{"confidence_level":0.95,"lower_bound":174.82303939962478,"upper_bound":182.58882955693463},"point_estimate":178.86164399624766,"standard_error":1.666059875913129},"median_abs_dev":{"confidence_interval":{"confidence_level":0.95,"lower_bound":12.335458452911132,"upper_bound":20.499399699735513},"point_estimate":16.760806863889574,"standard_error":1.9892143200644352},"slope":{"confidence_interval":{"confidence_level":0.95,"lower_bound":173.56282359967977,"upper_bound":182.11483748641703},"point_estimate":177.7076049285643,"standard_error":2.183285796565781},"std_dev":{"confidence_interval":{"confidence_level":0.95,"lower_bound":13.603779926982181,"upper_bound":18.908724898958855},"point_estimate":16.267873814240815,"standard_error":1.3606057383893189}}