{"mean":{"confidence_interval":{"confidence_level":0.95,"lower_bound":171.0190230624974,"upper_bound":176.09060366183033},"point_estimate":173.4375260081584,"standard_error":1.2932918237019282},"median":{"confidence_interval":{"confidence_level":0.95,"lower_bound":168.80671888053467,"upper_bound":172.63348304410775},"point_estimate":170.13611814863245,"standard_error":1.037474135569864},"median_abs_dev":{"confidence_interval":{"confidence_level":0.95,"lower_bound":6.156775187097613,"upper_bound":11.139300038473815},"point_estimate":7.768436568712074,"standard_error":1.2765452605556475},"slope":{"confidence_interval":{"confidence_level":0.95,"lower_bound":169.23660353295202,"upper_bound":174.31666512681429},"point_estimate":171.54291174496757,"standard_error":1.3046231057925737},"std_dev":{"confidence_interval":{"confidence_level":0.95,"lower_bound":9.270119395410909,"upper_bound":16.838962701773056},"point_estimate":13.050738901773538,"standard_error":1.9681674262941709}}