{"mean":{"confidence_interval":{"confidence_level":0.95,"lower_bound":69.96700104376804,"upper_bound":70.26284563085704},"point_estimate":70.09557744150294,"standard_error":0.07589275157955554},"median":{"confidence_interval":{"confidence_level":0.95,"lower_bound":70.05508544940216,"upper_bound":70.22403038814355},"point_estimate":70.13633697317812,"standard_error":0.04607723691757435},"median_abs_dev":{"confidence_interval":{"confidence_level":0.95,"lower_bound":0.340008585975323,"upper_bound":0.5427238842264769},"point_estimate":0.45661797572220825,"standard_error":0.054200265852878834},"slope":{"confidence_interval":{"confidence_level":0.95,"lower_bound":70.05925328329697,"upper_bound":70.20853148326894},"point_estimate":70.13505302193208,"standard_error":0.038121652556436875},"std_dev":{"confidence_interval":{"confidence_level":0.95,"lower_bound":0.3865429174305501,"upper_bound":1.1735514806318412},"point_estimate":0.7604874448282386,"standard_error":0.2482260817708299}}