{"mean":{"confidence_interval":{"confidence_level":0.95,"lower_bound":116.54393343534889,"upper_bound":116.6272493092319},"point_estimate":116.5831567521116,"standard_error":0.02133557398590959},"median":{"confidence_interval":{"confidence_level":0.95,"lower_bound":116.55179037340743,"upper_bound":116.6096391142664},"point_estimate":116.58518449993633,"standard_error":0.014872581917522736},"median_abs_dev":{"confidence_interval":{"confidence_level":0.95,"lower_bound":0.0854722935645272,"upper_bound":0.1514022243175484},"point_estimate":0.1194840450931148,"standard_error":0.017128012660097693},"slope":{"confidence_interval":{"confidence_level":0.95,"lower_bound":116.5690288533223,"upper_bound":116.61665074685648},"point_estimate":116.59250902773552,"standard_error":0.012162592600095199},"std_dev":{"confidence_interval":{"confidence_level":0.95,"lower_bound":0.13371096250277645,"upper_bound":0.30014325670788194},"point_estimate":0.21542644061133767,"standard_error":0.044931327936155584}}