{"mean":{"confidence_interval":{"confidence_level":0.95,"lower_bound":75.63642809260904,"upper_bound":77.11384889558379},"point_estimate":76.41811228812593,"standard_error":0.3770001832081259},"median":{"confidence_interval":{"confidence_level":0.95,"lower_bound":77.84529949330438,"upper_bound":78.02291189126151},"point_estimate":77.96204699893264,"standard_error":0.04338411359820175},"median_abs_dev":{"confidence_interval":{"confidence_level":0.95,"lower_bound":0.18341698017929983,"upper_bound":0.41726165188589526},"point_estimate":0.24560116989586595,"standard_error":0.060621317042130106},"slope":{"confidence_interval":{"confidence_level":0.95,"lower_bound":77.96944300406307,"upper_bound":78.05266782417654},"point_estimate":78.0161443106973,"standard_error":0.021256768495732607},"std_dev":{"confidence_interval":{"confidence_level":0.95,"lower_bound":2.6848528257502946,"upper_bound":4.680745153824443},"point_estimate":3.797822959254648,"standard_error":0.5094225574684527}}