{"mean":{"confidence_interval":{"confidence_level":0.95,"lower_bound":68.7226413435282,"upper_bound":68.8229061786958},"point_estimate":68.76226370662683,"standard_error":0.02652841591639646},"median":{"confidence_interval":{"confidence_level":0.95,"lower_bound":68.71705426356588,"upper_bound":68.7444070290464},"point_estimate":68.7314428175464,"standard_error":0.006106109203895506},"median_abs_dev":{"confidence_interval":{"confidence_level":0.95,"lower_bound":0.03877402057297775,"upper_bound":0.06900048842895169},"point_estimate":0.05377406092575913,"standard_error":0.008001181142653545},"slope":{"confidence_interval":{"confidence_level":0.95,"lower_bound":68.727085831347,"upper_bound":68.75093378040462},"point_estimate":68.73895874250876,"standard_error":0.006082348374740396},"std_dev":{"confidence_interval":{"confidence_level":0.95,"lower_bound":0.06365887079687295,"upper_bound":0.4389222407571839},"point_estimate":0.26712217731119337,"standard_error":0.1153051152653099}}