{"mean":{"confidence_interval":{"confidence_level":0.95,"lower_bound":75.95768997726364,"upper_bound":77.521349418868},"point_estimate":76.7842047242202,"standard_error":0.3996105077580532},"median":{"confidence_interval":{"confidence_level":0.95,"lower_bound":78.33186253511457,"upper_bound":78.4563287708277},"point_estimate":78.40487064329261,"standard_error":0.03326898408465003},"median_abs_dev":{"confidence_interval":{"confidence_level":0.95,"lower_bound":0.1980172683381985,"upper_bound":0.4540928478949014},"point_estimate":0.2979005180517794,"standard_error":0.0686614091168686},"slope":{"confidence_interval":{"confidence_level":0.95,"lower_bound":78.4265164757298,"upper_bound":78.53998391794003},"point_estimate":78.48734878167123,"standard_error":0.028919388730113346},"std_dev":{"confidence_interval":{"confidence_level":0.95,"lower_bound":2.8441389963601473,"upper_bound":4.963880139852217},"point_estimate":4.026950756676697,"standard_error":0.5404652209439106}}