{"mean":{"confidence_interval":{"confidence_level":0.95,"lower_bound":68.6224065326069,"upper_bound":68.73835719115779},"point_estimate":68.6691866459857,"standard_error":0.03027920263659639},"median":{"confidence_interval":{"confidence_level":0.95,"lower_bound":68.60823685779589,"upper_bound":68.63505944716472},"point_estimate":68.62003171685052,"standard_error":0.006845354535616603},"median_abs_dev":{"confidence_interval":{"confidence_level":0.95,"lower_bound":0.034187165903731796,"upper_bound":0.05531620893192681},"point_estimate":0.045056735467384555,"standard_error":0.005338082734142819},"slope":{"confidence_interval":{"confidence_level":0.95,"lower_bound":68.6180403344707,"upper_bound":68.63346668793378},"point_estimate":68.62584315880295,"standard_error":0.003938504193824047},"std_dev":{"confidence_interval":{"confidence_level":0.95,"lower_bound":0.06623839529240386,"upper_bound":0.49328698350467753},"point_estimate":0.30460558907877866,"standard_error":0.12207139265210339}}