{"mean":{"confidence_interval":{"confidence_level":0.95,"lower_bound":75.73984141107914,"upper_bound":77.19782893686737},"point_estimate":76.51432288025514,"standard_error":0.37362263275413116},"median":{"confidence_interval":{"confidence_level":0.95,"lower_bound":77.90169234418013,"upper_bound":78.04654361201592},"point_estimate":77.99918489219792,"standard_error":0.03816972219397906},"median_abs_dev":{"confidence_interval":{"confidence_level":0.95,"lower_bound":0.1939752727194908,"upper_bound":0.4490606805581996},"point_estimate":0.28165789303070404,"standard_error":0.06488454746295702},"slope":{"confidence_interval":{"confidence_level":0.95,"lower_bound":78.03226385463309,"upper_bound":78.19175259786292},"point_estimate":78.11132229650599,"standard_error":0.040555167248942786},"std_dev":{"confidence_interval":{"confidence_level":0.95,"lower_bound":2.617627187212843,"upper_bound":4.707757389891346},"point_estimate":3.7718318708426297,"standard_error":0.5320950170787092}}