{"mean":{"confidence_interval":{"confidence_level":0.95,"lower_bound":69.95235804391736,"upper_bound":70.26761787610607},"point_estimate":70.12085394522109,"standard_error":0.08049672831553883},"median":{"confidence_interval":{"confidence_level":0.95,"lower_bound":70.18714144087606,"upper_bound":70.31995589216795},"point_estimate":70.26810960755938,"standard_error":0.035386022887761416},"median_abs_dev":{"confidence_interval":{"confidence_level":0.95,"lower_bound":0.18320400907059226,"upper_bound":0.30567842545550655},"point_estimate":0.24131324800102788,"standard_error":0.030963880756103204},"slope":{"confidence_interval":{"confidence_level":0.95,"lower_bound":70.045862895397,"upper_bound":70.23956951788412},"point_estimate":70.1535954239698,"standard_error":0.049458202092367294},"std_dev":{"confidence_interval":{"confidence_level":0.95,"lower_bound":0.39680346100676117,"upper_bound":1.1563526303398137},"point_estimate":0.8083882341700509,"standard_error":0.19539609142909686}}