{"mean":{"confidence_interval":{"confidence_level":0.95,"lower_bound":71.08406827311178,"upper_bound":73.29184339145954},"point_estimate":72.06861589639601,"standard_error":0.5666885936771042},"median":{"confidence_interval":{"confidence_level":0.95,"lower_bound":70.54031057256347,"upper_bound":70.5962642687033},"point_estimate":70.57502425166297,"standard_error":0.015120209859844823},"median_abs_dev":{"confidence_interval":{"confidence_level":0.95,"lower_bound":0.09065812108082327,"upper_bound":0.1878482470030344},"point_estimate":0.1279886751932632,"standard_error":0.024393762939119608},"slope":{"confidence_interval":{"confidence_level":0.95,"lower_bound":71.1456614115762,"upper_bound":73.96570344522931},"point_estimate":72.38179855371777,"standard_error":0.7249237400121474},"std_dev":{"confidence_interval":{"confidence_level":0.95,"lower_bound":2.972635473150291,"upper_bound":7.7596105617648155},"point_estimate":5.690874277980011,"standard_error":1.223764813032407}}