{"mean":{"confidence_interval":{"confidence_level":0.95,"lower_bound":69.98603043107778,"upper_bound":70.15459867764307},"point_estimate":70.06111920818195,"standard_error":0.04318670769322083},"median":{"confidence_interval":{"confidence_level":0.95,"lower_bound":70.0047158251645,"upper_bound":70.03199599752227},"point_estimate":70.01721037768279,"standard_error":0.006376269336281406},"median_abs_dev":{"confidence_interval":{"confidence_level":0.95,"lower_bound":0.056620258214074126,"upper_bound":0.10978055755957866},"point_estimate":0.07464055239977459,"standard_error":0.013583510846440841},"slope":{"confidence_interval":{"confidence_level":0.95,"lower_bound":70.0401242883937,"upper_bound":70.1979161167676},"point_estimate":70.10481131387682,"standard_error":0.041595690820846465},"std_dev":{"confidence_interval":{"confidence_level":0.95,"lower_bound":0.18724408744487545,"upper_bound":0.6257355631666163},"point_estimate":0.4356789925942944,"standard_error":0.10939635486485709}}