{"mean":{"confidence_interval":{"confidence_level":0.95,"lower_bound":183.34469740573348,"upper_bound":186.5051891477829},"point_estimate":184.88700540954818,"standard_error":0.8094302189879381},"median":{"confidence_interval":{"confidence_level":0.95,"lower_bound":182.3075117921761,"upper_bound":185.32589860468354},"point_estimate":184.071661621258,"standard_error":0.7003137568129411},"median_abs_dev":{"confidence_interval":{"confidence_level":0.95,"lower_bound":5.5575004992692465,"upper_bound":9.195953086655123},"point_estimate":7.305510625507211,"standard_error":0.8583543745931255},"slope":{"confidence_interval":{"confidence_level":0.95,"lower_bound":181.73438181244867,"upper_bound":186.14997175971635},"point_estimate":183.85140777713175,"standard_error":1.1318378277329606},"std_dev":{"confidence_interval":{"confidence_level":0.95,"lower_bound":6.721638594676154,"upper_bound":9.299123294967258},"point_estimate":8.087590854080656,"standard_error":0.6585309863721094}}