{"mean":{"confidence_interval":{"confidence_level":0.95,"lower_bound":69.36919114262565,"upper_bound":69.49768737072156},"point_estimate":69.42872621891019,"standard_error":0.032774001179083155},"median":{"confidence_interval":{"confidence_level":0.95,"lower_bound":69.40832769743002,"upper_bound":69.43861290403596},"point_estimate":69.42464416971069,"standard_error":0.00791474386445064},"median_abs_dev":{"confidence_interval":{"confidence_level":0.95,"lower_bound":0.0641036933266066,"upper_bound":0.12729400967780802},"point_estimate":0.09618957800085137,"standard_error":0.01656403952896389},"slope":{"confidence_interval":{"confidence_level":0.95,"lower_bound":69.4397500387848,"upper_bound":69.49296781058598},"point_estimate":69.46408130326137,"standard_error":0.013635615667395943},"std_dev":{"confidence_interval":{"confidence_level":0.95,"lower_bound":0.18582335807463524,"upper_bound":0.4749152171651441},"point_estimate":0.33004933557057886,"standard_error":0.0780042884469413}}