{"mean":{"confidence_interval":{"confidence_level":0.95,"lower_bound":156.1750197456202,"upper_bound":161.2847104356428},"point_estimate":158.5834546960177,"standard_error":1.309334877280897},"median":{"confidence_interval":{"confidence_level":0.95,"lower_bound":152.97565426170468,"upper_bound":157.0961904761905},"point_estimate":155.59594837935174,"standard_error":0.998576959485621},"median_abs_dev":{"confidence_interval":{"confidence_level":0.95,"lower_bound":5.55674237329381,"upper_bound":9.666649524621805},"point_estimate":7.323992723223894,"standard_error":1.0397454120882255},"slope":{"confidence_interval":{"confidence_level":0.95,"lower_bound":153.87367387367757,"upper_bound":157.39662943618666},"point_estimate":155.48365791476928,"standard_error":0.8971042635517421},"std_dev":{"confidence_interval":{"confidence_level":0.95,"lower_bound":8.919684990154577,"upper_bound":17.502109402800162},"point_estimate":13.125822118749353,"standard_error":2.2560823195997095}}