{"mean":{"confidence_interval":{"confidence_level":0.95,"lower_bound":69.48778507187707,"upper_bound":69.58225505608513},"point_estimate":69.52697128468947,"standard_error":0.0245696903993904},"median":{"confidence_interval":{"confidence_level":0.95,"lower_bound":69.47029435338591,"upper_bound":69.49673991980045},"point_estimate":69.48018163686282,"standard_error":0.007582203268794983},"median_abs_dev":{"confidence_interval":{"confidence_level":0.95,"lower_bound":0.03784730349489372,"upper_bound":0.07198911909231039},"point_estimate":0.0498999995913751,"standard_error":0.009097054894877974},"slope":{"confidence_interval":{"confidence_level":0.95,"lower_bound":69.48501328257889,"upper_bound":69.52837403343308},"point_estimate":69.50405577861464,"standard_error":0.011172799771360604},"std_dev":{"confidence_interval":{"confidence_level":0.95,"lower_bound":0.08110267836321322,"upper_bound":0.39079563890487584},"point_estimate":0.24599512503670337,"standard_error":0.0900892773671809}}