{"mean":{"confidence_interval":{"confidence_level":0.95,"lower_bound":69.8114105192184,"upper_bound":70.07558531902976},"point_estimate":69.9259422077001,"standard_error":0.06788524477701632},"median":{"confidence_interval":{"confidence_level":0.95,"lower_bound":69.89045272405983,"upper_bound":69.98806901615272},"point_estimate":69.95464783931195,"standard_error":0.024861011378565546},"median_abs_dev":{"confidence_interval":{"confidence_level":0.95,"lower_bound":0.15027602145574454,"upper_bound":0.26148442589004606},"point_estimate":0.20297762319723936,"standard_error":0.028592383080395568},"slope":{"confidence_interval":{"confidence_level":0.95,"lower_bound":69.99366905822168,"upper_bound":70.07716252119826},"point_estimate":70.03191425217872,"standard_error":0.02139827231354266},"std_dev":{"confidence_interval":{"confidence_level":0.95,"lower_bound":0.29671177828963163,"upper_bound":1.0612044448905444},"point_estimate":0.6805320089887539,"standard_error":0.2276923876577343}}