{"mean":{"confidence_interval":{"confidence_level":0.95,"lower_bound":0.9375169566155057,"upper_bound":0.9468887034649242},"point_estimate":0.9415336272687169,"standard_error":0.0024271010413785122},"median":{"confidence_interval":{"confidence_level":0.95,"lower_bound":0.9321327768436224,"upper_bound":0.9365771879253744},"point_estimate":0.9336617871454153,"standard_error":0.0009907470085952811},"median_abs_dev":{"confidence_interval":{"confidence_level":0.95,"lower_bound":0.003129752015681572,"upper_bound":0.008608132231934596},"point_estimate":0.005305424908447938,"standard_error":0.0012292694435554871},"slope":{"confidence_interval":{"confidence_level":0.95,"lower_bound":0.936803483458116,"upper_bound":0.9430963109656293},"point_estimate":0.9397228462184597,"standard_error":0.001604351510242384},"std_dev":{"confidence_interval":{"confidence_level":0.95,"lower_bound":0.011069664533187435,"upper_bound":0.0375601119988755},"point_estimate":0.02437532689808279,"standard_error":0.008051754816835479}}