{"mean":{"confidence_interval":{"confidence_level":0.95,"lower_bound":2.3761496598529557,"upper_bound":2.4471927648011214},"point_estimate":2.407245917281397,"standard_error":0.018268141431209115},"median":{"confidence_interval":{"confidence_level":0.95,"lower_bound":2.3355515792673915,"upper_bound":2.3801763135355256},"point_estimate":2.3495569710060384,"standard_error":0.011472294696498374},"median_abs_dev":{"confidence_interval":{"confidence_level":0.95,"lower_bound":0.06134743296891623,"upper_bound":0.11952244050376475},"point_estimate":0.0847760367502582,"standard_error":0.014509245477437118},"slope":{"confidence_interval":{"confidence_level":0.95,"lower_bound":2.3777380249435645,"upper_bound":2.4656492318539276},"point_estimate":2.4173860535646856,"standard_error":0.02249420575377096},"std_dev":{"confidence_interval":{"confidence_level":0.95,"lower_bound":0.09633553766195213,"upper_bound":0.2767691711464037},"point_estimate":0.1835336962774055,"standard_error":0.055980056398640544}}