{"mean":{"confidence_interval":{"confidence_level":0.95,"lower_bound":0.9375495117423832,"upper_bound":0.9502295469579373},"point_estimate":0.9428751774776761,"standard_error":0.003310685424597478},"median":{"confidence_interval":{"confidence_level":0.95,"lower_bound":0.934329009938424,"upper_bound":0.9373931793629329},"point_estimate":0.9354973952171143,"standard_error":0.0007171064941361398},"median_abs_dev":{"confidence_interval":{"confidence_level":0.95,"lower_bound":0.003359871487522043,"upper_bound":0.006820194799120575},"point_estimate":0.004812554661544824,"standard_error":0.000858652971622436},"slope":{"confidence_interval":{"confidence_level":0.95,"lower_bound":0.9363749669402168,"upper_bound":0.9394125909936144},"point_estimate":0.9378415636548798,"standard_error":0.0007721967886033229},"std_dev":{"confidence_interval":{"confidence_level":0.95,"lower_bound":0.006834540952994357,"upper_bound":0.05156090560208716},"point_estimate":0.03331064361025315,"standard_error":0.011926248230838321}}