{"mean":{"confidence_interval":{"confidence_level":0.95,"lower_bound":2.413826362130095,"upper_bound":2.4184882942566457},"point_estimate":2.4159600307542326,"standard_error":0.0011900150083411051},"median":{"confidence_interval":{"confidence_level":0.95,"lower_bound":2.4114202453287743,"upper_bound":2.4138220808614577},"point_estimate":2.412538817798295,"standard_error":0.0006316405178221507},"median_abs_dev":{"confidence_interval":{"confidence_level":0.95,"lower_bound":0.0036042825345623747,"upper_bound":0.006241232281998889},"point_estimate":0.004938477285271602,"standard_error":0.00069179053588658},"slope":{"confidence_interval":{"confidence_level":0.95,"lower_bound":2.4123439178210577,"upper_bound":2.414633855530134},"point_estimate":2.413469623024879,"standard_error":0.0005869694359478673},"std_dev":{"confidence_interval":{"confidence_level":0.95,"lower_bound":0.007079626911384969,"upper_bound":0.01639506019454118},"point_estimate":0.011968277027709064,"standard_error":0.002399942106194365}}