{"mean":{"confidence_interval":{"confidence_level":0.95,"lower_bound":0.9368167790605962,"upper_bound":0.9566949343274388},"point_estimate":0.9453128534003202,"standard_error":0.005130734983768495},"median":{"confidence_interval":{"confidence_level":0.95,"lower_bound":0.930500075869656,"upper_bound":0.9346106927624185},"point_estimate":0.9324326035144349,"standard_error":0.0010785951691308882},"median_abs_dev":{"confidence_interval":{"confidence_level":0.95,"lower_bound":0.0022644015202435276,"upper_bound":0.007554000646362425},"point_estimate":0.0047392621409603755,"standard_error":0.0013469680733387782},"slope":{"confidence_interval":{"confidence_level":0.95,"lower_bound":0.9349996799728136,"upper_bound":0.9411185951122609},"point_estimate":0.9377817241602984,"standard_error":0.0015653647256355131},"std_dev":{"confidence_interval":{"confidence_level":0.95,"lower_bound":0.013988851263771326,"upper_bound":0.07840977692859419},"point_estimate":0.05160620638140702,"standard_error":0.016764142275223822}}