{"mean":{"confidence_interval":{"confidence_level":0.95,"lower_bound":0.9468125539473038,"upper_bound":0.9594221596678502},"point_estimate":0.9520515867759798,"standard_error":0.0032708499439186812},"median":{"confidence_interval":{"confidence_level":0.95,"lower_bound":0.9432661688142714,"upper_bound":0.9474614095043706},"point_estimate":0.945601132316437,"standard_error":0.0010363773644149143},"median_abs_dev":{"confidence_interval":{"confidence_level":0.95,"lower_bound":0.006426277944190697,"upper_bound":0.011344135851838672},"point_estimate":0.008072639285618207,"standard_error":0.0012498340355737686},"slope":{"confidence_interval":{"confidence_level":0.95,"lower_bound":0.9451527761825228,"upper_bound":0.9504205111741031},"point_estimate":0.9476204644103686,"standard_error":0.001343328141739246},"std_dev":{"confidence_interval":{"confidence_level":0.95,"lower_bound":0.012829588373340035,"upper_bound":0.052007640526124305},"point_estimate":0.03287510667921523,"standard_error":0.012100163227142484}}