{"mean":{"confidence_interval":{"confidence_level":0.95,"lower_bound":0.9364826869008166,"upper_bound":0.9516352967360223},"point_estimate":0.942970860887741,"standard_error":0.003914219376849017},"median":{"confidence_interval":{"confidence_level":0.95,"lower_bound":0.9324149838600706,"upper_bound":0.9349768786127167},"point_estimate":0.9337942593337584,"standard_error":0.0006303375980333611},"median_abs_dev":{"confidence_interval":{"confidence_level":0.95,"lower_bound":0.0034728669903673812,"upper_bound":0.006833257138262138},"point_estimate":0.00532142940872832,"standard_error":0.0008059052571000425},"slope":{"confidence_interval":{"confidence_level":0.95,"lower_bound":0.9347087686141767,"upper_bound":0.9435775928431892},"point_estimate":0.9385429953762351,"standard_error":0.002288256505428594},"std_dev":{"confidence_interval":{"confidence_level":0.95,"lower_bound":0.00907364736823243,"upper_bound":0.0596688682892256},"point_estimate":0.03935398985448156,"standard_error":0.012644699705017965}}