{"mean":{"confidence_interval":{"confidence_level":0.95,"lower_bound":1.061675553032747,"upper_bound":1.0991682839828774},"point_estimate":1.079412281572356,"standard_error":0.009572718016553836},"median":{"confidence_interval":{"confidence_level":0.95,"lower_bound":1.0424368591338187,"upper_bound":1.0735320153437593},"point_estimate":1.0616804023962616,"standard_error":0.008584816137946285},"median_abs_dev":{"confidence_interval":{"confidence_level":0.95,"lower_bound":0.04557501407568438,"upper_bound":0.09204905800728969},"point_estimate":0.06450781032626023,"standard_error":0.012434911397931578},"slope":{"confidence_interval":{"confidence_level":0.95,"lower_bound":1.0700294046191838,"upper_bound":1.1082313366742136},"point_estimate":1.0885887246453998,"standard_error":0.009779182198542324},"std_dev":{"confidence_interval":{"confidence_level":0.95,"lower_bound":0.06587215305468717,"upper_bound":0.12446428786015333},"point_estimate":0.09630541169080446,"standard_error":0.015175556135534198}}