{"mean":{"confidence_interval":{"confidence_level":0.95,"lower_bound":0.9425765318140603,"upper_bound":0.9612354295506575},"point_estimate":0.9496125997922344,"standard_error":0.005066977961061576},"median":{"confidence_interval":{"confidence_level":0.95,"lower_bound":0.9402532088627708,"upper_bound":0.9425462515344062},"point_estimate":0.9416302779534071,"standard_error":0.0006124871840799447},"median_abs_dev":{"confidence_interval":{"confidence_level":0.95,"lower_bound":0.004739893612634364,"upper_bound":0.008428648310689369},"point_estimate":0.006620285182835416,"standard_error":0.0010065240450491404},"slope":{"confidence_interval":{"confidence_level":0.95,"lower_bound":0.9416326118541724,"upper_bound":0.9473988935570901},"point_estimate":0.9441303920977839,"standard_error":0.0014876792359452167},"std_dev":{"confidence_interval":{"confidence_level":0.95,"lower_bound":0.010391690356345362,"upper_bound":0.08488854633921158},"point_estimate":0.05082639269862687,"standard_error":0.02464785628441835}}