{"mean":{"confidence_interval":{"confidence_level":0.95,"lower_bound":0.8906572236331437,"upper_bound":0.9073708837099046},"point_estimate":0.8976679521768718,"standard_error":0.0043267156055360615},"median":{"confidence_interval":{"confidence_level":0.95,"lower_bound":0.8863283803281454,"upper_bound":0.8967388971556115},"point_estimate":0.8905153213830662,"standard_error":0.002775764427850282},"median_abs_dev":{"confidence_interval":{"confidence_level":0.95,"lower_bound":0.016991295457749814,"upper_bound":0.030510627693345015},"point_estimate":0.024587864429640373,"standard_error":0.003615816105998018},"slope":{"confidence_interval":{"confidence_level":0.95,"lower_bound":0.8857038559745405,"upper_bound":0.8962393221164576},"point_estimate":0.8907805476415296,"standard_error":0.002694375914663987},"std_dev":{"confidence_interval":{"confidence_level":0.95,"lower_bound":0.019998763059772,"upper_bound":0.06835935610819446},"point_estimate":0.04345065940825819,"standard_error":0.015929173139471647}}