{"mean":{"confidence_interval":{"confidence_level":0.95,"lower_bound":0.9399498239382252,"upper_bound":0.9644040204625072},"point_estimate":0.9489677641894584,"standard_error":0.006713601604159329},"median":{"confidence_interval":{"confidence_level":0.95,"lower_bound":0.9386410891794127,"upper_bound":0.9412024530199358},"point_estimate":0.9397210654902695,"standard_error":0.0006948131074742078},"median_abs_dev":{"confidence_interval":{"confidence_level":0.95,"lower_bound":0.004909955718418566,"upper_bound":0.008201136459054025},"point_estimate":0.006774764974453002,"standard_error":0.0008398953735289374},"slope":{"confidence_interval":{"confidence_level":0.95,"lower_bound":0.9403870991284468,"upper_bound":0.9428781306687117},"point_estimate":0.9416095191111279,"standard_error":0.0006352164899511363},"std_dev":{"confidence_interval":{"confidence_level":0.95,"lower_bound":0.006609638714703852,"upper_bound":0.11345765898046378},"point_estimate":0.06745755178725032,"standard_error":0.03385409563412686}}