{"mean":{"confidence_interval":{"confidence_level":0.95,"lower_bound":0.9327726077668487,"upper_bound":0.9401271252671694},"point_estimate":0.9356206971643306,"standard_error":0.0019735411792809444},"median":{"confidence_interval":{"confidence_level":0.95,"lower_bound":0.9304375589473336,"upper_bound":0.9330811233134813},"point_estimate":0.9312572227686255,"standard_error":0.0006604339979267258},"median_abs_dev":{"confidence_interval":{"confidence_level":0.95,"lower_bound":0.002000037104115739,"upper_bound":0.0048450160499561865},"point_estimate":0.0032375117313609546,"standard_error":0.0007139117259565459},"slope":{"confidence_interval":{"confidence_level":0.95,"lower_bound":0.9323501980098128,"upper_bound":0.9349680410750688},"point_estimate":0.9335644791583739,"standard_error":0.0006697757080783436},"std_dev":{"confidence_interval":{"confidence_level":0.95,"lower_bound":0.004721515136069926,"upper_bound":0.03291948449448434},"point_estimate":0.019874445831890263,"standard_error":0.009140876075457305}}