{"mean":{"confidence_interval":{"confidence_level":0.95,"lower_bound":1.4240787404658486,"upper_bound":1.4743123684273505},"point_estimate":1.445492975946393,"standard_error":0.01302314913710129},"median":{"confidence_interval":{"confidence_level":0.95,"lower_bound":1.40962400039029,"upper_bound":1.4363295338259627},"point_estimate":1.4251537175068552,"standard_error":0.006530061063101751},"median_abs_dev":{"confidence_interval":{"confidence_level":0.95,"lower_bound":0.04185942687356781,"upper_bound":0.08096432120629671},"point_estimate":0.06702099509723335,"standard_error":0.010302520444428595},"slope":{"confidence_interval":{"confidence_level":0.95,"lower_bound":1.4320979023918081,"upper_bound":1.4713692719164984},"point_estimate":1.450238552422771,"standard_error":0.01003917862963188},"std_dev":{"confidence_interval":{"confidence_level":0.95,"lower_bound":0.06112732403627982,"upper_bound":0.20294698363481756},"point_estimate":0.13052495977449374,"standard_error":0.04531545924787831}}