{"mean":{"confidence_interval":{"confidence_level":0.95,"lower_bound":0.9426590516612818,"upper_bound":0.9538679595242465},"point_estimate":0.947399003877684,"standard_error":0.002908776882515099},"median":{"confidence_interval":{"confidence_level":0.95,"lower_bound":0.9404395949613,"upper_bound":0.9434226656137532},"point_estimate":0.942181392133494,"standard_error":0.0007849903612153631},"median_abs_dev":{"confidence_interval":{"confidence_level":0.95,"lower_bound":0.005533624771335785,"upper_bound":0.009244552513753418},"point_estimate":0.007417391039629971,"standard_error":0.000937302489301812},"slope":{"confidence_interval":{"confidence_level":0.95,"lower_bound":0.9413409646524632,"upper_bound":0.9452218097392916},"point_estimate":0.9431447372020411,"standard_error":0.0009926836168880288},"std_dev":{"confidence_interval":{"confidence_level":0.95,"lower_bound":0.007743743017626261,"upper_bound":0.04527576059396252},"point_estimate":0.029271715171790176,"standard_error":0.009986738259468254}}