{"mean":{"confidence_interval":{"confidence_level":0.95,"lower_bound":1.320728342915157,"upper_bound":1.4376810357033454},"point_estimate":1.3726552614735388,"standard_error":0.030248321384467425},"median":{"confidence_interval":{"confidence_level":0.95,"lower_bound":1.2668012009391427,"upper_bound":1.354033167046544},"point_estimate":1.303879827896738,"standard_error":0.02436503492699207},"median_abs_dev":{"confidence_interval":{"confidence_level":0.95,"lower_bound":0.10316661273917559,"upper_bound":0.15803830712893782},"point_estimate":0.12612338797578382,"standard_error":0.013808594587100468},"slope":{"confidence_interval":{"confidence_level":0.95,"lower_bound":1.2829118322368969,"upper_bound":1.3367648926834153},"point_estimate":1.3096383730933108,"standard_error":0.013712388660941198},"std_dev":{"confidence_interval":{"confidence_level":0.95,"lower_bound":0.1469761515584071,"upper_bound":0.4458103446171},"point_estimate":0.3034198756257163,"standard_error":0.07918642666792929}}