{"mean":{"confidence_interval":{"confidence_level":0.95,"lower_bound":35.4460746614925,"upper_bound":36.34438907408367},"point_estimate":35.81667059399797,"standard_error":0.23396602506957778},"median":{"confidence_interval":{"confidence_level":0.95,"lower_bound":35.19992455677103,"upper_bound":35.463536336896404},"point_estimate":35.41097161145651,"standard_error":0.07820004236791854},"median_abs_dev":{"confidence_interval":{"confidence_level":0.95,"lower_bound":0.3391559302657549,"upper_bound":0.5735843729899076},"point_estimate":0.4908735023203782,"standard_error":0.06585329916487545},"slope":{"confidence_interval":{"confidence_level":0.95,"lower_bound":35.406486117424464,"upper_bound":35.62105363485608},"point_estimate":35.504585752066255,"standard_error":0.05465376306118616},"std_dev":{"confidence_interval":{"confidence_level":0.95,"lower_bound":0.6129113085586873,"upper_bound":3.7784182486460263},"point_estimate":2.3548886070377084,"standard_error":0.8992243274236137}}