{"mean":{"confidence_interval":{"confidence_level":0.95,"lower_bound":41.35123077369345,"upper_bound":45.655274048274705},"point_estimate":43.30719371982578,"standard_error":1.103204666408356},"median":{"confidence_interval":{"confidence_level":0.95,"lower_bound":39.875926501035195,"upper_bound":40.06765389082462},"point_estimate":39.96057374338624,"standard_error":0.04557238908750454},"median_abs_dev":{"confidence_interval":{"confidence_level":0.95,"lower_bound":0.36560545914113324,"upper_bound":0.6938137112668668},"point_estimate":0.5101287657449858,"standard_error":0.0799688232485917},"slope":{"confidence_interval":{"confidence_level":0.95,"lower_bound":40.01870152036653,"upper_bound":40.33680953371155},"point_estimate":40.159231213099986,"standard_error":0.08135393491023953},"std_dev":{"confidence_interval":{"confidence_level":0.95,"lower_bound":6.067558633370532,"upper_bound":15.040127706859066},"point_estimate":11.122050347610068,"standard_error":2.2885345781964954}}