{"mean":{"confidence_interval":{"confidence_level":0.95,"lower_bound":41.4825168565738,"upper_bound":45.301783971198326},"point_estimate":43.19066174854788,"standard_error":0.9796714633613627},"median":{"confidence_interval":{"confidence_level":0.95,"lower_bound":40.15658549358471,"upper_bound":40.49717484008529},"point_estimate":40.24810040705563,"standard_error":0.08838331221538724},"median_abs_dev":{"confidence_interval":{"confidence_level":0.95,"lower_bound":0.3186178498029449,"upper_bound":0.7493010899377307},"point_estimate":0.4310302988846195,"standard_error":0.11060006343224642},"slope":{"confidence_interval":{"confidence_level":0.95,"lower_bound":40.29628749552442,"upper_bound":40.73025630422274},"point_estimate":40.4989230881208,"standard_error":0.11108828097066145},"std_dev":{"confidence_interval":{"confidence_level":0.95,"lower_bound":5.125846924848329,"upper_bound":13.774636733221305},"point_estimate":9.848383001744793,"standard_error":2.222459680202252}}