{"mean":{"confidence_interval":{"confidence_level":0.95,"lower_bound":28.49282825572345,"upper_bound":29.937237456261997},"point_estimate":29.13203637320363,"standard_error":0.3734353898222706},"median":{"confidence_interval":{"confidence_level":0.95,"lower_bound":28.013161428955144,"upper_bound":28.34507219712426},"point_estimate":28.138470319634703,"standard_error":0.10584169038929116},"median_abs_dev":{"confidence_interval":{"confidence_level":0.95,"lower_bound":0.19030706454084276,"upper_bound":0.5892158889329929},"point_estimate":0.35604278343118645,"standard_error":0.1164561883896438},"slope":{"confidence_interval":{"confidence_level":0.95,"lower_bound":28.23293377306861,"upper_bound":28.44663478846083},"point_estimate":28.334260637676934,"standard_error":0.054646720289980334},"std_dev":{"confidence_interval":{"confidence_level":0.95,"lower_bound":1.2118425370467028,"upper_bound":5.386673257851603},"point_estimate":3.753145684864744,"standard_error":1.0006558727557697}}