{"mean":{"confidence_interval":{"confidence_level":0.95,"lower_bound":28.48060396234856,"upper_bound":29.931599942620096},"point_estimate":29.12014621993832,"standard_error":0.37245913255031055},"median":{"confidence_interval":{"confidence_level":0.95,"lower_bound":27.999213063151682,"upper_bound":28.346496640614287},"point_estimate":28.055490873964107,"standard_error":0.11254556098852375},"median_abs_dev":{"confidence_interval":{"confidence_level":0.95,"lower_bound":0.13587675234148877,"upper_bound":0.5478507990972333},"point_estimate":0.2311949951232549,"standard_error":0.12423480430597951},"slope":{"confidence_interval":{"confidence_level":0.95,"lower_bound":28.162438971287635,"upper_bound":28.413378907456014},"point_estimate":28.272410894766793,"standard_error":0.06442989015317413},"std_dev":{"confidence_interval":{"confidence_level":0.95,"lower_bound":1.5052743645578068,"upper_bound":5.286193228824537},"point_estimate":3.7412482512241048,"standard_error":0.9263455900389812}}