{"mean":{"confidence_interval":{"confidence_level":0.95,"lower_bound":33.63171108152027,"upper_bound":34.6055478400833},"point_estimate":34.00847524067987,"standard_error":0.26104918323582327},"median":{"confidence_interval":{"confidence_level":0.95,"lower_bound":33.555291005291004,"upper_bound":33.72849091327352},"point_estimate":33.639698587768436,"standard_error":0.0470054462849499},"median_abs_dev":{"confidence_interval":{"confidence_level":0.95,"lower_bound":0.24801842723612924,"upper_bound":0.4378614087869016},"point_estimate":0.32053877796161484,"standard_error":0.04982459927438231},"slope":{"confidence_interval":{"confidence_level":0.95,"lower_bound":33.57841928792549,"upper_bound":33.75237060995906},"point_estimate":33.65956363866664,"standard_error":0.04434420109719349},"std_dev":{"confidence_interval":{"confidence_level":0.95,"lower_bound":0.6705952987009524,"upper_bound":4.339457787799579},"point_estimate":2.6227153104925143,"standard_error":1.2076791663785182}}