{"mean":{"confidence_interval":{"confidence_level":0.95,"lower_bound":35.15605138275861,"upper_bound":36.351719576857},"point_estimate":35.68496715622959,"standard_error":0.3078827044007179},"median":{"confidence_interval":{"confidence_level":0.95,"lower_bound":34.76828193832599,"upper_bound":35.1640625},"point_estimate":34.883783839576566,"standard_error":0.1222163102190764},"median_abs_dev":{"confidence_interval":{"confidence_level":0.95,"lower_bound":0.43169390286516157,"upper_bound":0.654497939768149},"point_estimate":0.5517335671486482,"standard_error":0.057706515307327434},"slope":{"confidence_interval":{"confidence_level":0.95,"lower_bound":35.053833982490644,"upper_bound":35.35060266516154},"point_estimate":35.1824046991457,"standard_error":0.07642209770507694},"std_dev":{"confidence_interval":{"confidence_level":0.95,"lower_bound":1.2971079125309104,"upper_bound":4.413583417697949},"point_estimate":3.103439930158453,"standard_error":0.7752306177883688}}