{"mean":{"confidence_interval":{"confidence_level":0.95,"lower_bound":31.699790682855642,"upper_bound":32.43576017806739},"point_estimate":32.03218574914554,"standard_error":0.1886099584086636},"median":{"confidence_interval":{"confidence_level":0.95,"lower_bound":31.20432489451477,"upper_bound":32.286141482794854},"point_estimate":31.83280626780627,"standard_error":0.3086823632720011},"median_abs_dev":{"confidence_interval":{"confidence_level":0.95,"lower_bound":0.7915402419099944,"upper_bound":1.6595960614834517},"point_estimate":1.2952713694382925,"standard_error":0.2013205948983719},"slope":{"confidence_interval":{"confidence_level":0.95,"lower_bound":31.086574797731426,"upper_bound":31.57859337985985},"point_estimate":31.310573346140583,"standard_error":0.12656587074940515},"std_dev":{"confidence_interval":{"confidence_level":0.95,"lower_bound":0.9951536224178618,"upper_bound":2.696163526225727},"point_estimate":1.8957601183505377,"standard_error":0.446063010533356}}