{"mean":{"confidence_interval":{"confidence_level":0.95,"lower_bound":35.206195638087976,"upper_bound":36.65034700648639},"point_estimate":35.83662579209943,"standard_error":0.37052992002170987},"median":{"confidence_interval":{"confidence_level":0.95,"lower_bound":34.9724818959842,"upper_bound":35.308086045228904},"point_estimate":35.08451020408164,"standard_error":0.10040598100273149},"median_abs_dev":{"confidence_interval":{"confidence_level":0.95,"lower_bound":0.23823611348032503,"upper_bound":0.5219666099981433},"point_estimate":0.3801805919620825,"standard_error":0.07180579520160384},"slope":{"confidence_interval":{"confidence_level":0.95,"lower_bound":35.19939934461952,"upper_bound":35.350083786149554},"point_estimate":35.27462713106522,"standard_error":0.03848109963130133},"std_dev":{"confidence_interval":{"confidence_level":0.95,"lower_bound":0.5039080635718363,"upper_bound":5.558321235409401},"point_estimate":3.714400609877243,"standard_error":1.1901991531081326}}