{"mean":{"confidence_interval":{"confidence_level":0.95,"lower_bound":34.990322111554214,"upper_bound":35.8934944407051},"point_estimate":35.33695183722139,"standard_error":0.24238597481600402},"median":{"confidence_interval":{"confidence_level":0.95,"lower_bound":34.763151455835576,"upper_bound":35.176844262295084},"point_estimate":35.06447112727942,"standard_error":0.12565497745707316},"median_abs_dev":{"confidence_interval":{"confidence_level":0.95,"lower_bound":0.3987103011048477,"upper_bound":0.71637504582981},"point_estimate":0.5661201068907968,"standard_error":0.08669678573894032},"slope":{"confidence_interval":{"confidence_level":0.95,"lower_bound":35.06340437531849,"upper_bound":35.59944583070981},"point_estimate":35.26168165421876,"standard_error":0.14668170646194473},"std_dev":{"confidence_interval":{"confidence_level":0.95,"lower_bound":0.5336659047165674,"upper_bound":4.060112356965213},"point_estimate":2.4406669947964907,"standard_error":1.1391288044568093}}