{"mean":{"confidence_interval":{"confidence_level":0.95,"lower_bound":2.195510455458408,"upper_bound":2.2551247164749584},"point_estimate":2.218784629192092,"standard_error":0.015770168905272337},"median":{"confidence_interval":{"confidence_level":0.95,"lower_bound":2.1867931298765333,"upper_bound":2.1948246686420365},"point_estimate":2.1896009839878015,"standard_error":0.0022306792282114577},"median_abs_dev":{"confidence_interval":{"confidence_level":0.95,"lower_bound":0.009233761496503722,"upper_bound":0.0156846610644778},"point_estimate":0.01071094971196069,"standard_error":0.0015777945505285034},"slope":{"confidence_interval":{"confidence_level":0.95,"lower_bound":2.1884207519436103,"upper_bound":2.2007628617045527},"point_estimate":2.1939622526319846,"standard_error":0.003168778671609826},"std_dev":{"confidence_interval":{"confidence_level":0.95,"lower_bound":0.031382530772522184,"upper_bound":0.26064590927068965},"point_estimate":0.1583214198015771,"standard_error":0.06937914102017936}}