{"mean":{"confidence_interval":{"confidence_level":0.95,"lower_bound":2.814019909951382,"upper_bound":2.892849608380596},"point_estimate":2.851789613782023,"standard_error":0.020076178518298616},"median":{"confidence_interval":{"confidence_level":0.95,"lower_bound":2.7886494101160615,"upper_bound":2.8842812034627174},"point_estimate":2.843801243944369,"standard_error":0.02446603676269007},"median_abs_dev":{"confidence_interval":{"confidence_level":0.95,"lower_bound":0.14046958554130567,"upper_bound":0.23537487481016725},"point_estimate":0.18310314840499417,"standard_error":0.023343565345146342},"slope":{"confidence_interval":{"confidence_level":0.95,"lower_bound":2.812590897423245,"upper_bound":2.8729913432382053},"point_estimate":2.841945431469605,"standard_error":0.015498763450835272},"std_dev":{"confidence_interval":{"confidence_level":0.95,"lower_bound":0.15212334725381105,"upper_bound":0.26193075223917195},"point_estimate":0.2015566676796344,"standard_error":0.03062403367676727}}