{"mean":{"confidence_interval":{"confidence_level":0.95,"lower_bound":2.3640721667043607,"upper_bound":2.410382087263921},"point_estimate":2.384443384505573,"standard_error":0.01190139421721667},"median":{"confidence_interval":{"confidence_level":0.95,"lower_bound":2.3392135803157954,"upper_bound":2.3742527754705636},"point_estimate":2.357688269596818,"standard_error":0.008532452344270334},"median_abs_dev":{"confidence_interval":{"confidence_level":0.95,"lower_bound":0.04280886678922296,"upper_bound":0.07595346264387695},"point_estimate":0.05960572230999069,"standard_error":0.008423613318295456},"slope":{"confidence_interval":{"confidence_level":0.95,"lower_bound":2.3531599692122693,"upper_bound":2.376501124035276},"point_estimate":2.3640393534099178,"standard_error":0.005963186304456538},"std_dev":{"confidence_interval":{"confidence_level":0.95,"lower_bound":0.061183987195972955,"upper_bound":0.17975633840690625},"point_estimate":0.11977243960449724,"standard_error":0.035106768076614385}}