{"mean":{"confidence_interval":{"confidence_level":0.95,"lower_bound":1.6309661852251653,"upper_bound":1.6669605597016264},"point_estimate":1.6490495387254154,"standard_error":0.009224437246670285},"median":{"confidence_interval":{"confidence_level":0.95,"lower_bound":1.6302744546094299,"upper_bound":1.713228840125392},"point_estimate":1.6637742862439748,"standard_error":0.021370236809006193},"median_abs_dev":{"confidence_interval":{"confidence_level":0.95,"lower_bound":0.058791721626817936,"upper_bound":0.12386324177988536},"point_estimate":0.0933405908944262,"standard_error":0.017018290616406674},"slope":{"confidence_interval":{"confidence_level":0.95,"lower_bound":1.579057229275378,"upper_bound":1.6133093400680585},"point_estimate":1.595971408406924,"standard_error":0.008745660157110808},"std_dev":{"confidence_interval":{"confidence_level":0.95,"lower_bound":0.08039640464124118,"upper_bound":0.10379519530774912},"point_estimate":0.09259060632785555,"standard_error":0.005978354891674091}}