{"mean":{"confidence_interval":{"confidence_level":0.95,"lower_bound":1.6954566266285314,"upper_bound":1.8639625733797682},"point_estimate":1.7685408113696917,"standard_error":0.04347046485295161},"median":{"confidence_interval":{"confidence_level":0.95,"lower_bound":1.6603637855611022,"upper_bound":1.7073858030781373},"point_estimate":1.6887351323471376,"standard_error":0.01295323489855451},"median_abs_dev":{"confidence_interval":{"confidence_level":0.95,"lower_bound":0.11501329622598679,"upper_bound":0.21828842666414477},"point_estimate":0.15150700894018712,"standard_error":0.026414044425227025},"slope":{"confidence_interval":{"confidence_level":0.95,"lower_bound":1.6487815393781537,"upper_bound":1.7833581739774516},"point_estimate":1.7054939887137415,"standard_error":0.03466547965423719},"std_dev":{"confidence_interval":{"confidence_level":0.95,"lower_bound":0.170986366496099,"upper_bound":0.6600592733540754},"point_estimate":0.4371543054282811,"standard_error":0.13293543672243452}}