{"mean":{"confidence_interval":{"confidence_level":0.95,"lower_bound":1.6922367755184375,"upper_bound":1.71306880238089},"point_estimate":1.7024286554494252,"standard_error":0.005298285943691279},"median":{"confidence_interval":{"confidence_level":0.95,"lower_bound":1.6948763604649972,"upper_bound":1.7178647138176912},"point_estimate":1.7028940381921573,"standard_error":0.005611538528995546},"median_abs_dev":{"confidence_interval":{"confidence_level":0.95,"lower_bound":0.028960408193561223,"upper_bound":0.04955171841130044},"point_estimate":0.039725622707344456,"standard_error":0.005172788576410835},"slope":{"confidence_interval":{"confidence_level":0.95,"lower_bound":1.6960432420935452,"upper_bound":1.7181977614564192},"point_estimate":1.7072315853382884,"standard_error":0.005668766243717146},"std_dev":{"confidence_interval":{"confidence_level":0.95,"lower_bound":0.04095786875791233,"upper_bound":0.0656487427998383},"point_estimate":0.05309187563455874,"standard_error":0.006378397019292129}}