{"mean":{"confidence_interval":{"confidence_level":0.95,"lower_bound":1.7276667717911562,"upper_bound":1.7392576755204439},"point_estimate":1.7332855707321257,"standard_error":0.0029629954325819255},"median":{"confidence_interval":{"confidence_level":0.95,"lower_bound":1.7220369237046103,"upper_bound":1.7288035864387783},"point_estimate":1.7245914124635056,"standard_error":0.0020832285814146134},"median_abs_dev":{"confidence_interval":{"confidence_level":0.95,"lower_bound":0.008006121950886241,"upper_bound":0.018297865712312327},"point_estimate":0.011002842647023505,"standard_error":0.0028179018609348263},"slope":{"confidence_interval":{"confidence_level":0.95,"lower_bound":1.72449251304712,"upper_bound":1.7362301653615488},"point_estimate":1.7304284758569575,"standard_error":0.0029772830401858185},"std_dev":{"confidence_interval":{"confidence_level":0.95,"lower_bound":0.022489015083889907,"upper_bound":0.03645478551929694},"point_estimate":0.029710811842390515,"standard_error":0.0035816686443837877}}