{"mean":{"confidence_interval":{"confidence_level":0.95,"lower_bound":1.813735492959093,"upper_bound":1.9484589947363864},"point_estimate":1.8761054818261733,"standard_error":0.034512785921535706},"median":{"confidence_interval":{"confidence_level":0.95,"lower_bound":1.7771795537104307,"upper_bound":1.8481490753323955},"point_estimate":1.8084857076922454,"standard_error":0.017517765999122744},"median_abs_dev":{"confidence_interval":{"confidence_level":0.95,"lower_bound":0.1468597116896433,"upper_bound":0.23835441764030035},"point_estimate":0.18857618765493261,"standard_error":0.022439111479387566},"slope":{"confidence_interval":{"confidence_level":0.95,"lower_bound":1.8113544368188363,"upper_bound":1.9042164206241599},"point_estimate":1.8567243266008435,"standard_error":0.023645175162517056},"std_dev":{"confidence_interval":{"confidence_level":0.95,"lower_bound":0.21338170109476226,"upper_bound":0.458703269963276},"point_estimate":0.34809799017518556,"standard_error":0.06152260845551524}}