{"mean":{"confidence_interval":{"confidence_level":0.95,"lower_bound":1.9277998262861535,"upper_bound":2.118014675949276},"point_estimate":2.0132630145547346,"standard_error":0.048530100226597365},"median":{"confidence_interval":{"confidence_level":0.95,"lower_bound":1.8441633915687916,"upper_bound":1.9182700340595078},"point_estimate":1.8894921126345274,"standard_error":0.019037025176936204},"median_abs_dev":{"confidence_interval":{"confidence_level":0.95,"lower_bound":0.1326457358331301,"upper_bound":0.22883164646969317},"point_estimate":0.182051115045667,"standard_error":0.02457081039626373},"slope":{"confidence_interval":{"confidence_level":0.95,"lower_bound":1.936848050439051,"upper_bound":2.1614861604866893},"point_estimate":2.0363298689312317,"standard_error":0.057819730899069395},"std_dev":{"confidence_interval":{"confidence_level":0.95,"lower_bound":0.2611115392020732,"upper_bound":0.6936669256735419},"point_estimate":0.4885320903771315,"standard_error":0.1125597043700753}}