{"mean":{"confidence_interval":{"confidence_level":0.95,"lower_bound":-0.005558310792652551,"upper_bound":-0.00013822781332761824},"point_estimate":-0.002827417020073608,"standard_error":0.0013676476078520853},"median":{"confidence_interval":{"confidence_level":0.95,"lower_bound":-0.002983115917315371,"upper_bound":-0.0004616099084552294},"point_estimate":-0.0015060921171522468,"standard_error":0.000646954983258209}}