{"mean":{"confidence_interval":{"confidence_level":0.95,"lower_bound":0.35658273581460387,"upper_bound":0.3640740526502478},"point_estimate":0.3604213241692129,"standard_error":0.0019187083658604666},"median":{"confidence_interval":{"confidence_level":0.95,"lower_bound":0.35904302078924766,"upper_bound":0.3625038378701029},"point_estimate":0.36093207926235293,"standard_error":0.0008910174187892388}}