{"mean":{"confidence_interval":{"confidence_level":0.95,"lower_bound":-0.06118271695570554,"upper_bound":-0.05424292747631},"point_estimate":-0.05809785908483622,"standard_error":0.0017087213368021238},"median":{"confidence_interval":{"confidence_level":0.95,"lower_bound":-0.059974621028943575,"upper_bound":-0.057130048768497255},"point_estimate":-0.05843532942038132,"standard_error":0.0007141587112788257}}