{"mean":{"confidence_interval":{"confidence_level":0.95,"lower_bound":-0.022515312386497066,"upper_bound":0.025910868423009187},"point_estimate":0.002033710128469979,"standard_error":0.01229583855372854},"median":{"confidence_interval":{"confidence_level":0.95,"lower_bound":-0.00248694908498881,"upper_bound":0.005871747238237024},"point_estimate":0.0018862252102638255,"standard_error":0.002089876303680544}}