{"mean":{"confidence_interval":{"confidence_level":0.95,"lower_bound":3266859.5076093753,"upper_bound":3268059.8851875},"point_estimate":3267395.2275,"standard_error":308.8756643460736},"median":{"confidence_interval":{"confidence_level":0.95,"lower_bound":3266405.3125,"upper_bound":3266832.9375},"point_estimate":3266641.8125,"standard_error":97.67559545070345},"median_abs_dev":{"confidence_interval":{"confidence_level":0.95,"lower_bound":671.7104505747557,"upper_bound":1183.9024102315307},"point_estimate":891.9228779152036,"standard_error":133.70893310414087},"slope":null,"std_dev":{"confidence_interval":{"confidence_level":0.95,"lower_bound":1346.102236973049,"upper_bound":4346.977063672404},"point_estimate":3098.59365316081,"standard_error":732.2582171734211}}