{"mean":{"confidence_interval":{"confidence_level":0.95,"lower_bound":38.56901853228437,"upper_bound":40.057666793867924},"point_estimate":39.23270548533208,"standard_error":0.3831037756222},"median":{"confidence_interval":{"confidence_level":0.95,"lower_bound":38.31372549019608,"upper_bound":39.06425339366516},"point_estimate":38.40544366899302,"standard_error":0.19411306634773565},"median_abs_dev":{"confidence_interval":{"confidence_level":0.95,"lower_bound":0.8088399237207168,"upper_bound":1.4116934893491409},"point_estimate":1.044309409575449,"standard_error":0.13329313252408054},"slope":{"confidence_interval":{"confidence_level":0.95,"lower_bound":37.78156937337634,"upper_bound":38.811893579130846},"point_estimate":38.28895289423587,"standard_error":0.26353038231955234},"std_dev":{"confidence_interval":{"confidence_level":0.95,"lower_bound":1.5906675274755109,"upper_bound":5.628885788347891},"point_estimate":3.863223712419782,"standard_error":1.0310373734884357}}