{"mean":{"confidence_interval":{"confidence_level":0.95,"lower_bound":33.502225400209014,"upper_bound":35.572722817928984},"point_estimate":34.44617162850748,"standard_error":0.5311128632688907},"median":{"confidence_interval":{"confidence_level":0.95,"lower_bound":32.65945945945946,"upper_bound":32.826013513513516},"point_estimate":32.731947985721575,"standard_error":0.04150120757827091},"median_abs_dev":{"confidence_interval":{"confidence_level":0.95,"lower_bound":0.21629016594524886,"upper_bound":0.44649728937038297},"point_estimate":0.32152081834491075,"standard_error":0.0606691118808054},"slope":{"confidence_interval":{"confidence_level":0.95,"lower_bound":32.76403304564028,"upper_bound":33.20758796994569},"point_estimate":32.96531977522076,"standard_error":0.11389357745389944},"std_dev":{"confidence_interval":{"confidence_level":0.95,"lower_bound":2.942853385955295,"upper_bound":7.126687056976903},"point_estimate":5.340342712367962,"standard_error":1.0629486365969}}