{"mean":{"confidence_interval":{"confidence_level":0.95,"lower_bound":-0.24822575715076645,"upper_bound":-0.22213844010504813},"point_estimate":-0.23467680398601265,"standard_error":0.006655597074050791},"median":{"confidence_interval":{"confidence_level":0.95,"lower_bound":-0.2420932810214229,"upper_bound":-0.215354571810636},"point_estimate":-0.22537173308915326,"standard_error":0.0067072238844619134}}