{"mean":{"confidence_interval":{"confidence_level":0.95,"lower_bound":2.556590579535183,"upper_bound":2.595628223368465},"point_estimate":2.571391203697153,"standard_error":0.010605936470758647},"median":{"confidence_interval":{"confidence_level":0.95,"lower_bound":2.5517514925301157,"upper_bound":2.555898118416157},"point_estimate":2.554077421696184,"standard_error":0.0012350080909655555},"median_abs_dev":{"confidence_interval":{"confidence_level":0.95,"lower_bound":0.007988609600359879,"upper_bound":0.0184345572320199},"point_estimate":0.011872276849352192,"standard_error":0.0026869616079557034},"slope":{"confidence_interval":{"confidence_level":0.95,"lower_bound":2.5537441801004412,"upper_bound":2.559247145989921},"point_estimate":2.556330929651678,"standard_error":0.0014075509013103684},"std_dev":{"confidence_interval":{"confidence_level":0.95,"lower_bound":0.02080224300793974,"upper_bound":0.17815625826233703},"point_estimate":0.10658767193022461,"standard_error":0.05139425630314079}}