{"mean":{"confidence_interval":{"confidence_level":0.95,"lower_bound":2.5589498451043102,"upper_bound":2.601742911872828},"point_estimate":2.574518828859787,"standard_error":0.012323272413327915},"median":{"confidence_interval":{"confidence_level":0.95,"lower_bound":2.5546285016724783,"upper_bound":2.5622159662898727},"point_estimate":2.559251515128443,"standard_error":0.0017624377574036521},"median_abs_dev":{"confidence_interval":{"confidence_level":0.95,"lower_bound":0.009107588885269961,"upper_bound":0.0177834850535053},"point_estimate":0.012855498793407104,"standard_error":0.00224746283242139},"slope":{"confidence_interval":{"confidence_level":0.95,"lower_bound":2.5567179394223585,"upper_bound":2.5622238586669885},"point_estimate":2.559349824106554,"standard_error":0.0014027863543965538},"std_dev":{"confidence_interval":{"confidence_level":0.95,"lower_bound":0.01804937021937143,"upper_bound":0.20992263060398797},"point_estimate":0.12374702265738181,"standard_error":0.06665052431091686}}