{"mean":{"confidence_interval":{"confidence_level":0.95,"lower_bound":1.580867614116176,"upper_bound":1.6078017743771797},"point_estimate":1.5918486995401495,"standard_error":0.0070583086226355},"median":{"confidence_interval":{"confidence_level":0.95,"lower_bound":1.57448650392694,"upper_bound":1.585071565447587},"point_estimate":1.5806792715482945,"standard_error":0.0031106056500045764},"median_abs_dev":{"confidence_interval":{"confidence_level":0.95,"lower_bound":0.017292866412079885,"upper_bound":0.02863267684722809},"point_estimate":0.02241562938686176,"standard_error":0.002872783838095923},"slope":{"confidence_interval":{"confidence_level":0.95,"lower_bound":1.5807823459555257,"upper_bound":1.5945003697745772},"point_estimate":1.586793014139352,"standard_error":0.003520349458372588},"std_dev":{"confidence_interval":{"confidence_level":0.95,"lower_bound":0.024214611434217964,"upper_bound":0.11450231665420198},"point_estimate":0.07104313856995233,"standard_error":0.02862208251835149}}