{"mean":{"confidence_interval":{"confidence_level":0.95,"lower_bound":2.647969401264543,"upper_bound":2.6645811637789283},"point_estimate":2.655894213256626,"standard_error":0.004252662414231919},"median":{"confidence_interval":{"confidence_level":0.95,"lower_bound":2.6377237978814874,"upper_bound":2.6453235786784557},"point_estimate":2.641626500874838,"standard_error":0.001930134092727199},"median_abs_dev":{"confidence_interval":{"confidence_level":0.95,"lower_bound":0.01616584045020862,"upper_bound":0.029211080807758447},"point_estimate":0.021951987805425743,"standard_error":0.0034793410101818453},"slope":{"confidence_interval":{"confidence_level":0.95,"lower_bound":2.6472818191948844,"upper_bound":2.660743054794728},"point_estimate":2.6536418451475035,"standard_error":0.0034192008593420904},"std_dev":{"confidence_interval":{"confidence_level":0.95,"lower_bound":0.03192980483268381,"upper_bound":0.052128662038161314},"point_estimate":0.04274702762343703,"standard_error":0.005182455389023095}}