{"mean":{"confidence_interval":{"confidence_level":0.95,"lower_bound":2.7161325380447976,"upper_bound":2.784697963014687},"point_estimate":2.7506643656069785,"standard_error":0.017512708084140415},"median":{"confidence_interval":{"confidence_level":0.95,"lower_bound":2.7156803039405313,"upper_bound":2.8088268521075492},"point_estimate":2.7683412738925757,"standard_error":0.023225505195437403},"median_abs_dev":{"confidence_interval":{"confidence_level":0.95,"lower_bound":0.13011246756446462,"upper_bound":0.2376437469841535},"point_estimate":0.164967207169936,"standard_error":0.028616255401885435},"slope":{"confidence_interval":{"confidence_level":0.95,"lower_bound":2.7616399543741426,"upper_bound":2.83505429074587},"point_estimate":2.8002036920909985,"standard_error":0.01878494509173224},"std_dev":{"confidence_interval":{"confidence_level":0.95,"lower_bound":0.15134993389222945,"upper_bound":0.19822030739705396},"point_estimate":0.17575493166738942,"standard_error":0.011973630044235094}}