{"mean":{"confidence_interval":{"confidence_level":0.95,"lower_bound":2.538954172078406,"upper_bound":2.55981148492404},"point_estimate":2.547491270603193,"standard_error":0.005452613150750391},"median":{"confidence_interval":{"confidence_level":0.95,"lower_bound":2.532976996256264,"upper_bound":2.5403154018249454},"point_estimate":2.5371820352337844,"standard_error":0.0018261169380116879},"median_abs_dev":{"confidence_interval":{"confidence_level":0.95,"lower_bound":0.011139159152448863,"upper_bound":0.01851461773712477},"point_estimate":0.014347454452416362,"standard_error":0.001859802695447119},"slope":{"confidence_interval":{"confidence_level":0.95,"lower_bound":2.5353792819643526,"upper_bound":2.5415859211604164},"point_estimate":2.5382835507427277,"standard_error":0.0015828648152777206},"std_dev":{"confidence_interval":{"confidence_level":0.95,"lower_bound":0.018466420974535328,"upper_bound":0.08811814571627234},"point_estimate":0.054977380418689915,"standard_error":0.02145385559622983}}