{"mean":{"confidence_interval":{"confidence_level":0.95,"lower_bound":3.572050017421472,"upper_bound":3.9031205897718784},"point_estimate":3.704951277615936,"standard_error":0.0870761742114877},"median":{"confidence_interval":{"confidence_level":0.95,"lower_bound":3.4755574325358207,"upper_bound":3.5862063607973527},"point_estimate":3.529719026700925,"standard_error":0.02830639406548963},"median_abs_dev":{"confidence_interval":{"confidence_level":0.95,"lower_bound":0.14484761531176765,"upper_bound":0.3197582139209462},"point_estimate":0.2367679874998357,"standard_error":0.04292035108714369},"slope":{"confidence_interval":{"confidence_level":0.95,"lower_bound":3.48716404602612,"upper_bound":4.108120608085524},"point_estimate":3.6971152064877444,"standard_error":0.17614694060657632},"std_dev":{"confidence_interval":{"confidence_level":0.95,"lower_bound":0.29231205563208695,"upper_bound":1.4234294962928584},"point_estimate":0.8765924961224142,"standard_error":0.3683193616878024}}