{"mean":{"confidence_interval":{"confidence_level":0.95,"lower_bound":2.974242757946602,"upper_bound":3.0790124583533385},"point_estimate":3.02885688204284,"standard_error":0.026747662427010696},"median":{"confidence_interval":{"confidence_level":0.95,"lower_bound":3.09749843398022,"upper_bound":3.1021847719475772},"point_estimate":3.099083193307348,"standard_error":0.0011723997416274614},"median_abs_dev":{"confidence_interval":{"confidence_level":0.95,"lower_bound":0.0069745616911037695,"upper_bound":0.013030134221507408},"point_estimate":0.009231316151444697,"standard_error":0.001542932973236293},"slope":{"confidence_interval":{"confidence_level":0.95,"lower_bound":3.0313242115226995,"upper_bound":3.1095118828955046},"point_estimate":3.0724514914687755,"standard_error":0.01981958597395039},"std_dev":{"confidence_interval":{"confidence_level":0.95,"lower_bound":0.1877577454776694,"upper_bound":0.33241891309329613},"point_estimate":0.2682278647472294,"standard_error":0.036834022917923}}