{"mean":{"confidence_interval":{"confidence_level":0.95,"lower_bound":2.9777851662554737,"upper_bound":3.064924437257874},"point_estimate":3.0239902273865327,"standard_error":0.022407472116992115},"median":{"confidence_interval":{"confidence_level":0.95,"lower_bound":3.095014976162658,"upper_bound":3.100645467489321},"point_estimate":3.0975354520721528,"standard_error":0.0013457198543690518},"median_abs_dev":{"confidence_interval":{"confidence_level":0.95,"lower_bound":0.008421692921453972,"upper_bound":0.01421534737359612},"point_estimate":0.01115663283515547,"standard_error":0.0014717470582085981},"slope":{"confidence_interval":{"confidence_level":0.95,"lower_bound":3.0919647985688425,"upper_bound":3.1027539444270547},"point_estimate":3.097907301875871,"standard_error":0.002769798905285518},"std_dev":{"confidence_interval":{"confidence_level":0.95,"lower_bound":0.15425154440957942,"upper_bound":0.27675863583168875},"point_estimate":0.2251833830019089,"standard_error":0.03083624491967129}}