{"mean":{"confidence_interval":{"confidence_level":0.95,"lower_bound":1.2208557107176077,"upper_bound":1.2453005512316564},"point_estimate":1.2306903672021834,"standard_error":0.006471956282917946},"median":{"confidence_interval":{"confidence_level":0.95,"lower_bound":1.2170930658776156,"upper_bound":1.2219478129203916},"point_estimate":1.2198185878867231,"standard_error":0.0014352168595191074},"median_abs_dev":{"confidence_interval":{"confidence_level":0.95,"lower_bound":0.006542155619908354,"upper_bound":0.01207145236260232},"point_estimate":0.008617849644703482,"standard_error":0.0014286317882960748},"slope":{"confidence_interval":{"confidence_level":0.95,"lower_bound":1.2199511804600183,"upper_bound":1.2234465974135502},"point_estimate":1.2216188757953967,"standard_error":0.0008939184601551019},"std_dev":{"confidence_interval":{"confidence_level":0.95,"lower_bound":0.010777931821232645,"upper_bound":0.1046570702841912},"point_estimate":0.06474763237939596,"standard_error":0.026403199000532986}}