{"mean":{"confidence_interval":{"confidence_level":0.95,"lower_bound":2.5414170348417864,"upper_bound":2.5663118909989686},"point_estimate":2.552153911400249,"standard_error":0.006416593398821231},"median":{"confidence_interval":{"confidence_level":0.95,"lower_bound":2.5359188443169787,"upper_bound":2.5413081356386544},"point_estimate":2.5387169745260385,"standard_error":0.0014312684884777082},"median_abs_dev":{"confidence_interval":{"confidence_level":0.95,"lower_bound":0.008242667446344026,"upper_bound":0.013282313278336354},"point_estimate":0.010402498648993654,"standard_error":0.0012757787972505269},"slope":{"confidence_interval":{"confidence_level":0.95,"lower_bound":2.5403144284550376,"upper_bound":2.581097022345117},"point_estimate":2.5566127044146207,"standard_error":0.010817160705099832},"std_dev":{"confidence_interval":{"confidence_level":0.95,"lower_bound":0.019272725703685965,"upper_bound":0.09722723164639771},"point_estimate":0.0646560566514691,"standard_error":0.020325778589755185}}