{"mean":{"confidence_interval":{"confidence_level":0.95,"lower_bound":2.639154295965932,"upper_bound":2.6592612457886506},"point_estimate":2.648457163007069,"standard_error":0.005155253773210433},"median":{"confidence_interval":{"confidence_level":0.95,"lower_bound":2.6284853020921606,"upper_bound":2.6453992971700035},"point_estimate":2.634590403714955,"standard_error":0.003651229095505104},"median_abs_dev":{"confidence_interval":{"confidence_level":0.95,"lower_bound":0.023107760558862222,"upper_bound":0.03890207866518729},"point_estimate":0.027992238397553094,"standard_error":0.003825819847956348},"slope":{"confidence_interval":{"confidence_level":0.95,"lower_bound":2.638241883773423,"upper_bound":2.652478887118597},"point_estimate":2.6454920930861685,"standard_error":0.003630163935835722},"std_dev":{"confidence_interval":{"confidence_level":0.95,"lower_bound":0.03197024366348381,"upper_bound":0.06964091721033575},"point_estimate":0.051951073095787684,"standard_error":0.00966896431546703}}