{"mean":{"confidence_interval":{"confidence_level":0.95,"lower_bound":2.355185820491366,"upper_bound":2.4472307589428346},"point_estimate":2.399780817580197,"standard_error":0.023514875901006843},"median":{"confidence_interval":{"confidence_level":0.95,"lower_bound":2.266925087249619,"upper_bound":2.281785373878745},"point_estimate":2.2729736928447446,"standard_error":0.0034454121091643604},"median_abs_dev":{"confidence_interval":{"confidence_level":0.95,"lower_bound":0.026903635235042,"upper_bound":0.058650805275976936},"point_estimate":0.039177979010037084,"standard_error":0.008528341250425661},"slope":{"confidence_interval":{"confidence_level":0.95,"lower_bound":2.4351856050916476,"upper_bound":2.579581490547003},"point_estimate":2.508433161189364,"standard_error":0.03694753910710403},"std_dev":{"confidence_interval":{"confidence_level":0.95,"lower_bound":0.20315142181685622,"upper_bound":0.25918670194802845},"point_estimate":0.23631699517260052,"standard_error":0.014411865182908882}}