{"mean":{"confidence_interval":{"confidence_level":0.95,"lower_bound":2.651303062756081,"upper_bound":2.7413988702064755},"point_estimate":2.6987178038315336,"standard_error":0.023110427301602076},"median":{"confidence_interval":{"confidence_level":0.95,"lower_bound":2.7880884303055895,"upper_bound":2.7915826055146553},"point_estimate":2.7898765228139997,"standard_error":0.0009125432289877201},"median_abs_dev":{"confidence_interval":{"confidence_level":0.95,"lower_bound":0.00811890992425407,"upper_bound":0.015053519376395178},"point_estimate":0.011321663533892799,"standard_error":0.0018660196200622735},"slope":{"confidence_interval":{"confidence_level":0.95,"lower_bound":2.715790988694142,"upper_bound":2.7902956137719115},"point_estimate":2.758212773113312,"standard_error":0.01909723855512916},"std_dev":{"confidence_interval":{"confidence_level":0.95,"lower_bound":0.17598252420964328,"upper_bound":0.27481854912814624},"point_estimate":0.23221474428062527,"standard_error":0.025267815140680546}}