{"mean":{"confidence_interval":{"confidence_level":0.95,"lower_bound":2.6616507697649276,"upper_bound":2.701789207414363},"point_estimate":2.6800718147030715,"standard_error":0.01025939713288652},"median":{"confidence_interval":{"confidence_level":0.95,"lower_bound":2.633258562774378,"upper_bound":2.6462952648764535},"point_estimate":2.6399269918303423,"standard_error":0.003412123223903942},"median_abs_dev":{"confidence_interval":{"confidence_level":0.95,"lower_bound":0.01760017599497358,"upper_bound":0.040126246470227375},"point_estimate":0.02863319698574196,"standard_error":0.006141259089369768},"slope":{"confidence_interval":{"confidence_level":0.95,"lower_bound":2.63727547521972,"upper_bound":2.668197245187069},"point_estimate":2.649690651810917,"standard_error":0.00803447533872986},"std_dev":{"confidence_interval":{"confidence_level":0.95,"lower_bound":0.06201307384504446,"upper_bound":0.14076159577339284},"point_estimate":0.1031721424893817,"standard_error":0.02045738064984456}}