{"mean":{"confidence_interval":{"confidence_level":0.95,"lower_bound":3.4331424818139946,"upper_bound":3.5163106129769397},"point_estimate":3.4731795880841734,"standard_error":0.021209136280098646},"median":{"confidence_interval":{"confidence_level":0.95,"lower_bound":3.358891200901062,"upper_bound":3.4635145740434163},"point_estimate":3.4131073265888263,"standard_error":0.025393639029502008},"median_abs_dev":{"confidence_interval":{"confidence_level":0.95,"lower_bound":0.11732371639698391,"upper_bound":0.21758495144449488},"point_estimate":0.16770421204787084,"standard_error":0.02826529399003195},"slope":{"confidence_interval":{"confidence_level":0.95,"lower_bound":3.404437741445574,"upper_bound":3.488598247974842},"point_estimate":3.4436091618570464,"standard_error":0.021367583125964137},"std_dev":{"confidence_interval":{"confidence_level":0.95,"lower_bound":0.17108454479001595,"upper_bound":0.24930081935510898},"point_estimate":0.21328637283433,"standard_error":0.02004412416023637}}