{"mean":{"confidence_interval":{"confidence_level":0.95,"lower_bound":193.2360009126186,"upper_bound":193.6527718452183},"point_estimate":193.4186655750914,"standard_error":0.1073028143486291},"median":{"confidence_interval":{"confidence_level":0.95,"lower_bound":193.11373128094982,"upper_bound":193.16596026490066},"point_estimate":193.14391009520003,"standard_error":0.013664131255413174},"median_abs_dev":{"confidence_interval":{"confidence_level":0.95,"lower_bound":0.09388934202665675,"upper_bound":0.1916792676403025},"point_estimate":0.1329847861830838,"standard_error":0.025741601326014035},"slope":{"confidence_interval":{"confidence_level":0.95,"lower_bound":193.07703377874515,"upper_bound":193.23648472578745},"point_estimate":193.1373249547946,"standard_error":0.04279053117129729},"std_dev":{"confidence_interval":{"confidence_level":0.95,"lower_bound":0.4671080027446031,"upper_bound":1.6233797420151403},"point_estimate":1.0808471215626756,"standard_error":0.30924668373606806}}