{"mean":{"confidence_interval":{"confidence_level":0.95,"lower_bound":193.47147552687665,"upper_bound":193.83822004981968},"point_estimate":193.6072329816982,"standard_error":0.10211396327467295},"median":{"confidence_interval":{"confidence_level":0.95,"lower_bound":193.44404300055044,"upper_bound":193.5179890760243},"point_estimate":193.46587057576284,"standard_error":0.019359953022847712},"median_abs_dev":{"confidence_interval":{"confidence_level":0.95,"lower_bound":0.11188460316798841,"upper_bound":0.18788799640989487},"point_estimate":0.14482282190764267,"standard_error":0.018504490443649168},"slope":{"confidence_interval":{"confidence_level":0.95,"lower_bound":193.43360030043738,"upper_bound":193.50161151687988},"point_estimate":193.46520881787532,"standard_error":0.017340420946365065},"std_dev":{"confidence_interval":{"confidence_level":0.95,"lower_bound":0.17833205860504525,"upper_bound":1.7415909584849179},"point_estimate":1.0325938244228259,"standard_error":0.5309199132696859}}