{"mean":{"confidence_interval":{"confidence_level":0.95,"lower_bound":192.72044363098104,"upper_bound":192.88489089752034},"point_estimate":192.79353526952377,"standard_error":0.042236183413034575},"median":{"confidence_interval":{"confidence_level":0.95,"lower_bound":192.66369636963697,"upper_bound":192.7486074756901},"point_estimate":192.70782239335045,"standard_error":0.021307881633540433},"median_abs_dev":{"confidence_interval":{"confidence_level":0.95,"lower_bound":0.12209568521624978,"upper_bound":0.19458107580096168},"point_estimate":0.15428234412898104,"standard_error":0.01846061414231068},"slope":{"confidence_interval":{"confidence_level":0.95,"lower_bound":192.68901218105412,"upper_bound":192.771021299384},"point_estimate":192.7288174101879,"standard_error":0.020941611020564518},"std_dev":{"confidence_interval":{"confidence_level":0.95,"lower_bound":0.21236179666220642,"upper_bound":0.6253177279011649},"point_estimate":0.4242536748612139,"standard_error":0.11221094604847283}}