{"mean":{"confidence_interval":{"confidence_level":0.95,"lower_bound":67.43942329320215,"upper_bound":67.57799142493315},"point_estimate":67.50074117640249,"standard_error":0.03566946619961632},"median":{"confidence_interval":{"confidence_level":0.95,"lower_bound":67.4388912498945,"upper_bound":67.51749050394646},"point_estimate":67.46519118840418,"standard_error":0.023445218261045887},"median_abs_dev":{"confidence_interval":{"confidence_level":0.95,"lower_bound":0.1117898733344316,"upper_bound":0.1726326819983567},"point_estimate":0.14566378209515018,"standard_error":0.015196108515753365},"slope":{"confidence_interval":{"confidence_level":0.95,"lower_bound":67.48518114583106,"upper_bound":67.53820397449724},"point_estimate":67.51138037217935,"standard_error":0.013510475245737896},"std_dev":{"confidence_interval":{"confidence_level":0.95,"lower_bound":0.1741157117478513,"upper_bound":0.5487860936829383},"point_estimate":0.35817666821626354,"standard_error":0.11114340913320216}}