{"mean":{"confidence_interval":{"confidence_level":0.95,"lower_bound":171.82422513399817,"upper_bound":177.9252004880547},"point_estimate":174.6714260302885,"standard_error":1.55140891651777},"median":{"confidence_interval":{"confidence_level":0.95,"lower_bound":170.77184275826042,"upper_bound":174.42836359664656},"point_estimate":172.47956244160696,"standard_error":0.9055451922876506},"median_abs_dev":{"confidence_interval":{"confidence_level":0.95,"lower_bound":7.064573097628662,"upper_bound":12.693062410903465},"point_estimate":9.556038981409145,"standard_error":1.4647997123802394},"slope":{"confidence_interval":{"confidence_level":0.95,"lower_bound":172.09179970061592,"upper_bound":180.9311290708282},"point_estimate":176.08113556859945,"standard_error":2.271072651367752},"std_dev":{"confidence_interval":{"confidence_level":0.95,"lower_bound":10.10211608958584,"upper_bound":20.696813622834327},"point_estimate":15.564476770854382,"standard_error":2.758016143607216}}