{"mean":{"confidence_interval":{"confidence_level":0.95,"lower_bound":68.46532028293672,"upper_bound":68.71685926845065},"point_estimate":68.56575833867164,"standard_error":0.06632466352562827},"median":{"confidence_interval":{"confidence_level":0.95,"lower_bound":68.53453368371314,"upper_bound":68.57876744505396},"point_estimate":68.57032934344709,"standard_error":0.01200667320792419},"median_abs_dev":{"confidence_interval":{"confidence_level":0.95,"lower_bound":0.07202855664461635,"upper_bound":0.13574731844666246},"point_estimate":0.10338548201696632,"standard_error":0.01584222150294561},"slope":{"confidence_interval":{"confidence_level":0.95,"lower_bound":68.57100184096772,"upper_bound":68.62466377285864},"point_estimate":68.594429787104,"standard_error":0.013834456856743418},"std_dev":{"confidence_interval":{"confidence_level":0.95,"lower_bound":0.1976218503958994,"upper_bound":1.1000671027156181},"point_estimate":0.6675481949013549,"standard_error":0.29263487861093795}}