{"mean":{"confidence_interval":{"confidence_level":0.95,"lower_bound":68.1702738553839,"upper_bound":68.52950061886932},"point_estimate":68.32946537577526,"standard_error":0.09245330388372604},"median":{"confidence_interval":{"confidence_level":0.95,"lower_bound":68.14636977164622,"upper_bound":68.20726011916575},"point_estimate":68.17860064444788,"standard_error":0.01553288785507978},"median_abs_dev":{"confidence_interval":{"confidence_level":0.95,"lower_bound":0.09324404243412553,"upper_bound":0.19784146978561465},"point_estimate":0.1274131472110749,"standard_error":0.026811013354839167},"slope":{"confidence_interval":{"confidence_level":0.95,"lower_bound":68.2242769852024,"upper_bound":68.63352121108721},"point_estimate":68.39171956815863,"standard_error":0.1076901762054048},"std_dev":{"confidence_interval":{"confidence_level":0.95,"lower_bound":0.37093020572942165,"upper_bound":1.3190861241029659},"point_estimate":0.9272598442229999,"standard_error":0.23598026306152262}}