{"mean":{"confidence_interval":{"confidence_level":0.95,"lower_bound":68.00009496847665,"upper_bound":68.27191447984951},"point_estimate":68.11538611305149,"standard_error":0.07045987428491926},"median":{"confidence_interval":{"confidence_level":0.95,"lower_bound":67.98500365764448,"upper_bound":68.0325936763391},"point_estimate":68.0136457311165,"standard_error":0.011203141626191052},"median_abs_dev":{"confidence_interval":{"confidence_level":0.95,"lower_bound":0.08403838198481332,"upper_bound":0.1795529761299717},"point_estimate":0.14259349655994713,"standard_error":0.026135996552893847},"slope":{"confidence_interval":{"confidence_level":0.95,"lower_bound":67.99686830787488,"upper_bound":68.06913866653889},"point_estimate":68.03130724873031,"standard_error":0.018409117116915452},"std_dev":{"confidence_interval":{"confidence_level":0.95,"lower_bound":0.22880548874101864,"upper_bound":1.1075805138221297},"point_estimate":0.7066400202598235,"standard_error":0.2411614627602095}}