{"mean":{"confidence_interval":{"confidence_level":0.95,"lower_bound":70.92032232323197,"upper_bound":71.12351874908482},"point_estimate":71.02031629236946,"standard_error":0.05187594151925118},"median":{"confidence_interval":{"confidence_level":0.95,"lower_bound":70.64344353475127,"upper_bound":71.32453366875534},"point_estimate":71.28933245083206,"standard_error":0.1920816540580558},"median_abs_dev":{"confidence_interval":{"confidence_level":0.95,"lower_bound":0.13611771920770463,"upper_bound":0.8910238017036373},"point_estimate":0.2901499977792853,"standard_error":0.23969910184095242},"slope":{"confidence_interval":{"confidence_level":0.95,"lower_bound":71.21485184589521,"upper_bound":71.30670394052233},"point_estimate":71.26665721697827,"standard_error":0.023584360885822775},"std_dev":{"confidence_interval":{"confidence_level":0.95,"lower_bound":0.43222546764513464,"upper_bound":0.6365200141018686},"point_estimate":0.5224782186155225,"standard_error":0.05509021708006219}}