{"mean":{"confidence_interval":{"confidence_level":0.95,"lower_bound":67.54753253979517,"upper_bound":67.84743905253853},"point_estimate":67.67781609873656,"standard_error":0.07728485883608457},"median":{"confidence_interval":{"confidence_level":0.95,"lower_bound":67.46194053036534,"upper_bound":67.54260603270461},"point_estimate":67.49194853276978,"standard_error":0.02208519469157702},"median_abs_dev":{"confidence_interval":{"confidence_level":0.95,"lower_bound":0.11893399541977873,"upper_bound":0.3479775618076669},"point_estimate":0.1846623987519245,"standard_error":0.06160131592345808},"slope":{"confidence_interval":{"confidence_level":0.95,"lower_bound":67.80770539294733,"upper_bound":68.02587717609791},"point_estimate":67.9250358272986,"standard_error":0.055534439611853226},"std_dev":{"confidence_interval":{"confidence_level":0.95,"lower_bound":0.3915468264371562,"upper_bound":1.1969744815289842},"point_estimate":0.7782186744256483,"standard_error":0.2551405015465382}}