{"mean":{"confidence_interval":{"confidence_level":0.95,"lower_bound":67.42629467961929,"upper_bound":67.57486879108467},"point_estimate":67.49407960768686,"standard_error":0.03780093480630272},"median":{"confidence_interval":{"confidence_level":0.95,"lower_bound":67.45555106264864,"upper_bound":67.51497275699238},"point_estimate":67.4874653786778,"standard_error":0.014200160869378725},"median_abs_dev":{"confidence_interval":{"confidence_level":0.95,"lower_bound":0.13165450766530915,"upper_bound":0.22165202080780838},"point_estimate":0.1725905445840713,"standard_error":0.023543534286343263},"slope":{"confidence_interval":{"confidence_level":0.95,"lower_bound":67.4962935295818,"upper_bound":67.55529782119265},"point_estimate":67.525803926246,"standard_error":0.015108530349286574},"std_dev":{"confidence_interval":{"confidence_level":0.95,"lower_bound":0.20761277536271883,"upper_bound":0.5659030785608533},"point_estimate":0.38013142567997227,"standard_error":0.10368956302530136}}