{"mean":{"confidence_interval":{"confidence_level":0.95,"lower_bound":167.68258806229235,"upper_bound":170.92690308355802},"point_estimate":169.2386107792567,"standard_error":0.8271099607691488},"median":{"confidence_interval":{"confidence_level":0.95,"lower_bound":166.33615552676645,"upper_bound":168.9437766351677},"point_estimate":167.4545155401835,"standard_error":0.7432339107012684},"median_abs_dev":{"confidence_interval":{"confidence_level":0.95,"lower_bound":4.668119003349295,"upper_bound":8.34316752796225},"point_estimate":6.267176394716636,"standard_error":0.9725729346428587},"slope":{"confidence_interval":{"confidence_level":0.95,"lower_bound":166.95458413664224,"upper_bound":169.9917457944931},"point_estimate":168.3555183141579,"standard_error":0.7740775784581485},"std_dev":{"confidence_interval":{"confidence_level":0.95,"lower_bound":6.302744528227246,"upper_bound":10.544553409289659},"point_estimate":8.269731636810077,"standard_error":1.1444664309712418}}