{"mean":{"confidence_interval":{"confidence_level":0.95,"lower_bound":69.68880588324718,"upper_bound":69.99715930815836},"point_estimate":69.81755641667083,"standard_error":0.08005195815149427},"median":{"confidence_interval":{"confidence_level":0.95,"lower_bound":69.66434158783906,"upper_bound":69.7314807607483},"point_estimate":69.69524868867296,"standard_error":0.018938744220738362},"median_abs_dev":{"confidence_interval":{"confidence_level":0.95,"lower_bound":0.11953130900203812,"upper_bound":0.19049660351230155},"point_estimate":0.15368151771304683,"standard_error":0.01871062227450946},"slope":{"confidence_interval":{"confidence_level":0.95,"lower_bound":69.6731473258274,"upper_bound":69.72863313597517},"point_estimate":69.70089420363485,"standard_error":0.01416714404673577},"std_dev":{"confidence_interval":{"confidence_level":0.95,"lower_bound":0.22844584962663625,"upper_bound":1.2660110151582822},"point_estimate":0.8006182961320448,"standard_error":0.2799562991063747}}