{"mean":{"confidence_interval":{"confidence_level":0.95,"lower_bound":180.46362095263441,"upper_bound":188.23209954097837},"point_estimate":183.72744741574164,"standard_error":2.018098345799472},"median":{"confidence_interval":{"confidence_level":0.95,"lower_bound":179.20294812497383,"upper_bound":181.05314654190613},"point_estimate":180.22125232079372,"standard_error":0.5356745489086844},"median_abs_dev":{"confidence_interval":{"confidence_level":0.95,"lower_bound":3.431541599045814,"upper_bound":5.441507756363513},"point_estimate":4.3352817131633214,"standard_error":0.5170624370852902},"slope":{"confidence_interval":{"confidence_level":0.95,"lower_bound":178.67030109291213,"upper_bound":182.23146698206236},"point_estimate":180.1700125015621,"standard_error":0.9158050955501642},"std_dev":{"confidence_interval":{"confidence_level":0.95,"lower_bound":4.914088447110699,"upper_bound":30.905584278162888},"point_estimate":20.237720818387285,"standard_error":7.064976463340479}}