{"mean":{"confidence_interval":{"confidence_level":0.95,"lower_bound":179.59547179744322,"upper_bound":184.3079552398076},"point_estimate":181.90039789165112,"standard_error":1.2047987044928552},"median":{"confidence_interval":{"confidence_level":0.95,"lower_bound":178.40597837916275,"upper_bound":182.8268156424581},"point_estimate":181.12968292314662,"standard_error":1.1818634705587099},"median_abs_dev":{"confidence_interval":{"confidence_level":0.95,"lower_bound":7.59851499133043,"upper_bound":12.600113570896529},"point_estimate":10.224742195946975,"standard_error":1.2298877216802093},"slope":{"confidence_interval":{"confidence_level":0.95,"lower_bound":179.7825900544394,"upper_bound":184.8290138250914},"point_estimate":182.18602161161667,"standard_error":1.287759435462513},"std_dev":{"confidence_interval":{"confidence_level":0.95,"lower_bound":9.691523246105628,"upper_bound":14.400010543525646},"point_estimate":12.111200798856022,"standard_error":1.2069016846126301}}