{"mean":{"confidence_interval":{"confidence_level":0.95,"lower_bound":116.99264297124846,"upper_bound":118.17103509316173},"point_estimate":117.58027688544304,"standard_error":0.30013978611693315},"median":{"confidence_interval":{"confidence_level":0.95,"lower_bound":116.93462157993321,"upper_bound":118.231577761928},"point_estimate":117.73572112316529,"standard_error":0.31036847220312963},"median_abs_dev":{"confidence_interval":{"confidence_level":0.95,"lower_bound":1.7830079992153836,"upper_bound":3.770115003178673},"point_estimate":2.4545808289762006,"standard_error":0.5031784748391983},"slope":{"confidence_interval":{"confidence_level":0.95,"lower_bound":117.7306236399021,"upper_bound":118.64191777324423},"point_estimate":118.18113012122251,"standard_error":0.23205043405912906},"std_dev":{"confidence_interval":{"confidence_level":0.95,"lower_bound":2.6471639271701752,"upper_bound":3.3416177540114402},"point_estimate":3.020646615351779,"standard_error":0.17742936639675597}}