{"mean":{"confidence_interval":{"confidence_level":0.95,"lower_bound":191.76591949853534,"upper_bound":191.94685967509656},"point_estimate":191.84946425610087,"standard_error":0.04646141114770868},"median":{"confidence_interval":{"confidence_level":0.95,"lower_bound":191.72566813509545,"upper_bound":191.77177228058287},"point_estimate":191.74886164756083,"standard_error":0.01104143523670015},"median_abs_dev":{"confidence_interval":{"confidence_level":0.95,"lower_bound":0.07660927064399353,"upper_bound":0.1887922762138691},"point_estimate":0.12359252990503089,"standard_error":0.03229373101931768},"slope":{"confidence_interval":{"confidence_level":0.95,"lower_bound":191.73868394911335,"upper_bound":191.79410627847457},"point_estimate":191.7648527513347,"standard_error":0.014148892333676283},"std_dev":{"confidence_interval":{"confidence_level":0.95,"lower_bound":0.2864271196409089,"upper_bound":0.6092494628748024},"point_estimate":0.4657735381944967,"standard_error":0.08292329838636699}}