{"mean":{"confidence_interval":{"confidence_level":0.95,"lower_bound":232.83497058395596,"upper_bound":233.06956459961054},"point_estimate":232.9471136356815,"standard_error":0.05980420731104875},"median":{"confidence_interval":{"confidence_level":0.95,"lower_bound":232.64370143487858,"upper_bound":233.16584524224467},"point_estimate":232.91560305037126,"standard_error":0.1741791955853255},"median_abs_dev":{"confidence_interval":{"confidence_level":0.95,"lower_bound":0.45525310450043693,"upper_bound":0.7058602538742627},"point_estimate":0.6625284951613074,"standard_error":0.06204887814599759},"slope":{"confidence_interval":{"confidence_level":0.95,"lower_bound":233.09373647704925,"upper_bound":233.25841871784777},"point_estimate":233.18237997606224,"standard_error":0.04184000029271598},"std_dev":{"confidence_interval":{"confidence_level":0.95,"lower_bound":0.4515666831184252,"upper_bound":0.7879303234604386},"point_estimate":0.6004513885545375,"standard_error":0.09764309684591309}}