{"mean":{"confidence_interval":{"confidence_level":0.95,"lower_bound":91.42613663585809,"upper_bound":91.85042100917278},"point_estimate":91.64420850260649,"standard_error":0.10836879986019715},"median":{"confidence_interval":{"confidence_level":0.95,"lower_bound":91.85311424209854,"upper_bound":91.9644808342976},"point_estimate":91.91442778594268,"standard_error":0.030840781465535583},"median_abs_dev":{"confidence_interval":{"confidence_level":0.95,"lower_bound":0.21243794333953311,"upper_bound":0.6225563709404617},"point_estimate":0.3856252691778607,"standard_error":0.1024280967446464},"slope":{"confidence_interval":{"confidence_level":0.95,"lower_bound":91.76138532482835,"upper_bound":91.97096956051766},"point_estimate":91.87203880808745,"standard_error":0.05346974513767886},"std_dev":{"confidence_interval":{"confidence_level":0.95,"lower_bound":0.8575326250582133,"upper_bound":1.2874196481989373},"point_estimate":1.090971739355478,"standard_error":0.10942838974395279}}