{"mean":{"confidence_interval":{"confidence_level":0.95,"lower_bound":68.83752343686147,"upper_bound":68.97841683425129},"point_estimate":68.90419858360713,"standard_error":0.03567512378807199},"median":{"confidence_interval":{"confidence_level":0.95,"lower_bound":68.90085368335369,"upper_bound":68.96050974864929},"point_estimate":68.92843364197532,"standard_error":0.01716446053013885},"median_abs_dev":{"confidence_interval":{"confidence_level":0.95,"lower_bound":0.08260134041886913,"upper_bound":0.14704593761113008},"point_estimate":0.11278103800747556,"standard_error":0.0167435526728653},"slope":{"confidence_interval":{"confidence_level":0.95,"lower_bound":68.94113763613962,"upper_bound":68.98728882224664},"point_estimate":68.96412814913332,"standard_error":0.011769513300413884},"std_dev":{"confidence_interval":{"confidence_level":0.95,"lower_bound":0.17614787796354656,"upper_bound":0.5308958983037978},"point_estimate":0.3580470869257108,"standard_error":0.09505591155419019}}