{"mean":{"confidence_interval":{"confidence_level":0.95,"lower_bound":136.13223992134965,"upper_bound":137.1807834607028},"point_estimate":136.64587421269664,"standard_error":0.26665017705005817},"median":{"confidence_interval":{"confidence_level":0.95,"lower_bound":135.84678538950075,"upper_bound":136.61833463643472},"point_estimate":136.1855017506884,"standard_error":0.2031635273877443},"median_abs_dev":{"confidence_interval":{"confidence_level":0.95,"lower_bound":1.6962040036527986,"upper_bound":2.9185599374989484},"point_estimate":2.370377579103877,"standard_error":0.3188414428114038},"slope":{"confidence_interval":{"confidence_level":0.95,"lower_bound":135.9920643702671,"upper_bound":136.84646176024438},"point_estimate":136.39618734295914,"standard_error":0.21886431529608602},"std_dev":{"confidence_interval":{"confidence_level":0.95,"lower_bound":2.2670992779002814,"upper_bound":3.0261103816745916},"point_estimate":2.6754204738460863,"standard_error":0.19363397035690433}}