{"mean":{"confidence_interval":{"confidence_level":0.95,"lower_bound":119.9013055205547,"upper_bound":120.02359058847715},"point_estimate":119.95791255753629,"standard_error":0.031357687466809094},"median":{"confidence_interval":{"confidence_level":0.95,"lower_bound":119.83752321683392,"upper_bound":119.90052223719677},"point_estimate":119.85339245236426,"standard_error":0.01755186088170932},"median_abs_dev":{"confidence_interval":{"confidence_level":0.95,"lower_bound":0.09149824611771339,"upper_bound":0.1630449340569589},"point_estimate":0.12440914021792233,"standard_error":0.01863337399147158},"slope":{"confidence_interval":{"confidence_level":0.95,"lower_bound":119.87252867681276,"upper_bound":120.01080059013674},"point_estimate":119.93437906010499,"standard_error":0.035427576259069275},"std_dev":{"confidence_interval":{"confidence_level":0.95,"lower_bound":0.20089573909748068,"upper_bound":0.42314452385167856},"point_estimate":0.3159987604765815,"standard_error":0.05743217474900809}}