{"mean":{"confidence_interval":{"confidence_level":0.95,"lower_bound":145.69521748010507,"upper_bound":145.84630086795642},"point_estimate":145.76852740313447,"standard_error":0.03858979731167721},"median":{"confidence_interval":{"confidence_level":0.95,"lower_bound":145.63364635829882,"upper_bound":145.78726255407184},"point_estimate":145.74581582503345,"standard_error":0.042329548334796074},"median_abs_dev":{"confidence_interval":{"confidence_level":0.95,"lower_bound":0.22205225096423856,"upper_bound":0.3721842275551992},"point_estimate":0.3043342541134752,"standard_error":0.03940836462813142},"slope":{"confidence_interval":{"confidence_level":0.95,"lower_bound":145.69718893230785,"upper_bound":145.82680381865723},"point_estimate":145.76031830245756,"standard_error":0.03306974187700958},"std_dev":{"confidence_interval":{"confidence_level":0.95,"lower_bound":0.2890934245444263,"upper_bound":0.48290182213803134},"point_estimate":0.3879356185365078,"standard_error":0.04976674362144578}}