{"mean":{"confidence_interval":{"confidence_level":0.95,"lower_bound":157.97090195946532,"upper_bound":161.4267723967627},"point_estimate":159.65355962070598,"standard_error":0.8809420095727363},"median":{"confidence_interval":{"confidence_level":0.95,"lower_bound":157.9856418918919,"upper_bound":161.52630049404243},"point_estimate":160.4969104986153,"standard_error":0.888349128916514},"median_abs_dev":{"confidence_interval":{"confidence_level":0.95,"lower_bound":5.22227091101275,"upper_bound":9.071572281803585},"point_estimate":6.880374451645451,"standard_error":0.9564345057533855},"slope":{"confidence_interval":{"confidence_level":0.95,"lower_bound":157.6295164567507,"upper_bound":162.0584204056649},"point_estimate":159.70542160793914,"standard_error":1.1339448757808404},"std_dev":{"confidence_interval":{"confidence_level":0.95,"lower_bound":6.783130656346155,"upper_bound":10.959040301677938},"point_estimate":8.880596160624442,"standard_error":1.0735879380010382}}