{"mean":{"confidence_interval":{"confidence_level":0.95,"lower_bound":110.85764749683356,"upper_bound":111.0283836544162},"point_estimate":110.93865372843158,"standard_error":0.04362101076054479},"median":{"confidence_interval":{"confidence_level":0.95,"lower_bound":110.83379550943734,"upper_bound":111.05004006167478},"point_estimate":111.00142262355953,"standard_error":0.061587481907879355},"median_abs_dev":{"confidence_interval":{"confidence_level":0.95,"lower_bound":0.30139934484296127,"upper_bound":0.4868791322207188},"point_estimate":0.38611183873890587,"standard_error":0.04683976539744952},"slope":{"confidence_interval":{"confidence_level":0.95,"lower_bound":110.92464782393597,"upper_bound":111.06820284276316},"point_estimate":110.99916708206489,"standard_error":0.03674443341810413},"std_dev":{"confidence_interval":{"confidence_level":0.95,"lower_bound":0.3189135912254722,"upper_bound":0.5844289815880976},"point_estimate":0.43908731050926786,"standard_error":0.07457115898018105}}