{"mean":{"confidence_interval":{"confidence_level":0.95,"lower_bound":107.54345777414271,"upper_bound":107.81605650631256},"point_estimate":107.66691341401219,"standard_error":0.07005948858555176},"median":{"confidence_interval":{"confidence_level":0.95,"lower_bound":107.45320910973085,"upper_bound":107.58515819928863},"point_estimate":107.51266381987577,"standard_error":0.03349537780472441},"median_abs_dev":{"confidence_interval":{"confidence_level":0.95,"lower_bound":0.23121434000512028,"upper_bound":0.46135856476262865},"point_estimate":0.37684528488718605,"standard_error":0.061810521758793244},"slope":{"confidence_interval":{"confidence_level":0.95,"lower_bound":107.30254139662586,"upper_bound":107.44876398746895},"point_estimate":107.36998097453206,"standard_error":0.03719344370766564},"std_dev":{"confidence_interval":{"confidence_level":0.95,"lower_bound":0.38377630693897075,"upper_bound":1.0206548150573131},"point_estimate":0.7066236772471836,"standard_error":0.17125270315311375}}