{"mean":{"confidence_interval":{"confidence_level":0.95,"lower_bound":29.655429127415204,"upper_bound":30.514226538652622},"point_estimate":30.01433782322653,"standard_error":0.22426966759132944},"median":{"confidence_interval":{"confidence_level":0.95,"lower_bound":29.511272598369374,"upper_bound":29.707757296466973},"point_estimate":29.670486822625463,"standard_error":0.04667553811926562},"median_abs_dev":{"confidence_interval":{"confidence_level":0.95,"lower_bound":0.3311572119921881,"upper_bound":0.5154378705524058},"point_estimate":0.4534652412162429,"standard_error":0.045824962961739615},"slope":{"confidence_interval":{"confidence_level":0.95,"lower_bound":29.6225646593437,"upper_bound":29.85528874916314},"point_estimate":29.727423774497954,"standard_error":0.05985641503170665},"std_dev":{"confidence_interval":{"confidence_level":0.95,"lower_bound":0.47299878933150713,"upper_bound":3.551560797036411},"point_estimate":2.2653341964320166,"standard_error":0.8282169439213407}}