{"mean":{"confidence_interval":{"confidence_level":0.95,"lower_bound":29.783540949716592,"upper_bound":31.43507687416992},"point_estimate":30.495504693144998,"standard_error":0.4256736047190348},"median":{"confidence_interval":{"confidence_level":0.95,"lower_bound":29.42080553496417,"upper_bound":29.56161470245977},"point_estimate":29.458463745435576,"standard_error":0.03861379975447825},"median_abs_dev":{"confidence_interval":{"confidence_level":0.95,"lower_bound":0.13368658328405322,"upper_bound":0.34013644250625363},"point_estimate":0.19867961527743946,"standard_error":0.055308702598897586},"slope":{"confidence_interval":{"confidence_level":0.95,"lower_bound":29.599012939052685,"upper_bound":29.743166766141503},"point_estimate":29.670578789222205,"standard_error":0.03670513957700441},"std_dev":{"confidence_interval":{"confidence_level":0.95,"lower_bound":1.4096754370016276,"upper_bound":6.473767593116586},"point_estimate":4.292348057863873,"standard_error":1.2982948962245524}}