{"mean":{"confidence_interval":{"confidence_level":0.95,"lower_bound":32.65427485262722,"upper_bound":35.16215514777415},"point_estimate":33.765435525268195,"standard_error":0.6469682010690804},"median":{"confidence_interval":{"confidence_level":0.95,"lower_bound":31.962721997538246,"upper_bound":32.30192891633392},"point_estimate":32.01255065956771,"standard_error":0.08388610354774127},"median_abs_dev":{"confidence_interval":{"confidence_level":0.95,"lower_bound":0.12569052289676858,"upper_bound":0.5686473437049315},"point_estimate":0.20184621734674474,"standard_error":0.11103396557827383},"slope":{"confidence_interval":{"confidence_level":0.95,"lower_bound":32.18381021507648,"upper_bound":32.54533330272933},"point_estimate":32.33891886610642,"standard_error":0.09305646898803478},"std_dev":{"confidence_interval":{"confidence_level":0.95,"lower_bound":2.983853778620576,"upper_bound":9.321454633679602},"point_estimate":6.526646224512998,"standard_error":1.6657014333315325}}