{"mean":{"confidence_interval":{"confidence_level":0.95,"lower_bound":42.11978941663375,"upper_bound":45.316822531663554},"point_estimate":43.56827834695969,"standard_error":0.8228569462787843},"median":{"confidence_interval":{"confidence_level":0.95,"lower_bound":40.99391631533614,"upper_bound":41.191287878787875},"point_estimate":41.03359126725001,"standard_error":0.05048808629480902},"median_abs_dev":{"confidence_interval":{"confidence_level":0.95,"lower_bound":0.1739457274263913,"upper_bound":0.4741629426416591},"point_estimate":0.23601818373460623,"standard_error":0.07820373482306574},"slope":{"confidence_interval":{"confidence_level":0.95,"lower_bound":41.453395493366706,"upper_bound":44.01670200024189},"point_estimate":42.619019700870325,"standard_error":0.6625996776265285},"std_dev":{"confidence_interval":{"confidence_level":0.95,"lower_bound":4.384488503048087,"upper_bound":11.261115775298217},"point_estimate":8.266255761168573,"standard_error":1.7817190956974418}}