{"mean":{"confidence_interval":{"confidence_level":0.95,"lower_bound":42.56042042121725,"upper_bound":45.62801262659492},"point_estimate":43.95219151492519,"standard_error":0.7855194673252279},"median":{"confidence_interval":{"confidence_level":0.95,"lower_bound":41.3168044077135,"upper_bound":41.64772727272727},"point_estimate":41.4227082654502,"standard_error":0.07519618041827757},"median_abs_dev":{"confidence_interval":{"confidence_level":0.95,"lower_bound":0.4545142343550062,"upper_bound":0.907581101798116},"point_estimate":0.6005973609459674,"standard_error":0.10849079266710016},"slope":{"confidence_interval":{"confidence_level":0.95,"lower_bound":41.432492037150155,"upper_bound":42.16816162850646},"point_estimate":41.76155540927227,"standard_error":0.18857371007031296},"std_dev":{"confidence_interval":{"confidence_level":0.95,"lower_bound":4.314366312083515,"upper_bound":10.509276900525972},"point_estimate":7.876829610721523,"standard_error":1.563845395895624}}