{"mean":{"confidence_interval":{"confidence_level":0.95,"lower_bound":42.11956392172111,"upper_bound":45.69237388482987},"point_estimate":43.7366091609471,"standard_error":0.9152599349485685},"median":{"confidence_interval":{"confidence_level":0.95,"lower_bound":40.11696806464025,"upper_bound":40.799211558684135},"point_estimate":40.21527435358438,"standard_error":0.1738666039053423},"median_abs_dev":{"confidence_interval":{"confidence_level":0.95,"lower_bound":0.17813403359718757,"upper_bound":1.1425563846612823},"point_estimate":0.3255016482812825,"standard_error":0.24632568506550043},"slope":{"confidence_interval":{"confidence_level":0.95,"lower_bound":40.45114178730518,"upper_bound":40.96158255739215},"point_estimate":40.67687771603735,"standard_error":0.1305507036528624},"std_dev":{"confidence_interval":{"confidence_level":0.95,"lower_bound":4.914959990222869,"upper_bound":12.539945158908923},"point_estimate":9.169564650605203,"standard_error":1.9443046286572074}}