{"mean":{"confidence_interval":{"confidence_level":0.95,"lower_bound":1.892880538201532,"upper_bound":1.904209717221065},"point_estimate":1.8983028947903637,"standard_error":0.002896945783416869},"median":{"confidence_interval":{"confidence_level":0.95,"lower_bound":1.8848891103990641,"upper_bound":1.8919036197051844},"point_estimate":1.8892728501676839,"standard_error":0.0020113774592141775},"median_abs_dev":{"confidence_interval":{"confidence_level":0.95,"lower_bound":0.010383122354462839,"upper_bound":0.02011553503159262},"point_estimate":0.016138410856804574,"standard_error":0.002549362951912597},"slope":{"confidence_interval":{"confidence_level":0.95,"lower_bound":1.8831900987297385,"upper_bound":1.8884559879574658},"point_estimate":1.8855126305617873,"standard_error":0.0013463860866071947},"std_dev":{"confidence_interval":{"confidence_level":0.95,"lower_bound":0.022147628117916877,"upper_bound":0.03532732257530749},"point_estimate":0.029134949932361234,"standard_error":0.0033779606628218015}}