{"mean":{"confidence_interval":{"confidence_level":0.95,"lower_bound":1.888443340578417,"upper_bound":1.9002900589816214},"point_estimate":1.8939315666785772,"standard_error":0.00303512296293412},"median":{"confidence_interval":{"confidence_level":0.95,"lower_bound":1.8812397126697313,"upper_bound":1.887643932074246},"point_estimate":1.883731585988778,"standard_error":0.0014292416029416271},"median_abs_dev":{"confidence_interval":{"confidence_level":0.95,"lower_bound":0.008889379097551709,"upper_bound":0.016709460362324874},"point_estimate":0.012179531702262592,"standard_error":0.001983751410432986},"slope":{"confidence_interval":{"confidence_level":0.95,"lower_bound":1.8785330985240443,"upper_bound":1.8823424794521435},"point_estimate":1.8802441274598551,"standard_error":0.0009732978398780623},"std_dev":{"confidence_interval":{"confidence_level":0.95,"lower_bound":0.019300283567905502,"upper_bound":0.041227422272536784},"point_estimate":0.030415681786756153,"standard_error":0.005729013698808878}}