{"mean":{"confidence_interval":{"confidence_level":0.95,"lower_bound":1.87475618974384,"upper_bound":1.8839175359524643},"point_estimate":1.8790892449550043,"standard_error":0.002341881466055453},"median":{"confidence_interval":{"confidence_level":0.95,"lower_bound":1.8677919463464139,"upper_bound":1.8749079403754756},"point_estimate":1.871062826126153,"standard_error":0.002042994650228702},"median_abs_dev":{"confidence_interval":{"confidence_level":0.95,"lower_bound":0.007888628983872527,"upper_bound":0.015687195218743594},"point_estimate":0.010866868144125161,"standard_error":0.002103577221188638},"slope":{"confidence_interval":{"confidence_level":0.95,"lower_bound":1.8665879127867826,"upper_bound":1.8716887343144353},"point_estimate":1.8688682789154132,"standard_error":0.00131000462587404},"std_dev":{"confidence_interval":{"confidence_level":0.95,"lower_bound":0.016770255116965442,"upper_bound":0.029164911841804347},"point_estimate":0.02343206063028021,"standard_error":0.0031795449623453673}}