{"mean":{"confidence_interval":{"confidence_level":0.95,"lower_bound":1.8903518759739384,"upper_bound":1.9082954772857323},"point_estimate":1.8980835334670596,"standard_error":0.004633488811755135},"median":{"confidence_interval":{"confidence_level":0.95,"lower_bound":1.8823879321648864,"upper_bound":1.8864168447417167},"point_estimate":1.8849387256192884,"standard_error":0.001110687941761419},"median_abs_dev":{"confidence_interval":{"confidence_level":0.95,"lower_bound":0.008198380988755508,"upper_bound":0.015051043132437126},"point_estimate":0.01201882052699416,"standard_error":0.0018261860982975776},"slope":{"confidence_interval":{"confidence_level":0.95,"lower_bound":1.8798787977921048,"upper_bound":1.8828936143782582},"point_estimate":1.881307038866656,"standard_error":0.0007656833401723693},"std_dev":{"confidence_interval":{"confidence_level":0.95,"lower_bound":0.021149991529583193,"upper_bound":0.07137701413642922},"point_estimate":0.04650384973317246,"standard_error":0.01507710258140242}}