{"mean":{"confidence_interval":{"confidence_level":0.95,"lower_bound":2.693608670265381,"upper_bound":2.7668778917271233},"point_estimate":2.722368446758019,"standard_error":0.019379896457583687},"median":{"confidence_interval":{"confidence_level":0.95,"lower_bound":2.6818368674803263,"upper_bound":2.6859416696283116},"point_estimate":2.683480249594955,"standard_error":0.0011347251351361892},"median_abs_dev":{"confidence_interval":{"confidence_level":0.95,"lower_bound":0.004558655068048978,"upper_bound":0.010187351559165376},"point_estimate":0.006699392296760925,"standard_error":0.001464448838346364},"slope":{"confidence_interval":{"confidence_level":0.95,"lower_bound":2.6886268108401716,"upper_bound":2.7705328701932954},"point_estimate":2.724798144686017,"standard_error":0.02083879321372538},"std_dev":{"confidence_interval":{"confidence_level":0.95,"lower_bound":0.048138453817502584,"upper_bound":0.3198489024100902},"point_estimate":0.19517112108469886,"standard_error":0.08466797561058537}}