{"mean":{"confidence_interval":{"confidence_level":0.95,"lower_bound":2.6917064363404966,"upper_bound":2.7127181797952313},"point_estimate":2.7005857247501024,"standard_error":0.00543983698169271},"median":{"confidence_interval":{"confidence_level":0.95,"lower_bound":2.6853163611641886,"upper_bound":2.690717046677757},"point_estimate":2.6877015652442062,"standard_error":0.0011077373090723434},"median_abs_dev":{"confidence_interval":{"confidence_level":0.95,"lower_bound":0.005083849178944351,"upper_bound":0.011245721739872839},"point_estimate":0.008125057045783191,"standard_error":0.0013559538815780875},"slope":{"confidence_interval":{"confidence_level":0.95,"lower_bound":2.6889750951210556,"upper_bound":2.7315157510598205},"point_estimate":2.7040987316442875,"standard_error":0.011955868124201876},"std_dev":{"confidence_interval":{"confidence_level":0.95,"lower_bound":0.015397745761330158,"upper_bound":0.08477057436128915},"point_estimate":0.05459277051047238,"standard_error":0.0183308873517245}}