{"mean":{"confidence_interval":{"confidence_level":0.95,"lower_bound":1.8900731738966676,"upper_bound":1.900565797840596},"point_estimate":1.8949715791524417,"standard_error":0.0026799914428220807},"median":{"confidence_interval":{"confidence_level":0.95,"lower_bound":1.883482518808524,"upper_bound":1.888615816952615},"point_estimate":1.8861606505775528,"standard_error":0.0013635088933121617},"median_abs_dev":{"confidence_interval":{"confidence_level":0.95,"lower_bound":0.007560581580696018,"upper_bound":0.014234003329682304},"point_estimate":0.010833102335994575,"standard_error":0.0016336639321162453},"slope":{"confidence_interval":{"confidence_level":0.95,"lower_bound":1.881307156322824,"upper_bound":1.8851769690665996},"point_estimate":1.8830860972272434,"standard_error":0.0009852909211018723},"std_dev":{"confidence_interval":{"confidence_level":0.95,"lower_bound":0.018079591654709463,"upper_bound":0.034350829636458774},"point_estimate":0.02688621239065773,"standard_error":0.004143908990411765}}