{"mean":{"confidence_interval":{"confidence_level":0.95,"lower_bound":1.8742404291756538,"upper_bound":1.8867666991842347},"point_estimate":1.8796639225031162,"standard_error":0.003235947941987017},"median":{"confidence_interval":{"confidence_level":0.95,"lower_bound":1.8674128748356846,"upper_bound":1.874659400544959},"point_estimate":1.8698583599153973,"standard_error":0.0018180186909770096},"median_abs_dev":{"confidence_interval":{"confidence_level":0.95,"lower_bound":0.006699098797550599,"upper_bound":0.013165202739315896},"point_estimate":0.008982590380570248,"standard_error":0.0015559914254892023},"slope":{"confidence_interval":{"confidence_level":0.95,"lower_bound":1.8663824140857443,"upper_bound":1.8690762631662814},"point_estimate":1.8676532204735996,"standard_error":0.000686888572002483},"std_dev":{"confidence_interval":{"confidence_level":0.95,"lower_bound":0.015872494406460873,"upper_bound":0.049239901203628984},"point_estimate":0.03245873393695095,"standard_error":0.010059769993631429}}