{"mean":{"confidence_interval":{"confidence_level":0.95,"lower_bound":1.8877909669097364,"upper_bound":1.8972728650172852},"point_estimate":1.892312327747431,"standard_error":0.0024148201135278462},"median":{"confidence_interval":{"confidence_level":0.95,"lower_bound":1.8814838546496924,"upper_bound":1.8869655098822589},"point_estimate":1.884095308316728,"standard_error":0.0013379162836165167},"median_abs_dev":{"confidence_interval":{"confidence_level":0.95,"lower_bound":0.008522735119671419,"upper_bound":0.01642202482156984},"point_estimate":0.01153109807191895,"standard_error":0.001967190620703662},"slope":{"confidence_interval":{"confidence_level":0.95,"lower_bound":1.8787865793809424,"upper_bound":1.8826751836717581},"point_estimate":1.8805550891259215,"standard_error":0.0009946305027728926},"std_dev":{"confidence_interval":{"confidence_level":0.95,"lower_bound":0.018574547279760413,"upper_bound":0.028904366596634964},"point_estimate":0.02419718694315738,"standard_error":0.00263995353001091}}