{"mean":{"confidence_interval":{"confidence_level":0.95,"lower_bound":1.8645435915718074,"upper_bound":1.8783828649965484},"point_estimate":1.8705258445858175,"standard_error":0.0035789961298798036},"median":{"confidence_interval":{"confidence_level":0.95,"lower_bound":1.8653532220460192,"upper_bound":1.8686977106644513},"point_estimate":1.866847263884802,"standard_error":0.0008063264337984667},"median_abs_dev":{"confidence_interval":{"confidence_level":0.95,"lower_bound":0.006342431483234553,"upper_bound":0.014506936380371068},"point_estimate":0.008975134231554969,"standard_error":0.0020942962546071143},"slope":{"confidence_interval":{"confidence_level":0.95,"lower_bound":1.8582373497514255,"upper_bound":1.8672049735984622},"point_estimate":1.862727183544676,"standard_error":0.0022814880185726086},"std_dev":{"confidence_interval":{"confidence_level":0.95,"lower_bound":0.013797653611349337,"upper_bound":0.05596801884288874},"point_estimate":0.035893669316975046,"standard_error":0.011619459204032758}}