{"mean":{"confidence_interval":{"confidence_level":0.95,"lower_bound":1.8859246144251052,"upper_bound":1.9010119350582422},"point_estimate":1.892555532492884,"standard_error":0.003880032841630859},"median":{"confidence_interval":{"confidence_level":0.95,"lower_bound":1.8821131382630114,"upper_bound":1.8869015483832074},"point_estimate":1.8849250427332243,"standard_error":0.0011311368956570338},"median_abs_dev":{"confidence_interval":{"confidence_level":0.95,"lower_bound":0.007998450295522241,"upper_bound":0.014600995561777744},"point_estimate":0.011805035238206437,"standard_error":0.0016277577508367013},"slope":{"confidence_interval":{"confidence_level":0.95,"lower_bound":1.881689948841934,"upper_bound":1.886834142083987},"point_estimate":1.8839595937052118,"standard_error":0.0013115157901695458},"std_dev":{"confidence_interval":{"confidence_level":0.95,"lower_bound":0.01787004012229285,"upper_bound":0.05795964299811665},"point_estimate":0.03909309983048834,"standard_error":0.010544159702589952}}