{"mean":{"confidence_interval":{"confidence_level":0.95,"lower_bound":1.8905639920012098,"upper_bound":1.9004280166025787},"point_estimate":1.8952292758919864,"standard_error":0.002527018517015922},"median":{"confidence_interval":{"confidence_level":0.95,"lower_bound":1.8838722295051515,"upper_bound":1.889747564742219},"point_estimate":1.885097325716178,"standard_error":0.0012601655044313658},"median_abs_dev":{"confidence_interval":{"confidence_level":0.95,"lower_bound":0.006955951420519395,"upper_bound":0.015343598541229067},"point_estimate":0.009699547244589648,"standard_error":0.0020642731220610294},"slope":{"confidence_interval":{"confidence_level":0.95,"lower_bound":1.8826810527927738,"upper_bound":1.8869108989576935},"point_estimate":1.8845830226404094,"standard_error":0.0010841915861958351},"std_dev":{"confidence_interval":{"confidence_level":0.95,"lower_bound":0.018819270257990867,"upper_bound":0.03124270600229971},"point_estimate":0.02540316636947245,"standard_error":0.003178477204896068}}