{"mean":{"confidence_interval":{"confidence_level":0.95,"lower_bound":2.6914640360742923,"upper_bound":2.7115050088777934},"point_estimate":2.699920033562398,"standard_error":0.005214024714282469},"median":{"confidence_interval":{"confidence_level":0.95,"lower_bound":2.686417726221434,"upper_bound":2.6901603189993035},"point_estimate":2.688737510668423,"standard_error":0.0010355095096932288},"median_abs_dev":{"confidence_interval":{"confidence_level":0.95,"lower_bound":0.006226591003176401,"upper_bound":0.010581882553951117},"point_estimate":0.009333749723080676,"standard_error":0.001144098805205871},"slope":{"confidence_interval":{"confidence_level":0.95,"lower_bound":2.6891887358796573,"upper_bound":2.7315965154733726},"point_estimate":2.704151434301895,"standard_error":0.011940761625498935},"std_dev":{"confidence_interval":{"confidence_level":0.95,"lower_bound":0.015543235432397856,"upper_bound":0.08153965203496043},"point_estimate":0.05218483851501167,"standard_error":0.017887920398202934}}