{"mean":{"confidence_interval":{"confidence_level":0.95,"lower_bound":2.430387946061078,"upper_bound":2.4402296207534717},"point_estimate":2.4349163246786265,"standard_error":0.0025286081813153715},"median":{"confidence_interval":{"confidence_level":0.95,"lower_bound":2.4239283186862273,"upper_bound":2.4297031868563694},"point_estimate":2.4263482611354306,"standard_error":0.0014212500128186888},"median_abs_dev":{"confidence_interval":{"confidence_level":0.95,"lower_bound":0.0073071572735434265,"upper_bound":0.013923511025294308},"point_estimate":0.0095093461037471,"standard_error":0.001728230406293313},"slope":{"confidence_interval":{"confidence_level":0.95,"lower_bound":2.421820941949726,"upper_bound":2.4255176896423807},"point_estimate":2.4235266607947343,"standard_error":0.0009461393413320121},"std_dev":{"confidence_interval":{"confidence_level":0.95,"lower_bound":0.016227985467771582,"upper_bound":0.03483140122678849},"point_estimate":0.025575659031814014,"standard_error":0.004866175438936862}}