{"mean":{"confidence_interval":{"confidence_level":0.95,"lower_bound":1.8927975974883096,"upper_bound":1.9026823224482148},"point_estimate":1.897526630537101,"standard_error":0.0025327688755235824},"median":{"confidence_interval":{"confidence_level":0.95,"lower_bound":1.8860305664542891,"upper_bound":1.8925637943620495},"point_estimate":1.8884714438960177,"standard_error":0.0016651711336858708},"median_abs_dev":{"confidence_interval":{"confidence_level":0.95,"lower_bound":0.008594208206916004,"upper_bound":0.01723738195704978},"point_estimate":0.013089068044592938,"standard_error":0.002028062390785692},"slope":{"confidence_interval":{"confidence_level":0.95,"lower_bound":1.8840395484835146,"upper_bound":1.8894723949432501},"point_estimate":1.8864561036429823,"standard_error":0.0014000236365299364},"std_dev":{"confidence_interval":{"confidence_level":0.95,"lower_bound":0.01877835438387851,"upper_bound":0.03120649510112885},"point_estimate":0.025500697769485634,"standard_error":0.003184064482407788}}