{"mean":{"confidence_interval":{"confidence_level":0.95,"lower_bound":1.8901547457347465,"upper_bound":1.9034652318243375},"point_estimate":1.8961915822750834,"standard_error":0.0034189554986201387},"median":{"confidence_interval":{"confidence_level":0.95,"lower_bound":1.8872105520273572,"upper_bound":1.8935502699547644},"point_estimate":1.8912588212103292,"standard_error":0.0016227181739628367},"median_abs_dev":{"confidence_interval":{"confidence_level":0.95,"lower_bound":0.011557476225250152,"upper_bound":0.02035390326955812},"point_estimate":0.016825499290915574,"standard_error":0.002293983669807085},"slope":{"confidence_interval":{"confidence_level":0.95,"lower_bound":1.8818125403288928,"upper_bound":1.8869473496143743},"point_estimate":1.8842609645619937,"standard_error":0.0013079335139119135},"std_dev":{"confidence_interval":{"confidence_level":0.95,"lower_bound":0.018727534616585873,"upper_bound":0.04894381180723443},"point_estimate":0.03433657566330002,"standard_error":0.007997081273583166}}