{"mean":{"confidence_interval":{"confidence_level":0.95,"lower_bound":1.8881138156198027,"upper_bound":1.904858260890555},"point_estimate":1.8957243906761025,"standard_error":0.0042833143155840145},"median":{"confidence_interval":{"confidence_level":0.95,"lower_bound":1.8824923337166475,"upper_bound":1.8917752388242657},"point_estimate":1.8860944276729825,"standard_error":0.0020774056187801374},"median_abs_dev":{"confidence_interval":{"confidence_level":0.95,"lower_bound":0.012961004998827044,"upper_bound":0.023414768091903522},"point_estimate":0.0174970707365145,"standard_error":0.002565336340868589},"slope":{"confidence_interval":{"confidence_level":0.95,"lower_bound":1.8853199141087515,"upper_bound":1.9014672540505173},"point_estimate":1.891996507903288,"standard_error":0.0041963262807855825},"std_dev":{"confidence_interval":{"confidence_level":0.95,"lower_bound":0.02387438974415718,"upper_bound":0.06015960759750095},"point_estimate":0.043067550571461714,"standard_error":0.00934153071059173}}