{"mean":{"confidence_interval":{"confidence_level":0.95,"lower_bound":1.891523405899795,"upper_bound":1.9010517074530733},"point_estimate":1.8960167347894146,"standard_error":0.0024400574086538293},"median":{"confidence_interval":{"confidence_level":0.95,"lower_bound":1.886291706746638,"upper_bound":1.8915791904180426},"point_estimate":1.8891538894031668,"standard_error":0.0013042827508662523},"median_abs_dev":{"confidence_interval":{"confidence_level":0.95,"lower_bound":0.00863811746178045,"upper_bound":0.016972037981501955},"point_estimate":0.012945081483065267,"standard_error":0.0021440314509024194},"slope":{"confidence_interval":{"confidence_level":0.95,"lower_bound":1.883802966956599,"upper_bound":1.8876149185501192},"point_estimate":1.8855709890707741,"standard_error":0.0009735707216054582},"std_dev":{"confidence_interval":{"confidence_level":0.95,"lower_bound":0.016723517911232482,"upper_bound":0.031568985958636636},"point_estimate":0.02453391800341837,"standard_error":0.0038165970800747547}}