{"mean":{"confidence_interval":{"confidence_level":0.95,"lower_bound":1.8897315229755887,"upper_bound":1.9017228628788947},"point_estimate":1.8953142328541441,"standard_error":0.0030618144817761437},"median":{"confidence_interval":{"confidence_level":0.95,"lower_bound":1.8813085858175616,"upper_bound":1.8906058606124605},"point_estimate":1.8845317505023784,"standard_error":0.002657276514085971},"median_abs_dev":{"confidence_interval":{"confidence_level":0.95,"lower_bound":0.008375334600596038,"upper_bound":0.018218639980121396},"point_estimate":0.012344771847070467,"standard_error":0.002711300992330092},"slope":{"confidence_interval":{"confidence_level":0.95,"lower_bound":1.8791205773803763,"upper_bound":1.8834511160005414},"point_estimate":1.8810533934715479,"standard_error":0.0011042206369942964},"std_dev":{"confidence_interval":{"confidence_level":0.95,"lower_bound":0.020149734499956485,"upper_bound":0.04018519249039943},"point_estimate":0.03082930802940672,"standard_error":0.005131654488777771}}