{"mean":{"confidence_interval":{"confidence_level":0.95,"lower_bound":1.8866345840178187,"upper_bound":1.8961959020876296},"point_estimate":1.8910357231338635,"standard_error":0.002441068657790464},"median":{"confidence_interval":{"confidence_level":0.95,"lower_bound":1.881277257474248,"upper_bound":1.8903724570619236},"point_estimate":1.8859830334885173,"standard_error":0.002306663904351578},"median_abs_dev":{"confidence_interval":{"confidence_level":0.95,"lower_bound":0.011715971594597911,"upper_bound":0.019073006133326496},"point_estimate":0.016356008748388724,"standard_error":0.0019010930255319554},"slope":{"confidence_interval":{"confidence_level":0.95,"lower_bound":1.8801222256269623,"upper_bound":1.8848125776618472},"point_estimate":1.8823481618997033,"standard_error":0.001195838112251886},"std_dev":{"confidence_interval":{"confidence_level":0.95,"lower_bound":0.01559083819407477,"upper_bound":0.03420146370264735},"point_estimate":0.02465147820703619,"standard_error":0.0050103674956309165}}