{"mean":{"confidence_interval":{"confidence_level":0.95,"lower_bound":1.8703070640982062,"upper_bound":1.8833278897005203},"point_estimate":1.8756560241446008,"standard_error":0.00341878445163736},"median":{"confidence_interval":{"confidence_level":0.95,"lower_bound":1.8695536893942555,"upper_bound":1.8727499489537491},"point_estimate":1.8713392386425332,"standard_error":0.0008451132224174705},"median_abs_dev":{"confidence_interval":{"confidence_level":0.95,"lower_bound":0.0055055533372090895,"upper_bound":0.009757522801055945},"point_estimate":0.007537091875606393,"standard_error":0.00106544938911067},"slope":{"confidence_interval":{"confidence_level":0.95,"lower_bound":1.8697042888605104,"upper_bound":1.873671919814712},"point_estimate":1.8714627443830487,"standard_error":0.0010156082916958752},"std_dev":{"confidence_interval":{"confidence_level":0.95,"lower_bound":0.00768074529439703,"upper_bound":0.054914073913871486},"point_estimate":0.03427613109922779,"standard_error":0.01321470905159932}}