{"mean":{"confidence_interval":{"confidence_level":0.95,"lower_bound":2.1253526063200936,"upper_bound":2.1442306644075364},"point_estimate":2.1337887020354724,"standard_error":0.00484908016014215},"median":{"confidence_interval":{"confidence_level":0.95,"lower_bound":2.122093523940751,"upper_bound":2.12969342059938},"point_estimate":2.1254044704566346,"standard_error":0.001895302441196422},"median_abs_dev":{"confidence_interval":{"confidence_level":0.95,"lower_bound":0.00995150518514448,"upper_bound":0.018021023330634163},"point_estimate":0.01345589859988484,"standard_error":0.002136172178762351},"slope":{"confidence_interval":{"confidence_level":0.95,"lower_bound":2.1264125029920997,"upper_bound":2.139299117369671},"point_estimate":2.131581213416687,"standard_error":0.003364482844769057},"std_dev":{"confidence_interval":{"confidence_level":0.95,"lower_bound":0.01955803342890085,"upper_bound":0.06937329076410735},"point_estimate":0.04870545828427127,"standard_error":0.012121261118832934}}