{"mean":{"confidence_interval":{"confidence_level":0.95,"lower_bound":1.8862197975476565,"upper_bound":1.89387684199896},"point_estimate":1.8898445639737864,"standard_error":0.0019520465984964742},"median":{"confidence_interval":{"confidence_level":0.95,"lower_bound":1.882213657726408,"upper_bound":1.887627723154039},"point_estimate":1.8839434526425158,"standard_error":0.0015698322446088323},"median_abs_dev":{"confidence_interval":{"confidence_level":0.95,"lower_bound":0.007934628153637206,"upper_bound":0.014228371254485443},"point_estimate":0.01102269507080557,"standard_error":0.0015838396895106498},"slope":{"confidence_interval":{"confidence_level":0.95,"lower_bound":1.8799118688130392,"upper_bound":1.8839625498559602},"point_estimate":1.8818334125403549,"standard_error":0.0010301395165491114},"std_dev":{"confidence_interval":{"confidence_level":0.95,"lower_bound":0.014311762094259557,"upper_bound":0.024772157600720195},"point_estimate":0.01950741694155297,"standard_error":0.002715240733651709}}