{"mean":{"confidence_interval":{"confidence_level":0.95,"lower_bound":1.8820438825558343,"upper_bound":1.8978254419118146},"point_estimate":1.888627267644794,"standard_error":0.004085917447964602},"median":{"confidence_interval":{"confidence_level":0.95,"lower_bound":1.880351059529996,"upper_bound":1.8852895869936404},"point_estimate":1.8828263831412073,"standard_error":0.0013881806864573527},"median_abs_dev":{"confidence_interval":{"confidence_level":0.95,"lower_bound":0.006266578814895388,"upper_bound":0.010951850866062724},"point_estimate":0.00816154130946936,"standard_error":0.0012211429619752524},"slope":{"confidence_interval":{"confidence_level":0.95,"lower_bound":1.8812750391912554,"upper_bound":1.886465940432236},"point_estimate":1.8835829554884957,"standard_error":0.0013300977469247023},"std_dev":{"confidence_interval":{"confidence_level":0.95,"lower_bound":0.011566486827059097,"upper_bound":0.06413101540165318},"point_estimate":0.04098035142438061,"standard_error":0.014411164839174604}}