{"mean":{"confidence_interval":{"confidence_level":0.95,"lower_bound":2.6999157877576514,"upper_bound":2.7179650156654214},"point_estimate":2.7078995678669378,"standard_error":0.004643946407168843},"median":{"confidence_interval":{"confidence_level":0.95,"lower_bound":2.689146095634645,"upper_bound":2.6978433086691243},"point_estimate":2.6925933042738026,"standard_error":0.0021117688568746663},"median_abs_dev":{"confidence_interval":{"confidence_level":0.95,"lower_bound":0.011352775178474194,"upper_bound":0.0237399717040955},"point_estimate":0.01622994341549443,"standard_error":0.0031064796427000695},"slope":{"confidence_interval":{"confidence_level":0.95,"lower_bound":2.6901602052414324,"upper_bound":2.7026312300269986},"point_estimate":2.6951049677470555,"standard_error":0.0032392898605776168},"std_dev":{"confidence_interval":{"confidence_level":0.95,"lower_bound":0.02454029508692724,"upper_bound":0.06833223006460314},"point_estimate":0.04635217009720969,"standard_error":0.012396013762696407}}