{"mean":{"confidence_interval":{"confidence_level":0.95,"lower_bound":1.8783158133144435,"upper_bound":1.8944842567382048},"point_estimate":1.8855214087463554,"standard_error":0.004153401443926574},"median":{"confidence_interval":{"confidence_level":0.95,"lower_bound":1.8751873032364388,"upper_bound":1.8797544712808691},"point_estimate":1.8780371281364614,"standard_error":0.001239969832524991},"median_abs_dev":{"confidence_interval":{"confidence_level":0.95,"lower_bound":0.0100994831566197,"upper_bound":0.020644615583989584},"point_estimate":0.014226980595952673,"standard_error":0.0027795894703475637},"slope":{"confidence_interval":{"confidence_level":0.95,"lower_bound":1.878793660631949,"upper_bound":1.8906932381606183},"point_estimate":1.883483221860995,"standard_error":0.00310415180665358},"std_dev":{"confidence_interval":{"confidence_level":0.95,"lower_bound":0.018470908418836928,"upper_bound":0.05917692006414063},"point_estimate":0.041611338381085064,"standard_error":0.010168646976018731}}