{"mean":{"confidence_interval":{"confidence_level":0.95,"lower_bound":2.4218263109992746,"upper_bound":2.439073890449727},"point_estimate":2.428800703834321,"standard_error":0.0045326366316056285},"median":{"confidence_interval":{"confidence_level":0.95,"lower_bound":2.4206710578224326,"upper_bound":2.42446176920581},"point_estimate":2.422209330653739,"standard_error":0.0009253792195688597},"median_abs_dev":{"confidence_interval":{"confidence_level":0.95,"lower_bound":0.005354408053963191,"upper_bound":0.008922267961224879},"point_estimate":0.006381901130183474,"standard_error":0.0008915368760486957},"slope":{"confidence_interval":{"confidence_level":0.95,"lower_bound":2.422523993460126,"upper_bound":2.431251633431154},"point_estimate":2.425828947519983,"standard_error":0.002311661432917536},"std_dev":{"confidence_interval":{"confidence_level":0.95,"lower_bound":0.007742155087395311,"upper_bound":0.072533498999815},"point_estimate":0.04532806716937759,"standard_error":0.017926788451610998}}