{"mean":{"confidence_interval":{"confidence_level":0.95,"lower_bound":1.8889705243673511,"upper_bound":1.8977376075222927},"point_estimate":1.8931482139300733,"standard_error":0.0022368052890263048},"median":{"confidence_interval":{"confidence_level":0.95,"lower_bound":1.8836636016678665,"upper_bound":1.8887548578057323},"point_estimate":1.8861801167994887,"standard_error":0.0013328086215022216},"median_abs_dev":{"confidence_interval":{"confidence_level":0.95,"lower_bound":0.007671372725953751,"upper_bound":0.015293517281953125},"point_estimate":0.0102539612823455,"standard_error":0.001961454608706078},"slope":{"confidence_interval":{"confidence_level":0.95,"lower_bound":1.881780071829804,"upper_bound":1.8858678328713476},"point_estimate":1.883743385012159,"standard_error":0.0010415733231557314},"std_dev":{"confidence_interval":{"confidence_level":0.95,"lower_bound":0.016428792593454977,"upper_bound":0.027836286869109536},"point_estimate":0.022557489312640625,"standard_error":0.002914299566425506}}