{"mean":{"confidence_interval":{"confidence_level":0.95,"lower_bound":31.276251352396017,"upper_bound":32.600994639787224},"point_estimate":31.865918296868127,"standard_error":0.34011001923285816},"median":{"confidence_interval":{"confidence_level":0.95,"lower_bound":30.84172944644612,"upper_bound":31.060592482636025},"point_estimate":30.95927613660172,"standard_error":0.05185305403094162},"median_abs_dev":{"confidence_interval":{"confidence_level":0.95,"lower_bound":0.3249343563952811,"upper_bound":0.5903335121633044},"point_estimate":0.4910689929578787,"standard_error":0.07133518552007904},"slope":{"confidence_interval":{"confidence_level":0.95,"lower_bound":31.11019876880157,"upper_bound":31.33568879922761},"point_estimate":31.21670899474536,"standard_error":0.05746319476960565},"std_dev":{"confidence_interval":{"confidence_level":0.95,"lower_bound":1.643793626537654,"upper_bound":4.788843465395205},"point_estimate":3.4252655924324755,"standard_error":0.8076998281112342}}