{"mean":{"confidence_interval":{"confidence_level":0.95,"lower_bound":30.239210279222476,"upper_bound":31.069707584841936},"point_estimate":30.549651606454862,"standard_error":0.22752734346969877},"median":{"confidence_interval":{"confidence_level":0.95,"lower_bound":30.10901733645416,"upper_bound":30.27189070574078},"point_estimate":30.19449359304955,"standard_error":0.043143828889172314},"median_abs_dev":{"confidence_interval":{"confidence_level":0.95,"lower_bound":0.22878457298125204,"upper_bound":0.3582992415330225},"point_estimate":0.31997327118687674,"standard_error":0.035478235791366323},"slope":{"confidence_interval":{"confidence_level":0.95,"lower_bound":30.162182583380453,"upper_bound":30.324496176856293},"point_estimate":30.237109309939562,"standard_error":0.04144445915978378},"std_dev":{"confidence_interval":{"confidence_level":0.95,"lower_bound":0.4354417951328924,"upper_bound":3.8315852213090307},"point_estimate":2.2857871294632326,"standard_error":1.129202310597759}}