{"mean":{"confidence_interval":{"confidence_level":0.95,"lower_bound":24.452681706839385,"upper_bound":25.218243473520435},"point_estimate":24.78569591267599,"standard_error":0.19671773472238763},"median":{"confidence_interval":{"confidence_level":0.95,"lower_bound":24.299912502430487,"upper_bound":24.4504519461354},"point_estimate":24.397298260462836,"standard_error":0.040390130593377004},"median_abs_dev":{"confidence_interval":{"confidence_level":0.95,"lower_bound":0.18043401514937962,"upper_bound":0.2824727633857708},"point_estimate":0.23411517093652165,"standard_error":0.026699408772308322},"slope":{"confidence_interval":{"confidence_level":0.95,"lower_bound":24.374760889555255,"upper_bound":24.489696055579714},"point_estimate":24.4305610596494,"standard_error":0.029240299598121373},"std_dev":{"confidence_interval":{"confidence_level":0.95,"lower_bound":0.4581455517865387,"upper_bound":2.9289079780603666},"point_estimate":1.9756004460431762,"standard_error":0.5907112887031187}}