{"mean":{"confidence_interval":{"confidence_level":0.95,"lower_bound":32.0129244270087,"upper_bound":32.65762563938738},"point_estimate":32.29474258743872,"standard_error":0.16672866067993622},"median":{"confidence_interval":{"confidence_level":0.95,"lower_bound":31.803477462370743,"upper_bound":31.949143371655317},"point_estimate":31.853005315524058,"standard_error":0.03846752224927949},"median_abs_dev":{"confidence_interval":{"confidence_level":0.95,"lower_bound":0.13539828778334442,"upper_bound":0.36993373175472316},"point_estimate":0.21642549548490378,"standard_error":0.060198003837907195},"slope":{"confidence_interval":{"confidence_level":0.95,"lower_bound":31.939824479367864,"upper_bound":32.07027226353747},"point_estimate":32.00595331564305,"standard_error":0.03320527184604866},"std_dev":{"confidence_interval":{"confidence_level":0.95,"lower_bound":0.5250640400184534,"upper_bound":2.47833773915899},"point_estimate":1.678433698240206,"standard_error":0.4799620433527752}}