{"mean":{"confidence_interval":{"confidence_level":0.95,"lower_bound":10.420539772091066,"upper_bound":10.84009409303087},"point_estimate":10.625930633168498,"standard_error":0.10667551662871937},"median":{"confidence_interval":{"confidence_level":0.95,"lower_bound":10.30455984058225,"upper_bound":10.671800022177727},"point_estimate":10.416401424098645,"standard_error":0.10413131501405004},"median_abs_dev":{"confidence_interval":{"confidence_level":0.95,"lower_bound":0.6718805189967506,"upper_bound":1.1634609858897766},"point_estimate":0.8659396149462988,"standard_error":0.12511991426154404},"slope":{"confidence_interval":{"confidence_level":0.95,"lower_bound":10.555455302116759,"upper_bound":11.01328647283605},"point_estimate":10.77719568968146,"standard_error":0.1164249680065292},"std_dev":{"confidence_interval":{"confidence_level":0.95,"lower_bound":0.8805333405906959,"upper_bound":1.2505531712942044},"point_estimate":1.069153054759186,"standard_error":0.09505740499589031}}