{"mean":{"confidence_interval":{"confidence_level":0.95,"lower_bound":10.610788898459344,"upper_bound":10.733736340847724},"point_estimate":10.65920110683487,"standard_error":0.03270164321881313},"median":{"confidence_interval":{"confidence_level":0.95,"lower_bound":10.597030155470573,"upper_bound":10.63828822735897},"point_estimate":10.620027643521805,"standard_error":0.009095944955654573},"median_abs_dev":{"confidence_interval":{"confidence_level":0.95,"lower_bound":0.05939500729176761,"upper_bound":0.0916138357872992},"point_estimate":0.0751718497889333,"standard_error":0.008083000874867574},"slope":{"confidence_interval":{"confidence_level":0.95,"lower_bound":10.604611813533602,"upper_bound":10.672251466068616},"point_estimate":10.634991834942815,"standard_error":0.01742406806016936},"std_dev":{"confidence_interval":{"confidence_level":0.95,"lower_bound":0.06982700274085832,"upper_bound":0.5416434021486162},"point_estimate":0.32959052891793106,"standard_error":0.14410575216563065}}