{"mean":{"confidence_interval":{"confidence_level":0.95,"lower_bound":8.826875161955284,"upper_bound":8.898520511374366},"point_estimate":8.858539288074672,"standard_error":0.01848606742631528},"median":{"confidence_interval":{"confidence_level":0.95,"lower_bound":8.810618931270652,"upper_bound":8.833611322808927},"point_estimate":8.81976136179729,"standard_error":0.0062487731691354825},"median_abs_dev":{"confidence_interval":{"confidence_level":0.95,"lower_bound":0.0421641346500611,"upper_bound":0.0705583184715993},"point_estimate":0.0602692615608241,"standard_error":0.007139188220503353},"slope":{"confidence_interval":{"confidence_level":0.95,"lower_bound":8.786098304775138,"upper_bound":8.817230303576626},"point_estimate":8.799318306949115,"standard_error":0.00799929673418674},"std_dev":{"confidence_interval":{"confidence_level":0.95,"lower_bound":0.08150470538154983,"upper_bound":0.2732670376098861},"point_estimate":0.1848127813853831,"standard_error":0.050212564489621685}}