{"mean":{"confidence_interval":{"confidence_level":0.95,"lower_bound":2.197799433699237,"upper_bound":2.222927159584821},"point_estimate":2.208425027762745,"standard_error":0.006550961304486807},"median":{"confidence_interval":{"confidence_level":0.95,"lower_bound":2.191429498714299,"upper_bound":2.2003681322825144},"point_estimate":2.19482921851049,"standard_error":0.002244218459453906},"median_abs_dev":{"confidence_interval":{"confidence_level":0.95,"lower_bound":0.012004025559946839,"upper_bound":0.02087314862338387},"point_estimate":0.016848989722921037,"standard_error":0.0022463120362132293},"slope":{"confidence_interval":{"confidence_level":0.95,"lower_bound":2.1898278521105095,"upper_bound":2.1962509034654416},"point_estimate":2.1926650917530304,"standard_error":0.0016426182132034685},"std_dev":{"confidence_interval":{"confidence_level":0.95,"lower_bound":0.019911643991993588,"upper_bound":0.10343197140386615},"point_estimate":0.06579283705057477,"standard_error":0.02310757077350482}}