{"mean":{"confidence_interval":{"confidence_level":0.95,"lower_bound":4.060133253361669,"upper_bound":4.0789629707335235},"point_estimate":4.068985001934252,"standard_error":0.004829185549677392},"median":{"confidence_interval":{"confidence_level":0.95,"lower_bound":4.047879954051478,"upper_bound":4.056520972929241},"point_estimate":4.052072199719591,"standard_error":0.002371603679363878},"median_abs_dev":{"confidence_interval":{"confidence_level":0.95,"lower_bound":0.01214015385971353,"upper_bound":0.0257562366945762},"point_estimate":0.018486131312549052,"standard_error":0.0034162272990868434},"slope":{"confidence_interval":{"confidence_level":0.95,"lower_bound":4.043701760075153,"upper_bound":4.050810650938239},"point_estimate":4.046975097381622,"standard_error":0.001813188358966632},"std_dev":{"confidence_interval":{"confidence_level":0.95,"lower_bound":0.031325052395326555,"upper_bound":0.06279465884195995},"point_estimate":0.04849182345680679,"standard_error":0.00803247198444984}}