{"mean":{"confidence_interval":{"confidence_level":0.95,"lower_bound":8.877137868751634,"upper_bound":8.92455896278105},"point_estimate":8.898023216356755,"standard_error":0.01223072395339956},"median":{"confidence_interval":{"confidence_level":0.95,"lower_bound":8.86438023647326,"upper_bound":8.886768449950093},"point_estimate":8.872188067950002,"standard_error":0.006269518026035397},"median_abs_dev":{"confidence_interval":{"confidence_level":0.95,"lower_bound":0.032479397767254364,"upper_bound":0.050925480635906795},"point_estimate":0.04158548306830286,"standard_error":0.004831826622361393},"slope":{"confidence_interval":{"confidence_level":0.95,"lower_bound":8.874307263906681,"upper_bound":8.918595150957403},"point_estimate":8.893464747011796,"standard_error":0.011331003095795484},"std_dev":{"confidence_interval":{"confidence_level":0.95,"lower_bound":0.03852439830009672,"upper_bound":0.17922713389166614},"point_estimate":0.12297169247517391,"standard_error":0.03388158015725198}}