{"mean":{"confidence_interval":{"confidence_level":0.95,"lower_bound":2.9087180339498047,"upper_bound":2.93666840215617},"point_estimate":2.920938382940777,"standard_error":0.00720030397625885},"median":{"confidence_interval":{"confidence_level":0.95,"lower_bound":2.9038583660188544,"upper_bound":2.910317523440883},"point_estimate":2.9069859401377647,"standard_error":0.0018567844731076253},"median_abs_dev":{"confidence_interval":{"confidence_level":0.95,"lower_bound":0.009060880431459133,"upper_bound":0.017845290258312694},"point_estimate":0.012381065181036084,"standard_error":0.0022730517387963504},"slope":{"confidence_interval":{"confidence_level":0.95,"lower_bound":2.9059194158037585,"upper_bound":2.914983406000713},"point_estimate":2.91017262758908,"standard_error":0.0023068057561647995},"std_dev":{"confidence_interval":{"confidence_level":0.95,"lower_bound":0.017946362495052378,"upper_bound":0.10674826772833655},"point_estimate":0.07247255986836994,"standard_error":0.021266436060587774}}