{"mean":{"confidence_interval":{"confidence_level":0.95,"lower_bound":2.2179386702351818,"upper_bound":2.244952120111067},"point_estimate":2.229599132179531,"standard_error":0.006993073790320707},"median":{"confidence_interval":{"confidence_level":0.95,"lower_bound":2.2105372761349438,"upper_bound":2.2197528592199416},"point_estimate":2.2134510451539207,"standard_error":0.0021835054590986286},"median_abs_dev":{"confidence_interval":{"confidence_level":0.95,"lower_bound":0.012943471357081767,"upper_bound":0.022903633964070868},"point_estimate":0.01715553310386831,"standard_error":0.0024923699235912997},"slope":{"confidence_interval":{"confidence_level":0.95,"lower_bound":2.2078610328492547,"upper_bound":2.2163579121783172},"point_estimate":2.2115520987749866,"standard_error":0.0021778937102700014},"std_dev":{"confidence_interval":{"confidence_level":0.95,"lower_bound":0.02327637930776629,"upper_bound":0.10887033027785012},"point_estimate":0.07036048215672637,"standard_error":0.02264434320960761}}