{"mean":{"confidence_interval":{"confidence_level":0.95,"lower_bound":2.2263250581714877,"upper_bound":2.253722098108406},"point_estimate":2.238686482062005,"standard_error":0.007019411793366282},"median":{"confidence_interval":{"confidence_level":0.95,"lower_bound":2.2131220996246315,"upper_bound":2.228126577524168},"point_estimate":2.2194580819716037,"standard_error":0.0038033642738169128},"median_abs_dev":{"confidence_interval":{"confidence_level":0.95,"lower_bound":0.018560060385269906,"upper_bound":0.031930392690184516},"point_estimate":0.025644423252482982,"standard_error":0.0034426438684889787},"slope":{"confidence_interval":{"confidence_level":0.95,"lower_bound":2.207022137113364,"upper_bound":2.2138529401205935},"point_estimate":2.2102745975610567,"standard_error":0.0017391994167796792},"std_dev":{"confidence_interval":{"confidence_level":0.95,"lower_bound":0.03609635601158501,"upper_bound":0.10024356433480934},"point_estimate":0.07065999902886193,"standard_error":0.01665426302540527}}