{"mean":{"confidence_interval":{"confidence_level":0.95,"lower_bound":8.807804257861523,"upper_bound":8.862216209164457},"point_estimate":8.83240452748825,"standard_error":0.01399602042042308},"median":{"confidence_interval":{"confidence_level":0.95,"lower_bound":8.783429820796368,"upper_bound":8.813598619648442},"point_estimate":8.8038261220349,"standard_error":0.007223691507474388},"median_abs_dev":{"confidence_interval":{"confidence_level":0.95,"lower_bound":0.04378857330424975,"upper_bound":0.06819957876584985},"point_estimate":0.056312459668621535,"standard_error":0.006182663589049616},"slope":{"confidence_interval":{"confidence_level":0.95,"lower_bound":8.774848840332812,"upper_bound":8.806258381443486},"point_estimate":8.788077342816877,"standard_error":0.008104891940893325},"std_dev":{"confidence_interval":{"confidence_level":0.95,"lower_bound":0.06965802536415563,"upper_bound":0.1936778870454897},"point_estimate":0.1399689375199458,"standard_error":0.030959170500698647}}