{"mean":{"confidence_interval":{"confidence_level":0.95,"lower_bound":9.731120212672856,"upper_bound":9.785288136987928},"point_estimate":9.753542609524246,"standard_error":0.014167224702721375},"median":{"confidence_interval":{"confidence_level":0.95,"lower_bound":9.72556245313939,"upper_bound":9.741605603550173},"point_estimate":9.736769670740866,"standard_error":0.0033603718179955095},"median_abs_dev":{"confidence_interval":{"confidence_level":0.95,"lower_bound":0.021306281556020462,"upper_bound":0.033187361692465105},"point_estimate":0.028128942249733006,"standard_error":0.0030696726547086474},"slope":{"confidence_interval":{"confidence_level":0.95,"lower_bound":9.739910935213436,"upper_bound":9.792090184547027},"point_estimate":9.758661808962264,"standard_error":0.014273665707771138},"std_dev":{"confidence_interval":{"confidence_level":0.95,"lower_bound":0.026924727007135253,"upper_bound":0.22696276119072517},"point_estimate":0.14293911279772922,"standard_error":0.05313128441445904}}