{"mean":{"confidence_interval":{"confidence_level":0.95,"lower_bound":9.297366156149419,"upper_bound":9.338669610695826},"point_estimate":9.314807546018448,"standard_error":0.010688889823176085},"median":{"confidence_interval":{"confidence_level":0.95,"lower_bound":9.295360929164698,"upper_bound":9.304382470119522},"point_estimate":9.299845936451238,"standard_error":0.0024561195917207263},"median_abs_dev":{"confidence_interval":{"confidence_level":0.95,"lower_bound":0.014081756701531039,"upper_bound":0.023705400701927},"point_estimate":0.018671692168102206,"standard_error":0.0024014073581446814},"slope":{"confidence_interval":{"confidence_level":0.95,"lower_bound":9.299097929496678,"upper_bound":9.32565426019341},"point_estimate":9.309869119060922,"standard_error":0.006935335967423637},"std_dev":{"confidence_interval":{"confidence_level":0.95,"lower_bound":0.025641341498732734,"upper_bound":0.16740254687773012},"point_estimate":0.10737469102634445,"standard_error":0.03686840637287935}}