{"mean":{"confidence_interval":{"confidence_level":0.95,"lower_bound":2.191062175880965,"upper_bound":2.2166479535285513},"point_estimate":2.2016997181049573,"standard_error":0.006641044183967103},"median":{"confidence_interval":{"confidence_level":0.95,"lower_bound":2.189329205366357,"upper_bound":2.19612832362047},"point_estimate":2.19330437994836,"standard_error":0.0016864077059067972},"median_abs_dev":{"confidence_interval":{"confidence_level":0.95,"lower_bound":0.012166002971698345,"upper_bound":0.019047184236424056},"point_estimate":0.016591900592389734,"standard_error":0.001729722926524129},"slope":{"confidence_interval":{"confidence_level":0.95,"lower_bound":2.1836287869286934,"upper_bound":2.189727380313758},"point_estimate":2.186638382932836,"standard_error":0.001553579475132566},"std_dev":{"confidence_interval":{"confidence_level":0.95,"lower_bound":0.018748448113575542,"upper_bound":0.10577244077020927},"point_estimate":0.06661757130250993,"standard_error":0.0241128596855164}}