{"mean":{"confidence_interval":{"confidence_level":0.95,"lower_bound":9.05805054770501,"upper_bound":9.08528350585968},"point_estimate":9.070312350285608,"standard_error":0.0069533316064210714},"median":{"confidence_interval":{"confidence_level":0.95,"lower_bound":9.046902803904622,"upper_bound":9.061536660904638},"point_estimate":9.053336101071471,"standard_error":0.0036714850171464847},"median_abs_dev":{"confidence_interval":{"confidence_level":0.95,"lower_bound":0.022207938984938017,"upper_bound":0.03502138030810612},"point_estimate":0.03071967447752263,"standard_error":0.0032427627760129277},"slope":{"confidence_interval":{"confidence_level":0.95,"lower_bound":9.038607962180508,"upper_bound":9.046027095158143},"point_estimate":9.042149723370278,"standard_error":0.001902729723082049},"std_dev":{"confidence_interval":{"confidence_level":0.95,"lower_bound":0.03871299315933329,"upper_bound":0.10125055770019327},"point_estimate":0.0698403402225441,"standard_error":0.01732467244211126}}