{"mean":{"confidence_interval":{"confidence_level":0.95,"lower_bound":2.2184079719644223,"upper_bound":2.240520365509642},"point_estimate":2.228476219488884,"standard_error":0.0056649965364251285},"median":{"confidence_interval":{"confidence_level":0.95,"lower_bound":2.204490567705151,"upper_bound":2.217296002678955},"point_estimate":2.2097949827962076,"standard_error":0.003334884116313},"median_abs_dev":{"confidence_interval":{"confidence_level":0.95,"lower_bound":0.014894749706412688,"upper_bound":0.027688675847485984},"point_estimate":0.019370876581211904,"standard_error":0.0032378770117138856},"slope":{"confidence_interval":{"confidence_level":0.95,"lower_bound":2.201395800237098,"upper_bound":2.20716091714787},"point_estimate":2.2041084967446443,"standard_error":0.0014619652309168388},"std_dev":{"confidence_interval":{"confidence_level":0.95,"lower_bound":0.03419911010708811,"upper_bound":0.07996938701926033},"point_estimate":0.0571491614168805,"standard_error":0.012105280817441895}}