{"mean":{"confidence_interval":{"confidence_level":0.95,"lower_bound":2.220981914822379,"upper_bound":2.251101314190337},"point_estimate":2.234880873892374,"standard_error":0.007727411882076679},"median":{"confidence_interval":{"confidence_level":0.95,"lower_bound":2.203353659520806,"upper_bound":2.216749750747757},"point_estimate":2.207022242383095,"standard_error":0.0032949566028854906},"median_abs_dev":{"confidence_interval":{"confidence_level":0.95,"lower_bound":0.01186151003545231,"upper_bound":0.02767166523563968},"point_estimate":0.01961082141552515,"standard_error":0.003808389187857683},"slope":{"confidence_interval":{"confidence_level":0.95,"lower_bound":2.199602334124913,"upper_bound":2.2050503474206264},"point_estimate":2.202053449655942,"standard_error":0.0013886056375936673},"std_dev":{"confidence_interval":{"confidence_level":0.95,"lower_bound":0.046929124690417046,"upper_bound":0.10189267474969659},"point_estimate":0.07757377089669534,"standard_error":0.014072504529420072}}