{"mean":{"confidence_interval":{"confidence_level":0.95,"lower_bound":2.1995588366363372,"upper_bound":2.2307438097774686},"point_estimate":2.2132507299164477,"standard_error":0.008045311725630108},"median":{"confidence_interval":{"confidence_level":0.95,"lower_bound":2.1904144127143876,"upper_bound":2.200007808399235},"point_estimate":2.1943585803521017,"standard_error":0.0023738747929445986},"median_abs_dev":{"confidence_interval":{"confidence_level":0.95,"lower_bound":0.011649298743375173,"upper_bound":0.021307082861870115},"point_estimate":0.015596574496598068,"standard_error":0.002469642425391103},"slope":{"confidence_interval":{"confidence_level":0.95,"lower_bound":2.188314888632878,"upper_bound":2.1936339218044902},"point_estimate":2.1906801977328882,"standard_error":0.0013528821526971565},"std_dev":{"confidence_interval":{"confidence_level":0.95,"lower_bound":0.028410904900883136,"upper_bound":0.117857938433995},"point_estimate":0.08061687749167591,"standard_error":0.022267042289613827}}