{"mean":{"confidence_interval":{"confidence_level":0.95,"lower_bound":2.22329708203486,"upper_bound":2.262225240365346},"point_estimate":2.240311158495073,"standard_error":0.010047208000215656},"median":{"confidence_interval":{"confidence_level":0.95,"lower_bound":2.2071115472040472,"upper_bound":2.21753511498166},"point_estimate":2.210743623373486,"standard_error":0.0028239660143061173},"median_abs_dev":{"confidence_interval":{"confidence_level":0.95,"lower_bound":0.012430508510966921,"upper_bound":0.023938832464673866},"point_estimate":0.015910262714201262,"standard_error":0.0030279498509390556},"slope":{"confidence_interval":{"confidence_level":0.95,"lower_bound":2.204053220569511,"upper_bound":2.209291548032608},"point_estimate":2.2065222004592453,"standard_error":0.0013390730401511674},"std_dev":{"confidence_interval":{"confidence_level":0.95,"lower_bound":0.047123951129861355,"upper_bound":0.15085804056906688},"point_estimate":0.1006697922796378,"standard_error":0.028851524853601256}}