{"mean":{"confidence_interval":{"confidence_level":0.95,"lower_bound":2.2136594874684477,"upper_bound":2.2389914027584266},"point_estimate":2.2244435284463084,"standard_error":0.006538765221829653},"median":{"confidence_interval":{"confidence_level":0.95,"lower_bound":2.207274730666947,"upper_bound":2.2147215561459195},"point_estimate":2.211013383410223,"standard_error":0.001709257914339964},"median_abs_dev":{"confidence_interval":{"confidence_level":0.95,"lower_bound":0.011987290412559876,"upper_bound":0.021364601946885796},"point_estimate":0.0169121365229698,"standard_error":0.0023167415460872056},"slope":{"confidence_interval":{"confidence_level":0.95,"lower_bound":2.205649653127878,"upper_bound":2.2213567029848154},"point_estimate":2.211730764885248,"standard_error":0.00416686661557359},"std_dev":{"confidence_interval":{"confidence_level":0.95,"lower_bound":0.021358048442904065,"upper_bound":0.10272320989730425},"point_estimate":0.06594740422488782,"standard_error":0.02194003794727469}}