{"mean":{"confidence_interval":{"confidence_level":0.95,"lower_bound":53.60097542887226,"upper_bound":60.69289559039477},"point_estimate":56.800646821247675,"standard_error":1.8125053714228414},"median":{"confidence_interval":{"confidence_level":0.95,"lower_bound":49.97150537634408,"upper_bound":51.584549411162314},"point_estimate":50.64815263966368,"standard_error":0.43159394113372324},"median_abs_dev":{"confidence_interval":{"confidence_level":0.95,"lower_bound":2.9960213667754725,"upper_bound":5.072170544496316},"point_estimate":4.081177381929223,"standard_error":0.5843448304804714},"slope":{"confidence_interval":{"confidence_level":0.95,"lower_bound":48.852002024393975,"upper_bound":49.83798300850585},"point_estimate":49.29509288434862,"standard_error":0.2511757271516452},"std_dev":{"confidence_interval":{"confidence_level":0.95,"lower_bound":9.78885058976082,"upper_bound":25.579784080664044},"point_estimate":18.178853454577283,"standard_error":4.097593969185627}}