{"mean":{"confidence_interval":{"confidence_level":0.95,"lower_bound":47.21984279567395,"upper_bound":52.456844277418845},"point_estimate":49.449910405455455,"standard_error":1.354077680403338},"median":{"confidence_interval":{"confidence_level":0.95,"lower_bound":46.14305391578119,"upper_bound":46.413419913419915},"point_estimate":46.23632867132867,"standard_error":0.06955766541176726},"median_abs_dev":{"confidence_interval":{"confidence_level":0.95,"lower_bound":0.19099692905155724,"upper_bound":0.5904553576725547},"point_estimate":0.3394316253676465,"standard_error":0.09969632016620604},"slope":{"confidence_interval":{"confidence_level":0.95,"lower_bound":46.370039697669526,"upper_bound":46.92123793462161},"point_estimate":46.618476340171334,"standard_error":0.14115661173080857},"std_dev":{"confidence_interval":{"confidence_level":0.95,"lower_bound":4.5949775168421025,"upper_bound":21.18784736908624},"point_estimate":13.620276607880637,"standard_error":4.523498750720424}}