{"mean":{"confidence_interval":{"confidence_level":0.95,"lower_bound":52.06719208082746,"upper_bound":55.6551233349939},"point_estimate":53.69494506647999,"standard_error":0.9202574907013031},"median":{"confidence_interval":{"confidence_level":0.95,"lower_bound":50.966782765737875,"upper_bound":51.11693548387097},"point_estimate":51.037379807692304,"standard_error":0.03536830034628028},"median_abs_dev":{"confidence_interval":{"confidence_level":0.95,"lower_bound":0.3272168306104936,"upper_bound":1.2245242784835657},"point_estimate":0.5236621665419326,"standard_error":0.24055106274870158},"slope":{"confidence_interval":{"confidence_level":0.95,"lower_bound":50.94349984480339,"upper_bound":51.493075990353006},"point_estimate":51.2064673661396,"standard_error":0.14059390972129668},"std_dev":{"confidence_interval":{"confidence_level":0.95,"lower_bound":4.783008003875886,"upper_bound":12.38301485346738},"point_estimate":9.249148866324898,"standard_error":1.8808974515371242}}