{"mean":{"confidence_interval":{"confidence_level":0.95,"lower_bound":47.356833315799825,"upper_bound":51.85428947951192},"point_estimate":49.226493592816816,"standard_error":1.1702590948580802},"median":{"confidence_interval":{"confidence_level":0.95,"lower_bound":46.31277056277056,"upper_bound":46.51643356643356},"point_estimate":46.405832370895894,"standard_error":0.05346828976336008},"median_abs_dev":{"confidence_interval":{"confidence_level":0.95,"lower_bound":0.3384569774622549,"upper_bound":0.7010911041990578},"point_estimate":0.5099293493907315,"standard_error":0.09298455613649627},"slope":{"confidence_interval":{"confidence_level":0.95,"lower_bound":46.41563875446199,"upper_bound":47.35981258132399},"point_estimate":46.802849568538946,"standard_error":0.2440339046424336},"std_dev":{"confidence_interval":{"confidence_level":0.95,"lower_bound":3.4759773742061086,"upper_bound":18.661347365443802},"point_estimate":11.743608183011006,"standard_error":4.303227247602515}}