{"mean":{"confidence_interval":{"confidence_level":0.95,"lower_bound":50.40972531375647,"upper_bound":61.11879946846181},"point_estimate":55.296457215869786,"standard_error":2.7397065034170227},"median":{"confidence_interval":{"confidence_level":0.95,"lower_bound":42.840485272303454,"upper_bound":43.199187824187824},"point_estimate":42.910691421254796,"standard_error":0.1521198461336266},"median_abs_dev":{"confidence_interval":{"confidence_level":0.95,"lower_bound":0.29296508815322,"upper_bound":0.9617232339390686},"point_estimate":0.43606813766967445,"standard_error":0.2348730575918774},"slope":{"confidence_interval":{"confidence_level":0.95,"lower_bound":43.55067411979704,"upper_bound":44.748385478289705},"point_estimate":44.06044292488951,"standard_error":0.30646346571384186},"std_dev":{"confidence_interval":{"confidence_level":0.95,"lower_bound":16.912467680482393,"upper_bound":38.332579074856696},"point_estimate":27.444410847667378,"standard_error":5.811405356157858}}