{"mean":{"confidence_interval":{"confidence_level":0.95,"lower_bound":34.9092599447662,"upper_bound":37.14727798237014},"point_estimate":35.92459560211396,"standard_error":0.5759094943218706},"median":{"confidence_interval":{"confidence_level":0.95,"lower_bound":34.23,"upper_bound":34.346621989757},"point_estimate":34.263877551020414,"standard_error":0.02800447318656998},"median_abs_dev":{"confidence_interval":{"confidence_level":0.95,"lower_bound":0.13752464461727135,"upper_bound":0.3055859566598796},"point_estimate":0.19215458423759907,"standard_error":0.042373685847773596},"slope":{"confidence_interval":{"confidence_level":0.95,"lower_bound":34.30451772694505,"upper_bound":34.571477921711065},"point_estimate":34.42869230931622,"standard_error":0.06825760462140015},"std_dev":{"confidence_interval":{"confidence_level":0.95,"lower_bound":3.135645795038766,"upper_bound":7.826109847879514},"point_estimate":5.786211964597862,"standard_error":1.2200564208667626}}