{"mean":{"confidence_interval":{"confidence_level":0.95,"lower_bound":44.573236559658206,"upper_bound":46.74308460566916},"point_estimate":45.53208497783563,"standard_error":0.5583173237294594},"median":{"confidence_interval":{"confidence_level":0.95,"lower_bound":43.644588744588745,"upper_bound":44.06717325227964},"point_estimate":43.877224067921745,"standard_error":0.11574763874245227},"median_abs_dev":{"confidence_interval":{"confidence_level":0.95,"lower_bound":0.5306609264077575,"upper_bound":1.0899455938686893},"point_estimate":0.7784295429002828,"standard_error":0.15569061067102097},"slope":{"confidence_interval":{"confidence_level":0.95,"lower_bound":43.762140113634146,"upper_bound":45.49591904725064},"point_estimate":44.415585213958494,"standard_error":0.4663078558240339},"std_dev":{"confidence_interval":{"confidence_level":0.95,"lower_bound":2.5573982517589333,"upper_bound":8.152027706322157},"point_estimate":5.619775281251089,"standard_error":1.446408020427566}}