{"mean":{"confidence_interval":{"confidence_level":0.95,"lower_bound":1188344.9148499994,"upper_bound":1196840.5622500004},"point_estimate":1192237.1220000002,"standard_error":2180.9023960657455},"median":{"confidence_interval":{"confidence_level":0.95,"lower_bound":1183070.4,"upper_bound":1189240.8},"point_estimate":1184724.2999999998,"standard_error":1646.9656611755186},"median_abs_dev":{"confidence_interval":{"confidence_level":0.95,"lower_bound":7278.891287773995,"upper_bound":14206.591706782678},"point_estimate":10180.272719263685,"standard_error":1629.003750701706},"slope":null,"std_dev":{"confidence_interval":{"confidence_level":0.95,"lower_bound":11949.947730085754,"upper_bound":30019.176462156895},"point_estimate":21860.67855632449,"standard_error":4560.419065087176}}