{"mean":{"confidence_interval":{"confidence_level":0.95,"lower_bound":4.086553212123449,"upper_bound":4.170134262605208},"point_estimate":4.118078611407032,"standard_error":0.022762236859447657},"median":{"confidence_interval":{"confidence_level":0.95,"lower_bound":4.074206843576592,"upper_bound":4.079655377302436},"point_estimate":4.076301887076273,"standard_error":0.0012727622635124946},"median_abs_dev":{"confidence_interval":{"confidence_level":0.95,"lower_bound":0.009925786717300518,"upper_bound":0.019295235545735957},"point_estimate":0.014998379148850716,"standard_error":0.002271016483382029},"slope":{"confidence_interval":{"confidence_level":0.95,"lower_bound":4.083922749697082,"upper_bound":4.111072674133073},"point_estimate":4.095636070613207,"standard_error":0.0069661484481735115},"std_dev":{"confidence_interval":{"confidence_level":0.95,"lower_bound":0.045225797613588976,"upper_bound":0.382340941904169},"point_estimate":0.22888061061534204,"standard_error":0.11109150345545353}}