{"mean":{"confidence_interval":{"confidence_level":0.95,"lower_bound":2.1639871027674307,"upper_bound":2.2217015071936745},"point_estimate":2.1877804763978936,"standard_error":0.015065943093114317},"median":{"confidence_interval":{"confidence_level":0.95,"lower_bound":2.1568507766374134,"upper_bound":2.1657378943754844},"point_estimate":2.161656304787119,"standard_error":0.0024513341942068905},"median_abs_dev":{"confidence_interval":{"confidence_level":0.95,"lower_bound":0.01740983458168373,"upper_bound":0.029130434079191254},"point_estimate":0.02275793683455001,"standard_error":0.003064891825635124},"slope":{"confidence_interval":{"confidence_level":0.95,"lower_bound":2.1632097076067875,"upper_bound":2.175110571835294},"point_estimate":2.168795859853686,"standard_error":0.0030363362906462386},"std_dev":{"confidence_interval":{"confidence_level":0.95,"lower_bound":0.03646083325948801,"upper_bound":0.24392825838292476},"point_estimate":0.15216057277100561,"standard_error":0.05837996310295275}}