{"mean":{"confidence_interval":{"confidence_level":0.95,"lower_bound":4.3829507543881965,"upper_bound":4.545615824488893},"point_estimate":4.445745158196923,"standard_error":0.043842919451508304},"median":{"confidence_interval":{"confidence_level":0.95,"lower_bound":4.377573618441781,"upper_bound":4.383933500285975},"point_estimate":4.3800927987247125,"standard_error":0.0017957891582118415},"median_abs_dev":{"confidence_interval":{"confidence_level":0.95,"lower_bound":0.009306215713226599,"upper_bound":0.017434083618397246},"point_estimate":0.012496084843597878,"standard_error":0.0020798170464855206},"slope":{"confidence_interval":{"confidence_level":0.95,"lower_bound":4.3809838421052705,"upper_bound":4.391840991971179},"point_estimate":4.385718881556585,"standard_error":0.0027879793683828814},"std_dev":{"confidence_interval":{"confidence_level":0.95,"lower_bound":0.031377238002831716,"upper_bound":0.7292767578363462},"point_estimate":0.4420680258508832,"standard_error":0.20195428576099025}}