{"mean":{"confidence_interval":{"confidence_level":0.95,"lower_bound":5.7710156500220355,"upper_bound":5.840603311231496},"point_estimate":5.799926111115564,"standard_error":0.01809113492503511},"median":{"confidence_interval":{"confidence_level":0.95,"lower_bound":5.7628559839237,"upper_bound":5.7714756908729345},"point_estimate":5.766575508738901,"standard_error":0.0026350286483908833},"median_abs_dev":{"confidence_interval":{"confidence_level":0.95,"lower_bound":0.01847512551323042,"upper_bound":0.03580820946194245},"point_estimate":0.026084184494083198,"standard_error":0.004624776530111976},"slope":{"confidence_interval":{"confidence_level":0.95,"lower_bound":5.776941466883859,"upper_bound":5.80012928311252},"point_estimate":5.787163174880464,"standard_error":0.005980516193452233},"std_dev":{"confidence_interval":{"confidence_level":0.95,"lower_bound":0.05065075511626794,"upper_bound":0.28865775686814077},"point_estimate":0.18188087025753927,"standard_error":0.0665671663857062}}