{"mean":{"confidence_interval":{"confidence_level":0.95,"lower_bound":5.76088018201356,"upper_bound":5.827049940774782},"point_estimate":5.786717392306044,"standard_error":0.01751465699734338},"median":{"confidence_interval":{"confidence_level":0.95,"lower_bound":5.74901635158132,"upper_bound":5.760388602285329},"point_estimate":5.7544828132830155,"standard_error":0.0030491836607263257},"median_abs_dev":{"confidence_interval":{"confidence_level":0.95,"lower_bound":0.0177785749329469,"upper_bound":0.032350069853413585},"point_estimate":0.024637942312565036,"standard_error":0.003888756210472879},"slope":{"confidence_interval":{"confidence_level":0.95,"lower_bound":5.76746063210904,"upper_bound":5.792733573925773},"point_estimate":5.779357693709337,"standard_error":0.006433878522369991},"std_dev":{"confidence_interval":{"confidence_level":0.95,"lower_bound":0.047878507577397145,"upper_bound":0.28882972970186577},"point_estimate":0.17584419004478752,"standard_error":0.07791389104645048}}