{"mean":{"confidence_interval":{"confidence_level":0.95,"lower_bound":4.725443328438605,"upper_bound":4.840906353952822},"point_estimate":4.781632888565417,"standard_error":0.029477968721369874},"median":{"confidence_interval":{"confidence_level":0.95,"lower_bound":4.530608391351526,"upper_bound":4.998107724833848},"point_estimate":4.992191891280038,"standard_error":0.17157458296677497},"median_abs_dev":{"confidence_interval":{"confidence_level":0.95,"lower_bound":0.02464231435934027,"upper_bound":0.4539940784043624},"point_estimate":0.22916459446907156,"standard_error":0.13695725694024366},"slope":{"confidence_interval":{"confidence_level":0.95,"lower_bound":4.917273201360284,"upper_bound":4.970233226256903},"point_estimate":4.947056931834149,"standard_error":0.013553039792405916},"std_dev":{"confidence_interval":{"confidence_level":0.95,"lower_bound":0.2483887842419105,"upper_bound":0.3626864440756904},"point_estimate":0.29537441405109016,"standard_error":0.03381909902500831}}