{"mean":{"confidence_interval":{"confidence_level":0.95,"lower_bound":138103.12508205068,"upper_bound":139811.36472984258},"point_estimate":138819.5214397884,"standard_error":444.7616212853188},"median":{"confidence_interval":{"confidence_level":0.95,"lower_bound":137741.83922558924,"upper_bound":137978.9917892157},"point_estimate":137817.3415166394,"standard_error":75.24547212590863},"median_abs_dev":{"confidence_interval":{"confidence_level":0.95,"lower_bound":362.65872947368234,"upper_bound":827.474959222448},"point_estimate":512.7748121537714,"standard_error":118.96392742987663},"slope":{"confidence_interval":{"confidence_level":0.95,"lower_bound":137939.70162055182,"upper_bound":138327.05287622326},"point_estimate":138122.10839958623,"standard_error":98.89937027423528},"std_dev":{"confidence_interval":{"confidence_level":0.95,"lower_bound":997.8216553437653,"upper_bound":6860.1524502740185},"point_estimate":4466.1246268390005,"standard_error":1591.6380149742622}}