{"mean":{"confidence_interval":{"confidence_level":0.95,"lower_bound":136290.82794515815,"upper_bound":139082.77247416062},"point_estimate":137442.76261360577,"standard_error":726.3356767970561},"median":{"confidence_interval":{"confidence_level":0.95,"lower_bound":135795.54476259515,"upper_bound":136070.578313253},"point_estimate":135845.72050290136,"standard_error":96.70524567053896},"median_abs_dev":{"confidence_interval":{"confidence_level":0.95,"lower_bound":329.62952217820373,"upper_bound":674.4642928373804},"point_estimate":434.9250293752988,"standard_error":101.1313361910009},"slope":{"confidence_interval":{"confidence_level":0.95,"lower_bound":136079.11047167113,"upper_bound":136585.20647697305},"point_estimate":136312.01279148812,"standard_error":130.05531585295586},"std_dev":{"confidence_interval":{"confidence_level":0.95,"lower_bound":1282.0814127568249,"upper_bound":11516.0370699644},"point_estimate":7297.252014889426,"standard_error":2736.2826229380944}}