{"mean":{"confidence_interval":{"confidence_level":0.95,"lower_bound":142544.13150668496,"upper_bound":145740.97235784604},"point_estimate":143818.32802908798,"standard_error":844.2810909249536},"median":{"confidence_interval":{"confidence_level":0.95,"lower_bound":141366.3384615385,"upper_bound":142973.9494723377},"point_estimate":142021.12615996465,"standard_error":417.13956157444414},"median_abs_dev":{"confidence_interval":{"confidence_level":0.95,"lower_bound":1751.800353872469,"upper_bound":3382.4613633338954},"point_estimate":2198.0503747925973,"standard_error":473.8364362116228},"slope":{"confidence_interval":{"confidence_level":0.95,"lower_bound":142569.69366197396,"upper_bound":143596.27817933963},"point_estimate":143072.17616964682,"standard_error":262.4742964558567},"std_dev":{"confidence_interval":{"confidence_level":0.95,"lower_bound":2800.0597443340753,"upper_bound":13804.742203666545},"point_estimate":8474.554230930697,"standard_error":3633.1559409742654}}