{"mean":{"confidence_interval":{"confidence_level":0.95,"lower_bound":238247.84775000002,"upper_bound":239741.57108333346},"point_estimate":238992.7604761905,"standard_error":380.785196122352},"median":{"confidence_interval":{"confidence_level":0.95,"lower_bound":237456.0,"upper_bound":239889.19047619047},"point_estimate":238559.35714285716,"standard_error":637.298185778416},"median_abs_dev":{"confidence_interval":{"confidence_level":0.95,"lower_bound":3066.016745567322,"upper_bound":4979.700311592652},"point_estimate":3741.0586335829366,"standard_error":484.6668972589972},"slope":null,"std_dev":{"confidence_interval":{"confidence_level":0.95,"lower_bound":3355.637358413381,"upper_bound":4261.78554974711},"point_estimate":3836.2958452812636,"standard_error":230.9419235812426}}