{"mean":{"confidence_interval":{"confidence_level":0.95,"lower_bound":0.4231854484940988,"upper_bound":0.4307965176059795},"point_estimate":0.42615162069459084,"standard_error":0.002026322177700681},"median":{"confidence_interval":{"confidence_level":0.95,"lower_bound":0.419839976629057,"upper_bound":0.4254150895786021},"point_estimate":0.42299941122045587,"standard_error":0.0013790925516881318},"median_abs_dev":{"confidence_interval":{"confidence_level":0.95,"lower_bound":0.004810745621045831,"upper_bound":0.009294092782776363},"point_estimate":0.007589313619764596,"standard_error":0.0012201452628987325},"slope":{"confidence_interval":{"confidence_level":0.95,"lower_bound":0.4236642380524815,"upper_bound":0.4265547891941176},"point_estimate":0.425078877056246,"standard_error":0.0007377739933252107},"std_dev":{"confidence_interval":{"confidence_level":0.95,"lower_bound":0.006469881661154734,"upper_bound":0.03333178662996005},"point_estimate":0.02028668532120287,"standard_error":0.009096013326472878}}