{"mean":{"confidence_interval":{"confidence_level":0.95,"lower_bound":0.4210786227352324,"upper_bound":0.4292311193555627},"point_estimate":0.4242045597340682,"standard_error":0.0021925995796974263},"median":{"confidence_interval":{"confidence_level":0.95,"lower_bound":0.41843004528777344,"upper_bound":0.4224069565289038},"point_estimate":0.4194815084093583,"standard_error":0.0009697080018313444},"median_abs_dev":{"confidence_interval":{"confidence_level":0.95,"lower_bound":0.0035209590279555603,"upper_bound":0.007075344572098268},"point_estimate":0.0051930891993867065,"standard_error":0.0008902318517922846},"slope":{"confidence_interval":{"confidence_level":0.95,"lower_bound":0.4214684251508369,"upper_bound":0.423783668909638},"point_estimate":0.42263908087378294,"standard_error":0.0005906934233829413},"std_dev":{"confidence_interval":{"confidence_level":0.95,"lower_bound":0.005468157508058674,"upper_bound":0.03646185642525071},"point_estimate":0.021978945595382927,"standard_error":0.010252505322331644}}