{"mean":{"confidence_interval":{"confidence_level":0.95,"lower_bound":0.406812607201372,"upper_bound":0.41438488728739836},"point_estimate":0.4099378776908671,"standard_error":0.001968108112773749},"median":{"confidence_interval":{"confidence_level":0.95,"lower_bound":0.4040221216691805,"upper_bound":0.407237469036777},"point_estimate":0.40540972932676,"standard_error":0.0007572262758867046},"median_abs_dev":{"confidence_interval":{"confidence_level":0.95,"lower_bound":0.0031490864279358675,"upper_bound":0.006133979488332244},"point_estimate":0.0043892684991228255,"standard_error":0.0007378364437290124},"slope":{"confidence_interval":{"confidence_level":0.95,"lower_bound":0.40720918882029283,"upper_bound":0.4099332989064107},"point_estimate":0.4085453759444012,"standard_error":0.000695375679175554},"std_dev":{"confidence_interval":{"confidence_level":0.95,"lower_bound":0.005686032959445272,"upper_bound":0.031589949540360124},"point_estimate":0.019743961250214066,"standard_error":0.007453522509278316}}