{"mean":{"confidence_interval":{"confidence_level":0.95,"lower_bound":0.41169455702158625,"upper_bound":0.42079232491276886},"point_estimate":0.41585571348736683,"standard_error":0.0023348631015375613},"median":{"confidence_interval":{"confidence_level":0.95,"lower_bound":0.4068045474929053,"upper_bound":0.41123732198625945},"point_estimate":0.4085691545062826,"standard_error":0.0011852777618358169},"median_abs_dev":{"confidence_interval":{"confidence_level":0.95,"lower_bound":0.007113658257748715,"upper_bound":0.012323046980971671},"point_estimate":0.009919106578789815,"standard_error":0.001365094507293791},"slope":{"confidence_interval":{"confidence_level":0.95,"lower_bound":0.4109623379327253,"upper_bound":0.4173574431678572},"point_estimate":0.41388548593705127,"standard_error":0.0016363465583296864},"std_dev":{"confidence_interval":{"confidence_level":0.95,"lower_bound":0.013796608856272898,"upper_bound":0.03243249344097797},"point_estimate":0.023496217843550247,"standard_error":0.0048485903801844575}}