{"mean":{"confidence_interval":{"confidence_level":0.95,"lower_bound":1.8892892566716373,"upper_bound":2.3089209805477027},"point_estimate":2.0477788694894548,"standard_error":0.11562468547042418},"median":{"confidence_interval":{"confidence_level":0.95,"lower_bound":1.8220701196822648,"upper_bound":1.9386417636358888},"point_estimate":1.8800282992349004,"standard_error":0.02851486751985191},"median_abs_dev":{"confidence_interval":{"confidence_level":0.95,"lower_bound":0.1810086488045261,"upper_bound":0.29896595918868},"point_estimate":0.2511127323987292,"standard_error":0.030232273575402025},"slope":{"confidence_interval":{"confidence_level":0.95,"lower_bound":1.9570095950125082,"upper_bound":2.0783490942027933},"point_estimate":2.0151247533680845,"standard_error":0.03104308734339493},"std_dev":{"confidence_interval":{"confidence_level":0.95,"lower_bound":0.23033763633000756,"upper_bound":1.9418607194743358},"point_estimate":1.1586945119806584,"standard_error":0.5746336278247006}}