{"mean":{"confidence_interval":{"confidence_level":0.95,"lower_bound":1.797061708010608,"upper_bound":2.032379064841377},"point_estimate":1.890586867600346,"standard_error":0.06245910166538787},"median":{"confidence_interval":{"confidence_level":0.95,"lower_bound":1.7293144208037825,"upper_bound":1.7429078014184398},"point_estimate":1.732388448617452,"standard_error":0.003507763334120776},"median_abs_dev":{"confidence_interval":{"confidence_level":0.95,"lower_bound":0.007763984058844764,"upper_bound":0.027650796562030202},"point_estimate":0.013543030701073981,"standard_error":0.004978421831064409},"slope":{"confidence_interval":{"confidence_level":0.95,"lower_bound":1.8224292650723593,"upper_bound":2.047291255947089},"point_estimate":1.9297159167298121,"standard_error":0.05758705597015776},"std_dev":{"confidence_interval":{"confidence_level":0.95,"lower_bound":0.17822726428707705,"upper_bound":1.0284245315010199},"point_estimate":0.6295495534958743,"standard_error":0.2706773981713812}}