{"mean":{"confidence_interval":{"confidence_level":0.95,"lower_bound":1.5355004907474454,"upper_bound":1.5459411452949239},"point_estimate":1.5402917300318792,"standard_error":0.002681440533094804},"median":{"confidence_interval":{"confidence_level":0.95,"lower_bound":1.5320567572066763,"upper_bound":1.5365226296222088},"point_estimate":1.5335630921372756,"standard_error":0.0011412578874257135},"median_abs_dev":{"confidence_interval":{"confidence_level":0.95,"lower_bound":0.006162638748119946,"upper_bound":0.013293578482733187},"point_estimate":0.008833303295996254,"standard_error":0.0019374690862990597},"slope":{"confidence_interval":{"confidence_level":0.95,"lower_bound":1.5255637974075331,"upper_bound":1.5361598070710867},"point_estimate":1.5310295401828211,"standard_error":0.002713799371704697},"std_dev":{"confidence_interval":{"confidence_level":0.95,"lower_bound":0.015241057608412845,"upper_bound":0.038813515405498836},"point_estimate":0.026966508017617418,"standard_error":0.006400613346432258}}