{"mean":{"confidence_interval":{"confidence_level":0.95,"lower_bound":0.4225055558468927,"upper_bound":0.43182188621781153},"point_estimate":0.4262401697133047,"standard_error":0.0024517469171897077},"median":{"confidence_interval":{"confidence_level":0.95,"lower_bound":0.41914241562670046,"upper_bound":0.42249660940325495},"point_estimate":0.42050192993116275,"standard_error":0.0009391954888888063},"median_abs_dev":{"confidence_interval":{"confidence_level":0.95,"lower_bound":0.003084628282512557,"upper_bound":0.007246642131442445},"point_estimate":0.004860510179501069,"standard_error":0.0010976872877094478},"slope":{"confidence_interval":{"confidence_level":0.95,"lower_bound":0.42115944243743514,"upper_bound":0.4241789055735347},"point_estimate":0.42260469749299934,"standard_error":0.0007699413408700635},"std_dev":{"confidence_interval":{"confidence_level":0.95,"lower_bound":0.006689565086940607,"upper_bound":0.03989011023075987},"point_estimate":0.024548801313462366,"standard_error":0.010090081371294045}}