{"mean":{"confidence_interval":{"confidence_level":0.95,"lower_bound":1.7831029343252633,"upper_bound":1.8804477983356516},"point_estimate":1.8291208946091797,"standard_error":0.024862831094268654},"median":{"confidence_interval":{"confidence_level":0.95,"lower_bound":1.7473912316471947,"upper_bound":1.8171097770154374},"point_estimate":1.7923575376405565,"standard_error":0.020278906729126696},"median_abs_dev":{"confidence_interval":{"confidence_level":0.95,"lower_bound":0.11390962573202111,"upper_bound":0.20704133197472854},"point_estimate":0.15640110874728042,"standard_error":0.02423586546279163},"slope":{"confidence_interval":{"confidence_level":0.95,"lower_bound":1.692479135885436,"upper_bound":1.7860324642891587},"point_estimate":1.735503047911099,"standard_error":0.023927290472502433},"std_dev":{"confidence_interval":{"confidence_level":0.95,"lower_bound":0.17826840562551563,"upper_bound":0.31882709653828917},"point_estimate":0.24978425577222288,"standard_error":0.036232610228657425}}