{"mean":{"confidence_interval":{"confidence_level":0.95,"lower_bound":0.4565844311263882,"upper_bound":0.4672416033393003},"point_estimate":0.4612643367532355,"standard_error":0.0027570291309087654},"median":{"confidence_interval":{"confidence_level":0.95,"lower_bound":0.4534521041560381,"upper_bound":0.4552159660277673},"point_estimate":0.45400301024270084,"standard_error":0.00044061680970527333},"median_abs_dev":{"confidence_interval":{"confidence_level":0.95,"lower_bound":0.0016625215176115423,"upper_bound":0.003976187213428318},"point_estimate":0.002800030160111493,"standard_error":0.0005627542858030895},"slope":{"confidence_interval":{"confidence_level":0.95,"lower_bound":0.45465282366738535,"upper_bound":0.4587174711513939},"point_estimate":0.4563825947559308,"standard_error":0.0010452337277360025},"std_dev":{"confidence_interval":{"confidence_level":0.95,"lower_bound":0.0103907545944273,"upper_bound":0.03974435543903351},"point_estimate":0.02779866379274434,"standard_error":0.007296086505737245}}