{"mean":{"confidence_interval":{"confidence_level":0.95,"lower_bound":0.4079641288316283,"upper_bound":0.4126058253566769},"point_estimate":0.4099099430154533,"standard_error":0.0012016414813791469},"median":{"confidence_interval":{"confidence_level":0.95,"lower_bound":0.40634057329128725,"upper_bound":0.4085033715225572},"point_estimate":0.40782645892600033,"standard_error":0.0005412955997920569},"median_abs_dev":{"confidence_interval":{"confidence_level":0.95,"lower_bound":0.004126093613499575,"upper_bound":0.006490788379380138},"point_estimate":0.005575865157674745,"standard_error":0.0005612039830118247},"slope":{"confidence_interval":{"confidence_level":0.95,"lower_bound":0.4075133026432892,"upper_bound":0.4105716702137825},"point_estimate":0.40893882694194883,"standard_error":0.0007823951458000072},"std_dev":{"confidence_interval":{"confidence_level":0.95,"lower_bound":0.005041024580326833,"upper_bound":0.01893449653127293},"point_estimate":0.012042941005606286,"standard_error":0.004294253422575912}}