{"mean":{"confidence_interval":{"confidence_level":0.95,"lower_bound":0.4556506163316073,"upper_bound":0.4601177983268748},"point_estimate":0.4575298577307686,"standard_error":0.0011545098176552198},"median":{"confidence_interval":{"confidence_level":0.95,"lower_bound":0.4538189019771328,"upper_bound":0.4545981200798122},"point_estimate":0.45413441859520287,"standard_error":0.0001985009608345869},"median_abs_dev":{"confidence_interval":{"confidence_level":0.95,"lower_bound":0.0013003224513312259,"upper_bound":0.0026093255105936433},"point_estimate":0.001887072463783736,"standard_error":0.00036581268422887346},"slope":{"confidence_interval":{"confidence_level":0.95,"lower_bound":0.45469231119890446,"upper_bound":0.4562743454691444},"point_estimate":0.4554345792273515,"standard_error":0.0004042294043287886},"std_dev":{"confidence_interval":{"confidence_level":0.95,"lower_bound":0.004549337774353101,"upper_bound":0.01813994179337236},"point_estimate":0.011580614224581755,"standard_error":0.0040642988366306546}}