{"mean":{"confidence_interval":{"confidence_level":0.95,"lower_bound":0.42339383508886985,"upper_bound":0.433261270685664},"point_estimate":0.4274573637881553,"standard_error":0.002572451737981401},"median":{"confidence_interval":{"confidence_level":0.95,"lower_bound":0.4209341999397248,"upper_bound":0.42336176367676326},"point_estimate":0.4220024848477887,"standard_error":0.0006268046688750424},"median_abs_dev":{"confidence_interval":{"confidence_level":0.95,"lower_bound":0.004806326522070285,"upper_bound":0.007802918185136044},"point_estimate":0.0065219709734481305,"standard_error":0.0008353728534984158},"slope":{"confidence_interval":{"confidence_level":0.95,"lower_bound":0.42235364800115854,"upper_bound":0.42540908146560913},"point_estimate":0.4238450051526674,"standard_error":0.0007815774727999581},"std_dev":{"confidence_interval":{"confidence_level":0.95,"lower_bound":0.007755261581526356,"upper_bound":0.041455661023932146},"point_estimate":0.02588678940795826,"standard_error":0.009884702184657312}}