{"mean":{"confidence_interval":{"confidence_level":0.95,"lower_bound":0.45549944754225896,"upper_bound":0.46258226678325587},"point_estimate":0.4581370490854463,"standard_error":0.0019747224539459983},"median":{"confidence_interval":{"confidence_level":0.95,"lower_bound":0.4538357609660941,"upper_bound":0.45563855778040807},"point_estimate":0.45453275899550505,"standard_error":0.000492824698063935},"median_abs_dev":{"confidence_interval":{"confidence_level":0.95,"lower_bound":0.0021458291715928364,"upper_bound":0.004168128094912988},"point_estimate":0.0029515259599605524,"standard_error":0.0005026003326620011},"slope":{"confidence_interval":{"confidence_level":0.95,"lower_bound":0.45511131676977895,"upper_bound":0.45715530445752756},"point_estimate":0.45605839529294684,"standard_error":0.0005233408643591061},"std_dev":{"confidence_interval":{"confidence_level":0.95,"lower_bound":0.003707677697586588,"upper_bound":0.03337428685698125},"point_estimate":0.019834475899261142,"standard_error":0.010110439703609713}}