{"mean":{"confidence_interval":{"confidence_level":0.95,"lower_bound":2.015688531171281,"upper_bound":2.022509575940791},"point_estimate":2.01881833337662,"standard_error":0.001738837946306792},"median":{"confidence_interval":{"confidence_level":0.95,"lower_bound":2.011562290839139,"upper_bound":2.0141607657797618},"point_estimate":2.012680632781195,"standard_error":0.0007457692083741679},"median_abs_dev":{"confidence_interval":{"confidence_level":0.95,"lower_bound":0.003974399704988603,"upper_bound":0.007507410951410802},"point_estimate":0.005614974753309612,"standard_error":0.00100602950538082},"slope":{"confidence_interval":{"confidence_level":0.95,"lower_bound":2.011000814520391,"upper_bound":2.014552930068611},"point_estimate":2.0125896988052423,"standard_error":0.0009109048978207013},"std_dev":{"confidence_interval":{"confidence_level":0.95,"lower_bound":0.010378291215448575,"upper_bound":0.024008893454293113},"point_estimate":0.01756936460255798,"standard_error":0.0035236052927426907}}