{"mean":{"confidence_interval":{"confidence_level":0.95,"lower_bound":0.4019167995718656,"upper_bound":0.41034153861450756},"point_estimate":0.4052931284523059,"standard_error":0.0022196714693565236},"median":{"confidence_interval":{"confidence_level":0.95,"lower_bound":0.39997567835423325,"upper_bound":0.4026834141403378},"point_estimate":0.40080425169161915,"standard_error":0.0006005751649254586},"median_abs_dev":{"confidence_interval":{"confidence_level":0.95,"lower_bound":0.0038884729449782827,"upper_bound":0.006358496873733533},"point_estimate":0.005179036535553217,"standard_error":0.0006306753852892971},"slope":{"confidence_interval":{"confidence_level":0.95,"lower_bound":0.40050074840864014,"upper_bound":0.402975311207136},"point_estimate":0.401691822765551,"standard_error":0.0006314286566433433},"std_dev":{"confidence_interval":{"confidence_level":0.95,"lower_bound":0.00557300698474552,"upper_bound":0.03623659769067426},"point_estimate":0.022264321996808396,"standard_error":0.009179059598425177}}