{"mean":{"confidence_interval":{"confidence_level":0.95,"lower_bound":1.4467425671200402,"upper_bound":1.5014166590654605},"point_estimate":1.4701557072164715,"standard_error":0.014086891827339777},"median":{"confidence_interval":{"confidence_level":0.95,"lower_bound":1.4211190788093253,"upper_bound":1.4367478180983004},"point_estimate":1.4275795433975818,"standard_error":0.003728920875037787},"median_abs_dev":{"confidence_interval":{"confidence_level":0.95,"lower_bound":0.012667139642973939,"upper_bound":0.03336660919123048},"point_estimate":0.020682706626377747,"standard_error":0.005030614735211677},"slope":{"confidence_interval":{"confidence_level":0.95,"lower_bound":1.4182937524783688,"upper_bound":1.4235890844591828},"point_estimate":1.420620076741081,"standard_error":0.0013562451544839559},"std_dev":{"confidence_interval":{"confidence_level":0.95,"lower_bound":0.05628820225183853,"upper_bound":0.21805615980117202},"point_estimate":0.14124241246255523,"standard_error":0.044772016187269656}}