{"mean":{"confidence_interval":{"confidence_level":0.95,"lower_bound":0.40846632412819783,"upper_bound":0.41353955278294496},"point_estimate":0.41075714378325356,"standard_error":0.0012985139369165106},"median":{"confidence_interval":{"confidence_level":0.95,"lower_bound":0.4057605859926024,"upper_bound":0.4088504507524548},"point_estimate":0.4069204125894398,"standard_error":0.0007261263113992054},"median_abs_dev":{"confidence_interval":{"confidence_level":0.95,"lower_bound":0.004643257887130789,"upper_bound":0.007972045576697643},"point_estimate":0.006272699422118816,"standard_error":0.0008693736872346407},"slope":{"confidence_interval":{"confidence_level":0.95,"lower_bound":0.4070671497529596,"upper_bound":0.41017974544884805},"point_estimate":0.40851382676837056,"standard_error":0.000797216971402354},"std_dev":{"confidence_interval":{"confidence_level":0.95,"lower_bound":0.0073360145730750545,"upper_bound":0.018793386771530876},"point_estimate":0.013075026968652361,"standard_error":0.003146854933361348}}