{"mean":{"confidence_interval":{"confidence_level":0.95,"lower_bound":0.45391170064182773,"upper_bound":0.461193355586738},"point_estimate":0.45652014606726354,"standard_error":0.0021499584189446043},"median":{"confidence_interval":{"confidence_level":0.95,"lower_bound":0.45323702258883763,"upper_bound":0.4540301408003289},"point_estimate":0.4536210151223965,"standard_error":0.0002176037376048862},"median_abs_dev":{"confidence_interval":{"confidence_level":0.95,"lower_bound":0.0014779182990980295,"upper_bound":0.0027073614994592935},"point_estimate":0.002064664400539098,"standard_error":0.00031324825470757667},"slope":{"confidence_interval":{"confidence_level":0.95,"lower_bound":0.4535820890032649,"upper_bound":0.4549965337785797},"point_estimate":0.45427184612921495,"standard_error":0.00036303136791144105},"std_dev":{"confidence_interval":{"confidence_level":0.95,"lower_bound":0.0025065002594419454,"upper_bound":0.03683346736804627},"point_estimate":0.021629858924024945,"standard_error":0.012061307688916825}}