{"mean":{"confidence_interval":{"confidence_level":0.95,"lower_bound":1.5600970032805963,"upper_bound":1.567222250810907},"point_estimate":1.5637217012012683,"standard_error":0.0018186441999778068},"median":{"confidence_interval":{"confidence_level":0.95,"lower_bound":1.562535548872349,"upper_bound":1.574147128121445},"point_estimate":1.5680706739610308,"standard_error":0.0033380304169922112},"median_abs_dev":{"confidence_interval":{"confidence_level":0.95,"lower_bound":0.0119368951438595,"upper_bound":0.023906095905513323},"point_estimate":0.017321298518185348,"standard_error":0.0032299033165118026},"slope":{"confidence_interval":{"confidence_level":0.95,"lower_bound":1.5514518258393408,"upper_bound":1.5609298298083338},"point_estimate":1.5559318735664054,"standard_error":0.0024194635035407783},"std_dev":{"confidence_interval":{"confidence_level":0.95,"lower_bound":0.016057710618587972,"upper_bound":0.02008201728403111},"point_estimate":0.018244779980478427,"standard_error":0.0010263899221694894}}