{"mean":{"confidence_interval":{"confidence_level":0.95,"lower_bound":0.4123348643071698,"upper_bound":0.42116657345927827},"point_estimate":0.41600405300784077,"standard_error":0.0022918476059733774},"median":{"confidence_interval":{"confidence_level":0.95,"lower_bound":0.4090770173383695,"upper_bound":0.414502634523867},"point_estimate":0.4110537205037881,"standard_error":0.0013909855832365328},"median_abs_dev":{"confidence_interval":{"confidence_level":0.95,"lower_bound":0.007942366161531867,"upper_bound":0.013665854987739366},"point_estimate":0.011070386304416981,"standard_error":0.0014711492514074998},"slope":{"confidence_interval":{"confidence_level":0.95,"lower_bound":0.41113352734693914,"upper_bound":0.41557584785418816},"point_estimate":0.41330472832265086,"standard_error":0.0011352946563408409},"std_dev":{"confidence_interval":{"confidence_level":0.95,"lower_bound":0.00980697306748596,"upper_bound":0.03636238033399412},"point_estimate":0.023015299377615397,"standard_error":0.008572566815446702}}