{"mean":{"confidence_interval":{"confidence_level":0.95,"lower_bound":0.4220470994808838,"upper_bound":0.4306099104085828},"point_estimate":0.4256817135517897,"standard_error":0.0022244016878651606},"median":{"confidence_interval":{"confidence_level":0.95,"lower_bound":0.4180161943319838,"upper_bound":0.42372599794791616},"point_estimate":0.4212413135900507,"standard_error":0.0014977938203658396},"median_abs_dev":{"confidence_interval":{"confidence_level":0.95,"lower_bound":0.00425293883689036,"upper_bound":0.009860120722283688},"point_estimate":0.00710163269322899,"standard_error":0.0014233936494811039},"slope":{"confidence_interval":{"confidence_level":0.95,"lower_bound":0.4213975058215594,"upper_bound":0.42477964071263796},"point_estimate":0.4230198160242602,"standard_error":0.0008628667782540323},"std_dev":{"confidence_interval":{"confidence_level":0.95,"lower_bound":0.007220511737568964,"upper_bound":0.034718955584774884},"point_estimate":0.02239485279585449,"standard_error":0.00746543867034702}}