{"mean":{"confidence_interval":{"confidence_level":0.95,"lower_bound":0.4088173159520347,"upper_bound":0.4185112216313839},"point_estimate":0.41265673186361385,"standard_error":0.0025691735347528693},"median":{"confidence_interval":{"confidence_level":0.95,"lower_bound":0.40749160325257966,"upper_bound":0.40959270087710453},"point_estimate":0.4085883153543704,"standard_error":0.0005418691911020693},"median_abs_dev":{"confidence_interval":{"confidence_level":0.95,"lower_bound":0.004160008600574585,"upper_bound":0.009229762660707626},"point_estimate":0.007300072374346456,"standard_error":0.0013509349154537512},"slope":{"confidence_interval":{"confidence_level":0.95,"lower_bound":0.406126546689145,"upper_bound":0.4107881983081744},"point_estimate":0.40816315525045016,"standard_error":0.0011971017675608756},"std_dev":{"confidence_interval":{"confidence_level":0.95,"lower_bound":0.00756681181302407,"upper_bound":0.04227851159366927},"point_estimate":0.025833682404695895,"standard_error":0.011240766650069406}}