{"mean":{"confidence_interval":{"confidence_level":0.95,"lower_bound":1.5273536269721013,"upper_bound":1.5333628136460367},"point_estimate":1.5298523971370448,"standard_error":0.0015516124077496732},"median":{"confidence_interval":{"confidence_level":0.95,"lower_bound":1.5252266007014845,"upper_bound":1.5280191763649609},"point_estimate":1.5266942164341208,"standard_error":0.0008003227002997736},"median_abs_dev":{"confidence_interval":{"confidence_level":0.95,"lower_bound":0.0040004856790260244,"upper_bound":0.007154855545610117},"point_estimate":0.005110346212935896,"standard_error":0.0008164876745811422},"slope":{"confidence_interval":{"confidence_level":0.95,"lower_bound":1.5247518198800851,"upper_bound":1.5273650566507748},"point_estimate":1.5260135412942368,"standard_error":0.0006690467515803497},"std_dev":{"confidence_interval":{"confidence_level":0.95,"lower_bound":0.006236103781176049,"upper_bound":0.0247468503124853},"point_estimate":0.015644064260025417,"standard_error":0.005744504222394676}}