{"mean":{"confidence_interval":{"confidence_level":0.95,"lower_bound":11.082266105910787,"upper_bound":11.427737251218264},"point_estimate":11.201747489273675,"standard_error":0.10753801771538167},"median":{"confidence_interval":{"confidence_level":0.95,"lower_bound":11.066903929742262,"upper_bound":11.07873633627256},"point_estimate":11.073208738763155,"standard_error":0.0029721863784375286},"median_abs_dev":{"confidence_interval":{"confidence_level":0.95,"lower_bound":0.024190055001305902,"upper_bound":0.0439299561288545},"point_estimate":0.033325353225383825,"standard_error":0.0046602170345450816},"slope":{"confidence_interval":{"confidence_level":0.95,"lower_bound":11.080403707027584,"upper_bound":11.102882309027503},"point_estimate":11.090788132749884,"standard_error":0.0057396494480065246},"std_dev":{"confidence_interval":{"confidence_level":0.95,"lower_bound":0.05892633235840574,"upper_bound":1.8464365194300558},"point_estimate":1.0785215702481568,"standard_error":0.6401534566885376}}