{"mean":{"confidence_interval":{"confidence_level":0.95,"lower_bound":12.306117925573826,"upper_bound":12.50613240816218},"point_estimate":12.39655503051692,"standard_error":0.05115903178861444},"median":{"confidence_interval":{"confidence_level":0.95,"lower_bound":12.22063930000197,"upper_bound":12.374838828344139},"point_estimate":12.299411356991207,"standard_error":0.04124361660296216},"median_abs_dev":{"confidence_interval":{"confidence_level":0.95,"lower_bound":0.2837102242967031,"upper_bound":0.45234592610109814},"point_estimate":0.3880072236038108,"standard_error":0.04339387561800969},"slope":{"confidence_interval":{"confidence_level":0.95,"lower_bound":12.410011481781204,"upper_bound":12.547143989077155},"point_estimate":12.481705567925035,"standard_error":0.03492489768790561},"std_dev":{"confidence_interval":{"confidence_level":0.95,"lower_bound":0.29229858566528144,"upper_bound":0.7483700915695952},"point_estimate":0.5138483529687806,"standard_error":0.1301032266836262}}