{"mean":{"confidence_interval":{"confidence_level":0.95,"lower_bound":34.677778952368215,"upper_bound":36.080566451001005},"point_estimate":35.30781581029909,"standard_error":0.3611681641843377},"median":{"confidence_interval":{"confidence_level":0.95,"lower_bound":34.27742094253722,"upper_bound":34.469059656218406},"point_estimate":34.3740078858019,"standard_error":0.04407875453260303},"median_abs_dev":{"confidence_interval":{"confidence_level":0.95,"lower_bound":0.26096746877167115,"upper_bound":0.5284447795270028},"point_estimate":0.3732769701171924,"standard_error":0.07008421203069384},"slope":{"confidence_interval":{"confidence_level":0.95,"lower_bound":34.2436378245947,"upper_bound":35.26089266078749},"point_estimate":34.64072716775322,"standard_error":0.27308375807979207},"std_dev":{"confidence_interval":{"confidence_level":0.95,"lower_bound":1.8826950555400075,"upper_bound":4.942218163647276},"point_estimate":3.6156648418726314,"standard_error":0.7803790120693593}}