{"mean":{"confidence_interval":{"confidence_level":0.95,"lower_bound":30.575003674216024,"upper_bound":31.702027350427137},"point_estimate":31.03792447978287,"standard_error":0.2970235624541666},"median":{"confidence_interval":{"confidence_level":0.95,"lower_bound":30.343843843843842,"upper_bound":30.688042114695342},"point_estimate":30.423791511876615,"standard_error":0.09478581756293748},"median_abs_dev":{"confidence_interval":{"confidence_level":0.95,"lower_bound":0.21240412493696703,"upper_bound":0.539117933320787},"point_estimate":0.3822371313974196,"standard_error":0.08358678693028497},"slope":{"confidence_interval":{"confidence_level":0.95,"lower_bound":30.58336293706839,"upper_bound":30.76674688309193},"point_estimate":30.668508388749324,"standard_error":0.0467187308021723},"std_dev":{"confidence_interval":{"confidence_level":0.95,"lower_bound":0.48407039268070345,"upper_bound":4.680827104373388},"point_estimate":2.980355720259095,"standard_error":1.1435672944666762}}