{"mean":{"confidence_interval":{"confidence_level":0.95,"lower_bound":30.17814242260161,"upper_bound":31.12260132737625},"point_estimate":30.583148447703383,"standard_error":0.2440656899527463},"median":{"confidence_interval":{"confidence_level":0.95,"lower_bound":30.01623952288846,"upper_bound":30.174437249460375},"point_estimate":30.103991310108334,"standard_error":0.03734388736711338},"median_abs_dev":{"confidence_interval":{"confidence_level":0.95,"lower_bound":0.22157526362291818,"upper_bound":0.36048434466394974},"point_estimate":0.2787408487098966,"standard_error":0.035215268330484634},"slope":{"confidence_interval":{"confidence_level":0.95,"lower_bound":30.092129939407403,"upper_bound":30.227977626648492},"point_estimate":30.158877898269346,"standard_error":0.03469986182091273},"std_dev":{"confidence_interval":{"confidence_level":0.95,"lower_bound":0.5004535925952961,"upper_bound":3.74363135355388},"point_estimate":2.462370072236133,"standard_error":0.8121792102764664}}