{"mean":{"confidence_interval":{"confidence_level":0.95,"lower_bound":34.91795756760885,"upper_bound":37.729408188607394},"point_estimate":36.27804714508364,"standard_error":0.7196334551173842},"median":{"confidence_interval":{"confidence_level":0.95,"lower_bound":33.434535674846046,"upper_bound":35.78317812514848},"point_estimate":34.250186989259035,"standard_error":0.5717261711960991},"median_abs_dev":{"confidence_interval":{"confidence_level":0.95,"lower_bound":4.163376141862724,"upper_bound":8.059048007541621},"point_estimate":5.96896150665281,"standard_error":1.0288866719689915},"slope":{"confidence_interval":{"confidence_level":0.95,"lower_bound":32.544185095456584,"upper_bound":36.01944445920173},"point_estimate":34.13062013241786,"standard_error":0.8890294207788905},"std_dev":{"confidence_interval":{"confidence_level":0.95,"lower_bound":5.669831861464719,"upper_bound":8.89143807661571},"point_estimate":7.20425365466965,"standard_error":0.8461895284150828}}