{"mean":{"confidence_interval":{"confidence_level":0.95,"lower_bound":44.728974671605826,"upper_bound":50.026529690015394},"point_estimate":47.093995973577506,"standard_error":1.3604820208816675},"median":{"confidence_interval":{"confidence_level":0.95,"lower_bound":43.196322443706165,"upper_bound":43.42016196013289},"point_estimate":43.293806107301904,"standard_error":0.0608949106696129},"median_abs_dev":{"confidence_interval":{"confidence_level":0.95,"lower_bound":0.3656652104133297,"upper_bound":0.7567614429031527},"point_estimate":0.5398979077958707,"standard_error":0.10531166148690953},"slope":{"confidence_interval":{"confidence_level":0.95,"lower_bound":43.21605620329974,"upper_bound":43.51620869378957},"point_estimate":43.35607699471787,"standard_error":0.07648379714498155},"std_dev":{"confidence_interval":{"confidence_level":0.95,"lower_bound":6.43054235793055,"upper_bound":19.58222162311184},"point_estimate":13.724027723356679,"standard_error":3.371084068163545}}