{"mean":{"confidence_interval":{"confidence_level":0.95,"lower_bound":49.415980317700345,"upper_bound":52.700688521484686},"point_estimate":50.91933216298643,"standard_error":0.8455520793507278},"median":{"confidence_interval":{"confidence_level":0.95,"lower_bound":48.10689655172414,"upper_bound":48.37197368421053},"point_estimate":48.16891891891892,"standard_error":0.06383860942190114},"median_abs_dev":{"confidence_interval":{"confidence_level":0.95,"lower_bound":0.34013382772046397,"upper_bound":0.7563203348872379},"point_estimate":0.47031365831693256,"standard_error":0.09556566499206648},"slope":{"confidence_interval":{"confidence_level":0.95,"lower_bound":48.25637272970701,"upper_bound":48.7211786998114},"point_estimate":48.47373740209842,"standard_error":0.11925345528676763},"std_dev":{"confidence_interval":{"confidence_level":0.95,"lower_bound":4.791705185659386,"upper_bound":11.254165633588208},"point_estimate":8.490787078473772,"standard_error":1.6440842893418806}}