{"mean":{"confidence_interval":{"confidence_level":0.95,"lower_bound":23.98209863185753,"upper_bound":24.33491006507156},"point_estimate":24.114857922679533,"standard_error":0.0976043676865713},"median":{"confidence_interval":{"confidence_level":0.95,"lower_bound":23.988703470105236,"upper_bound":24.06613706833763},"point_estimate":24.034157496286376,"standard_error":0.02071771116242749},"median_abs_dev":{"confidence_interval":{"confidence_level":0.95,"lower_bound":0.14244602094626235,"upper_bound":0.2475048431405453},"point_estimate":0.18393970154210473,"standard_error":0.027344575308723064},"slope":{"confidence_interval":{"confidence_level":0.95,"lower_bound":24.03561367831589,"upper_bound":24.12236345567703},"point_estimate":24.078165071885923,"standard_error":0.022030196104795167},"std_dev":{"confidence_interval":{"confidence_level":0.95,"lower_bound":0.22161695842025067,"upper_bound":1.64595160021388},"point_estimate":0.9791864200126571,"standard_error":0.4905242028444115}}