{"mean":{"confidence_interval":{"confidence_level":0.95,"lower_bound":24.019647825143554,"upper_bound":25.416398829472197},"point_estimate":24.70306937160819,"standard_error":0.356208176676807},"median":{"confidence_interval":{"confidence_level":0.95,"lower_bound":22.366045420084816,"upper_bound":23.668206824637732},"point_estimate":22.7088220488296,"standard_error":0.3545496583499837},"median_abs_dev":{"confidence_interval":{"confidence_level":0.95,"lower_bound":1.2568750754455549,"upper_bound":3.1601244686584455},"point_estimate":1.7854469866435267,"standard_error":0.51501696072834},"slope":{"confidence_interval":{"confidence_level":0.95,"lower_bound":26.00664663551473,"upper_bound":27.66144464102264},"point_estimate":26.903333458432716,"standard_error":0.42296433172788095},"std_dev":{"confidence_interval":{"confidence_level":0.95,"lower_bound":3.1559259555411074,"upper_bound":3.9076955913867764},"point_estimate":3.580371264920976,"standard_error":0.19181204392074036}}