{"mean":{"confidence_interval":{"confidence_level":0.95,"lower_bound":27.982174610388864,"upper_bound":28.770806755094608},"point_estimate":28.30036599762221,"standard_error":0.20739523038850882},"median":{"confidence_interval":{"confidence_level":0.95,"lower_bound":27.806901960784312,"upper_bound":27.940064510652746},"point_estimate":27.849968374446554,"standard_error":0.04060018584355866},"median_abs_dev":{"confidence_interval":{"confidence_level":0.95,"lower_bound":0.0861207690729982,"upper_bound":0.32572507138520324},"point_estimate":0.14448929213775938,"standard_error":0.06452285842156871},"slope":{"confidence_interval":{"confidence_level":0.95,"lower_bound":27.986518816851486,"upper_bound":28.100013340731703},"point_estimate":28.04302872359229,"standard_error":0.028952892836628042},"std_dev":{"confidence_interval":{"confidence_level":0.95,"lower_bound":0.36286666648894694,"upper_bound":3.3537555981885756},"point_estimate":2.0787595141709114,"standard_error":0.837251279723244}}