{"mean":{"confidence_interval":{"confidence_level":0.95,"lower_bound":29.459725061436725,"upper_bound":30.657936344193118},"point_estimate":30.003287516509676,"standard_error":0.3069849871804383},"median":{"confidence_interval":{"confidence_level":0.95,"lower_bound":29.034602076124568,"upper_bound":29.29659055035252},"point_estimate":29.108215314097666,"standard_error":0.05464428309408811},"median_abs_dev":{"confidence_interval":{"confidence_level":0.95,"lower_bound":0.25865142212452263,"upper_bound":0.4568718325528635},"point_estimate":0.33549942515718456,"standard_error":0.04914164335280244},"slope":{"confidence_interval":{"confidence_level":0.95,"lower_bound":29.16222325516796,"upper_bound":29.570446436779463},"point_estimate":29.338881503062172,"standard_error":0.10515531008061624},"std_dev":{"confidence_interval":{"confidence_level":0.95,"lower_bound":1.650249393968341,"upper_bound":4.205370506257997},"point_estimate":3.097512319620279,"standard_error":0.65377163513118}}