{"mean":{"confidence_interval":{"confidence_level":0.95,"lower_bound":31.189580136791278,"upper_bound":32.641176790134296},"point_estimate":31.834986631585412,"standard_error":0.3744752293531857},"median":{"confidence_interval":{"confidence_level":0.95,"lower_bound":30.860697997223873,"upper_bound":31.332573930134906},"point_estimate":30.934100764029395,"standard_error":0.10127487578675377},"median_abs_dev":{"confidence_interval":{"confidence_level":0.95,"lower_bound":0.5330279668762417,"upper_bound":0.8116630977535152},"point_estimate":0.7553491071881767,"standard_error":0.0757777821059648},"slope":{"confidence_interval":{"confidence_level":0.95,"lower_bound":31.12978318138684,"upper_bound":31.310633655953737},"point_estimate":31.216850629729883,"standard_error":0.04618457032046943},"std_dev":{"confidence_interval":{"confidence_level":0.95,"lower_bound":1.6869393938591606,"upper_bound":5.279758293228922},"point_estimate":3.769258192744441,"standard_error":0.922894012914802}}