{"mean":{"confidence_interval":{"confidence_level":0.95,"lower_bound":28.37022896393622,"upper_bound":29.46350555647529},"point_estimate":28.828807900392658,"standard_error":0.28358984555986816},"median":{"confidence_interval":{"confidence_level":0.95,"lower_bound":28.116802552286423,"upper_bound":28.208689927583936},"point_estimate":28.143408697882222,"standard_error":0.029988619532726205},"median_abs_dev":{"confidence_interval":{"confidence_level":0.95,"lower_bound":0.09449594374692162,"upper_bound":0.32902076018621135},"point_estimate":0.15217574609137396,"standard_error":0.05796488927733547},"slope":{"confidence_interval":{"confidence_level":0.95,"lower_bound":28.291106253691876,"upper_bound":28.41055594213704},"point_estimate":28.35024825682238,"standard_error":0.03052410188225496},"std_dev":{"confidence_interval":{"confidence_level":0.95,"lower_bound":0.5226201371707366,"upper_bound":4.47072172921978},"point_estimate":2.861339849925569,"standard_error":1.0319934423101753}}