{"mean":{"confidence_interval":{"confidence_level":0.95,"lower_bound":28.72720910411087,"upper_bound":29.86962329578681},"point_estimate":29.224453414844483,"standard_error":0.293997563878308},"median":{"confidence_interval":{"confidence_level":0.95,"lower_bound":28.39102733686067,"upper_bound":28.911265432098766},"point_estimate":28.77477579891373,"standard_error":0.16562767572984366},"median_abs_dev":{"confidence_interval":{"confidence_level":0.95,"lower_bound":0.44881364102186316,"upper_bound":0.8442547104776307},"point_estimate":0.7534130133921956,"standard_error":0.11293507166841851},"slope":{"confidence_interval":{"confidence_level":0.95,"lower_bound":28.858408104032232,"upper_bound":29.063406205652797},"point_estimate":28.964722192901593,"standard_error":0.052196412859783714},"std_dev":{"confidence_interval":{"confidence_level":0.95,"lower_bound":0.6058649327342458,"upper_bound":4.362188994245578},"point_estimate":2.943847852233558,"standard_error":0.8947141992518517}}