{"mean":{"confidence_interval":{"confidence_level":0.95,"lower_bound":50.113578159897315,"upper_bound":53.225943585693685},"point_estimate":51.49475491855005,"standard_error":0.8009330189363666},"median":{"confidence_interval":{"confidence_level":0.95,"lower_bound":48.98176305261559,"upper_bound":49.631167157584684},"point_estimate":49.10788497217069,"standard_error":0.17914675580406297},"median_abs_dev":{"confidence_interval":{"confidence_level":0.95,"lower_bound":0.18737079212804933,"upper_bound":1.0893425722374026},"point_estimate":0.40033402822558445,"standard_error":0.24248018826471246},"slope":{"confidence_interval":{"confidence_level":0.95,"lower_bound":49.40073691317073,"upper_bound":50.04288167990836},"point_estimate":49.682624316536135,"standard_error":0.16501010000625563},"std_dev":{"confidence_interval":{"confidence_level":0.95,"lower_bound":3.4239312807302245,"upper_bound":11.68543548472123},"point_estimate":8.057430070540462,"standard_error":2.137524564851988}}