{"mean":{"confidence_interval":{"confidence_level":0.95,"lower_bound":37.4919672891427,"upper_bound":38.8950641619726},"point_estimate":38.113220001217016,"standard_error":0.3614642656117225},"median":{"confidence_interval":{"confidence_level":0.95,"lower_bound":37.07521764376603,"upper_bound":37.39617168473793},"point_estimate":37.27082146248813,"standard_error":0.0743835889159753},"median_abs_dev":{"confidence_interval":{"confidence_level":0.95,"lower_bound":0.387921197401562,"upper_bound":0.6066195157972135},"point_estimate":0.4998099003146303,"standard_error":0.05153198453221806},"slope":{"confidence_interval":{"confidence_level":0.95,"lower_bound":37.22663216783777,"upper_bound":37.66904991594091},"point_estimate":37.423548517882786,"standard_error":0.11385251640315981},"std_dev":{"confidence_interval":{"confidence_level":0.95,"lower_bound":1.4435736095978937,"upper_bound":5.2484102589101305},"point_estimate":3.6426472886330066,"standard_error":0.9796509954227831}}