{"mean":{"confidence_interval":{"confidence_level":0.95,"lower_bound":2.0180817254170957,"upper_bound":2.0362132295533892},"point_estimate":2.0247614070334787,"standard_error":0.0051218369922801646},"median":{"confidence_interval":{"confidence_level":0.95,"lower_bound":2.0170455502231204,"upper_bound":2.018912489379779},"point_estimate":2.017683726494811,"standard_error":0.0005308380427943951},"median_abs_dev":{"confidence_interval":{"confidence_level":0.95,"lower_bound":0.003324788826388113,"upper_bound":0.00608754620788806},"point_estimate":0.004475346562654025,"standard_error":0.0006848386901009511},"slope":{"confidence_interval":{"confidence_level":0.95,"lower_bound":2.017206538896796,"upper_bound":2.0218812414585017},"point_estimate":2.019105098025495,"standard_error":0.0012236436126837546},"std_dev":{"confidence_interval":{"confidence_level":0.95,"lower_bound":0.00832619053895852,"upper_bound":0.08679047344909765},"point_estimate":0.05139627026491372,"standard_error":0.026838349585856437}}