{"mean":{"confidence_interval":{"confidence_level":0.95,"lower_bound":2.335364117976229,"upper_bound":2.3791044158612538},"point_estimate":2.3528014895720117,"standard_error":0.011515452947199337},"median":{"confidence_interval":{"confidence_level":0.95,"lower_bound":2.330077507072506,"upper_bound":2.3331607630368234},"point_estimate":2.331353089180878,"standard_error":0.0008498687115523682},"median_abs_dev":{"confidence_interval":{"confidence_level":0.95,"lower_bound":0.004414566388109825,"upper_bound":0.010614497498792405},"point_estimate":0.007370560577050715,"standard_error":0.001424550461238405},"slope":{"confidence_interval":{"confidence_level":0.95,"lower_bound":2.3331119475106146,"upper_bound":2.3412947457983995},"point_estimate":2.3368669767139028,"standard_error":0.0021119085773175367},"std_dev":{"confidence_interval":{"confidence_level":0.95,"lower_bound":0.020178245629027432,"upper_bound":0.18728444648164508},"point_estimate":0.11507946080503079,"standard_error":0.047620344776121995}}