{"mean":{"confidence_interval":{"confidence_level":0.95,"lower_bound":1.519294867520603,"upper_bound":1.558091671709012},"point_estimate":1.5373673140980086,"standard_error":0.009882775242045453},"median":{"confidence_interval":{"confidence_level":0.95,"lower_bound":1.4970691823069016,"upper_bound":1.5738410232481541},"point_estimate":1.532543590654019,"standard_error":0.019288983186207878},"median_abs_dev":{"confidence_interval":{"confidence_level":0.95,"lower_bound":0.05742777874056078,"upper_bound":0.10851165429601967},"point_estimate":0.0928241363063665,"standard_error":0.012963019009075243},"slope":{"confidence_interval":{"confidence_level":0.95,"lower_bound":1.517694491034491,"upper_bound":1.5573913209645722},"point_estimate":1.5380021878696415,"standard_error":0.010141187154841426},"std_dev":{"confidence_interval":{"confidence_level":0.95,"lower_bound":0.06718744726569664,"upper_bound":0.137110730185264},"point_estimate":0.09939000231123937,"standard_error":0.019901772903837885}}