{"mean":{"confidence_interval":{"confidence_level":0.95,"lower_bound":2.0784867772543185,"upper_bound":2.122210705397974},"point_estimate":2.0984022166808445,"standard_error":0.011172140358154383},"median":{"confidence_interval":{"confidence_level":0.95,"lower_bound":2.0551330661177913,"upper_bound":2.0876785604041412},"point_estimate":2.0709766607686664,"standard_error":0.007830757209914354},"median_abs_dev":{"confidence_interval":{"confidence_level":0.95,"lower_bound":0.05081769663196802,"upper_bound":0.08830617280357886},"point_estimate":0.06990984376696044,"standard_error":0.008731338555079146},"slope":{"confidence_interval":{"confidence_level":0.95,"lower_bound":2.0726538198553013,"upper_bound":2.0955799419395484},"point_estimate":2.0840238747655926,"standard_error":0.005833976439407383},"std_dev":{"confidence_interval":{"confidence_level":0.95,"lower_bound":0.06680449188281724,"upper_bound":0.15745639649148818},"point_estimate":0.11230648814797693,"standard_error":0.023875530456715418}}