{"mean":{"confidence_interval":{"confidence_level":0.95,"lower_bound":-0.003866193199969453,"upper_bound":-0.00017725787909272928},"point_estimate":-0.0016978963226076393,"standard_error":0.000959999697747109},"median":{"confidence_interval":{"confidence_level":0.95,"lower_bound":-0.0029384354623940585,"upper_bound":0.0009418534292815472},"point_estimate":-0.00145099109334057,"standard_error":0.0010598737075431955}}