{"mean":{"confidence_interval":{"confidence_level":0.95,"lower_bound":-0.001149551059845607,"upper_bound":0.003954903311951834},"point_estimate":0.0013776957284985514,"standard_error":0.0013104603747016905},"median":{"confidence_interval":{"confidence_level":0.95,"lower_bound":-0.0004655972756608673,"upper_bound":0.000952602044256512},"point_estimate":0.00005646958219540643,"standard_error":0.00035841701862225617}}