{"mean":{"confidence_interval":{"confidence_level":0.95,"lower_bound":1.1822368150271505,"upper_bound":1.208665809289103},"point_estimate":1.1935693736382236,"standard_error":0.0069364054268845},"median":{"confidence_interval":{"confidence_level":0.95,"lower_bound":1.1823426535655082,"upper_bound":1.1899029889099153},"point_estimate":1.1856480343638913,"standard_error":0.002174273887665601}}