{"mean":{"confidence_interval":{"confidence_level":0.95,"lower_bound":324.66818414788827,"upper_bound":326.6175571799164},"point_estimate":325.59454228474067,"standard_error":0.4966331301019196},"median":{"confidence_interval":{"confidence_level":0.95,"lower_bound":324.4842182566295,"upper_bound":326.45991058462147},"point_estimate":325.5735453371652,"standard_error":0.5807633536877335},"median_abs_dev":{"confidence_interval":{"confidence_level":0.95,"lower_bound":3.211273314758534,"upper_bound":5.304098941204121},"point_estimate":3.953868742908303,"standard_error":0.533267641841182},"slope":{"confidence_interval":{"confidence_level":0.95,"lower_bound":325.2067533206971,"upper_bound":326.82516279049537},"point_estimate":326.02793613729267,"standard_error":0.4122529086476619},"std_dev":{"confidence_interval":{"confidence_level":0.95,"lower_bound":3.5961508556417106,"upper_bound":6.647146167274902},"point_estimate":4.989877500711256,"standard_error":0.8504718498100406}}