{"mean":{"confidence_interval":{"confidence_level":0.95,"lower_bound":277.235495900079,"upper_bound":278.56493651006997},"point_estimate":277.74311347707226,"standard_error":0.36249943272046464},"median":{"confidence_interval":{"confidence_level":0.95,"lower_bound":277.336629844119,"upper_bound":277.463777300977},"point_estimate":277.38747710622715,"standard_error":0.03247498422490162},"median_abs_dev":{"confidence_interval":{"confidence_level":0.95,"lower_bound":0.23583031157766227,"upper_bound":0.5517444121319376},"point_estimate":0.3643626276405471,"standard_error":0.08409030404661914},"slope":{"confidence_interval":{"confidence_level":0.95,"lower_bound":277.3420418905446,"upper_bound":277.5121550443404},"point_estimate":277.4251727821079,"standard_error":0.04342735369007321},"std_dev":{"confidence_interval":{"confidence_level":0.95,"lower_bound":0.6171431578016969,"upper_bound":6.124515810343277},"point_estimate":3.6486619767824635,"standard_error":1.785239718436717}}