{"mean":{"confidence_interval":{"confidence_level":0.95,"lower_bound":3.799472837113145,"upper_bound":3.9593631108014957},"point_estimate":3.879144288645945,"standard_error":0.040743587747162},"median":{"confidence_interval":{"confidence_level":0.95,"lower_bound":4.058311197785304,"upper_bound":4.063230050557781},"point_estimate":4.060526176030583,"standard_error":0.001130515567903849},"median_abs_dev":{"confidence_interval":{"confidence_level":0.95,"lower_bound":0.009447553835677096,"upper_bound":0.02377118569282289},"point_estimate":0.015136712342444307,"standard_error":0.004139121617905459},"slope":{"confidence_interval":{"confidence_level":0.95,"lower_bound":4.039888092726883,"upper_bound":4.062834480336908},"point_estimate":4.052584412433757,"standard_error":0.00583901091314978},"std_dev":{"confidence_interval":{"confidence_level":0.95,"lower_bound":0.33259007420581044,"upper_bound":0.4947333897598678},"point_estimate":0.4099583966068609,"standard_error":0.042008098269920434}}