{"mean":{"confidence_interval":{"confidence_level":0.95,"lower_bound":3.661017320181383,"upper_bound":3.7411114940624195},"point_estimate":3.7019784664802153,"standard_error":0.020386646423810027},"median":{"confidence_interval":{"confidence_level":0.95,"lower_bound":3.7509631889389343,"upper_bound":3.7554851807112706},"point_estimate":3.7533946411353742,"standard_error":0.0013147119899265256},"median_abs_dev":{"confidence_interval":{"confidence_level":0.95,"lower_bound":0.0064932166785381645,"upper_bound":0.012176402838110759},"point_estimate":0.008075551098778824,"standard_error":0.0014670627278108835},"slope":{"confidence_interval":{"confidence_level":0.95,"lower_bound":3.752056037632501,"upper_bound":3.7640725617343036},"point_estimate":3.757517071454591,"standard_error":0.0030793710755485718},"std_dev":{"confidence_interval":{"confidence_level":0.95,"lower_bound":0.15482472245775578,"upper_bound":0.2479828582184504},"point_estimate":0.2051110415949508,"standard_error":0.023687831705050448}}