{"mean":{"confidence_interval":{"confidence_level":0.95,"lower_bound":3.586151960495586,"upper_bound":3.684574545431932},"point_estimate":3.6280555518634117,"standard_error":0.02544880170748506},"median":{"confidence_interval":{"confidence_level":0.95,"lower_bound":3.55916187531641,"upper_bound":3.5966906724418415},"point_estimate":3.5726379588354797,"standard_error":0.00950273073950112},"median_abs_dev":{"confidence_interval":{"confidence_level":0.95,"lower_bound":0.06087047034026599,"upper_bound":0.11377996491298854},"point_estimate":0.08037581539982698,"standard_error":0.012936876242615036},"slope":{"confidence_interval":{"confidence_level":0.95,"lower_bound":3.5839819846034113,"upper_bound":3.6674684395074664},"point_estimate":3.620961109878665,"standard_error":0.021535343474567602},"std_dev":{"confidence_interval":{"confidence_level":0.95,"lower_bound":0.10508412329716454,"upper_bound":0.3960305861966543},"point_estimate":0.2547353198032792,"standard_error":0.08586424018793437}}