{"mean":{"confidence_interval":{"confidence_level":0.95,"lower_bound":30.30541569433415,"upper_bound":31.652036045543568},"point_estimate":30.895228706712942,"standard_error":0.34065050719282286},"median":{"confidence_interval":{"confidence_level":0.95,"lower_bound":30.070390632682994,"upper_bound":30.233662233662233},"point_estimate":30.114743474818102,"standard_error":0.038863316681822746},"median_abs_dev":{"confidence_interval":{"confidence_level":0.95,"lower_bound":0.1575164952218416,"upper_bound":0.42372640463951244},"point_estimate":0.33601783187232975,"standard_error":0.06792696806858263},"slope":{"confidence_interval":{"confidence_level":0.95,"lower_bound":30.26728164043825,"upper_bound":30.409406840816633},"point_estimate":30.338013957507087,"standard_error":0.036287458548326934},"std_dev":{"confidence_interval":{"confidence_level":0.95,"lower_bound":0.5874867663131615,"upper_bound":5.040860104444144},"point_estimate":3.4301674907294952,"standard_error":1.0173752441395474}}