{"mean":{"confidence_interval":{"confidence_level":0.95,"lower_bound":29.221254958409858,"upper_bound":29.910843608796416},"point_estimate":29.515628382466844,"standard_error":0.17924953721639492},"median":{"confidence_interval":{"confidence_level":0.95,"lower_bound":28.99549171734116,"upper_bound":29.224918507787034},"point_estimate":29.03742789567228,"standard_error":0.048258288519998103},"median_abs_dev":{"confidence_interval":{"confidence_level":0.95,"lower_bound":0.09847410648546981,"upper_bound":0.36600030303330144},"point_estimate":0.1879248493774219,"standard_error":0.07549691909917625},"slope":{"confidence_interval":{"confidence_level":0.95,"lower_bound":29.16569614382115,"upper_bound":29.370509076307993},"point_estimate":29.253932530554597,"standard_error":0.052955908395051446},"std_dev":{"confidence_interval":{"confidence_level":0.95,"lower_bound":0.48994622410144556,"upper_bound":2.7646134482669003},"point_estimate":1.8108908808306132,"standard_error":0.601943043356909}}