{"mean":{"confidence_interval":{"confidence_level":0.95,"lower_bound":30.278265804091383,"upper_bound":31.954434033160744},"point_estimate":31.02476138591693,"standard_error":0.43128587989693373},"median":{"confidence_interval":{"confidence_level":0.95,"lower_bound":29.79984332158245,"upper_bound":30.17370819094957},"point_estimate":29.905671387230253,"standard_error":0.13329914889123506},"median_abs_dev":{"confidence_interval":{"confidence_level":0.95,"lower_bound":0.2267684980688048,"upper_bound":0.5991810610938894},"point_estimate":0.39499027229965994,"standard_error":0.1001814089396246},"slope":{"confidence_interval":{"confidence_level":0.95,"lower_bound":30.040176132144172,"upper_bound":30.173509461845203},"point_estimate":30.10714663237199,"standard_error":0.03391633123263846},"std_dev":{"confidence_interval":{"confidence_level":0.95,"lower_bound":2.1264317258513317,"upper_bound":6.043949030385765},"point_estimate":4.343767366315129,"standard_error":1.0443240111525598}}