{"mean":{"confidence_interval":{"confidence_level":0.95,"lower_bound":45.97719725415523,"upper_bound":47.969313270233236},"point_estimate":46.83816598721844,"standard_error":0.5132013681305766},"median":{"confidence_interval":{"confidence_level":0.95,"lower_bound":45.40735294117647,"upper_bound":45.58185836834734},"point_estimate":45.46043080693816,"standard_error":0.04735483554808327},"median_abs_dev":{"confidence_interval":{"confidence_level":0.95,"lower_bound":0.13925216608039614,"upper_bound":0.37464700259556805},"point_estimate":0.22399557904372192,"standard_error":0.05827240308427804},"slope":{"confidence_interval":{"confidence_level":0.95,"lower_bound":45.64374933718681,"upper_bound":46.18199063917911},"point_estimate":45.89122554090352,"standard_error":0.1376932687162771},"std_dev":{"confidence_interval":{"confidence_level":0.95,"lower_bound":1.6151614926526292,"upper_bound":7.785399154150684},"point_estimate":5.168131345885009,"standard_error":1.5604486512401838}}