{"mean":{"confidence_interval":{"confidence_level":0.95,"lower_bound":45.33123843104085,"upper_bound":48.503521506352456},"point_estimate":46.76998789568163,"standard_error":0.8135061593930795},"median":{"confidence_interval":{"confidence_level":0.95,"lower_bound":44.20343023384439,"upper_bound":44.52216339137223},"point_estimate":44.29597189695551,"standard_error":0.06997815506102244},"median_abs_dev":{"confidence_interval":{"confidence_level":0.95,"lower_bound":0.31354966069985857,"upper_bound":0.7527802173622652},"point_estimate":0.44746507114353784,"standard_error":0.09638581938104891},"slope":{"confidence_interval":{"confidence_level":0.95,"lower_bound":44.48670221652083,"upper_bound":45.49838988052519},"point_estimate":44.918446220447834,"standard_error":0.260086704967826},"std_dev":{"confidence_interval":{"confidence_level":0.95,"lower_bound":4.100051473576351,"upper_bound":11.18063045229001},"point_estimate":8.191333949178855,"standard_error":1.7808512444042877}}