{"mean":{"confidence_interval":{"confidence_level":0.95,"lower_bound":37.73106920993914,"upper_bound":39.547521260850225},"point_estimate":38.556066304952985,"standard_error":0.46436477103418444},"median":{"confidence_interval":{"confidence_level":0.95,"lower_bound":36.986631503872886,"upper_bound":37.45454545454545},"point_estimate":37.200091021861354,"standard_error":0.1266277356975133},"median_abs_dev":{"confidence_interval":{"confidence_level":0.95,"lower_bound":0.8310832175685517,"upper_bound":2.0981867977665742},"point_estimate":1.3388793654190916,"standard_error":0.3297558979765602},"slope":{"confidence_interval":{"confidence_level":0.95,"lower_bound":37.732138165359956,"upper_bound":38.58882578129189},"point_estimate":38.17783109654249,"standard_error":0.2195272223636338},"std_dev":{"confidence_interval":{"confidence_level":0.95,"lower_bound":2.4533710024730007,"upper_bound":6.472465340046457},"point_estimate":4.659206698053953,"standard_error":1.0372606919202663}}