{"mean":{"confidence_interval":{"confidence_level":0.95,"lower_bound":149838.64455423172,"upper_bound":151806.87064012265},"point_estimate":150826.31119429585,"standard_error":502.41364084574064},"median":{"confidence_interval":{"confidence_level":0.95,"lower_bound":149991.12518409424,"upper_bound":151453.13151927438},"point_estimate":150689.63013443735,"standard_error":376.92744491499076},"median_abs_dev":{"confidence_interval":{"confidence_level":0.95,"lower_bound":3422.4928661027966,"upper_bound":7072.005950426823},"point_estimate":5023.085220688248,"standard_error":896.7513997468145},"slope":{"confidence_interval":{"confidence_level":0.95,"lower_bound":148586.30099396757,"upper_bound":151306.09877611118},"point_estimate":149954.35631108953,"standard_error":696.1177442040669},"std_dev":{"confidence_interval":{"confidence_level":0.95,"lower_bound":4388.865809307897,"upper_bound":5672.261294849296},"point_estimate":5066.528450834283,"standard_error":328.5591822115098}}