{"mean":{"confidence_interval":{"confidence_level":0.95,"lower_bound":51.29773105504385,"upper_bound":55.18673656937881},"point_estimate":53.00039666645532,"standard_error":1.002017108192163},"median":{"confidence_interval":{"confidence_level":0.95,"lower_bound":49.988135026737964,"upper_bound":50.65079365079365},"point_estimate":50.152902652902654,"standard_error":0.23655648493822087},"median_abs_dev":{"confidence_interval":{"confidence_level":0.95,"lower_bound":0.3035475363980907,"upper_bound":1.1414518760491768},"point_estimate":0.5810443698386158,"standard_error":0.266675401657771},"slope":{"confidence_interval":{"confidence_level":0.95,"lower_bound":50.48358287151244,"upper_bound":51.002845423429164},"point_estimate":50.723129133808904,"standard_error":0.13218234173045396},"std_dev":{"confidence_interval":{"confidence_level":0.95,"lower_bound":4.341991262160315,"upper_bound":14.946687310741366},"point_estimate":10.052304688544535,"standard_error":2.783527894860261}}