{"mean":{"confidence_interval":{"confidence_level":0.95,"lower_bound":50.66577206986988,"upper_bound":53.0633867237067},"point_estimate":51.72801195237305,"standard_error":0.6162707118403288},"median":{"confidence_interval":{"confidence_level":0.95,"lower_bound":49.719773492500764,"upper_bound":50.028102453102456},"point_estimate":49.7986955420466,"standard_error":0.09625912256953499},"median_abs_dev":{"confidence_interval":{"confidence_level":0.95,"lower_bound":0.24351013732674573,"upper_bound":0.7306766862586912},"point_estimate":0.3556146734386458,"standard_error":0.13482917089584204},"slope":{"confidence_interval":{"confidence_level":0.95,"lower_bound":49.9630040975972,"upper_bound":50.49174052923366},"point_estimate":50.20181692796145,"standard_error":0.13451203271060228},"std_dev":{"confidence_interval":{"confidence_level":0.95,"lower_bound":2.6283996584827345,"upper_bound":8.901157058462076},"point_estimate":6.191773959235259,"standard_error":1.5824673396782092}}