{"mean":{"confidence_interval":{"confidence_level":0.95,"lower_bound":33.32536511821576,"upper_bound":34.52525502170779},"point_estimate":33.81848562017877,"standard_error":0.31297487661036166},"median":{"confidence_interval":{"confidence_level":0.95,"lower_bound":33.0396174863388,"upper_bound":33.45356857257097},"point_estimate":33.18788924775458,"standard_error":0.1500587748607453},"median_abs_dev":{"confidence_interval":{"confidence_level":0.95,"lower_bound":0.3145309472731663,"upper_bound":0.6304294590138774},"point_estimate":0.4497467915846009,"standard_error":0.09010230108839665},"slope":{"confidence_interval":{"confidence_level":0.95,"lower_bound":33.36379543892877,"upper_bound":33.61083956680548},"point_estimate":33.47243740718579,"standard_error":0.06317601667581563},"std_dev":{"confidence_interval":{"confidence_level":0.95,"lower_bound":0.632651035563424,"upper_bound":5.0198890999225805},"point_estimate":3.149385055736481,"standard_error":1.199451808404664}}