{"mean":{"confidence_interval":{"confidence_level":0.95,"lower_bound":33.58618644911936,"upper_bound":35.05829098020971},"point_estimate":34.23002392359893,"standard_error":0.3748119554435315},"median":{"confidence_interval":{"confidence_level":0.95,"lower_bound":33.31343354131216,"upper_bound":33.598348255634455},"point_estimate":33.42733739837398,"standard_error":0.09265407341691281},"median_abs_dev":{"confidence_interval":{"confidence_level":0.95,"lower_bound":0.2189915340525023,"upper_bound":0.5017243750109359},"point_estimate":0.34592912071293747,"standard_error":0.07518880301339159},"slope":{"confidence_interval":{"confidence_level":0.95,"lower_bound":33.4154764151012,"upper_bound":33.55858502838525},"point_estimate":33.48552270043167,"standard_error":0.0365781233355128},"std_dev":{"confidence_interval":{"confidence_level":0.95,"lower_bound":0.6780601226822375,"upper_bound":5.639315475216051},"point_estimate":3.7776936440815514,"standard_error":1.1463186015846845}}