{"mean":{"confidence_interval":{"confidence_level":0.95,"lower_bound":26.615117093382544,"upper_bound":27.598927845326394},"point_estimate":27.045594147846653,"standard_error":0.2523702080066216},"median":{"confidence_interval":{"confidence_level":0.95,"lower_bound":26.3075986784907,"upper_bound":26.66510172143975},"point_estimate":26.38977431842517,"standard_error":0.09933097205223004},"median_abs_dev":{"confidence_interval":{"confidence_level":0.95,"lower_bound":0.21417551949202207,"upper_bound":0.5599532996870155},"point_estimate":0.34408020156734687,"standard_error":0.09607024992977921},"slope":{"confidence_interval":{"confidence_level":0.95,"lower_bound":26.48690913168113,"upper_bound":26.70016094692231},"point_estimate":26.589206054513376,"standard_error":0.05433629420554793},"std_dev":{"confidence_interval":{"confidence_level":0.95,"lower_bound":0.554097451036025,"upper_bound":3.7637737078104174},"point_estimate":2.546945498960005,"standard_error":0.7591111165016164}}