{"mean":{"confidence_interval":{"confidence_level":0.95,"lower_bound":35.32666213854768,"upper_bound":36.376020699091114},"point_estimate":35.7591380515132,"standard_error":0.27433459361566903},"median":{"confidence_interval":{"confidence_level":0.95,"lower_bound":34.988600845743704,"upper_bound":35.30878672284922},"point_estimate":35.14633216549883,"standard_error":0.09077597795414823},"median_abs_dev":{"confidence_interval":{"confidence_level":0.95,"lower_bound":0.25695359565128756,"upper_bound":0.5679853475216384},"point_estimate":0.38029065057248157,"standard_error":0.08432877130269198},"slope":{"confidence_interval":{"confidence_level":0.95,"lower_bound":35.151831988310185,"upper_bound":35.29811253557164},"point_estimate":35.22270852054951,"standard_error":0.037343652901411784},"std_dev":{"confidence_interval":{"confidence_level":0.95,"lower_bound":0.7546700740233478,"upper_bound":4.427404261339993},"point_estimate":2.762140383599046,"standard_error":1.0563532144377805}}