{"mean":{"confidence_interval":{"confidence_level":0.95,"lower_bound":35.21791595296122,"upper_bound":37.2565797686671},"point_estimate":36.08939031957994,"standard_error":0.5272249710868615},"median":{"confidence_interval":{"confidence_level":0.95,"lower_bound":34.855134074558535,"upper_bound":35.00507793764989},"point_estimate":34.91755232177894,"standard_error":0.03422502962213073},"median_abs_dev":{"confidence_interval":{"confidence_level":0.95,"lower_bound":0.2674909334096511,"upper_bound":0.4729844081161519},"point_estimate":0.38663166493626516,"standard_error":0.05227547641081107},"slope":{"confidence_interval":{"confidence_level":0.95,"lower_bound":34.908474576233694,"upper_bound":35.21733808183846},"point_estimate":35.03692505490214,"standard_error":0.08050759066002951},"std_dev":{"confidence_interval":{"confidence_level":0.95,"lower_bound":1.2269240979844176,"upper_bound":8.137640567668386},"point_estimate":5.307032408742062,"standard_error":1.7693525053260506}}