{"mean":{"confidence_interval":{"confidence_level":0.95,"lower_bound":33.6191020883707,"upper_bound":35.00563065887225},"point_estimate":34.223731595990586,"standard_error":0.3565596868790942},"median":{"confidence_interval":{"confidence_level":0.95,"lower_bound":33.340462348178136,"upper_bound":33.48129458450047},"point_estimate":33.42517583761311,"standard_error":0.04109539914205356},"median_abs_dev":{"confidence_interval":{"confidence_level":0.95,"lower_bound":0.3275759256129285,"upper_bound":0.5818761484048155},"point_estimate":0.4637360917670369,"standard_error":0.06267416742980385},"slope":{"confidence_interval":{"confidence_level":0.95,"lower_bound":33.42030894372868,"upper_bound":33.91955726580905},"point_estimate":33.60496158415842,"standard_error":0.13548894304517203},"std_dev":{"confidence_interval":{"confidence_level":0.95,"lower_bound":1.2253866761300987,"upper_bound":5.236795100862051},"point_estimate":3.5844806459980867,"standard_error":0.9931086865706168}}