{"mean":{"confidence_interval":{"confidence_level":0.95,"lower_bound":35.493752592496364,"upper_bound":36.592294165904114},"point_estimate":35.97637276005992,"standard_error":0.28145420427396955},"median":{"confidence_interval":{"confidence_level":0.95,"lower_bound":35.25149844162071,"upper_bound":35.63300473638494},"point_estimate":35.39254192633126,"standard_error":0.12220551991300106},"median_abs_dev":{"confidence_interval":{"confidence_level":0.95,"lower_bound":0.46837315944435914,"upper_bound":0.683854578462164},"point_estimate":0.6018930443281126,"standard_error":0.059915886234919676},"slope":{"confidence_interval":{"confidence_level":0.95,"lower_bound":35.447867148999464,"upper_bound":35.61675010649101},"point_estimate":35.53179399342225,"standard_error":0.043017711125348884},"std_dev":{"confidence_interval":{"confidence_level":0.95,"lower_bound":0.7285393282364333,"upper_bound":4.099445848053208},"point_estimate":2.828226376872259,"standard_error":0.7885204791127465}}