{"mean":{"confidence_interval":{"confidence_level":0.95,"lower_bound":7.962963435509392,"upper_bound":8.25674850095944},"point_estimate":8.103731836305927,"standard_error":0.0750728981571918},"median":{"confidence_interval":{"confidence_level":0.95,"lower_bound":7.839061061251513,"upper_bound":8.25982320483738},"point_estimate":8.015513727995835,"standard_error":0.11407346754013127},"median_abs_dev":{"confidence_interval":{"confidence_level":0.95,"lower_bound":0.600746717121946,"upper_bound":0.8899744690835889},"point_estimate":0.7251902868052609,"standard_error":0.07126756600905051},"slope":{"confidence_interval":{"confidence_level":0.95,"lower_bound":8.412060123208654,"upper_bound":8.671161575653366},"point_estimate":8.548803670524059,"standard_error":0.06599060110970352},"std_dev":{"confidence_interval":{"confidence_level":0.95,"lower_bound":0.5680712369332968,"upper_bound":0.9789086532968543},"point_estimate":0.7534056864657911,"standard_error":0.11555548098464206}}