{"mean":{"confidence_interval":{"confidence_level":0.95,"lower_bound":8.361106292557764,"upper_bound":8.650872275580149},"point_estimate":8.492208818595639,"standard_error":0.07410863219413369},"median":{"confidence_interval":{"confidence_level":0.95,"lower_bound":8.392890161644992,"upper_bound":8.530929692039512},"point_estimate":8.453347347073635,"standard_error":0.039936089410034084},"median_abs_dev":{"confidence_interval":{"confidence_level":0.95,"lower_bound":0.2594777918291662,"upper_bound":0.4803063562591261},"point_estimate":0.3365680446317515,"standard_error":0.05600259226522971},"slope":{"confidence_interval":{"confidence_level":0.95,"lower_bound":8.464275611841755,"upper_bound":8.57860808270311},"point_estimate":8.518631148856429,"standard_error":0.029108224685095968},"std_dev":{"confidence_interval":{"confidence_level":0.95,"lower_bound":0.4382998235222306,"upper_bound":1.086711579365553},"point_estimate":0.745683317818478,"standard_error":0.19257534142922095}}