{"mean":{"confidence_interval":{"confidence_level":0.95,"lower_bound":8.01547879353593,"upper_bound":8.208499106781057},"point_estimate":8.094625805914877,"standard_error":0.05046682191474101},"median":{"confidence_interval":{"confidence_level":0.95,"lower_bound":7.973453323121436,"upper_bound":8.023379339126407},"point_estimate":7.992397366119935,"standard_error":0.014678135483949743},"median_abs_dev":{"confidence_interval":{"confidence_level":0.95,"lower_bound":0.07884107018847122,"upper_bound":0.17543322547440274},"point_estimate":0.11972739570690988,"standard_error":0.024140171705612702},"slope":{"confidence_interval":{"confidence_level":0.95,"lower_bound":8.031834003962155,"upper_bound":8.132632791585122},"point_estimate":8.077593114361562,"standard_error":0.02575655600942236},"std_dev":{"confidence_interval":{"confidence_level":0.95,"lower_bound":0.15260306239811736,"upper_bound":0.8176745020544145},"point_estimate":0.5087947751152562,"standard_error":0.1987056420262964}}