{"mean":{"confidence_interval":{"confidence_level":0.95,"lower_bound":9.170065476969233,"upper_bound":9.436178153361373},"point_estimate":9.275724193100286,"standard_error":0.07046221396309452},"median":{"confidence_interval":{"confidence_level":0.95,"lower_bound":9.154315633637625,"upper_bound":9.169451289874631},"point_estimate":9.164308495423342,"standard_error":0.003422840916766684},"median_abs_dev":{"confidence_interval":{"confidence_level":0.95,"lower_bound":0.019450289369364084,"upper_bound":0.033134837468421614},"point_estimate":0.025363051626457373,"standard_error":0.0034634620216871244},"slope":{"confidence_interval":{"confidence_level":0.95,"lower_bound":9.161315121316404,"upper_bound":9.206623767753895},"point_estimate":9.179795734944237,"standard_error":0.011863777515006472},"std_dev":{"confidence_interval":{"confidence_level":0.95,"lower_bound":0.0673954419749258,"upper_bound":1.1369532069580977},"point_estimate":0.7045663049952063,"standard_error":0.2933092067111265}}