{"mean":{"confidence_interval":{"confidence_level":0.95,"lower_bound":10.746299290092834,"upper_bound":10.928351604542426},"point_estimate":10.814841861071468,"standard_error":0.0496278371873203},"median":{"confidence_interval":{"confidence_level":0.95,"lower_bound":10.713456922730106,"upper_bound":10.72955610320785},"point_estimate":10.719367108493465,"standard_error":0.0048368604341064506},"median_abs_dev":{"confidence_interval":{"confidence_level":0.95,"lower_bound":0.023730161139257345,"upper_bound":0.05216159675628779},"point_estimate":0.03389415482718649,"standard_error":0.007716005768986226},"slope":{"confidence_interval":{"confidence_level":0.95,"lower_bound":10.740623751286778,"upper_bound":10.776516851160594},"point_estimate":10.75783671699438,"standard_error":0.009180470850687093},"std_dev":{"confidence_interval":{"confidence_level":0.95,"lower_bound":0.09370784343454568,"upper_bound":0.8358411835861952},"point_estimate":0.49954460365724457,"standard_error":0.2445991407357257}}