{"mean":{"confidence_interval":{"confidence_level":0.95,"lower_bound":447.07072146821594,"upper_bound":448.75335429434125},"point_estimate":447.93357288542967,"standard_error":0.43017822467371425},"median":{"confidence_interval":{"confidence_level":0.95,"lower_bound":448.3721389005017,"upper_bound":449.89000609308226},"point_estimate":449.24143366228066,"standard_error":0.39042230186745824},"median_abs_dev":{"confidence_interval":{"confidence_level":0.95,"lower_bound":1.992741641871462,"upper_bound":3.925254339223699},"point_estimate":3.0280816292754356,"standard_error":0.5075956883803789},"slope":{"confidence_interval":{"confidence_level":0.95,"lower_bound":444.55297490238223,"upper_bound":447.06717866314386},"point_estimate":445.79929963425445,"standard_error":0.6421967892795203},"std_dev":{"confidence_interval":{"confidence_level":0.95,"lower_bound":3.6044638420147974,"upper_bound":4.937199963679361},"point_estimate":4.316675393321906,"standard_error":0.33850791774939437}}