{"mean":{"confidence_interval":{"confidence_level":0.95,"lower_bound":339.6544178896559,"upper_bound":341.39958326777077},"point_estimate":340.35745731084694,"standard_error":0.45785906316783936},"median":{"confidence_interval":{"confidence_level":0.95,"lower_bound":339.91082628173217,"upper_bound":340.3095091077493},"point_estimate":340.1136725488725,"standard_error":0.11222287458353142},"median_abs_dev":{"confidence_interval":{"confidence_level":0.95,"lower_bound":0.6391044495009204,"upper_bound":1.1326452131895057},"point_estimate":0.9630627006722674,"standard_error":0.12565112262064965},"slope":{"confidence_interval":{"confidence_level":0.95,"lower_bound":340.21176299611255,"upper_bound":340.67091329890997},"point_estimate":340.4292499056448,"standard_error":0.117064284311227},"std_dev":{"confidence_interval":{"confidence_level":0.95,"lower_bound":1.1828866994542906,"upper_bound":7.625420192324818},"point_estimate":4.608307782330969,"standard_error":2.0210389879476356}}