{"mean":{"confidence_interval":{"confidence_level":0.95,"lower_bound":341.7770850933558,"upper_bound":343.44450567183435},"point_estimate":342.4815697252847,"standard_error":0.42668432049844146},"median":{"confidence_interval":{"confidence_level":0.95,"lower_bound":342.20087565674254,"upper_bound":342.46624253904713},"point_estimate":342.3280232610355,"standard_error":0.06481220292024427},"median_abs_dev":{"confidence_interval":{"confidence_level":0.95,"lower_bound":0.5750418526773579,"upper_bound":0.899514257555057},"point_estimate":0.7611925766323057,"standard_error":0.08057833426657354},"slope":{"confidence_interval":{"confidence_level":0.95,"lower_bound":342.4380008428551,"upper_bound":342.7814278091234},"point_estimate":342.6051835359452,"standard_error":0.08782449493096753},"std_dev":{"confidence_interval":{"confidence_level":0.95,"lower_bound":1.4579364451658827,"upper_bound":6.897718002535542},"point_estimate":4.2868410777700845,"standard_error":1.6163333785463851}}