{"mean":{"confidence_interval":{"confidence_level":0.95,"lower_bound":543.7159436218911,"upper_bound":544.7111530027773},"point_estimate":544.213629986081,"standard_error":0.25489226804159143},"median":{"confidence_interval":{"confidence_level":0.95,"lower_bound":543.6743790656417,"upper_bound":544.4859905232097},"point_estimate":544.0987634755542,"standard_error":0.17741802585628902},"median_abs_dev":{"confidence_interval":{"confidence_level":0.95,"lower_bound":1.4158380356545595,"upper_bound":2.9539498445520147},"point_estimate":2.305911343019354,"standard_error":0.3991100721120753},"slope":{"confidence_interval":{"confidence_level":0.95,"lower_bound":545.0630591311808,"upper_bound":545.8854926527869},"point_estimate":545.4809516689553,"standard_error":0.20976792250301846},"std_dev":{"confidence_interval":{"confidence_level":0.95,"lower_bound":2.1359655414207936,"upper_bound":2.9662924902317793},"point_estimate":2.568748379946308,"standard_error":0.2119289499198406}}