{"mean":{"confidence_interval":{"confidence_level":0.95,"lower_bound":550.6995302358836,"upper_bound":551.4141281905474},"point_estimate":551.0718235008444,"standard_error":0.18230776887408542},"median":{"confidence_interval":{"confidence_level":0.95,"lower_bound":551.1103037587413,"upper_bound":551.6851076555024},"point_estimate":551.4258456541219,"standard_error":0.13369046240237498},"median_abs_dev":{"confidence_interval":{"confidence_level":0.95,"lower_bound":0.847332415548436,"upper_bound":1.4442617122119206},"point_estimate":1.111481987842938,"standard_error":0.15807007376998242},"slope":{"confidence_interval":{"confidence_level":0.95,"lower_bound":551.409165670777,"upper_bound":551.9110418361913},"point_estimate":551.6601504544111,"standard_error":0.1283449611425524},"std_dev":{"confidence_interval":{"confidence_level":0.95,"lower_bound":1.3909463475141124,"upper_bound":2.2337239684384977},"point_estimate":1.8399604388079298,"standard_error":0.2155354851659227}}