{"mean":{"confidence_interval":{"confidence_level":0.95,"lower_bound":423.56701789594695,"upper_bound":424.46956935758914},"point_estimate":423.96189665884447,"standard_error":0.23428737963034807},"median":{"confidence_interval":{"confidence_level":0.95,"lower_bound":423.261324380869,"upper_bound":423.43387515262515},"point_estimate":423.34845036253614,"standard_error":0.047639587101420904},"median_abs_dev":{"confidence_interval":{"confidence_level":0.95,"lower_bound":0.2856340682949693,"upper_bound":0.5656527933070828},"point_estimate":0.39738738135642143,"standard_error":0.07185039873726246},"slope":{"confidence_interval":{"confidence_level":0.95,"lower_bound":423.143315408227,"upper_bound":423.2718852205068},"point_estimate":423.205166622423,"standard_error":0.032765380068720165},"std_dev":{"confidence_interval":{"confidence_level":0.95,"lower_bound":0.8938366617161662,"upper_bound":3.6093018947616664},"point_estimate":2.363842310562991,"standard_error":0.7207981826870667}}