{"mean":{"confidence_interval":{"confidence_level":0.95,"lower_bound":341.365899197877,"upper_bound":344.11359145499927},"point_estimate":342.5930735867743,"standard_error":0.7043896631828312},"median":{"confidence_interval":{"confidence_level":0.95,"lower_bound":342.21763382816016,"upper_bound":342.665178096757},"point_estimate":342.43703963612734,"standard_error":0.09936216284154135},"median_abs_dev":{"confidence_interval":{"confidence_level":0.95,"lower_bound":0.7758102486348035,"upper_bound":1.3473779932332315},"point_estimate":1.1014961735756574,"standard_error":0.15956805141729108},"slope":{"confidence_interval":{"confidence_level":0.95,"lower_bound":342.49706640733604,"upper_bound":343.1777832039497},"point_estimate":342.79094023369345,"standard_error":0.1757001534717465},"std_dev":{"confidence_interval":{"confidence_level":0.95,"lower_bound":2.788501888141845,"upper_bound":10.618835448067955},"point_estimate":7.085263696412919,"standard_error":2.049297070438036}}