{"mean":{"confidence_interval":{"confidence_level":0.95,"lower_bound":443.71832340337966,"upper_bound":486.15791015779814},"point_estimate":460.81749384007884,"standard_error":11.177186713165183},"median":{"confidence_interval":{"confidence_level":0.95,"lower_bound":433.4637405830331,"upper_bound":444.8153331487634},"point_estimate":438.8437794497644,"standard_error":3.2315649229538317},"median_abs_dev":{"confidence_interval":{"confidence_level":0.95,"lower_bound":16.101095706123953,"upper_bound":30.60761860598153},"point_estimate":24.457311786482222,"standard_error":3.7842685437710832},"slope":{"confidence_interval":{"confidence_level":0.95,"lower_bound":439.2603147017614,"upper_bound":460.0683249881175},"point_estimate":449.029627776384,"standard_error":5.320511336520866},"std_dev":{"confidence_interval":{"confidence_level":0.95,"lower_bound":33.03024992006601,"upper_bound":181.42573364785508},"point_estimate":111.8512354481125,"standard_error":45.86376915683737}}