{"mean":{"confidence_interval":{"confidence_level":0.95,"lower_bound":334.5376852715627,"upper_bound":335.90206511393114},"point_estimate":335.10466017052005,"standard_error":0.35528770191452985},"median":{"confidence_interval":{"confidence_level":0.95,"lower_bound":334.8681464596311,"upper_bound":335.12384349498416},"point_estimate":335.02165935479616,"standard_error":0.06361272371141337},"median_abs_dev":{"confidence_interval":{"confidence_level":0.95,"lower_bound":0.4372937935437953,"upper_bound":0.7008600537037919},"point_estimate":0.5678522946195158,"standard_error":0.06618078877425895},"slope":{"confidence_interval":{"confidence_level":0.95,"lower_bound":335.02080023400276,"upper_bound":335.49200163778437},"point_estimate":335.23328447685657,"standard_error":0.12091711550132593},"std_dev":{"confidence_interval":{"confidence_level":0.95,"lower_bound":1.0179433757177956,"upper_bound":5.861549811495791},"point_estimate":3.577107014819379,"standard_error":1.4753001236483343}}