{"mean":{"confidence_interval":{"confidence_level":0.95,"lower_bound":423.11487619705264,"upper_bound":424.1025331423526},"point_estimate":423.54313666559653,"standard_error":0.2547714724606862},"median":{"confidence_interval":{"confidence_level":0.95,"lower_bound":422.76574684049694,"upper_bound":422.95484725128006},"point_estimate":422.82849204971103,"standard_error":0.04636955249459158},"median_abs_dev":{"confidence_interval":{"confidence_level":0.95,"lower_bound":0.31274231652293133,"upper_bound":0.5621223492334547},"point_estimate":0.4033178650285962,"standard_error":0.0661519729501967},"slope":{"confidence_interval":{"confidence_level":0.95,"lower_bound":422.6686245525606,"upper_bound":422.78820322744133},"point_estimate":422.7239001114491,"standard_error":0.03054481880977512},"std_dev":{"confidence_interval":{"confidence_level":0.95,"lower_bound":0.898828000480238,"upper_bound":3.838257038143527},"point_estimate":2.562090911985386,"standard_error":0.77573871228887}}