{"mean":{"confidence_interval":{"confidence_level":0.95,"lower_bound":314.6331158781597,"upper_bound":330.055274510651},"point_estimate":322.1970466667546,"standard_error":3.9292528719889863},"median":{"confidence_interval":{"confidence_level":0.95,"lower_bound":313.75505644061406,"upper_bound":324.2090830366593},"point_estimate":320.74330295242385,"standard_error":2.485418599463206},"median_abs_dev":{"confidence_interval":{"confidence_level":0.95,"lower_bound":19.54560793065534,"upper_bound":34.50863803340283},"point_estimate":26.095530431628045,"standard_error":3.8288973262752632},"slope":{"confidence_interval":{"confidence_level":0.95,"lower_bound":324.7034076247847,"upper_bound":342.0976979447554},"point_estimate":332.9097798678337,"standard_error":4.455306610364338},"std_dev":{"confidence_interval":{"confidence_level":0.95,"lower_bound":31.615048315143788,"upper_bound":46.43081042940542},"point_estimate":39.19085427382003,"standard_error":3.7857212304399366}}