{"mean":{"confidence_interval":{"confidence_level":0.95,"lower_bound":533.522443970683,"upper_bound":534.082149278076},"point_estimate":533.8016019374078,"standard_error":0.1423404716806507},"median":{"confidence_interval":{"confidence_level":0.95,"lower_bound":533.6674818687807,"upper_bound":534.2724305997033},"point_estimate":533.8292171717171,"standard_error":0.15354116952711627},"median_abs_dev":{"confidence_interval":{"confidence_level":0.95,"lower_bound":0.8806587186247777,"upper_bound":1.4020740000249472},"point_estimate":1.1662102365271156,"standard_error":0.13640127544379224},"slope":{"confidence_interval":{"confidence_level":0.95,"lower_bound":533.986773163099,"upper_bound":534.3189929804962},"point_estimate":534.1558642594246,"standard_error":0.08480482435343392},"std_dev":{"confidence_interval":{"confidence_level":0.95,"lower_bound":1.1069091475615127,"upper_bound":1.7344837536003455},"point_estimate":1.4263663801866562,"standard_error":0.1607926461294094}}