{"mean":{"confidence_interval":{"confidence_level":0.95,"lower_bound":287.8200774036986,"upper_bound":289.61230495767035},"point_estimate":288.7171253396808,"standard_error":0.452837987327251},"median":{"confidence_interval":{"confidence_level":0.95,"lower_bound":288.8452668275677,"upper_bound":289.72176151794326},"point_estimate":289.22979113141116,"standard_error":0.22171642452469023},"median_abs_dev":{"confidence_interval":{"confidence_level":0.95,"lower_bound":1.2338855647484723,"upper_bound":1.9992508754127325},"point_estimate":1.624942517869699,"standard_error":0.19802243344705778},"slope":{"confidence_interval":{"confidence_level":0.95,"lower_bound":289.65625567591866,"upper_bound":290.4517300681654},"point_estimate":290.02605579828884,"standard_error":0.20326309182877184},"std_dev":{"confidence_interval":{"confidence_level":0.95,"lower_bound":2.6127071315294237,"upper_bound":6.247993861241946},"point_estimate":4.551718277314406,"standard_error":0.9275884795197191}}