{"mean":{"confidence_interval":{"confidence_level":0.95,"lower_bound":543.2770169498458,"upper_bound":544.1457261488911},"point_estimate":543.7225555834793,"standard_error":0.22225167884437932},"median":{"confidence_interval":{"confidence_level":0.95,"lower_bound":543.3396708683473,"upper_bound":544.2943666355432},"point_estimate":543.5229883090415,"standard_error":0.22258352320466168},"median_abs_dev":{"confidence_interval":{"confidence_level":0.95,"lower_bound":1.3847626774667738,"upper_bound":2.614355103094065},"point_estimate":2.0518337388861227,"standard_error":0.3330756271059797},"slope":{"confidence_interval":{"confidence_level":0.95,"lower_bound":543.898721803166,"upper_bound":544.5657306636018},"point_estimate":544.2229332743885,"standard_error":0.17005231441093732},"std_dev":{"confidence_interval":{"confidence_level":0.95,"lower_bound":1.8171032621616805,"upper_bound":2.6198105817821116},"point_estimate":2.2392993380973114,"standard_error":0.20623609898546577}}