{"mean":{"confidence_interval":{"confidence_level":0.95,"lower_bound":343.65014298789845,"upper_bound":346.6365076034319},"point_estimate":344.8860555674093,"standard_error":0.7773288295987992},"median":{"confidence_interval":{"confidence_level":0.95,"lower_bound":343.8419142009277,"upper_bound":344.08116578793204},"point_estimate":343.9900870746126,"standard_error":0.047258413301292455},"median_abs_dev":{"confidence_interval":{"confidence_level":0.95,"lower_bound":0.42200062220389944,"upper_bound":0.6959882211757763},"point_estimate":0.5638091333370501,"standard_error":0.07304423063948355},"slope":{"confidence_interval":{"confidence_level":0.95,"lower_bound":343.9273670500966,"upper_bound":344.60856145800483},"point_estimate":344.17026336067494,"standard_error":0.18558812861198365},"std_dev":{"confidence_interval":{"confidence_level":0.95,"lower_bound":1.539525531204716,"upper_bound":12.480070230857793},"point_estimate":7.789583174261154,"standard_error":2.8980639943204847}}