{"mean":{"confidence_interval":{"confidence_level":0.95,"lower_bound":333.8722952379501,"upper_bound":335.72511695582625},"point_estimate":334.6436456514249,"standard_error":0.4814164245881497},"median":{"confidence_interval":{"confidence_level":0.95,"lower_bound":334.1460351377018,"upper_bound":334.40584045584046},"point_estimate":334.2780917159763,"standard_error":0.06009406166803107},"median_abs_dev":{"confidence_interval":{"confidence_level":0.95,"lower_bound":0.3789803544217619,"upper_bound":0.8008054348295416},"point_estimate":0.5969389507652952,"standard_error":0.11095162416764896},"slope":{"confidence_interval":{"confidence_level":0.95,"lower_bound":334.31482119411436,"upper_bound":335.99526898749156},"point_estimate":334.89389640272867,"standard_error":0.4753184703495075},"std_dev":{"confidence_interval":{"confidence_level":0.95,"lower_bound":1.319882943543605,"upper_bound":7.731711886704916},"point_estimate":4.818370435070022,"standard_error":1.7804887786336752}}