{"mean":{"confidence_interval":{"confidence_level":0.95,"lower_bound":343.55226580336915,"upper_bound":362.3083508495425},"point_estimate":351.7498205621926,"standard_error":4.776854637700354},"median":{"confidence_interval":{"confidence_level":0.95,"lower_bound":342.4957901414617,"upper_bound":342.87823220356444},"point_estimate":342.71910389865286,"standard_error":0.09508898315748691},"median_abs_dev":{"confidence_interval":{"confidence_level":0.95,"lower_bound":0.6195124599456294,"upper_bound":1.346598836545926},"point_estimate":0.9237904739672449,"standard_error":0.19410340687836156},"slope":{"confidence_interval":{"confidence_level":0.95,"lower_bound":344.02188363176293,"upper_bound":359.8526521442905},"point_estimate":350.77255687886793,"standard_error":4.019366852488298},"std_dev":{"confidence_interval":{"confidence_level":0.95,"lower_bound":6.296151922029699,"upper_bound":71.67435419416043},"point_estimate":47.92233469204669,"standard_error":15.35870319349795}}