{"mean":{"confidence_interval":{"confidence_level":0.95,"lower_bound":341.7632913184678,"upper_bound":343.7050990223352},"point_estimate":342.5546020991554,"standard_error":0.5060198347651028},"median":{"confidence_interval":{"confidence_level":0.95,"lower_bound":342.2160716990071,"upper_bound":342.45308180766176},"point_estimate":342.3098011752862,"standard_error":0.06642603418791766},"median_abs_dev":{"confidence_interval":{"confidence_level":0.95,"lower_bound":0.4083172358916032,"upper_bound":0.7481064225385563},"point_estimate":0.6100769223998896,"standard_error":0.08265033571679135},"slope":{"confidence_interval":{"confidence_level":0.95,"lower_bound":342.3153594225653,"upper_bound":342.5821257585306},"point_estimate":342.4427629292976,"standard_error":0.06803899463973118},"std_dev":{"confidence_interval":{"confidence_level":0.95,"lower_bound":1.5555601323996426,"upper_bound":8.297946601232537},"point_estimate":5.065281815890287,"standard_error":2.1193402779876624}}