{"mean":{"confidence_interval":{"confidence_level":0.95,"lower_bound":347.1757533490769,"upper_bound":349.14692329083755},"point_estimate":348.0373438970953,"standard_error":0.5057490747381265},"median":{"confidence_interval":{"confidence_level":0.95,"lower_bound":346.5043333947999,"upper_bound":349.87743690777745},"point_estimate":347.0049837677715,"standard_error":1.2142772935835724},"median_abs_dev":{"confidence_interval":{"confidence_level":0.95,"lower_bound":1.1077713053080391,"upper_bound":4.6643191685287055},"point_estimate":3.974827423508454,"standard_error":1.0168469744041562},"slope":{"confidence_interval":{"confidence_level":0.95,"lower_bound":349.2451944961527,"upper_bound":349.8045671764788},"point_estimate":349.54887618876023,"standard_error":0.14202878611699668},"std_dev":{"confidence_interval":{"confidence_level":0.95,"lower_bound":2.42699916097261,"upper_bound":7.863878095732385},"point_estimate":5.066366854640979,"standard_error":1.6626257714878834}}