{"mean":{"confidence_interval":{"confidence_level":0.95,"lower_bound":336.67871378094264,"upper_bound":339.2356507525021},"point_estimate":337.7453700234884,"standard_error":0.6650718479299316},"median":{"confidence_interval":{"confidence_level":0.95,"lower_bound":336.9386961148619,"upper_bound":337.2431231826641},"point_estimate":337.0889004655703,"standard_error":0.08093583231389462},"median_abs_dev":{"confidence_interval":{"confidence_level":0.95,"lower_bound":0.5422224595848587,"upper_bound":0.9251537792310334},"point_estimate":0.7371356510677337,"standard_error":0.09449563762433776},"slope":{"confidence_interval":{"confidence_level":0.95,"lower_bound":337.1448161246423,"upper_bound":338.52163084846103},"point_estimate":337.7055486789109,"standard_error":0.3594638870280538},"std_dev":{"confidence_interval":{"confidence_level":0.95,"lower_bound":1.6143557954449885,"upper_bound":10.692093243371756},"point_estimate":6.672188630434371,"standard_error":2.45146429110504}}