{"mean":{"confidence_interval":{"confidence_level":0.95,"lower_bound":295.7441565878747,"upper_bound":297.4362127872059},"point_estimate":296.6129532747567,"standard_error":0.4301681533900046},"median":{"confidence_interval":{"confidence_level":0.95,"lower_bound":296.61326681448634,"upper_bound":297.3378759251741},"point_estimate":296.8568998716303,"standard_error":0.2110009652732777},"median_abs_dev":{"confidence_interval":{"confidence_level":0.95,"lower_bound":1.0005916678064715,"upper_bound":1.7914512409478234},"point_estimate":1.4581170213297137,"standard_error":0.20248784183276106},"slope":{"confidence_interval":{"confidence_level":0.95,"lower_bound":297.382040270669,"upper_bound":297.9222216308956},"point_estimate":297.6597718753492,"standard_error":0.13799684143719523},"std_dev":{"confidence_interval":{"confidence_level":0.95,"lower_bound":2.7100341897613247,"upper_bound":5.716553734595196},"point_estimate":4.336663342870951,"standard_error":0.7669258415880632}}