{"mean":{"confidence_interval":{"confidence_level":0.95,"lower_bound":3.054359898161227,"upper_bound":3.128892450834163},"point_estimate":3.0879252014272343,"standard_error":0.01905177004886246},"median":{"confidence_interval":{"confidence_level":0.95,"lower_bound":3.127436977497732,"upper_bound":3.133857866714679},"point_estimate":3.1304326952697124,"standard_error":0.0016371526877852346},"median_abs_dev":{"confidence_interval":{"confidence_level":0.95,"lower_bound":0.010431481706533581,"upper_bound":0.03338719809976599},"point_estimate":0.01749621453033997,"standard_error":0.00759209576726943},"slope":{"confidence_interval":{"confidence_level":0.95,"lower_bound":3.126796579346768,"upper_bound":3.140385809628086},"point_estimate":3.133350037596611,"standard_error":0.0034552468825677415},"std_dev":{"confidence_interval":{"confidence_level":0.95,"lower_bound":0.11010823843236374,"upper_bound":0.2837721788457483},"point_estimate":0.1913238133426909,"standard_error":0.05294312536187872}}