{"mean":{"confidence_interval":{"confidence_level":0.95,"lower_bound":3.231529697047507,"upper_bound":3.3049947794137786},"point_estimate":3.2597653549968384,"standard_error":0.019615040128898895},"median":{"confidence_interval":{"confidence_level":0.95,"lower_bound":3.2209427410827507,"upper_bound":3.2318279220675845},"point_estimate":3.2253301835220483,"standard_error":0.0025551075900595898},"median_abs_dev":{"confidence_interval":{"confidence_level":0.95,"lower_bound":0.015071585899027047,"upper_bound":0.024868247734253855},"point_estimate":0.01910907438824482,"standard_error":0.0024965383064804495},"slope":{"confidence_interval":{"confidence_level":0.95,"lower_bound":3.2323474221326287,"upper_bound":3.2495456513144823},"point_estimate":3.2399777342061213,"standard_error":0.0044315051597802685},"std_dev":{"confidence_interval":{"confidence_level":0.95,"lower_bound":0.037893672684193996,"upper_bound":0.3263129618393391},"point_estimate":0.19696217557548318,"standard_error":0.09002235094481512}}