{"mean":{"confidence_interval":{"confidence_level":0.95,"lower_bound":45.10489294180669,"upper_bound":48.334475887691504},"point_estimate":46.544879380305076,"standard_error":0.8323621635396135},"median":{"confidence_interval":{"confidence_level":0.95,"lower_bound":44.04303030303031,"upper_bound":44.20525184275184},"point_estimate":44.1255260942761,"standard_error":0.0398301326375668},"median_abs_dev":{"confidence_interval":{"confidence_level":0.95,"lower_bound":0.26219240627647256,"upper_bound":0.511595624597182},"point_estimate":0.3613904732323,"standard_error":0.06531680806197694},"slope":{"confidence_interval":{"confidence_level":0.95,"lower_bound":44.210315982014784,"upper_bound":44.763762116046586},"point_estimate":44.463632825969164,"standard_error":0.14170376477882413},"std_dev":{"confidence_interval":{"confidence_level":0.95,"lower_bound":4.091600299558613,"upper_bound":11.526051894959826},"point_estimate":8.296644632236934,"standard_error":1.8890283268519117}}