{"mean":{"confidence_interval":{"confidence_level":0.95,"lower_bound":44.948438371035934,"upper_bound":46.84215926716034},"point_estimate":45.781368961847214,"standard_error":0.48716530463453195},"median":{"confidence_interval":{"confidence_level":0.95,"lower_bound":43.903881057674596,"upper_bound":44.422707889125796},"point_estimate":44.133668023518766,"standard_error":0.1603282079557289},"median_abs_dev":{"confidence_interval":{"confidence_level":0.95,"lower_bound":0.21778531574349796,"upper_bound":0.9699559963575229},"point_estimate":0.5096056374148568,"standard_error":0.21741918554975462},"slope":{"confidence_interval":{"confidence_level":0.95,"lower_bound":44.14716166998093,"upper_bound":44.66745000189818},"point_estimate":44.38639428834841,"standard_error":0.1333090109060229},"std_dev":{"confidence_interval":{"confidence_level":0.95,"lower_bound":2.2352967720457957,"upper_bound":7.24221730879096},"point_estimate":4.881962522634638,"standard_error":1.3235657868075343}}