{"mean":{"confidence_interval":{"confidence_level":0.95,"lower_bound":4.061931901125056,"upper_bound":4.187335598646383},"point_estimate":4.108338467183686,"standard_error":0.03453345386712789},"median":{"confidence_interval":{"confidence_level":0.95,"lower_bound":4.056784812949836,"upper_bound":4.059981582808178},"point_estimate":4.05803363126799,"standard_error":0.0007525055842886667},"median_abs_dev":{"confidence_interval":{"confidence_level":0.95,"lower_bound":0.00591555284890749,"upper_bound":0.011120890609317766},"point_estimate":0.00776651446822818,"standard_error":0.0012653988172819835},"slope":{"confidence_interval":{"confidence_level":0.95,"lower_bound":4.058969970586404,"upper_bound":4.065556901425285},"point_estimate":4.061925457543414,"standard_error":0.001687279185080028},"std_dev":{"confidence_interval":{"confidence_level":0.95,"lower_bound":0.027422335288451474,"upper_bound":0.5835800202438044},"point_estimate":0.34709670379170376,"standard_error":0.17484240899187037}}