{"mean":{"confidence_interval":{"confidence_level":0.95,"lower_bound":3.893064134308626,"upper_bound":4.016187209813259},"point_estimate":3.945900264074821,"standard_error":0.03179201849073166},"median":{"confidence_interval":{"confidence_level":0.95,"lower_bound":3.8386234947638456,"upper_bound":3.86362720172244},"point_estimate":3.8474582358892704,"standard_error":0.006632826739183178},"median_abs_dev":{"confidence_interval":{"confidence_level":0.95,"lower_bound":0.04467134220786846,"upper_bound":0.08000074447240121},"point_estimate":0.05522760511249955,"standard_error":0.009705183150172771},"slope":{"confidence_interval":{"confidence_level":0.95,"lower_bound":3.831426729465484,"upper_bound":3.8734563739718255},"point_estimate":3.8501328093008307,"standard_error":0.010827309350916749},"std_dev":{"confidence_interval":{"confidence_level":0.95,"lower_bound":0.14375353159411436,"upper_bound":0.4950969683790961},"point_estimate":0.3196500787244683,"standard_error":0.10790450699602593}}