{"mean":{"confidence_interval":{"confidence_level":0.95,"lower_bound":312.88294021149017,"upper_bound":314.77133179945355},"point_estimate":313.6363321351495,"standard_error":0.5000788024240702},"median":{"confidence_interval":{"confidence_level":0.95,"lower_bound":312.95054945054943,"upper_bound":313.22807648700507},"point_estimate":313.0812318023857,"standard_error":0.08369984313420352},"median_abs_dev":{"confidence_interval":{"confidence_level":0.95,"lower_bound":0.3980077791044344,"upper_bound":0.7600561056286407},"point_estimate":0.5302397588309142,"standard_error":0.09259600668175083},"slope":{"confidence_interval":{"confidence_level":0.95,"lower_bound":313.1411916355132,"upper_bound":313.3950164125451},"point_estimate":313.25953201433805,"standard_error":0.06492412637458331},"std_dev":{"confidence_interval":{"confidence_level":0.95,"lower_bound":1.1425974293677366,"upper_bound":8.249229669697431},"point_estimate":5.021475006880438,"standard_error":2.1374605005301}}