{"mean":{"confidence_interval":{"confidence_level":0.95,"lower_bound":22.083291585192594,"upper_bound":22.510850767877976},"point_estimate":22.259581142971356,"standard_error":0.11161726641559323},"median":{"confidence_interval":{"confidence_level":0.95,"lower_bound":22.01692366343387,"upper_bound":22.28939458995277},"point_estimate":22.082488630164043,"standard_error":0.06953777499449856},"median_abs_dev":{"confidence_interval":{"confidence_level":0.95,"lower_bound":0.354369161382295,"upper_bound":0.5673113543338308},"point_estimate":0.43742982331839636,"standard_error":0.05183818812820397},"slope":{"confidence_interval":{"confidence_level":0.95,"lower_bound":22.083816739700087,"upper_bound":22.260037666902182},"point_estimate":22.17223983069404,"standard_error":0.04493167755745909},"std_dev":{"confidence_interval":{"confidence_level":0.95,"lower_bound":0.41632600379218565,"upper_bound":1.8118152125739038},"point_estimate":1.1285048025527291,"standard_error":0.4419269859116563}}