{"mean":{"confidence_interval":{"confidence_level":0.95,"lower_bound":25.222003993432757,"upper_bound":25.657799203852083},"point_estimate":25.40677022103317,"standard_error":0.1129377050919538},"median":{"confidence_interval":{"confidence_level":0.95,"lower_bound":25.24751399657103,"upper_bound":25.4972859885937},"point_estimate":25.37804970800844,"standard_error":0.05887567006436912},"median_abs_dev":{"confidence_interval":{"confidence_level":0.95,"lower_bound":0.35199721952276447,"upper_bound":0.6077589041622026},"point_estimate":0.45002833934432745,"standard_error":0.06457395739963412},"slope":{"confidence_interval":{"confidence_level":0.95,"lower_bound":25.241526351354178,"upper_bound":25.41609299759953},"point_estimate":25.329578428352036,"standard_error":0.04457966281525411},"std_dev":{"confidence_interval":{"confidence_level":0.95,"lower_bound":0.47644485643636575,"upper_bound":1.7851284567618577},"point_estimate":1.1340875900708878,"standard_error":0.3984789422563872}}