{"mean":{"confidence_interval":{"confidence_level":0.95,"lower_bound":3.41680417443784,"upper_bound":3.4443542009256145},"point_estimate":3.427854269219251,"standard_error":0.007238863451780791},"median":{"confidence_interval":{"confidence_level":0.95,"lower_bound":3.4112325219684916,"upper_bound":3.4203632766837515},"point_estimate":3.4144863552207765,"standard_error":0.0026130608584085933},"median_abs_dev":{"confidence_interval":{"confidence_level":0.95,"lower_bound":0.011277817260124086,"upper_bound":0.018734142025124138},"point_estimate":0.014450334608021975,"standard_error":0.0017895040285744227},"slope":{"confidence_interval":{"confidence_level":0.95,"lower_bound":3.414613083257247,"upper_bound":3.4241539736724906},"point_estimate":3.419158607058722,"standard_error":0.0024322267050287142},"std_dev":{"confidence_interval":{"confidence_level":0.95,"lower_bound":0.017478493960681952,"upper_bound":0.1192024108429488},"point_estimate":0.07322962139513974,"standard_error":0.030447849804442092}}