{"mean":{"confidence_interval":{"confidence_level":0.95,"lower_bound":51.92493866666069,"upper_bound":55.06728038231096},"point_estimate":53.35057427569946,"standard_error":0.8052505226149284},"median":{"confidence_interval":{"confidence_level":0.95,"lower_bound":50.50981932443048,"upper_bound":50.92749321573949},"point_estimate":50.605820895522385,"standard_error":0.10589374570069315},"median_abs_dev":{"confidence_interval":{"confidence_level":0.95,"lower_bound":0.3718713638185875,"upper_bound":0.9923759439769866},"point_estimate":0.5402364100548435,"standard_error":0.15145457753825217},"slope":{"confidence_interval":{"confidence_level":0.95,"lower_bound":50.81797751304439,"upper_bound":51.46659146040631},"point_estimate":51.10988488913494,"standard_error":0.16572920848766096},"std_dev":{"confidence_interval":{"confidence_level":0.95,"lower_bound":4.619405877553054,"upper_bound":10.80704499330933},"point_estimate":8.112181751107231,"standard_error":1.5823674254372482}}