{"mean":{"confidence_interval":{"confidence_level":0.95,"lower_bound":1.6154870145120563,"upper_bound":1.697865928689114},"point_estimate":1.6535491051822475,"standard_error":0.021003246246633078},"median":{"confidence_interval":{"confidence_level":0.95,"lower_bound":1.6027452619843925,"upper_bound":1.6684782608695652},"point_estimate":1.6396875648026543,"standard_error":0.01852866487301472},"median_abs_dev":{"confidence_interval":{"confidence_level":0.95,"lower_bound":0.13153409445427977,"upper_bound":0.19959080381848657},"point_estimate":0.17369387740927786,"standard_error":0.018406484239308806},"slope":{"confidence_interval":{"confidence_level":0.95,"lower_bound":1.638489327265755,"upper_bound":1.7128364362924071},"point_estimate":1.6757277211017663,"standard_error":0.019007007705133177},"std_dev":{"confidence_interval":{"confidence_level":0.95,"lower_bound":0.1434307046161174,"upper_bound":0.2917935555172243},"point_estimate":0.2111774520532585,"standard_error":0.04345829569782589}}