{"mean":{"confidence_interval":{"confidence_level":0.95,"lower_bound":1.6453312484300793,"upper_bound":1.6683453059228177},"point_estimate":1.65507082901623,"standard_error":0.005947495095518465},"median":{"confidence_interval":{"confidence_level":0.95,"lower_bound":1.6377731420022337,"upper_bound":1.6422571498614664},"point_estimate":1.6399820784184524,"standard_error":0.0010923755547207533},"median_abs_dev":{"confidence_interval":{"confidence_level":0.95,"lower_bound":0.006124354838428742,"upper_bound":0.012236407046177665},"point_estimate":0.008741882081312036,"standard_error":0.0015890313879815985},"slope":{"confidence_interval":{"confidence_level":0.95,"lower_bound":1.6376303832339585,"upper_bound":1.6412447084717814},"point_estimate":1.6393266844141694,"standard_error":0.000922082460740527},"std_dev":{"confidence_interval":{"confidence_level":0.95,"lower_bound":0.020347812331185676,"upper_bound":0.09338416997447865},"point_estimate":0.0595828167213712,"standard_error":0.020299931324754564}}