{"mean":{"confidence_interval":{"confidence_level":0.95,"lower_bound":1.798550703925581,"upper_bound":1.8758994495760695},"point_estimate":1.835846401031235,"standard_error":0.0196993722233428},"median":{"confidence_interval":{"confidence_level":0.95,"lower_bound":1.756798540426349,"upper_bound":1.8432622751424366},"point_estimate":1.7983351166470043,"standard_error":0.019204212030435486},"median_abs_dev":{"confidence_interval":{"confidence_level":0.95,"lower_bound":0.1201608575481037,"upper_bound":0.20334588910586576},"point_estimate":0.1680373633756832,"standard_error":0.021693844803840262},"slope":{"confidence_interval":{"confidence_level":0.95,"lower_bound":1.7968225355418919,"upper_bound":1.8686108650375932},"point_estimate":1.8324142237395187,"standard_error":0.018370263213604614},"std_dev":{"confidence_interval":{"confidence_level":0.95,"lower_bound":0.15599126498881397,"upper_bound":0.23634196126997548},"point_estimate":0.19785288562233846,"standard_error":0.020626615898202156}}