{"mean":{"confidence_interval":{"confidence_level":0.95,"lower_bound":1.8103085642470629,"upper_bound":1.8232331325744422},"point_estimate":1.8162107486553236,"standard_error":0.003316911037768069},"median":{"confidence_interval":{"confidence_level":0.95,"lower_bound":1.801760126951571,"upper_bound":1.808808359535405},"point_estimate":1.8041204279499214,"standard_error":0.0018015514617420246},"median_abs_dev":{"confidence_interval":{"confidence_level":0.95,"lower_bound":0.007116434654056398,"upper_bound":0.015557097798904662},"point_estimate":0.01140939352687152,"standard_error":0.002040174532281714},"slope":{"confidence_interval":{"confidence_level":0.95,"lower_bound":1.80529895211395,"upper_bound":1.8110976152421525},"point_estimate":1.8080094792967305,"standard_error":0.0014811447037782802},"std_dev":{"confidence_interval":{"confidence_level":0.95,"lower_bound":0.02044458461703482,"upper_bound":0.04663884058432766},"point_estimate":0.033296797323214423,"standard_error":0.007187157982603074}}