{"mean":{"confidence_interval":{"confidence_level":0.95,"lower_bound":1.9514067978721599,"upper_bound":1.9835312256608502},"point_estimate":1.9677108194352306,"standard_error":0.008187226632612676},"median":{"confidence_interval":{"confidence_level":0.95,"lower_bound":1.9666830718097856,"upper_bound":1.9957230631929428},"point_estimate":1.9767676475131295,"standard_error":0.007444946336331085},"median_abs_dev":{"confidence_interval":{"confidence_level":0.95,"lower_bound":0.05154292990259207,"upper_bound":0.09342144837307749},"point_estimate":0.07183885400837783,"standard_error":0.011433870500519005},"slope":{"confidence_interval":{"confidence_level":0.95,"lower_bound":1.9643267815255956,"upper_bound":2.0005579581109987},"point_estimate":1.9827459755699886,"standard_error":0.009199103986938939},"std_dev":{"confidence_interval":{"confidence_level":0.95,"lower_bound":0.06864145998893377,"upper_bound":0.09482195986769369},"point_estimate":0.0823503215025652,"standard_error":0.006688139844378619}}