{"mean":{"confidence_interval":{"confidence_level":0.95,"lower_bound":35.56719652309739,"upper_bound":37.32320528830297},"point_estimate":36.35392269170384,"standard_error":0.44919473173713714},"median":{"confidence_interval":{"confidence_level":0.95,"lower_bound":35.094311926605506,"upper_bound":35.5029187372579},"point_estimate":35.31463143833969,"standard_error":0.11224544866847333},"median_abs_dev":{"confidence_interval":{"confidence_level":0.95,"lower_bound":0.5393927320255759,"upper_bound":0.7953454921420356},"point_estimate":0.7423062893700297,"standard_error":0.06971213271523519},"slope":{"confidence_interval":{"confidence_level":0.95,"lower_bound":35.35001389150182,"upper_bound":35.54261580583136},"point_estimate":35.45018438102882,"standard_error":0.049069474097786475},"std_dev":{"confidence_interval":{"confidence_level":0.95,"lower_bound":2.156193067863653,"upper_bound":6.194878335499888},"point_estimate":4.522505069028389,"standard_error":0.9960918241587342}}