{"mean":{"confidence_interval":{"confidence_level":0.95,"lower_bound":35.62200249849769,"upper_bound":36.54833608166732},"point_estimate":36.027152520229876,"standard_error":0.23865220325028244},"median":{"confidence_interval":{"confidence_level":0.95,"lower_bound":35.25018886930244,"upper_bound":35.64052003286453},"point_estimate":35.345827696721535,"standard_error":0.09908020242079554},"median_abs_dev":{"confidence_interval":{"confidence_level":0.95,"lower_bound":0.19255798554410147,"upper_bound":0.59766634714731},"point_estimate":0.44386281653627,"standard_error":0.09792162957062867},"slope":{"confidence_interval":{"confidence_level":0.95,"lower_bound":35.48408898106753,"upper_bound":35.656991398147035},"point_estimate":35.56729720576143,"standard_error":0.04403841369445356},"std_dev":{"confidence_interval":{"confidence_level":0.95,"lower_bound":0.8227822105520586,"upper_bound":3.5039315884709468},"point_estimate":2.3970428315466776,"standard_error":0.664540480971088}}