{"mean":{"confidence_interval":{"confidence_level":0.95,"lower_bound":0.25087361125911295,"upper_bound":0.25370941988737467},"point_estimate":0.252275842671841,"standard_error":0.0007208336194633063},"median":{"confidence_interval":{"confidence_level":0.95,"lower_bound":0.25030110662636135,"upper_bound":0.2529241989183555},"point_estimate":0.2519743471902849,"standard_error":0.0006744753351760221}}