{"mean":{"confidence_interval":{"confidence_level":0.95,"lower_bound":12.003673476686641,"upper_bound":12.082755959903231},"point_estimate":12.039641192103131,"standard_error":0.020261378029724393},"median":{"confidence_interval":{"confidence_level":0.95,"lower_bound":11.974380639779879,"upper_bound":12.038902971412478},"point_estimate":12.009513038069755,"standard_error":0.016154578094199554},"median_abs_dev":{"confidence_interval":{"confidence_level":0.95,"lower_bound":0.09650001164578274,"upper_bound":0.16587812040969732},"point_estimate":0.1357912828536523,"standard_error":0.017654658310276086},"slope":{"confidence_interval":{"confidence_level":0.95,"lower_bound":11.978559739531223,"upper_bound":12.025987671736411},"point_estimate":12.002161824490718,"standard_error":0.012079184711119198},"std_dev":{"confidence_interval":{"confidence_level":0.95,"lower_bound":0.12159151095024039,"upper_bound":0.2942329455594481},"point_estimate":0.20350818260357043,"standard_error":0.04991901409009154}}