{"mean":{"confidence_interval":{"confidence_level":0.95,"lower_bound":10.961947738278495,"upper_bound":11.126809898289792},"point_estimate":11.023141174170975,"standard_error":0.04486640422466872},"median":{"confidence_interval":{"confidence_level":0.95,"lower_bound":10.956074036701136,"upper_bound":10.974779146447679},"point_estimate":10.966417931165722,"standard_error":0.004746989959330613},"median_abs_dev":{"confidence_interval":{"confidence_level":0.95,"lower_bound":0.029492931392830386,"upper_bound":0.05957712168590527},"point_estimate":0.041586480380268506,"standard_error":0.007564035055184694},"slope":{"confidence_interval":{"confidence_level":0.95,"lower_bound":10.953591361065545,"upper_bound":10.98699110843661},"point_estimate":10.97051222365806,"standard_error":0.008524003880152928},"std_dev":{"confidence_interval":{"confidence_level":0.95,"lower_bound":0.05498927439927421,"upper_bound":0.7567163478516882},"point_estimate":0.45062976186697196,"standard_error":0.22260990791790303}}