{"mean":{"confidence_interval":{"confidence_level":0.95,"lower_bound":9.321149705851013,"upper_bound":9.354164558076494},"point_estimate":9.336299905218068,"standard_error":0.008472568158059822},"median":{"confidence_interval":{"confidence_level":0.95,"lower_bound":9.314766360080347,"upper_bound":9.325058723834443},"point_estimate":9.319202999944032,"standard_error":0.0027705344951085126},"median_abs_dev":{"confidence_interval":{"confidence_level":0.95,"lower_bound":0.017274012052154054,"upper_bound":0.03186240002413476},"point_estimate":0.02326445814407103,"standard_error":0.0038889397837045406},"slope":{"confidence_interval":{"confidence_level":0.95,"lower_bound":9.289671284489227,"upper_bound":9.316350756411852},"point_estimate":9.303397103844045,"standard_error":0.006846930087161104},"std_dev":{"confidence_interval":{"confidence_level":0.95,"lower_bound":0.04986117578143972,"upper_bound":0.11284985567498379},"point_estimate":0.08462823261008423,"standard_error":0.015999726467409037}}