{"mean":{"confidence_interval":{"confidence_level":0.95,"lower_bound":6.840172744933229,"upper_bound":6.868279480983955},"point_estimate":6.852565706027441,"standard_error":0.00724512052456282},"median":{"confidence_interval":{"confidence_level":0.95,"lower_bound":6.83486725383679,"upper_bound":6.839824864959178},"point_estimate":6.837756634027336,"standard_error":0.001112164984111011},"median_abs_dev":{"confidence_interval":{"confidence_level":0.95,"lower_bound":0.010891582771850676,"upper_bound":0.02062899521236479},"point_estimate":0.016020294380319183,"standard_error":0.002387466917297602},"slope":{"confidence_interval":{"confidence_level":0.95,"lower_bound":6.836909442096611,"upper_bound":6.868153855817983},"point_estimate":6.849156192003959,"standard_error":0.00827632885817957},"std_dev":{"confidence_interval":{"confidence_level":0.95,"lower_bound":0.02492905876130326,"upper_bound":0.10512520194163132},"point_estimate":0.07288146077997094,"standard_error":0.019550364069832595}}