{"mean":{"confidence_interval":{"confidence_level":0.95,"lower_bound":6.947454481106009,"upper_bound":7.062825386522839},"point_estimate":6.9968716189306885,"standard_error":0.02960934122218396},"median":{"confidence_interval":{"confidence_level":0.95,"lower_bound":6.9372935271313105,"upper_bound":6.946454417864921},"point_estimate":6.940751521142861,"standard_error":0.002758133559972981},"median_abs_dev":{"confidence_interval":{"confidence_level":0.95,"lower_bound":0.01545122278927504,"upper_bound":0.032232152210703385},"point_estimate":0.02203565330581116,"standard_error":0.004184088087217372},"slope":{"confidence_interval":{"confidence_level":0.95,"lower_bound":6.94363666208134,"upper_bound":6.953325216401385},"point_estimate":6.948209612059569,"standard_error":0.002470214721733258},"std_dev":{"confidence_interval":{"confidence_level":0.95,"lower_bound":0.047568467361082924,"upper_bound":0.4579410742849175},"point_estimate":0.29643192923964795,"standard_error":0.09958027610544025}}