{"mean":{"confidence_interval":{"confidence_level":0.95,"lower_bound":7.844835220453219,"upper_bound":7.86504459140957},"point_estimate":7.853799281250872,"standard_error":0.005208662842177792},"median":{"confidence_interval":{"confidence_level":0.95,"lower_bound":7.838284961940776,"upper_bound":7.845163233389093},"point_estimate":7.842269837999249,"standard_error":0.0017791638077030534},"median_abs_dev":{"confidence_interval":{"confidence_level":0.95,"lower_bound":0.013078077440831292,"upper_bound":0.02156211935266292},"point_estimate":0.017478157699579635,"standard_error":0.0020608488880344685},"slope":{"confidence_interval":{"confidence_level":0.95,"lower_bound":7.836666106334962,"upper_bound":7.8439817332087864},"point_estimate":7.840231905669264,"standard_error":0.0018546645175264924},"std_dev":{"confidence_interval":{"confidence_level":0.95,"lower_bound":0.0255582629096398,"upper_bound":0.07713692108909809},"point_estimate":0.052197027845729944,"standard_error":0.013753954844482786}}