{"mean":{"confidence_interval":{"confidence_level":0.95,"lower_bound":7.051916279745877,"upper_bound":7.149886590397002},"point_estimate":7.088375422938399,"standard_error":0.02710836472346139},"median":{"confidence_interval":{"confidence_level":0.95,"lower_bound":7.047393074413092,"upper_bound":7.055961957553927},"point_estimate":7.052600242318352,"standard_error":0.002556785206022328},"median_abs_dev":{"confidence_interval":{"confidence_level":0.95,"lower_bound":0.014822736062236993,"upper_bound":0.024612519154049686},"point_estimate":0.019539975086478343,"standard_error":0.0024362770498325957},"slope":{"confidence_interval":{"confidence_level":0.95,"lower_bound":7.051852708373444,"upper_bound":7.062814525513298},"point_estimate":7.05693507560135,"standard_error":0.0027910924748245328},"std_dev":{"confidence_interval":{"confidence_level":0.95,"lower_bound":0.034874846303806,"upper_bound":0.45898753930936836},"point_estimate":0.27276238548151993,"standard_error":0.1368734371614007}}