{"mean":{"confidence_interval":{"confidence_level":0.95,"lower_bound":6.9750543351070196,"upper_bound":7.078938355192729},"point_estimate":7.011852883459477,"standard_error":0.03137099457059757},"median":{"confidence_interval":{"confidence_level":0.95,"lower_bound":6.975010067114094,"upper_bound":6.982857822201486},"point_estimate":6.979022381572717,"standard_error":0.0017341274316802567},"median_abs_dev":{"confidence_interval":{"confidence_level":0.95,"lower_bound":0.012709074011110726,"upper_bound":0.028027769106268554},"point_estimate":0.01998098032520975,"standard_error":0.0037672891024407855},"slope":{"confidence_interval":{"confidence_level":0.95,"lower_bound":6.981043794151641,"upper_bound":6.998911476053824},"point_estimate":6.989317045908738,"standard_error":0.0045706384236176515},"std_dev":{"confidence_interval":{"confidence_level":0.95,"lower_bound":0.031187202379034905,"upper_bound":0.5403650900454389},"point_estimate":0.3162015634054336,"standard_error":0.1813825762881035}}