{"mean":{"confidence_interval":{"confidence_level":0.95,"lower_bound":5.634560833988388,"upper_bound":5.742649862769089},"point_estimate":5.682852580319661,"standard_error":0.02770124924552088},"median":{"confidence_interval":{"confidence_level":0.95,"lower_bound":5.630311723463417,"upper_bound":5.675669416702851},"point_estimate":5.655524159406147,"standard_error":0.01146702662808032},"median_abs_dev":{"confidence_interval":{"confidence_level":0.95,"lower_bound":0.08024800599655375,"upper_bound":0.13682468022951025},"point_estimate":0.10458826118644994,"standard_error":0.014432911565252378},"slope":{"confidence_interval":{"confidence_level":0.95,"lower_bound":5.6170380079578806,"upper_bound":5.653083844443131},"point_estimate":5.634546335510469,"standard_error":0.009160892131939779},"std_dev":{"confidence_interval":{"confidence_level":0.95,"lower_bound":0.12772745820364348,"upper_bound":0.42287231910848294},"point_estimate":0.2785040518585825,"standard_error":0.08284320401481987}}