{"mean":{"confidence_interval":{"confidence_level":0.95,"lower_bound":6.401522983935971,"upper_bound":6.506447942956938},"point_estimate":6.447220538366432,"standard_error":0.026996714101370615},"median":{"confidence_interval":{"confidence_level":0.95,"lower_bound":6.372590679355973,"upper_bound":6.386763919644743},"point_estimate":6.379016652485717,"standard_error":0.0042457452800173335},"median_abs_dev":{"confidence_interval":{"confidence_level":0.95,"lower_bound":0.025327281143479225,"upper_bound":0.051828132991657914},"point_estimate":0.03230302591547392,"standard_error":0.006425174809262331},"slope":{"confidence_interval":{"confidence_level":0.95,"lower_bound":6.396353820118715,"upper_bound":6.485465319740803},"point_estimate":6.437576318511662,"standard_error":0.022910243193978268},"std_dev":{"confidence_interval":{"confidence_level":0.95,"lower_bound":0.10877637081236577,"upper_bound":0.4019056955185724},"point_estimate":0.2705755943408671,"standard_error":0.07694903986196945}}