{"mean":{"confidence_interval":{"confidence_level":0.95,"lower_bound":7.392822353685952,"upper_bound":7.417547474250804},"point_estimate":7.403918160482659,"standard_error":0.006385190369262235},"median":{"confidence_interval":{"confidence_level":0.95,"lower_bound":7.38187254081854,"upper_bound":7.393743363554684},"point_estimate":7.386878811514929,"standard_error":0.002666199719795502},"median_abs_dev":{"confidence_interval":{"confidence_level":0.95,"lower_bound":0.01659381067111406,"upper_bound":0.031065826537635392},"point_estimate":0.025865645763750948,"standard_error":0.0038023023574501203},"slope":{"confidence_interval":{"confidence_level":0.95,"lower_bound":7.3821749423197405,"upper_bound":7.3911299741820455},"point_estimate":7.386618966760497,"standard_error":0.002292045936949084},"std_dev":{"confidence_interval":{"confidence_level":0.95,"lower_bound":0.031109367928984073,"upper_bound":0.09137678774876082},"point_estimate":0.06381471799750216,"standard_error":0.015616722373349299}}