{"mean":{"confidence_interval":{"confidence_level":0.95,"lower_bound":6.804871142211801,"upper_bound":6.972100506622788},"point_estimate":6.868185404292529,"standard_error":0.04540990323947638},"median":{"confidence_interval":{"confidence_level":0.95,"lower_bound":6.7818294336528755,"upper_bound":6.796470592791262},"point_estimate":6.7887369438039915,"standard_error":0.003487799985164283},"median_abs_dev":{"confidence_interval":{"confidence_level":0.95,"lower_bound":0.022839803430891994,"upper_bound":0.051332501074661044},"point_estimate":0.04043932034693184,"standard_error":0.00786814426637789},"slope":{"confidence_interval":{"confidence_level":0.95,"lower_bound":6.790424802215457,"upper_bound":6.845321843721304},"point_estimate":6.811860524460055,"standard_error":0.014516814572258719},"std_dev":{"confidence_interval":{"confidence_level":0.95,"lower_bound":0.0706571537986955,"upper_bound":0.7643969836692325},"point_estimate":0.45764580139999267,"standard_error":0.22027266275555468}}