{"mean":{"confidence_interval":{"confidence_level":0.95,"lower_bound":5.940854271048462,"upper_bound":6.005623680048993},"point_estimate":5.966995284784892,"standard_error":0.017099367866208335},"median":{"confidence_interval":{"confidence_level":0.95,"lower_bound":5.935869841709937,"upper_bound":5.946438406508536},"point_estimate":5.939520890261209,"standard_error":0.002822022429096206},"median_abs_dev":{"confidence_interval":{"confidence_level":0.95,"lower_bound":0.016303750980440495,"upper_bound":0.02948765877588101},"point_estimate":0.02300058128458065,"standard_error":0.0034844568995544664},"slope":{"confidence_interval":{"confidence_level":0.95,"lower_bound":5.938216656445502,"upper_bound":5.953961885443664},"point_estimate":5.945552124209766,"standard_error":0.004033529937933145},"std_dev":{"confidence_interval":{"confidence_level":0.95,"lower_bound":0.02772901752155012,"upper_bound":0.27701080453001475},"point_estimate":0.1718337754179886,"standard_error":0.0697586274591829}}