{"mean":{"confidence_interval":{"confidence_level":0.95,"lower_bound":6.946398991684797,"upper_bound":7.026659048569839},"point_estimate":6.97721619978631,"standard_error":0.021274447348301497},"median":{"confidence_interval":{"confidence_level":0.95,"lower_bound":6.937953793973275,"upper_bound":6.948736656470441},"point_estimate":6.942374167283494,"standard_error":0.002846028461449148},"median_abs_dev":{"confidence_interval":{"confidence_level":0.95,"lower_bound":0.012573482457643555,"upper_bound":0.02159024501335867},"point_estimate":0.014700153146846938,"standard_error":0.0023662440395932458},"slope":{"confidence_interval":{"confidence_level":0.95,"lower_bound":6.94285935294244,"upper_bound":7.002506912444279},"point_estimate":6.963509198671394,"standard_error":0.01678831959553985},"std_dev":{"confidence_interval":{"confidence_level":0.95,"lower_bound":0.027875629188116934,"upper_bound":0.3525275042545073},"point_estimate":0.21335032634109177,"standard_error":0.09607016437029862}}