{"mean":{"confidence_interval":{"confidence_level":0.95,"lower_bound":29.66034048303463,"upper_bound":30.904994677392004},"point_estimate":30.20073399562549,"standard_error":0.32119989024538936},"median":{"confidence_interval":{"confidence_level":0.95,"lower_bound":29.339827394685123,"upper_bound":29.51460320135019},"point_estimate":29.427717079498116,"standard_error":0.05453421539356151},"median_abs_dev":{"confidence_interval":{"confidence_level":0.95,"lower_bound":0.2257655707834463,"upper_bound":0.5335504781925293},"point_estimate":0.38963735326497123,"standard_error":0.08721861056546583},"slope":{"confidence_interval":{"confidence_level":0.95,"lower_bound":29.584417535680952,"upper_bound":29.72760429813169},"point_estimate":29.655953300419053,"standard_error":0.03651807870110767},"std_dev":{"confidence_interval":{"confidence_level":0.95,"lower_bound":0.8654455503500504,"upper_bound":4.805685049662833},"point_estimate":3.2326391307920277,"standard_error":0.973151713512122}}