{"mean":{"confidence_interval":{"confidence_level":0.95,"lower_bound":33.474167120006136,"upper_bound":34.449747573443354},"point_estimate":33.868418502123035,"standard_error":0.2565422627539462},"median":{"confidence_interval":{"confidence_level":0.95,"lower_bound":33.37507259579799,"upper_bound":33.67842002557028},"point_estimate":33.515159530951735,"standard_error":0.07643324470517289},"median_abs_dev":{"confidence_interval":{"confidence_level":0.95,"lower_bound":0.5492506671446076,"upper_bound":0.9771124137297884},"point_estimate":0.8456353892425477,"standard_error":0.10265557732188021},"slope":{"confidence_interval":{"confidence_level":0.95,"lower_bound":33.73443488122111,"upper_bound":33.979616318297104},"point_estimate":33.86028075903252,"standard_error":0.06221265148547339},"std_dev":{"confidence_interval":{"confidence_level":0.95,"lower_bound":0.7382936957532973,"upper_bound":4.1653347740176505},"point_estimate":2.57119533258074,"standard_error":1.0464419926910766}}