{"mean":{"confidence_interval":{"confidence_level":0.95,"lower_bound":31.307570236219973,"upper_bound":32.51941303165295},"point_estimate":31.790506598957368,"standard_error":0.3199269233032236},"median":{"confidence_interval":{"confidence_level":0.95,"lower_bound":31.19449753266189,"upper_bound":31.38891200983592},"point_estimate":31.281845005216482,"standard_error":0.06539520537803264},"median_abs_dev":{"confidence_interval":{"confidence_level":0.95,"lower_bound":0.38004756723004707,"upper_bound":0.594854471177907},"point_estimate":0.5262216032848527,"standard_error":0.05666018816795302},"slope":{"confidence_interval":{"confidence_level":0.95,"lower_bound":31.284325761934536,"upper_bound":31.458805102937617},"point_estimate":31.372248329310544,"standard_error":0.04453288205090019},"std_dev":{"confidence_interval":{"confidence_level":0.95,"lower_bound":0.45492513851012384,"upper_bound":5.278302469893412},"point_estimate":3.2247460021409178,"standard_error":1.3697310818608581}}