{"mean":{"confidence_interval":{"confidence_level":0.95,"lower_bound":30.498696599230275,"upper_bound":31.804958863195335},"point_estimate":31.067904432776487,"standard_error":0.33630709598240266},"median":{"confidence_interval":{"confidence_level":0.95,"lower_bound":30.120113493064313,"upper_bound":30.51445685462079},"point_estimate":30.451833362399718,"standard_error":0.14621167526633824},"median_abs_dev":{"confidence_interval":{"confidence_level":0.95,"lower_bound":0.3666539348992151,"upper_bound":0.6702871685454702},"point_estimate":0.5670122060745957,"standard_error":0.0872987812723378},"slope":{"confidence_interval":{"confidence_level":0.95,"lower_bound":30.39876013665162,"upper_bound":30.60506908872037},"point_estimate":30.495121842499884,"standard_error":0.05263685164821847},"std_dev":{"confidence_interval":{"confidence_level":0.95,"lower_bound":0.6663435159656897,"upper_bound":5.039820418134029},"point_estimate":3.3895451873402482,"standard_error":1.05020576935609}}