{"mean":{"confidence_interval":{"confidence_level":0.95,"lower_bound":29.47290689604984,"upper_bound":30.66850105770791},"point_estimate":29.99168931854045,"standard_error":0.3066250886488646},"median":{"confidence_interval":{"confidence_level":0.95,"lower_bound":29.215883458646616,"upper_bound":29.388498524075224},"point_estimate":29.275348076110987,"standard_error":0.047462357651688165},"median_abs_dev":{"confidence_interval":{"confidence_level":0.95,"lower_bound":0.22332556139465481,"upper_bound":0.4688456265969608},"point_estimate":0.35418513632142684,"standard_error":0.0684607268000812},"slope":{"confidence_interval":{"confidence_level":0.95,"lower_bound":29.4525557690467,"upper_bound":29.66574155156034},"point_estimate":29.550277701544143,"standard_error":0.0545243661091869},"std_dev":{"confidence_interval":{"confidence_level":0.95,"lower_bound":0.5531096908555858,"upper_bound":4.600315500407555},"point_estimate":3.085255196939944,"standard_error":0.9567672225133692}}