{"mean":{"confidence_interval":{"confidence_level":0.95,"lower_bound":30.3158588051366,"upper_bound":31.12801346348662},"point_estimate":30.640318825557145,"standard_error":0.213895403488362},"median":{"confidence_interval":{"confidence_level":0.95,"lower_bound":30.073266078184112,"upper_bound":30.296467328561533},"point_estimate":30.139314916008907,"standard_error":0.05316844299608283},"median_abs_dev":{"confidence_interval":{"confidence_level":0.95,"lower_bound":0.1930881805980438,"upper_bound":0.4818296379226651},"point_estimate":0.3062998306276645,"standard_error":0.07507898549589469},"slope":{"confidence_interval":{"confidence_level":0.95,"lower_bound":30.339759694730855,"upper_bound":30.597939389429452},"point_estimate":30.45385553566367,"standard_error":0.06637176282144702},"std_dev":{"confidence_interval":{"confidence_level":0.95,"lower_bound":0.4998122876772504,"upper_bound":3.522117236684431},"point_estimate":2.1580410394181193,"standard_error":0.9059234459107394}}