{"mean":{"confidence_interval":{"confidence_level":0.95,"lower_bound":30.79023893544438,"upper_bound":32.68401615395765},"point_estimate":31.60725392625377,"standard_error":0.48793522567176634},"median":{"confidence_interval":{"confidence_level":0.95,"lower_bound":30.549257105943152,"upper_bound":30.685679543409805},"point_estimate":30.620912905092595,"standard_error":0.035229247906330294},"median_abs_dev":{"confidence_interval":{"confidence_level":0.95,"lower_bound":0.1974028009825799,"upper_bound":0.3847646380239794},"point_estimate":0.28844604971622473,"standard_error":0.04804561593871095},"slope":{"confidence_interval":{"confidence_level":0.95,"lower_bound":30.588653205650402,"upper_bound":30.84801017297936},"point_estimate":30.697930130699635,"standard_error":0.06676009084174309},"std_dev":{"confidence_interval":{"confidence_level":0.95,"lower_bound":0.9067733724346735,"upper_bound":7.44157805572697},"point_estimate":4.919292307676085,"standard_error":1.6178695584473426}}