{"mean":{"confidence_interval":{"confidence_level":0.95,"lower_bound":29.95557775933739,"upper_bound":31.06269786839761},"point_estimate":30.406081489005782,"standard_error":0.29125418400921615},"median":{"confidence_interval":{"confidence_level":0.95,"lower_bound":29.76499055043704,"upper_bound":30.072289156626507},"point_estimate":29.7938134823677,"standard_error":0.0724292166533099},"median_abs_dev":{"confidence_interval":{"confidence_level":0.95,"lower_bound":0.17311650944696405,"upper_bound":0.4503681272727837},"point_estimate":0.3185285984164462,"standard_error":0.07905189143222788},"slope":{"confidence_interval":{"confidence_level":0.95,"lower_bound":29.978487896040587,"upper_bound":30.110845674936925},"point_estimate":30.043236270039518,"standard_error":0.033955222583227855},"std_dev":{"confidence_interval":{"confidence_level":0.95,"lower_bound":0.4286020146064154,"upper_bound":4.6166567572877275},"point_estimate":2.915251585939185,"standard_error":1.1421200278745256}}