{"mean":{"confidence_interval":{"confidence_level":0.95,"lower_bound":2.9007309866119115,"upper_bound":2.9461796946469905},"point_estimate":2.9189480693649688,"standard_error":0.012028724267817622},"median":{"confidence_interval":{"confidence_level":0.95,"lower_bound":2.8995661034936027,"upper_bound":2.9031854789827216},"point_estimate":2.9017832692719066,"standard_error":0.0008420019180229005},"median_abs_dev":{"confidence_interval":{"confidence_level":0.95,"lower_bound":0.005806924576169791,"upper_bound":0.010429580509437125},"point_estimate":0.0076636656273834135,"standard_error":0.0012061666948279994},"slope":{"confidence_interval":{"confidence_level":0.95,"lower_bound":2.900574833905247,"upper_bound":2.9070177456812836},"point_estimate":2.9033111111582772,"standard_error":0.0016584111599038376},"std_dev":{"confidence_interval":{"confidence_level":0.95,"lower_bound":0.011428634078911655,"upper_bound":0.19536323315778997},"point_estimate":0.1214948143477737,"standard_error":0.050173142551420885}}