{"mean":{"confidence_interval":{"confidence_level":0.95,"lower_bound":2.608301137117334,"upper_bound":2.637389978327326},"point_estimate":2.6189648319067795,"standard_error":0.008003448393460953},"median":{"confidence_interval":{"confidence_level":0.95,"lower_bound":2.607584326932516,"upper_bound":2.6097783356801907},"point_estimate":2.6081249001212647,"standard_error":0.0006415632770218567},"median_abs_dev":{"confidence_interval":{"confidence_level":0.95,"lower_bound":0.0036427209164436813,"upper_bound":0.006424361207703975},"point_estimate":0.004663789582165494,"standard_error":0.0007277246303242122},"slope":{"confidence_interval":{"confidence_level":0.95,"lower_bound":2.60728168495317,"upper_bound":2.6100343925580134},"point_estimate":2.6085650262749414,"standard_error":0.0007044819659573847},"std_dev":{"confidence_interval":{"confidence_level":0.95,"lower_bound":0.008974380749399375,"upper_bound":0.1354036218872257},"point_estimate":0.08032972409553903,"standard_error":0.04075072771267821}}