{"mean":{"confidence_interval":{"confidence_level":0.95,"lower_bound":2.6178764251246154,"upper_bound":2.6569966265078544},"point_estimate":2.631842996762914,"standard_error":0.011590386254688174},"median":{"confidence_interval":{"confidence_level":0.95,"lower_bound":2.6150231447584646,"upper_bound":2.618052113723149},"point_estimate":2.6166385905861897,"standard_error":0.000745476813430404},"median_abs_dev":{"confidence_interval":{"confidence_level":0.95,"lower_bound":0.004226491222517539,"upper_bound":0.007814841356265069},"point_estimate":0.005173705553962497,"standard_error":0.000933563767310662},"slope":{"confidence_interval":{"confidence_level":0.95,"lower_bound":2.61610114981609,"upper_bound":2.6222969616517027},"point_estimate":2.6186742264315233,"standard_error":0.0016174953462766407},"std_dev":{"confidence_interval":{"confidence_level":0.95,"lower_bound":0.011706214031755162,"upper_bound":0.19735556073833233},"point_estimate":0.11586920350779566,"standard_error":0.0648467134228226}}