{"mean":{"confidence_interval":{"confidence_level":0.95,"lower_bound":2.616844842693874,"upper_bound":2.6673597975124506},"point_estimate":2.6372639925738524,"standard_error":0.013317519672680937},"median":{"confidence_interval":{"confidence_level":0.95,"lower_bound":2.6118102478222296,"upper_bound":2.616103443488585},"point_estimate":2.6133359368756977,"standard_error":0.0011500466857194533},"median_abs_dev":{"confidence_interval":{"confidence_level":0.95,"lower_bound":0.005596913744244705,"upper_bound":0.010636568067365565},"point_estimate":0.008048702920405083,"standard_error":0.001302552109315164},"slope":{"confidence_interval":{"confidence_level":0.95,"lower_bound":2.614200652126332,"upper_bound":2.629128598573689},"point_estimate":2.6196697582156614,"standard_error":0.0040861356749162065},"std_dev":{"confidence_interval":{"confidence_level":0.95,"lower_bound":0.022738310826177853,"upper_bound":0.21810706602547966},"point_estimate":0.13443802620583017,"standard_error":0.05525621639469451}}