{"mean":{"confidence_interval":{"confidence_level":0.95,"lower_bound":2.9003858394050144,"upper_bound":2.9255779761907297},"point_estimate":2.910397267070488,"standard_error":0.006661354155021105},"median":{"confidence_interval":{"confidence_level":0.95,"lower_bound":2.9003535840565733,"upper_bound":2.9032114816908487},"point_estimate":2.9016586795814447,"standard_error":0.0008350105041645711},"median_abs_dev":{"confidence_interval":{"confidence_level":0.95,"lower_bound":0.005725803179618574,"upper_bound":0.011115042169909682},"point_estimate":0.0077927642059130355,"standard_error":0.0014066159805289611},"slope":{"confidence_interval":{"confidence_level":0.95,"lower_bound":2.90133059344752,"upper_bound":2.905281828642559},"point_estimate":2.903280691602314,"standard_error":0.001006687711731817},"std_dev":{"confidence_interval":{"confidence_level":0.95,"lower_bound":0.012730496295882868,"upper_bound":0.10971947975371205},"point_estimate":0.06702824427175211,"standard_error":0.02838993518405984}}