{"mean":{"confidence_interval":{"confidence_level":0.95,"lower_bound":2.2498640704398514,"upper_bound":2.2647341598836697},"point_estimate":2.25552467576193,"standard_error":0.003996670067996982},"median":{"confidence_interval":{"confidence_level":0.95,"lower_bound":2.2478596683665333,"upper_bound":2.249655211795357},"point_estimate":2.2486416812239183,"standard_error":0.00046993715034962443},"median_abs_dev":{"confidence_interval":{"confidence_level":0.95,"lower_bound":0.0030263674534753786,"upper_bound":0.0066845955291952724},"point_estimate":0.004564143150818363,"standard_error":0.0009549212098008253},"slope":{"confidence_interval":{"confidence_level":0.95,"lower_bound":2.248491572471533,"upper_bound":2.252973517437012},"point_estimate":2.2505311275198885,"standard_error":0.0011520423031697138},"std_dev":{"confidence_interval":{"confidence_level":0.95,"lower_bound":0.008508916375549477,"upper_bound":0.06681023933412836},"point_estimate":0.04013651090793509,"standard_error":0.0188599156374098}}