{"mean":{"confidence_interval":{"confidence_level":0.95,"lower_bound":75075.01568642377,"upper_bound":75115.41634087006},"point_estimate":75093.04402868258,"standard_error":10.345826759606586},"median":{"confidence_interval":{"confidence_level":0.95,"lower_bound":75062.72180451128,"upper_bound":75100.88547893905},"point_estimate":75083.30463010975,"standard_error":7.849129515641791},"median_abs_dev":{"confidence_interval":{"confidence_level":0.95,"lower_bound":57.4966754650213,"upper_bound":89.62297320149737},"point_estimate":76.96988480743683,"standard_error":7.92868276804306},"slope":{"confidence_interval":{"confidence_level":0.95,"lower_bound":75057.72712759119,"upper_bound":75099.010381452},"point_estimate":75077.92526800228,"standard_error":10.491899391773176},"std_dev":{"confidence_interval":{"confidence_level":0.95,"lower_bound":61.45926540270899,"upper_bound":153.1389990369768},"point_estimate":104.01334013615055,"standard_error":28.50267504862703}}