{"mean":{"confidence_interval":{"confidence_level":0.95,"lower_bound":75324.04958175472,"upper_bound":75374.76681249324},"point_estimate":75348.31618821347,"standard_error":12.966067013586802},"median":{"confidence_interval":{"confidence_level":0.95,"lower_bound":75297.98642533936,"upper_bound":75359.44543828265},"point_estimate":75317.57376665887,"standard_error":15.237727120961484},"median_abs_dev":{"confidence_interval":{"confidence_level":0.95,"lower_bound":75.73933203473443,"upper_bound":130.7996241223652},"point_estimate":90.88174418859309,"standard_error":13.914020882403381},"slope":{"confidence_interval":{"confidence_level":0.95,"lower_bound":75364.05087744202,"upper_bound":75448.86533323635},"point_estimate":75404.79390299076,"standard_error":21.654901288120627},"std_dev":{"confidence_interval":{"confidence_level":0.95,"lower_bound":97.45139757807368,"upper_bound":168.34350609252346},"point_estimate":130.44637115623766,"standard_error":19.47207330072311}}