{"mean":{"confidence_interval":{"confidence_level":0.95,"lower_bound":75951.46519863425,"upper_bound":77985.85769549012},"point_estimate":76959.26943737637,"standard_error":517.6345681784917},"median":{"confidence_interval":{"confidence_level":0.95,"lower_bound":75399.31303198519,"upper_bound":77879.47061724098},"point_estimate":76712.37956889506,"standard_error":606.4994971538949},"median_abs_dev":{"confidence_interval":{"confidence_level":0.95,"lower_bound":3723.7125003117108,"upper_bound":6436.380747699374},"point_estimate":4979.36518282166,"standard_error":673.2150664416603},"slope":{"confidence_interval":{"confidence_level":0.95,"lower_bound":75730.97895631973,"upper_bound":77437.27283178683},"point_estimate":76582.50037557831,"standard_error":434.2207772264922},"std_dev":{"confidence_interval":{"confidence_level":0.95,"lower_bound":4333.58725247235,"upper_bound":6000.560592050938},"point_estimate":5189.732646147566,"standard_error":425.71491557517686}}