{"mean":{"confidence_interval":{"confidence_level":0.95,"lower_bound":253.20299074606964,"upper_bound":254.3225696703718},"point_estimate":253.69480397159606,"standard_error":0.28755401934172814},"median":{"confidence_interval":{"confidence_level":0.95,"lower_bound":253.5291193181818,"upper_bound":253.78489583333334},"point_estimate":253.6409227715164,"standard_error":0.06231680860544363},"median_abs_dev":{"confidence_interval":{"confidence_level":0.95,"lower_bound":0.44175447005363416,"upper_bound":0.8219311801678949},"point_estimate":0.5673488412940187,"standard_error":0.09322099446969512},"slope":{"confidence_interval":{"confidence_level":0.95,"lower_bound":253.85446705083257,"upper_bound":254.56780529932382},"point_estimate":254.18393904549038,"standard_error":0.1841709738677188},"std_dev":{"confidence_interval":{"confidence_level":0.95,"lower_bound":1.3471375473254033,"upper_bound":4.4539954659708165},"point_estimate":2.895109766541453,"standard_error":0.9261213275318441}}