{"mean":{"confidence_interval":{"confidence_level":0.95,"lower_bound":251.25567705943772,"upper_bound":253.04744745619834},"point_estimate":251.9736720769028,"standard_error":0.47355415775956633},"median":{"confidence_interval":{"confidence_level":0.95,"lower_bound":251.4642265365157,"upper_bound":251.6969226425748},"point_estimate":251.54866007008866,"standard_error":0.06523742754344751},"median_abs_dev":{"confidence_interval":{"confidence_level":0.95,"lower_bound":0.5006194953580144,"upper_bound":1.02080766864877},"point_estimate":0.6958609322238603,"standard_error":0.13450701413219},"slope":{"confidence_interval":{"confidence_level":0.95,"lower_bound":251.74287899187505,"upper_bound":252.13198691290086},"point_estimate":251.92113257807657,"standard_error":0.09922762194250685},"std_dev":{"confidence_interval":{"confidence_level":0.95,"lower_bound":1.4011320274851593,"upper_bound":7.834400881671935},"point_estimate":4.768544424971371,"standard_error":2.071011519338887}}