{"mean":{"confidence_interval":{"confidence_level":0.95,"lower_bound":255.39775714133833,"upper_bound":256.7748085793902},"point_estimate":255.96421034577077,"standard_error":0.35884359816364036},"median":{"confidence_interval":{"confidence_level":0.95,"lower_bound":255.46887871853548,"upper_bound":255.70257868937048},"point_estimate":255.55944976076557,"standard_error":0.058909651189994125},"median_abs_dev":{"confidence_interval":{"confidence_level":0.95,"lower_bound":0.428739433154642,"upper_bound":0.8010121428169613},"point_estimate":0.5218315079857022,"standard_error":0.10250565596430895},"slope":{"confidence_interval":{"confidence_level":0.95,"lower_bound":255.57582455373156,"upper_bound":255.86100220398373},"point_estimate":255.71183874530422,"standard_error":0.07291719331773328},"std_dev":{"confidence_interval":{"confidence_level":0.95,"lower_bound":1.1497553354100176,"upper_bound":5.884840840237934},"point_estimate":3.6225523147562786,"standard_error":1.4682300074574945}}