{"mean":{"confidence_interval":{"confidence_level":0.95,"lower_bound":2.466841942647459,"upper_bound":2.475898710483114},"point_estimate":2.471149899878343,"standard_error":0.0023101614046603237},"median":{"confidence_interval":{"confidence_level":0.95,"lower_bound":2.465079081012002,"upper_bound":2.4708758331294964},"point_estimate":2.466771970088023,"standard_error":0.0016283929324045052},"median_abs_dev":{"confidence_interval":{"confidence_level":0.95,"lower_bound":0.007998359113671711,"upper_bound":0.015456735406164875},"point_estimate":0.010552655841986593,"standard_error":0.0018912031637421435},"slope":{"confidence_interval":{"confidence_level":0.95,"lower_bound":2.4676310169028106,"upper_bound":2.473951899848931},"point_estimate":2.4705753095050365,"standard_error":0.0016144141395516762},"std_dev":{"confidence_interval":{"confidence_level":0.95,"lower_bound":0.016535727118016433,"upper_bound":0.02941096530332444},"point_estimate":0.02325385646802589,"standard_error":0.0033079855450975325}}