{"mean":{"confidence_interval":{"confidence_level":0.95,"lower_bound":2.185452824642235,"upper_bound":2.1921508426294096},"point_estimate":2.1886173442681116,"standard_error":0.0017096056053369692},"median":{"confidence_interval":{"confidence_level":0.95,"lower_bound":2.1843056516724335,"upper_bound":2.1887303921568626},"point_estimate":2.1858612018881627,"standard_error":0.0011007455098266622},"median_abs_dev":{"confidence_interval":{"confidence_level":0.95,"lower_bound":0.0068514074384679385,"upper_bound":0.011348903828718643},"point_estimate":0.008763767166551702,"standard_error":0.0011061093098271126},"slope":{"confidence_interval":{"confidence_level":0.95,"lower_bound":2.1833375484106647,"upper_bound":2.187327447272158},"point_estimate":2.1853179946704064,"standard_error":0.0010122624808059923},"std_dev":{"confidence_interval":{"confidence_level":0.95,"lower_bound":0.011611767920222334,"upper_bound":0.02246945519271551},"point_estimate":0.017201675693895666,"standard_error":0.002801290125019351}}