{"mean":{"confidence_interval":{"confidence_level":0.95,"lower_bound":8.76375806280215,"upper_bound":8.787230354091774},"point_estimate":8.775461571211437,"standard_error":0.005998724870221471},"median":{"confidence_interval":{"confidence_level":0.95,"lower_bound":8.766155439721999,"upper_bound":8.80607455338534},"point_estimate":8.797534670934116,"standard_error":0.010661669517781325},"median_abs_dev":{"confidence_interval":{"confidence_level":0.95,"lower_bound":0.035151375560408704,"upper_bound":0.07523741810729892},"point_estimate":0.052324497028103614,"standard_error":0.011537720446419694},"slope":{"confidence_interval":{"confidence_level":0.95,"lower_bound":8.781118681734958,"upper_bound":8.806454763631004},"point_estimate":8.794866979307058,"standard_error":0.00649099775227441},"std_dev":{"confidence_interval":{"confidence_level":0.95,"lower_bound":0.05135965300137444,"upper_bound":0.06936383158205842},"point_estimate":0.05995810252124477,"standard_error":0.004629682887818433}}