{"mean":{"confidence_interval":{"confidence_level":0.95,"lower_bound":2.470855951175135,"upper_bound":2.4819743806293504},"point_estimate":2.4758703445763657,"standard_error":0.0028484414190557247},"median":{"confidence_interval":{"confidence_level":0.95,"lower_bound":2.4682437279715312,"upper_bound":2.4745818647262485},"point_estimate":2.4699044330228075,"standard_error":0.0018177936344203258},"median_abs_dev":{"confidence_interval":{"confidence_level":0.95,"lower_bound":0.008595351257762866,"upper_bound":0.015647599086833438},"point_estimate":0.010931545937168823,"standard_error":0.0018297941157912104},"slope":{"confidence_interval":{"confidence_level":0.95,"lower_bound":2.4685742688316994,"upper_bound":2.4724183739037717},"point_estimate":2.4704502599373606,"standard_error":0.0009777630392829133},"std_dev":{"confidence_interval":{"confidence_level":0.95,"lower_bound":0.0149322318879839,"upper_bound":0.041001190886108714},"point_estimate":0.028681308033502363,"standard_error":0.00686848390007368}}