{"mean":{"confidence_interval":{"confidence_level":0.95,"lower_bound":2.1823522006339475,"upper_bound":2.1904998015354686},"point_estimate":2.186018493599049,"standard_error":0.0020889475790370803},"median":{"confidence_interval":{"confidence_level":0.95,"lower_bound":2.1816045829260267,"upper_bound":2.1855780241133655},"point_estimate":2.1837119685058823,"standard_error":0.0009731291508520743},"median_abs_dev":{"confidence_interval":{"confidence_level":0.95,"lower_bound":0.0061660094449766676,"upper_bound":0.010463340208040555},"point_estimate":0.008528606340934268,"standard_error":0.0010844395636637073},"slope":{"confidence_interval":{"confidence_level":0.95,"lower_bound":2.181820087594741,"upper_bound":2.1849546975489145},"point_estimate":2.1834176830910406,"standard_error":0.0007973035064735707},"std_dev":{"confidence_interval":{"confidence_level":0.95,"lower_bound":0.011114606940831348,"upper_bound":0.03069536282361385},"point_estimate":0.021015040197966378,"standard_error":0.005363307418482551}}