{"mean":{"confidence_interval":{"confidence_level":0.95,"lower_bound":2.184866768385404,"upper_bound":2.1914134705677224},"point_estimate":2.1879654662730728,"standard_error":0.0016701410913707202},"median":{"confidence_interval":{"confidence_level":0.95,"lower_bound":2.182550120820768,"upper_bound":2.187489195479988},"point_estimate":2.1850172157614747,"standard_error":0.0013360734488313852},"median_abs_dev":{"confidence_interval":{"confidence_level":0.95,"lower_bound":0.007169388021705453,"upper_bound":0.01338497313863741},"point_estimate":0.010398840089433444,"standard_error":0.0015742972571748954},"slope":{"confidence_interval":{"confidence_level":0.95,"lower_bound":2.18365217759983,"upper_bound":2.1869681300053356},"point_estimate":2.1852847832755,"standard_error":0.0008458294221139243},"std_dev":{"confidence_interval":{"confidence_level":0.95,"lower_bound":0.011940758593456183,"upper_bound":0.021931869959739194},"point_estimate":0.016747438051677374,"standard_error":0.0026540973855654136}}