{"mean":{"confidence_interval":{"confidence_level":0.95,"lower_bound":2.170242423290168,"upper_bound":2.174383570974934},"point_estimate":2.172205064484102,"standard_error":0.0010614936023792716},"median":{"confidence_interval":{"confidence_level":0.95,"lower_bound":2.167731092436975,"upper_bound":2.1719433628550213},"point_estimate":2.1702347441383587,"standard_error":0.0010153020192348817},"median_abs_dev":{"confidence_interval":{"confidence_level":0.95,"lower_bound":0.005820884017921891,"upper_bound":0.009720949865376265},"point_estimate":0.007938187633121936,"standard_error":0.0010201615789482397},"slope":{"confidence_interval":{"confidence_level":0.95,"lower_bound":2.169539956117692,"upper_bound":2.1724761034350215},"point_estimate":2.1710061460870937,"standard_error":0.000748818180192313},"std_dev":{"confidence_interval":{"confidence_level":0.95,"lower_bound":0.007183466410289513,"upper_bound":0.01384705070391275},"point_estimate":0.010712111285754986,"standard_error":0.001698054230869694}}