{"mean":{"confidence_interval":{"confidence_level":0.95,"lower_bound":4.020459205178882,"upper_bound":4.027428887821196},"point_estimate":4.023545985134974,"standard_error":0.0017914658770006205},"median":{"confidence_interval":{"confidence_level":0.95,"lower_bound":4.015124011502516,"upper_bound":4.0215736081156646},"point_estimate":4.018897905320898,"standard_error":0.0017709393063113407},"median_abs_dev":{"confidence_interval":{"confidence_level":0.95,"lower_bound":0.005178524100832623,"upper_bound":0.012226785804322996},"point_estimate":0.009957496705417299,"standard_error":0.002077704019158133},"slope":{"confidence_interval":{"confidence_level":0.95,"lower_bound":4.020945198677262,"upper_bound":4.026349882570661},"point_estimate":4.02354985696752,"standard_error":0.0013721773485939658},"std_dev":{"confidence_interval":{"confidence_level":0.95,"lower_bound":0.010074329862315065,"upper_bound":0.026618790356774315},"point_estimate":0.018034486043328912,"standard_error":0.005024419432070316}}