{"mean":{"confidence_interval":{"confidence_level":0.95,"lower_bound":2.1892987383459235,"upper_bound":2.2017605540208978},"point_estimate":2.1949115446746355,"standard_error":0.003190346493202601},"median":{"confidence_interval":{"confidence_level":0.95,"lower_bound":2.1868768246964367,"upper_bound":2.1920285647933118},"point_estimate":2.189496107314268,"standard_error":0.001307864255611692},"median_abs_dev":{"confidence_interval":{"confidence_level":0.95,"lower_bound":0.008904257764428474,"upper_bound":0.017967117032871776},"point_estimate":0.012452490308128152,"standard_error":0.0023811025078454844},"slope":{"confidence_interval":{"confidence_level":0.95,"lower_bound":2.1861952750894593,"upper_bound":2.1906943396258853},"point_estimate":2.1883569554676803,"standard_error":0.0011465301298428181},"std_dev":{"confidence_interval":{"confidence_level":0.95,"lower_bound":0.016742358474374257,"upper_bound":0.045858736985937704},"point_estimate":0.03204997184893481,"standard_error":0.007704698151575811}}