{"mean":{"confidence_interval":{"confidence_level":0.95,"lower_bound":2.1855738684777277,"upper_bound":2.1911062157009065},"point_estimate":2.1883005163085176,"standard_error":0.0014087809193337345},"median":{"confidence_interval":{"confidence_level":0.95,"lower_bound":2.1848604163304826,"upper_bound":2.190566864150856},"point_estimate":2.1880700802132225,"standard_error":0.001356920640988211},"median_abs_dev":{"confidence_interval":{"confidence_level":0.95,"lower_bound":0.008441323855322733,"upper_bound":0.014666168610186547},"point_estimate":0.01178833533397973,"standard_error":0.0016403667744923167},"slope":{"confidence_interval":{"confidence_level":0.95,"lower_bound":2.187638509133901,"upper_bound":2.191676079500839},"point_estimate":2.189634952715862,"standard_error":0.0010269883803851066},"std_dev":{"confidence_interval":{"confidence_level":0.95,"lower_bound":0.011603819517204652,"upper_bound":0.016653744885498367},"point_estimate":0.014159960242366574,"standard_error":0.0012976962937670095}}