{"mean":{"confidence_interval":{"confidence_level":0.95,"lower_bound":2.4806892587583875,"upper_bound":2.5094322868801635},"point_estimate":2.493793230776076,"standard_error":0.0073903507735360524},"median":{"confidence_interval":{"confidence_level":0.95,"lower_bound":2.470400526130532,"upper_bound":2.4780246226051537},"point_estimate":2.4736890092477273,"standard_error":0.001984322124274711},"median_abs_dev":{"confidence_interval":{"confidence_level":0.95,"lower_bound":0.00996999578162169,"upper_bound":0.02389453254431743},"point_estimate":0.01471014631963226,"standard_error":0.0037550803748113903},"slope":{"confidence_interval":{"confidence_level":0.95,"lower_bound":2.4832454197587017,"upper_bound":2.544426760269904},"point_estimate":2.5108121619731416,"standard_error":0.015808069437882964},"std_dev":{"confidence_interval":{"confidence_level":0.95,"lower_bound":0.041400844365750256,"upper_bound":0.10146654749106288},"point_estimate":0.07421915245990912,"standard_error":0.015361454337014307}}