{"mean":{"confidence_interval":{"confidence_level":0.95,"lower_bound":2.170835646508013,"upper_bound":2.1782156291606305},"point_estimate":2.1740118390755736,"standard_error":0.0019075317831701386},"median":{"confidence_interval":{"confidence_level":0.95,"lower_bound":2.169647597999922,"upper_bound":2.1718987299692962},"point_estimate":2.170620848988772,"standard_error":0.0005977086615984433},"median_abs_dev":{"confidence_interval":{"confidence_level":0.95,"lower_bound":0.004888354326384231,"upper_bound":0.008220399703576296},"point_estimate":0.006509845424814589,"standard_error":0.0008468837477021852},"slope":{"confidence_interval":{"confidence_level":0.95,"lower_bound":2.1692241695003047,"upper_bound":2.1717704596211767},"point_estimate":2.170467362059747,"standard_error":0.0006487579671717289},"std_dev":{"confidence_interval":{"confidence_level":0.95,"lower_bound":0.007238321059744643,"upper_bound":0.029411413345858246},"point_estimate":0.01913909183086518,"standard_error":0.00596258066179853}}