{"mean":{"confidence_interval":{"confidence_level":0.95,"lower_bound":9.490673259769332,"upper_bound":9.87124701730342},"point_estimate":9.65806790277123,"standard_error":0.09743884001172218},"median":{"confidence_interval":{"confidence_level":0.95,"lower_bound":9.403149767169333,"upper_bound":9.606487649181238},"point_estimate":9.51656555604993,"standard_error":0.04834506560901284},"median_abs_dev":{"confidence_interval":{"confidence_level":0.95,"lower_bound":0.410312472905622,"upper_bound":0.6550834476593277},"point_estimate":0.5356022167137984,"standard_error":0.05971875521216802},"slope":{"confidence_interval":{"confidence_level":0.95,"lower_bound":9.510433787720913,"upper_bound":9.80731890446192},"point_estimate":9.654780653578301,"standard_error":0.07575274914827995},"std_dev":{"confidence_interval":{"confidence_level":0.95,"lower_bound":0.5393129245751649,"upper_bound":1.457285913143768},"point_estimate":0.9759404041895695,"standard_error":0.28307842128215455}}