{"mean":{"confidence_interval":{"confidence_level":0.95,"lower_bound":11.642889259442281,"upper_bound":12.574877252020338},"point_estimate":12.06320076962098,"standard_error":0.23839087971144882},"median":{"confidence_interval":{"confidence_level":0.95,"lower_bound":11.321849323161702,"upper_bound":11.640949542199373},"point_estimate":11.48975296096041,"standard_error":0.08558921698851468},"median_abs_dev":{"confidence_interval":{"confidence_level":0.95,"lower_bound":0.48733045784531814,"upper_bound":0.9803892202010802},"point_estimate":0.6442958531594738,"standard_error":0.13566037820180193},"slope":{"confidence_interval":{"confidence_level":0.95,"lower_bound":11.512496715490403,"upper_bound":12.509010117611805},"point_estimate":11.903030194538841,"standard_error":0.2639857970659822},"std_dev":{"confidence_interval":{"confidence_level":0.95,"lower_bound":1.1618068242467159,"upper_bound":3.321451678512335},"point_estimate":2.3909412777167214,"standard_error":0.5379559447372771}}