{"mean":{"confidence_interval":{"confidence_level":0.95,"lower_bound":8.58477791910736,"upper_bound":8.614541726647737},"point_estimate":8.597225318132374,"standard_error":0.007741100618754867},"median":{"confidence_interval":{"confidence_level":0.95,"lower_bound":8.578215052599289,"upper_bound":8.587563645233086},"point_estimate":8.581667527756085,"standard_error":0.0023171018274237526},"median_abs_dev":{"confidence_interval":{"confidence_level":0.95,"lower_bound":0.014566922711342096,"upper_bound":0.025379238881071214},"point_estimate":0.018116879020435208,"standard_error":0.003069632909583617},"slope":{"confidence_interval":{"confidence_level":0.95,"lower_bound":8.585002606184887,"upper_bound":8.646335045608412},"point_estimate":8.606719018819811,"standard_error":0.017287937225905513},"std_dev":{"confidence_interval":{"confidence_level":0.95,"lower_bound":0.024899811647987775,"upper_bound":0.12262246927649087},"point_estimate":0.07760328354991766,"standard_error":0.02779519236872646}}