{"mean":{"confidence_interval":{"confidence_level":0.95,"lower_bound":9.574638890878907,"upper_bound":10.127827334841289},"point_estimate":9.82814772528949,"standard_error":0.14117871170346133},"median":{"confidence_interval":{"confidence_level":0.95,"lower_bound":9.405180392444567,"upper_bound":9.811351791781327},"point_estimate":9.632103494559907,"standard_error":0.09567518148472483},"median_abs_dev":{"confidence_interval":{"confidence_level":0.95,"lower_bound":0.6060923042455003,"upper_bound":1.0081121349495097},"point_estimate":0.7537438920831272,"standard_error":0.10259470603675779},"slope":{"confidence_interval":{"confidence_level":0.95,"lower_bound":9.476420833492696,"upper_bound":9.848220979752059},"point_estimate":9.660681699517228,"standard_error":0.09422173898131171},"std_dev":{"confidence_interval":{"confidence_level":0.95,"lower_bound":0.8056451782994313,"upper_bound":1.9774481179453756},"point_estimate":1.4146180997457771,"standard_error":0.30852196465096576}}