{"mean":{"confidence_interval":{"confidence_level":0.95,"lower_bound":2.170766280541062,"upper_bound":2.1764998144935466},"point_estimate":2.1733921249772137,"standard_error":0.001469566929999939},"median":{"confidence_interval":{"confidence_level":0.95,"lower_bound":2.168462915355863,"upper_bound":2.171637977430631},"point_estimate":2.169978159293472,"standard_error":0.0007716441184631254},"median_abs_dev":{"confidence_interval":{"confidence_level":0.95,"lower_bound":0.005229746224654379,"upper_bound":0.009225518573613286},"point_estimate":0.007267501875097249,"standard_error":0.0010984860368226225},"slope":{"confidence_interval":{"confidence_level":0.95,"lower_bound":2.1689297114235715,"upper_bound":2.171428260857683},"point_estimate":2.1701745601641145,"standard_error":0.000636655046610845},"std_dev":{"confidence_interval":{"confidence_level":0.95,"lower_bound":0.008505496537063183,"upper_bound":0.020629369733813106},"point_estimate":0.014809580073314616,"standard_error":0.003160573528506757}}