{"mean":{"confidence_interval":{"confidence_level":0.95,"lower_bound":2.870607551004067,"upper_bound":2.876767376067259},"point_estimate":2.8731104462602666,"standard_error":0.0016165959468293968},"median":{"confidence_interval":{"confidence_level":0.95,"lower_bound":2.8673647506339814,"upper_bound":2.870989010989011},"point_estimate":2.8693239827548336,"standard_error":0.0011008179706582537},"median_abs_dev":{"confidence_interval":{"confidence_level":0.95,"lower_bound":0.003152470209061534,"upper_bound":0.0073529219848440285},"point_estimate":0.005667107587142575,"standard_error":0.0012098696630495585},"slope":{"confidence_interval":{"confidence_level":0.95,"lower_bound":2.870394510887579,"upper_bound":2.8742431349228537},"point_estimate":2.872191280243327,"standard_error":0.0009859343479149995},"std_dev":{"confidence_interval":{"confidence_level":0.95,"lower_bound":0.006183442380097537,"upper_bound":0.02609423607210696},"point_estimate":0.016262595774657704,"standard_error":0.00651544960710274}}