{"mean":{"confidence_interval":{"confidence_level":0.95,"lower_bound":6.597590707974154,"upper_bound":6.801060892551609},"point_estimate":6.673781030069225,"standard_error":0.05545093890116227},"median":{"confidence_interval":{"confidence_level":0.95,"lower_bound":6.59587827493076,"upper_bound":6.630117574201069},"point_estimate":6.612273206739344,"standard_error":0.009754367030898456},"median_abs_dev":{"confidence_interval":{"confidence_level":0.95,"lower_bound":0.05200502452571263,"upper_bound":0.09205066411534238},"point_estimate":0.06763752895216903,"standard_error":0.010139455097211324},"slope":{"confidence_interval":{"confidence_level":0.95,"lower_bound":6.62101163221664,"upper_bound":6.652058484296642},"point_estimate":6.635797915317802,"standard_error":0.007925653123437505},"std_dev":{"confidence_interval":{"confidence_level":0.95,"lower_bound":0.08843321138606125,"upper_bound":0.9382153870312901},"point_estimate":0.5590593579921016,"standard_error":0.2748595190137814}}