{"mean":{"confidence_interval":{"confidence_level":0.95,"lower_bound":3.4342117789097575,"upper_bound":3.532043153636201},"point_estimate":3.470708468143786,"standard_error":0.027211779947694702},"median":{"confidence_interval":{"confidence_level":0.95,"lower_bound":3.4376375847515828,"upper_bound":3.445818972543035},"point_estimate":3.4430957554043964,"standard_error":0.0024581523821553633},"median_abs_dev":{"confidence_interval":{"confidence_level":0.95,"lower_bound":0.014238653941358355,"upper_bound":0.03613126817853567},"point_estimate":0.019204515516464564,"standard_error":0.005562313887645114},"slope":{"confidence_interval":{"confidence_level":0.95,"lower_bound":3.4178979690285884,"upper_bound":3.4595503417077222},"point_estimate":3.438036231320325,"standard_error":0.010672821141698876},"std_dev":{"confidence_interval":{"confidence_level":0.95,"lower_bound":0.05565155756323508,"upper_bound":0.46031973114150226},"point_estimate":0.2732094819832828,"standard_error":0.13950433600181256}}