{"mean":{"confidence_interval":{"confidence_level":0.95,"lower_bound":6.875157590884871,"upper_bound":7.0625598247228965},"point_estimate":6.941561962690901,"standard_error":0.055661753180592265},"median":{"confidence_interval":{"confidence_level":0.95,"lower_bound":6.8649091099586155,"upper_bound":6.867679533521118},"point_estimate":6.866532009252854,"standard_error":0.0007301855998578307},"median_abs_dev":{"confidence_interval":{"confidence_level":0.95,"lower_bound":0.006157339403406864,"upper_bound":0.014707267993915103},"point_estimate":0.010852965361465716,"standard_error":0.0023950078127859204},"slope":{"confidence_interval":{"confidence_level":0.95,"lower_bound":6.869158009946439,"upper_bound":6.897250644454529},"point_estimate":6.880799936439843,"standard_error":0.007267252015286278},"std_dev":{"confidence_interval":{"confidence_level":0.95,"lower_bound":0.04789442885974277,"upper_bound":0.9516877389159845},"point_estimate":0.5583332162641579,"standard_error":0.314504720348446}}