{"mean":{"confidence_interval":{"confidence_level":0.95,"lower_bound":7.887452685520616,"upper_bound":8.132882990708794},"point_estimate":7.978868097694094,"standard_error":0.06861517628627482},"median":{"confidence_interval":{"confidence_level":0.95,"lower_bound":7.833121767748002,"upper_bound":7.87855601145446},"point_estimate":7.851516331967671,"standard_error":0.010125351484470507},"median_abs_dev":{"confidence_interval":{"confidence_level":0.95,"lower_bound":0.058642477182019905,"upper_bound":0.10751103517548669},"point_estimate":0.07695870567924537,"standard_error":0.011578881287877374},"slope":{"confidence_interval":{"confidence_level":0.95,"lower_bound":7.844218199226812,"upper_bound":7.889230937588866},"point_estimate":7.864218166801208,"standard_error":0.011573476464032484},"std_dev":{"confidence_interval":{"confidence_level":0.95,"lower_bound":0.13770127999641177,"upper_bound":1.1620941355866599},"point_estimate":0.6907063688295731,"standard_error":0.35357445714053054}}