{"mean":{"confidence_interval":{"confidence_level":0.95,"lower_bound":44.88401451774491,"upper_bound":47.69982601863673},"point_estimate":46.14800213937687,"standard_error":0.723471340288763},"median":{"confidence_interval":{"confidence_level":0.95,"lower_bound":43.76255980861244,"upper_bound":44.03216374269006},"point_estimate":43.82562735953809,"standard_error":0.0686511529496862},"median_abs_dev":{"confidence_interval":{"confidence_level":0.95,"lower_bound":0.36252407965544137,"upper_bound":0.8911856420730285},"point_estimate":0.5596875909307142,"standard_error":0.1267878072480314},"slope":{"confidence_interval":{"confidence_level":0.95,"lower_bound":43.94363996727818,"upper_bound":44.38585066773378},"point_estimate":44.155145170447916,"standard_error":0.1128363130299777},"std_dev":{"confidence_interval":{"confidence_level":0.95,"lower_bound":3.7673289674944237,"upper_bound":10.370259213769536},"point_estimate":7.265493032133019,"standard_error":1.729077575147019}}