{"mean":{"confidence_interval":{"confidence_level":0.95,"lower_bound":41.8510334715271,"upper_bound":45.01600366067263},"point_estimate":43.27710016380348,"standard_error":0.8125906878131047},"median":{"confidence_interval":{"confidence_level":0.95,"lower_bound":40.61006481387221,"upper_bound":41.3008658008658},"point_estimate":40.796807359307365,"standard_error":0.1551407131247022},"median_abs_dev":{"confidence_interval":{"confidence_level":0.95,"lower_bound":0.34608010403712225,"upper_bound":1.1684748308340518},"point_estimate":0.640800788916438,"standard_error":0.1942667427942044},"slope":{"confidence_interval":{"confidence_level":0.95,"lower_bound":40.73012665686381,"upper_bound":41.33432449747117},"point_estimate":41.0007271921222,"standard_error":0.1547021882989825},"std_dev":{"confidence_interval":{"confidence_level":0.95,"lower_bound":4.303259373100393,"upper_bound":11.286328996309718},"point_estimate":8.189263969575443,"standard_error":1.7821972025750903}}