{"mean":{"confidence_interval":{"confidence_level":0.95,"lower_bound":41.92368752690478,"upper_bound":43.78373222831999},"point_estimate":42.73958753284754,"standard_error":0.4810139284846},"median":{"confidence_interval":{"confidence_level":0.95,"lower_bound":40.89506172839506,"upper_bound":42.27904667795973},"point_estimate":41.638164251207726,"standard_error":0.5045335712174308},"median_abs_dev":{"confidence_interval":{"confidence_level":0.95,"lower_bound":1.2370151405272778,"upper_bound":2.396978918207281},"point_estimate":1.9766573921028083,"standard_error":0.3411410424597867},"slope":{"confidence_interval":{"confidence_level":0.95,"lower_bound":42.556981215870465,"upper_bound":43.40001168161807},"point_estimate":42.9934754981014,"standard_error":0.2145151460471456},"std_dev":{"confidence_interval":{"confidence_level":0.95,"lower_bound":1.9117336341876132,"upper_bound":7.13451103415801},"point_estimate":4.82992675149784,"standard_error":1.3699392470568037}}