{"mean":{"confidence_interval":{"confidence_level":0.95,"lower_bound":36.54583784872804,"upper_bound":38.247524781504026},"point_estimate":37.3128733581701,"standard_error":0.4355050930315545},"median":{"confidence_interval":{"confidence_level":0.95,"lower_bound":36.70060790273556,"upper_bound":37.11955782312925},"point_estimate":36.91543227946916,"standard_error":0.09638763950439794},"median_abs_dev":{"confidence_interval":{"confidence_level":0.95,"lower_bound":0.5692610976047372,"upper_bound":1.845758978859131},"point_estimate":0.6978106939758884,"standard_error":0.3362589908959578},"slope":{"confidence_interval":{"confidence_level":0.95,"lower_bound":36.41569486711782,"upper_bound":37.16919850563244},"point_estimate":36.800658447507864,"standard_error":0.19259520801464758},"std_dev":{"confidence_interval":{"confidence_level":0.95,"lower_bound":2.3864447305139653,"upper_bound":6.225197237318594},"point_estimate":4.366138960362298,"standard_error":1.0087421774944139}}