{"mean":{"confidence_interval":{"confidence_level":0.95,"lower_bound":3.0293281119270667,"upper_bound":3.1257287343419753},"point_estimate":3.0730086855911454,"standard_error":0.024572231490923063},"median":{"confidence_interval":{"confidence_level":0.95,"lower_bound":2.965168488707352,"upper_bound":3.1301908770734617},"point_estimate":3.1252974188649425,"standard_error":0.0443800316270519},"median_abs_dev":{"confidence_interval":{"confidence_level":0.95,"lower_bound":0.01637215994452757,"upper_bound":0.2457119982807002},"point_estimate":0.10189378719343506,"standard_error":0.0751705920107609},"slope":{"confidence_interval":{"confidence_level":0.95,"lower_bound":3.098360704460492,"upper_bound":3.1279055776688915},"point_estimate":3.1138607982776088,"standard_error":0.0074866873834052656},"std_dev":{"confidence_interval":{"confidence_level":0.95,"lower_bound":0.12807319419405996,"upper_bound":0.33845144116524806},"point_estimate":0.24675764853725263,"standard_error":0.05203002084794406}}