{"mean":{"confidence_interval":{"confidence_level":0.95,"lower_bound":3.0670281321464863,"upper_bound":3.1536384979945047},"point_estimate":3.1015826832079365,"standard_error":0.022782903924835},"median":{"confidence_interval":{"confidence_level":0.95,"lower_bound":3.0232388351654405,"upper_bound":3.1358057035744418},"point_estimate":3.0767760148494094,"standard_error":0.0409495114604429},"median_abs_dev":{"confidence_interval":{"confidence_level":0.95,"lower_bound":0.06352463209500404,"upper_bound":0.1490926141760527},"point_estimate":0.1037762378427882,"standard_error":0.020930256341476314},"slope":{"confidence_interval":{"confidence_level":0.95,"lower_bound":3.0685869202693685,"upper_bound":3.1082208537608915},"point_estimate":3.0890798460848337,"standard_error":0.010125019357171477},"std_dev":{"confidence_interval":{"confidence_level":0.95,"lower_bound":0.08005174947824285,"upper_bound":0.37258131819900225},"point_estimate":0.22906214281220608,"standard_error":0.09689225019155906}}