{"mean":{"confidence_interval":{"confidence_level":0.95,"lower_bound":3.313207749786047,"upper_bound":3.432493128418107},"point_estimate":3.370935894358961,"standard_error":0.030502054351914963},"median":{"confidence_interval":{"confidence_level":0.95,"lower_bound":3.441035231632503,"upper_bound":3.444697689864996},"point_estimate":3.443431422100299,"standard_error":0.001054530005203045},"median_abs_dev":{"confidence_interval":{"confidence_level":0.95,"lower_bound":0.0070458403002018125,"upper_bound":0.01602953061209048},"point_estimate":0.009353892249046392,"standard_error":0.002379720421593898},"slope":{"confidence_interval":{"confidence_level":0.95,"lower_bound":3.437758363703065,"upper_bound":3.462314528333839},"point_estimate":3.447903268346401,"standard_error":0.006326480990028886},"std_dev":{"confidence_interval":{"confidence_level":0.95,"lower_bound":0.21918540132435502,"upper_bound":0.3959424978380857},"point_estimate":0.30684140171121316,"standard_error":0.046078686182687505}}