{"mean":{"confidence_interval":{"confidence_level":0.95,"lower_bound":3.1510083801267865,"upper_bound":3.2354682894886237},"point_estimate":3.1851386378383535,"standard_error":0.022231637904963557},"median":{"confidence_interval":{"confidence_level":0.95,"lower_bound":3.14515482472287,"upper_bound":3.1498358849260804},"point_estimate":3.1478609095243986,"standard_error":0.0013804051022663416},"median_abs_dev":{"confidence_interval":{"confidence_level":0.95,"lower_bound":0.010180028077028476,"upper_bound":0.01839695242165099},"point_estimate":0.014522583486715035,"standard_error":0.0020854905022063266},"slope":{"confidence_interval":{"confidence_level":0.95,"lower_bound":3.1459976394679163,"upper_bound":3.155786976747571},"point_estimate":3.150257103412394,"standard_error":0.002506127918582187},"std_dev":{"confidence_interval":{"confidence_level":0.95,"lower_bound":0.029074634708244347,"upper_bound":0.35877146521664666},"point_estimate":0.22278762369910582,"standard_error":0.08962108362431298}}