{"mean":{"confidence_interval":{"confidence_level":0.95,"lower_bound":3.2230799975671394,"upper_bound":3.2689853472219754},"point_estimate":3.240875166383962,"standard_error":0.012289376912483845},"median":{"confidence_interval":{"confidence_level":0.95,"lower_bound":3.2199639906694055,"upper_bound":3.2271689501913454},"point_estimate":3.223021075730461,"standard_error":0.0019300410945829389},"median_abs_dev":{"confidence_interval":{"confidence_level":0.95,"lower_bound":0.01191388006967013,"upper_bound":0.020055750744744846},"point_estimate":0.014833700643195018,"standard_error":0.002088688771755964},"slope":{"confidence_interval":{"confidence_level":0.95,"lower_bound":3.2240412039336777,"upper_bound":3.2345842353059546},"point_estimate":3.228960665364967,"standard_error":0.0026829812584116134},"std_dev":{"confidence_interval":{"confidence_level":0.95,"lower_bound":0.026837722070739662,"upper_bound":0.2046716580269834},"point_estimate":0.12374796959508251,"standard_error":0.0561207489651371}}