{"mean":{"confidence_interval":{"confidence_level":0.95,"lower_bound":3.1140179963719095,"upper_bound":3.183136753671601},"point_estimate":3.1421742728045787,"standard_error":0.01806382526664759},"median":{"confidence_interval":{"confidence_level":0.95,"lower_bound":3.1356636051466635,"upper_bound":3.138790347628866},"point_estimate":3.1373132491097975,"standard_error":0.0007897417400027334},"median_abs_dev":{"confidence_interval":{"confidence_level":0.95,"lower_bound":0.007272859773792695,"upper_bound":0.014446971812375725},"point_estimate":0.010432205734934226,"standard_error":0.0018152826792432878},"slope":{"confidence_interval":{"confidence_level":0.95,"lower_bound":3.135476766362726,"upper_bound":3.143152045065682},"point_estimate":3.139051709283047,"standard_error":0.001954484099799478},"std_dev":{"confidence_interval":{"confidence_level":0.95,"lower_bound":0.06194731682249229,"upper_bound":0.2939169793003749},"point_estimate":0.18216976397265883,"standard_error":0.07276438186975505}}