{"mean":{"confidence_interval":{"confidence_level":0.95,"lower_bound":3.0073160316176706,"upper_bound":3.0553791813615025},"point_estimate":3.027332436079683,"standard_error":0.012492112026053027},"median":{"confidence_interval":{"confidence_level":0.95,"lower_bound":2.9883142395727815,"upper_bound":2.997765287830388},"point_estimate":2.9923786610596688,"standard_error":0.002608110147954768},"median_abs_dev":{"confidence_interval":{"confidence_level":0.95,"lower_bound":0.01492663469146811,"upper_bound":0.028911342200724093},"point_estimate":0.02149275945788961,"standard_error":0.0037615542993563404},"slope":{"confidence_interval":{"confidence_level":0.95,"lower_bound":2.983936463889881,"upper_bound":2.9962034002238687},"point_estimate":2.989014047931269,"standard_error":0.0031707059666297396},"std_dev":{"confidence_interval":{"confidence_level":0.95,"lower_bound":0.04747790813331821,"upper_bound":0.19856156985720702},"point_estimate":0.12548468347037128,"standard_error":0.045958028858649205}}