{"mean":{"confidence_interval":{"confidence_level":0.95,"lower_bound":30.611169821211234,"upper_bound":31.867472523799464},"point_estimate":31.15911528442263,"standard_error":0.3250378431751013},"median":{"confidence_interval":{"confidence_level":0.95,"lower_bound":30.27316109129471,"upper_bound":30.53608695652174},"point_estimate":30.40497285775818,"standard_error":0.07888929119110619},"median_abs_dev":{"confidence_interval":{"confidence_level":0.95,"lower_bound":0.18386126140557674,"upper_bound":0.4369629245326314},"point_estimate":0.3095031784772109,"standard_error":0.0668934740571875},"slope":{"confidence_interval":{"confidence_level":0.95,"lower_bound":30.47872344502801,"upper_bound":30.636420426003},"point_estimate":30.5510627428739,"standard_error":0.03997637184655999},"std_dev":{"confidence_interval":{"confidence_level":0.95,"lower_bound":1.0714656915001883,"upper_bound":4.81494931345801},"point_estimate":3.2777048357623104,"standard_error":0.9542036645627788}}