{"mean":{"confidence_interval":{"confidence_level":0.95,"lower_bound":15.439111970851023,"upper_bound":15.781081199010123},"point_estimate":15.569987121683637,"standard_error":0.09152387231432609},"median":{"confidence_interval":{"confidence_level":0.95,"lower_bound":15.413117800455844,"upper_bound":15.432670273711013},"point_estimate":15.426348147225399,"standard_error":0.0053001687358407564},"median_abs_dev":{"confidence_interval":{"confidence_level":0.95,"lower_bound":0.03268501036020809,"upper_bound":0.06012444861517512},"point_estimate":0.0460147753620648,"standard_error":0.007181946543843091},"slope":{"confidence_interval":{"confidence_level":0.95,"lower_bound":15.430008295237958,"upper_bound":15.473830703776128},"point_estimate":15.449537513414832,"standard_error":0.01123363435990218},"std_dev":{"confidence_interval":{"confidence_level":0.95,"lower_bound":0.094223002514071,"upper_bound":1.526403424669094},"point_estimate":0.9191795223041054,"standard_error":0.42597678461670657}}