{"mean":{"confidence_interval":{"confidence_level":0.95,"lower_bound":89.08704195416595,"upper_bound":90.03604844670593},"point_estimate":89.48674166619547,"standard_error":0.2454884174312686},"median":{"confidence_interval":{"confidence_level":0.95,"lower_bound":88.99521590372818,"upper_bound":89.06060581822254},"point_estimate":89.02644264616004,"standard_error":0.01679584859719687},"median_abs_dev":{"confidence_interval":{"confidence_level":0.95,"lower_bound":0.09155256640521235,"upper_bound":0.14499372787091352},"point_estimate":0.12396864270504995,"standard_error":0.013590386520737739},"slope":{"confidence_interval":{"confidence_level":0.95,"lower_bound":89.0342041469879,"upper_bound":89.32864503020372},"point_estimate":89.14134997081094,"standard_error":0.07872375938057402},"std_dev":{"confidence_interval":{"confidence_level":0.95,"lower_bound":0.4172784690998417,"upper_bound":3.902947743920778},"point_estimate":2.4604628980506837,"standard_error":0.8820995298042577}}