{"mean":{"confidence_interval":{"confidence_level":0.95,"lower_bound":85.01947681548258,"upper_bound":85.86052059696496},"point_estimate":85.42198276459438,"standard_error":0.21562298784423908},"median":{"confidence_interval":{"confidence_level":0.95,"lower_bound":84.0559011718115,"upper_bound":84.95926145244044},"point_estimate":84.41652206906444,"standard_error":0.24995996946232407},"median_abs_dev":{"confidence_interval":{"confidence_level":0.95,"lower_bound":0.3347795990096333,"upper_bound":1.5291853596884355},"point_estimate":0.7926835702104476,"standard_error":0.317177678573084},"slope":{"confidence_interval":{"confidence_level":0.95,"lower_bound":85.01757111996572,"upper_bound":86.04074993663814},"point_estimate":85.50180266918741,"standard_error":0.26176752910836343},"std_dev":{"confidence_interval":{"confidence_level":0.95,"lower_bound":1.7105307085116,"upper_bound":2.55504290407783},"point_estimate":2.1673939050015,"standard_error":0.21558023805841095}}