{"mean":{"confidence_interval":{"confidence_level":0.95,"lower_bound":266.1769975089206,"upper_bound":272.1742991270721},"point_estimate":268.96632199435896,"standard_error":1.532316949615418},"median":{"confidence_interval":{"confidence_level":0.95,"lower_bound":260.96968701224023,"upper_bound":263.8376393110436},"point_estimate":261.24269150859914,"standard_error":0.7508485337660672},"median_abs_dev":{"confidence_interval":{"confidence_level":0.95,"lower_bound":0.589691642178085,"upper_bound":4.8238698799477895},"point_estimate":1.1143796286967191,"standard_error":1.0951437148839283},"slope":{"confidence_interval":{"confidence_level":0.95,"lower_bound":262.0016986254039,"upper_bound":264.8520392725403},"point_estimate":263.1847876719805,"standard_error":0.7345174589824616},"std_dev":{"confidence_interval":{"confidence_level":0.95,"lower_bound":10.017094255716003,"upper_bound":20.173955017994984},"point_estimate":15.397480958173414,"standard_error":2.6067204262037054}}