{"mean":{"confidence_interval":{"confidence_level":0.95,"lower_bound":97.10546995588362,"upper_bound":97.56686975769301},"point_estimate":97.2729228872406,"standard_error":0.1335107041439321},"median":{"confidence_interval":{"confidence_level":0.95,"lower_bound":97.10789944585547,"upper_bound":97.15145150273224},"point_estimate":97.12516688400397,"standard_error":0.010649484382944916},"median_abs_dev":{"confidence_interval":{"confidence_level":0.95,"lower_bound":0.08455464079105807,"upper_bound":0.15830133144278777},"point_estimate":0.11154249823908752,"standard_error":0.01966720980293395},"slope":{"confidence_interval":{"confidence_level":0.95,"lower_bound":97.09409754078061,"upper_bound":97.1489898382864},"point_estimate":97.1204014933852,"standard_error":0.01399844074422636},"std_dev":{"confidence_interval":{"confidence_level":0.95,"lower_bound":0.17357500745821092,"upper_bound":2.2806484120348096},"point_estimate":1.3421715688660407,"standard_error":0.7279846499626669}}