{"mean":{"confidence_interval":{"confidence_level":0.95,"lower_bound":91.49796261713739,"upper_bound":91.9816795868048},"point_estimate":91.69923159382179,"standard_error":0.12728299054779985},"median":{"confidence_interval":{"confidence_level":0.95,"lower_bound":91.46891828175795,"upper_bound":91.51636148919377},"point_estimate":91.4862804349005,"standard_error":0.01277530303480465},"median_abs_dev":{"confidence_interval":{"confidence_level":0.95,"lower_bound":0.07631648070877471,"upper_bound":0.12335747589647186},"point_estimate":0.10304639182207613,"standard_error":0.011908324806725793},"slope":{"confidence_interval":{"confidence_level":0.95,"lower_bound":91.47863746567029,"upper_bound":91.57187995781345},"point_estimate":91.51780951439258,"standard_error":0.02414847941848618},"std_dev":{"confidence_interval":{"confidence_level":0.95,"lower_bound":0.18162175832950314,"upper_bound":1.9865353500248377},"point_estimate":1.2773703722777383,"standard_error":0.47907974005145804}}