{"mean":{"confidence_interval":{"confidence_level":0.95,"lower_bound":97.27862845576493,"upper_bound":101.14072419120049},"point_estimate":98.98815003127179,"standard_error":0.9872580504715357},"median":{"confidence_interval":{"confidence_level":0.95,"lower_bound":97.03409417395179,"upper_bound":97.08759560076965},"point_estimate":97.05860998054695,"standard_error":0.01442781046120082},"median_abs_dev":{"confidence_interval":{"confidence_level":0.95,"lower_bound":0.09669412319755662,"upper_bound":0.17404076724604786},"point_estimate":0.131498950371278,"standard_error":0.020396293456589432},"slope":{"confidence_interval":{"confidence_level":0.95,"lower_bound":97.20778340583242,"upper_bound":102.53816925904667},"point_estimate":99.54956614428265,"standard_error":1.3563983117734129},"std_dev":{"confidence_interval":{"confidence_level":0.95,"lower_bound":1.2971108654237997,"upper_bound":14.677352967590249},"point_estimate":9.944688024420351,"standard_error":3.1194365053470556}}