{"mean":{"confidence_interval":{"confidence_level":0.95,"lower_bound":111.52380651310465,"upper_bound":112.34167644522427},"point_estimate":111.95037000343785,"standard_error":0.20853097167651483},"median":{"confidence_interval":{"confidence_level":0.95,"lower_bound":112.36341387276019,"upper_bound":112.65386136204641},"point_estimate":112.54306725303167,"standard_error":0.061236654884736806},"median_abs_dev":{"confidence_interval":{"confidence_level":0.95,"lower_bound":0.3996041992889128,"upper_bound":0.6592652643137099},"point_estimate":0.4820814618521422,"standard_error":0.06287134712638211},"slope":{"confidence_interval":{"confidence_level":0.95,"lower_bound":112.51544984971999,"upper_bound":112.67229410847996},"point_estimate":112.59444193359687,"standard_error":0.0399577181752939},"std_dev":{"confidence_interval":{"confidence_level":0.95,"lower_bound":1.520738375806785,"upper_bound":2.590650539132836},"point_estimate":2.104401922802348,"standard_error":0.27299612027787135}}