{"mean":{"confidence_interval":{"confidence_level":0.95,"lower_bound":32.54151931780952,"upper_bound":33.6182870307827},"point_estimate":33.01667182793906,"standard_error":0.2762693144721361},"median":{"confidence_interval":{"confidence_level":0.95,"lower_bound":32.223326286116986,"upper_bound":32.378858350951376},"point_estimate":32.260570970328786,"standard_error":0.0332442678844673},"median_abs_dev":{"confidence_interval":{"confidence_level":0.95,"lower_bound":0.24542456461187975,"upper_bound":0.4424204128369422},"point_estimate":0.3288068797093556,"standard_error":0.04625888329637705},"slope":{"confidence_interval":{"confidence_level":0.95,"lower_bound":32.34771124660625,"upper_bound":32.558425447398264},"point_estimate":32.4462562297882,"standard_error":0.05394114839334729},"std_dev":{"confidence_interval":{"confidence_level":0.95,"lower_bound":1.1576975539510967,"upper_bound":3.9782525931411685},"point_estimate":2.775267916145764,"standard_error":0.7148756676606274}}