{"mean":{"confidence_interval":{"confidence_level":0.95,"lower_bound":31.126514399856504,"upper_bound":31.892728414241247},"point_estimate":31.45578565616985,"standard_error":0.19791604962741965},"median":{"confidence_interval":{"confidence_level":0.95,"lower_bound":30.865143051854012,"upper_bound":31.26143576129639},"point_estimate":30.988010561868506,"standard_error":0.11922874607387368},"median_abs_dev":{"confidence_interval":{"confidence_level":0.95,"lower_bound":0.342056718818849,"upper_bound":0.6102151634424084},"point_estimate":0.47751873682402457,"standard_error":0.06703922715979879},"slope":{"confidence_interval":{"confidence_level":0.95,"lower_bound":31.17214476735019,"upper_bound":31.485561103025546},"point_estimate":31.309407912950906,"standard_error":0.08129023835288669},"std_dev":{"confidence_interval":{"confidence_level":0.95,"lower_bound":0.583331477717888,"upper_bound":3.051374901512787},"point_estimate":1.9895951034445423,"standard_error":0.6251408288580177}}