{"mean":{"confidence_interval":{"confidence_level":0.95,"lower_bound":36.015708751039355,"upper_bound":38.22624686120314},"point_estimate":37.0535821439581,"standard_error":0.5654897751037511},"median":{"confidence_interval":{"confidence_level":0.95,"lower_bound":34.14449754413912,"upper_bound":36.108150584795325},"point_estimate":34.528483363042184,"standard_error":0.4820809895199427},"median_abs_dev":{"confidence_interval":{"confidence_level":0.95,"lower_bound":1.1802796109322293,"upper_bound":3.4061348895494086},"point_estimate":2.03501855262248,"standard_error":0.6290132131225463},"slope":{"confidence_interval":{"confidence_level":0.95,"lower_bound":34.07930155086737,"upper_bound":34.45716794252936},"point_estimate":34.25485655360509,"standard_error":0.09639511668552508},"std_dev":{"confidence_interval":{"confidence_level":0.95,"lower_bound":3.8339533929362966,"upper_bound":7.199272886370261},"point_estimate":5.650433383750723,"standard_error":0.8597942481137173}}