{"mean":{"confidence_interval":{"confidence_level":0.95,"lower_bound":3.6125737771837194,"upper_bound":3.6938312174696497},"point_estimate":3.6419420903705593,"standard_error":0.02329618198258685},"median":{"confidence_interval":{"confidence_level":0.95,"lower_bound":3.6059785964475086,"upper_bound":3.6114734962171804},"point_estimate":3.6090411319239664,"standard_error":0.001343876676513097},"median_abs_dev":{"confidence_interval":{"confidence_level":0.95,"lower_bound":0.009783256108263416,"upper_bound":0.016786453973331426},"point_estimate":0.013774284807947066,"standard_error":0.0017186166488684605},"slope":{"confidence_interval":{"confidence_level":0.95,"lower_bound":3.609619268128203,"upper_bound":3.625710050022227},"point_estimate":3.616452937839652,"standard_error":0.004207951540746352},"std_dev":{"confidence_interval":{"confidence_level":0.95,"lower_bound":0.026707533139524762,"upper_bound":0.39494396783749874},"point_estimate":0.23302403193178164,"standard_error":0.12500127237273703}}