{"mean":{"confidence_interval":{"confidence_level":0.95,"lower_bound":3.2247233000544706,"upper_bound":3.3341290715367267},"point_estimate":3.268976157447517,"standard_error":0.028654750134840937},"median":{"confidence_interval":{"confidence_level":0.95,"lower_bound":3.1963392441491387,"upper_bound":3.2135347625047954},"point_estimate":3.2044869685828923,"standard_error":0.004477375850878204},"median_abs_dev":{"confidence_interval":{"confidence_level":0.95,"lower_bound":0.01372316104448248,"upper_bound":0.03010437375444239},"point_estimate":0.0216935889204136,"standard_error":0.004069589045868839},"slope":{"confidence_interval":{"confidence_level":0.95,"lower_bound":3.2302415556390476,"upper_bound":3.3070849926449846},"point_estimate":3.2641165691436353,"standard_error":0.019740977379646252},"std_dev":{"confidence_interval":{"confidence_level":0.95,"lower_bound":0.07242654141260887,"upper_bound":0.4677640616635724},"point_estimate":0.28924624190094744,"standard_error":0.11607391679033488}}