{"mean":{"confidence_interval":{"confidence_level":0.95,"lower_bound":3.6221221003650954,"upper_bound":3.7013961895722183},"point_estimate":3.6540547903328298,"standard_error":0.021417537179807565},"median":{"confidence_interval":{"confidence_level":0.95,"lower_bound":3.620413996779106,"upper_bound":3.6242182790691073},"point_estimate":3.6218792539186024,"standard_error":0.0010113877537983903},"median_abs_dev":{"confidence_interval":{"confidence_level":0.95,"lower_bound":0.005759782334436664,"upper_bound":0.009677299972439843},"point_estimate":0.007192227259771779,"standard_error":0.0010308434833628973},"slope":{"confidence_interval":{"confidence_level":0.95,"lower_bound":3.6203452550995494,"upper_bound":3.626142151986897},"point_estimate":3.6230286582174083,"standard_error":0.0014829446616291574},"std_dev":{"confidence_interval":{"confidence_level":0.95,"lower_bound":0.014509290333112778,"upper_bound":0.33705470147358496},"point_estimate":0.21417979412834803,"standard_error":0.08809178597116496}}