{"mean":{"confidence_interval":{"confidence_level":0.95,"lower_bound":3.626865576621547,"upper_bound":3.7167506521773337},"point_estimate":3.662738739093348,"standard_error":0.02370978076015485},"median":{"confidence_interval":{"confidence_level":0.95,"lower_bound":3.6167794975042993,"upper_bound":3.6245676073373856},"point_estimate":3.6194723609257675,"standard_error":0.0020685202779005775},"median_abs_dev":{"confidence_interval":{"confidence_level":0.95,"lower_bound":0.009450944334734248,"upper_bound":0.020312958747747703},"point_estimate":0.011932181182263928,"standard_error":0.002916214818878491},"slope":{"confidence_interval":{"confidence_level":0.95,"lower_bound":3.6239015217563266,"upper_bound":3.6545968857005273},"point_estimate":3.637482156164547,"standard_error":0.007917428878974212},"std_dev":{"confidence_interval":{"confidence_level":0.95,"lower_bound":0.036273505142648585,"upper_bound":0.388215077183548},"point_estimate":0.238700103788403,"standard_error":0.09963196418577489}}