{"mean":{"confidence_interval":{"confidence_level":0.95,"lower_bound":2.05636561694949,"upper_bound":2.066953184564062},"point_estimate":2.060476960614894,"standard_error":0.002819372589893787},"median":{"confidence_interval":{"confidence_level":0.95,"lower_bound":2.056336249822165,"upper_bound":2.058264163372859},"point_estimate":2.057399690324948,"standard_error":0.0005702856989747805},"median_abs_dev":{"confidence_interval":{"confidence_level":0.95,"lower_bound":0.00376003215758738,"upper_bound":0.006388307619692081},"point_estimate":0.005015236386122507,"standard_error":0.0006491525514933337},"slope":{"confidence_interval":{"confidence_level":0.95,"lower_bound":2.0578346363164837,"upper_bound":2.063209725503889},"point_estimate":2.0601496187678467,"standard_error":0.00138666252545082},"std_dev":{"confidence_interval":{"confidence_level":0.95,"lower_bound":0.007454304079233771,"upper_bound":0.04665748138944437},"point_estimate":0.028254767081319028,"standard_error":0.012749199927701356}}