{"mean":{"confidence_interval":{"confidence_level":0.95,"lower_bound":34.575149398481315,"upper_bound":36.70430406420518},"point_estimate":35.54987189325557,"standard_error":0.5449397664824689},"median":{"confidence_interval":{"confidence_level":0.95,"lower_bound":33.66648950305607,"upper_bound":34.33744131455399},"point_estimate":34.0703598677717,"standard_error":0.18426130639864288},"median_abs_dev":{"confidence_interval":{"confidence_level":0.95,"lower_bound":0.8099168437413321,"upper_bound":1.3183593785207053},"point_estimate":1.1267042138351324,"standard_error":0.1289677078024303},"slope":{"confidence_interval":{"confidence_level":0.95,"lower_bound":33.57402581551789,"upper_bound":34.000799661714},"point_estimate":33.774550521690806,"standard_error":0.10912090754848094},"std_dev":{"confidence_interval":{"confidence_level":0.95,"lower_bound":3.284309258921102,"upper_bound":7.168942676611641},"point_estimate":5.474970597363749,"standard_error":0.9884272735017497}}