{"mean":{"confidence_interval":{"confidence_level":0.95,"lower_bound":44.81054875215192,"upper_bound":48.071214777774294},"point_estimate":46.28923138588876,"standard_error":0.837205230993146},"median":{"confidence_interval":{"confidence_level":0.95,"lower_bound":43.70721800831906,"upper_bound":43.893661942388896},"point_estimate":43.7812781331438,"standard_error":0.05477081248084084},"median_abs_dev":{"confidence_interval":{"confidence_level":0.95,"lower_bound":0.3440792001328957,"upper_bound":0.7402637944961946},"point_estimate":0.5421688872764383,"standard_error":0.1017056336469303},"slope":{"confidence_interval":{"confidence_level":0.95,"lower_bound":43.73299832791081,"upper_bound":44.118188564669225},"point_estimate":43.913151135117964,"standard_error":0.09836188950538004},"std_dev":{"confidence_interval":{"confidence_level":0.95,"lower_bound":4.346598092081954,"upper_bound":11.267811065334403},"point_estimate":8.400832625909327,"standard_error":1.726998150329101}}