{"mean":{"confidence_interval":{"confidence_level":0.95,"lower_bound":44.07180017857927,"upper_bound":47.236952084893126},"point_estimate":45.478570785547866,"standard_error":0.8132660224135277},"median":{"confidence_interval":{"confidence_level":0.95,"lower_bound":43.0781512605042,"upper_bound":43.20524296675192},"point_estimate":43.12473122800274,"standard_error":0.0344939152413854},"median_abs_dev":{"confidence_interval":{"confidence_level":0.95,"lower_bound":0.15334851677520114,"upper_bound":0.4046048673843009},"point_estimate":0.2714146183314765,"standard_error":0.06464127887163597},"slope":{"confidence_interval":{"confidence_level":0.95,"lower_bound":43.21489537753035,"upper_bound":43.55268439641355},"point_estimate":43.37488795104269,"standard_error":0.08650879963540287},"std_dev":{"confidence_interval":{"confidence_level":0.95,"lower_bound":3.938061798107009,"upper_bound":11.593533816793284},"point_estimate":8.174767744693536,"standard_error":1.9642420597964727}}