{"mean":{"confidence_interval":{"confidence_level":0.95,"lower_bound":4.974250165048446,"upper_bound":5.039428006279416},"point_estimate":5.001167547785807,"standard_error":0.0170098216958454},"median":{"confidence_interval":{"confidence_level":0.95,"lower_bound":4.967744708615665,"upper_bound":4.978440630542856},"point_estimate":4.972420353980609,"standard_error":0.0030182123503183504},"median_abs_dev":{"confidence_interval":{"confidence_level":0.95,"lower_bound":0.017594525538445403,"upper_bound":0.03769900170718301},"point_estimate":0.024498922384057105,"standard_error":0.0051303241615051395},"slope":{"confidence_interval":{"confidence_level":0.95,"lower_bound":4.975691205986429,"upper_bound":5.019920130255775},"point_estimate":4.994545041884681,"standard_error":0.01153152692139605},"std_dev":{"confidence_interval":{"confidence_level":0.95,"lower_bound":0.061704677729148304,"upper_bound":0.2720331939300937},"point_estimate":0.17084391576640554,"standard_error":0.06520523948839695}}