{"mean":{"confidence_interval":{"confidence_level":0.95,"lower_bound":4.933974254213917,"upper_bound":5.064873513172164},"point_estimate":4.987814074878275,"standard_error":0.03431583816711168},"median":{"confidence_interval":{"confidence_level":0.95,"lower_bound":4.9210807338095695,"upper_bound":4.9277377073339395},"point_estimate":4.9243089064836205,"standard_error":0.0017507006137938682},"median_abs_dev":{"confidence_interval":{"confidence_level":0.95,"lower_bound":0.010004306381076905,"upper_bound":0.01846903949907193},"point_estimate":0.013677357902111753,"standard_error":0.0021818285652791918},"slope":{"confidence_interval":{"confidence_level":0.95,"lower_bound":4.923985173599188,"upper_bound":4.944492337698274},"point_estimate":4.932976603696199,"standard_error":0.005265316180921157},"std_dev":{"confidence_interval":{"confidence_level":0.95,"lower_bound":0.0567483215467688,"upper_bound":0.5423291733582645},"point_estimate":0.34504516300083143,"standard_error":0.13101182645124956}}