{"mean":{"confidence_interval":{"confidence_level":0.95,"lower_bound":4.965731155457957,"upper_bound":5.019394965408379},"point_estimate":4.987488529403793,"standard_error":0.01402564407012726},"median":{"confidence_interval":{"confidence_level":0.95,"lower_bound":4.957291953067196,"upper_bound":4.965003205072045},"point_estimate":4.960604424628746,"standard_error":0.0020653874962698483},"median_abs_dev":{"confidence_interval":{"confidence_level":0.95,"lower_bound":0.012809688973263346,"upper_bound":0.02025520333501713},"point_estimate":0.0166757797264045,"standard_error":0.0018956602714583078},"slope":{"confidence_interval":{"confidence_level":0.95,"lower_bound":4.968520606309554,"upper_bound":5.003095078144911},"point_estimate":4.983878577615113,"standard_error":0.00890061380599688},"std_dev":{"confidence_interval":{"confidence_level":0.95,"lower_bound":0.045748346594396624,"upper_bound":0.22631279090988277},"point_estimate":0.14066920438339792,"standard_error":0.05600410628177666}}