{"mean":{"confidence_interval":{"confidence_level":0.95,"lower_bound":4.863659873081678,"upper_bound":5.041306523109034},"point_estimate":4.950917534109263,"standard_error":0.04520481239009638},"median":{"confidence_interval":{"confidence_level":0.95,"lower_bound":4.541857438174719,"upper_bound":5.314254051895631},"point_estimate":5.222443193902118,"standard_error":0.31066773226336647},"median_abs_dev":{"confidence_interval":{"confidence_level":0.95,"lower_bound":0.03454023409672672,"upper_bound":0.7411199860271943},"point_estimate":0.4787274897683865,"standard_error":0.20512769257835306},"slope":{"confidence_interval":{"confidence_level":0.95,"lower_bound":5.177045176938496,"upper_bound":5.266071251383764},"point_estimate":5.227352369049314,"standard_error":0.022711313001272822},"std_dev":{"confidence_interval":{"confidence_level":0.95,"lower_bound":0.400677082949969,"upper_bound":0.5365654234981087},"point_estimate":0.4558562579057746,"standard_error":0.04007728927102635}}