{"mean":{"confidence_interval":{"confidence_level":0.95,"lower_bound":4.91922583870604,"upper_bound":4.99756991220121},"point_estimate":4.952174144214499,"standard_error":0.020271086821798533},"median":{"confidence_interval":{"confidence_level":0.95,"lower_bound":4.9093012896504655,"upper_bound":4.918089942616673},"point_estimate":4.914432371379025,"standard_error":0.001971359239296395},"median_abs_dev":{"confidence_interval":{"confidence_level":0.95,"lower_bound":0.017088579322458775,"upper_bound":0.029363369197998947},"point_estimate":0.022265640949248725,"standard_error":0.002955037866887737},"slope":{"confidence_interval":{"confidence_level":0.95,"lower_bound":4.908152900116911,"upper_bound":4.9781654896296885},"point_estimate":4.933877005385152,"standard_error":0.019390892480335153},"std_dev":{"confidence_interval":{"confidence_level":0.95,"lower_bound":0.0389206555927678,"upper_bound":0.32285238347019946},"point_estimate":0.2036502548949749,"standard_error":0.07213398569324274}}