{"mean":{"confidence_interval":{"confidence_level":0.95,"lower_bound":4.4996434551139926,"upper_bound":4.616102864346322},"point_estimate":4.543003757177107,"standard_error":0.031918206481641856},"median":{"confidence_interval":{"confidence_level":0.95,"lower_bound":4.486854776537502,"upper_bound":4.49580902451566},"point_estimate":4.490844727729046,"standard_error":0.0023478931179719805},"median_abs_dev":{"confidence_interval":{"confidence_level":0.95,"lower_bound":0.012725989224225884,"upper_bound":0.022979426440841753},"point_estimate":0.018260998407100944,"standard_error":0.002658881564343257},"slope":{"confidence_interval":{"confidence_level":0.95,"lower_bound":4.4910475135116945,"upper_bound":4.509220845184929},"point_estimate":4.499057144731296,"standard_error":0.004655149128474543},"std_dev":{"confidence_interval":{"confidence_level":0.95,"lower_bound":0.046648800360481385,"upper_bound":0.5393224872950035},"point_estimate":0.3213058231408051,"standard_error":0.15935602665208531}}