{"mean":{"confidence_interval":{"confidence_level":0.95,"lower_bound":4.588330479384626,"upper_bound":4.744630129771347},"point_estimate":4.647750772100942,"standard_error":0.04240017171298773},"median":{"confidence_interval":{"confidence_level":0.95,"lower_bound":4.512881152460984,"upper_bound":4.688424169667867},"point_estimate":4.683137237218119,"standard_error":0.05945160554036923},"median_abs_dev":{"confidence_interval":{"confidence_level":0.95,"lower_bound":0.03917058195694792,"upper_bound":0.22078747259065262},"point_estimate":0.13915285371747294,"standard_error":0.05035028062512292},"slope":{"confidence_interval":{"confidence_level":0.95,"lower_bound":4.661656181748891,"upper_bound":4.68723717598361},"point_estimate":4.67566491661834,"standard_error":0.006542207568640424},"std_dev":{"confidence_interval":{"confidence_level":0.95,"lower_bound":0.10902292735566953,"upper_bound":0.7094785148604876},"point_estimate":0.4249247716747614,"standard_error":0.2053751079159251}}