{"mean":{"confidence_interval":{"confidence_level":0.95,"lower_bound":4.398539968379335,"upper_bound":4.52583318942044},"point_estimate":4.445238000826223,"standard_error":0.03619885530334206},"median":{"confidence_interval":{"confidence_level":0.95,"lower_bound":4.3933945777752825,"upper_bound":4.414592885067473},"point_estimate":4.4082498017824525,"standard_error":0.005166897183454442},"median_abs_dev":{"confidence_interval":{"confidence_level":0.95,"lower_bound":0.0326991766501836,"upper_bound":0.06197008013136976},"point_estimate":0.04250889089559046,"standard_error":0.008003202225812614},"slope":{"confidence_interval":{"confidence_level":0.95,"lower_bound":4.37468225643416,"upper_bound":4.407871109380353},"point_estimate":4.391237415101007,"standard_error":0.00847549423920088},"std_dev":{"confidence_interval":{"confidence_level":0.95,"lower_bound":0.059766233032544906,"upper_bound":0.6170076759419575},"point_estimate":0.3644094311696855,"standard_error":0.1927688843170434}}