{"mean":{"confidence_interval":{"confidence_level":0.95,"lower_bound":4.552827370391311,"upper_bound":4.655924585709285},"point_estimate":4.5921951035618065,"standard_error":0.027550301286016182},"median":{"confidence_interval":{"confidence_level":0.95,"lower_bound":4.545829901988533,"upper_bound":4.5526671236272005},"point_estimate":4.55045729644986,"standard_error":0.001742364776892334},"median_abs_dev":{"confidence_interval":{"confidence_level":0.95,"lower_bound":0.01087225399413396,"upper_bound":0.020325086713392636},"point_estimate":0.015014446003842746,"standard_error":0.002568730187712456},"slope":{"confidence_interval":{"confidence_level":0.95,"lower_bound":4.551175442460721,"upper_bound":4.564039694300722},"point_estimate":4.556946657336088,"standard_error":0.0032855119725183593},"std_dev":{"confidence_interval":{"confidence_level":0.95,"lower_bound":0.03382308788000634,"upper_bound":0.46154805519057024},"point_estimate":0.2779078157306348,"standard_error":0.12905019637684456}}