{"mean":{"confidence_interval":{"confidence_level":0.95,"lower_bound":4.75884631810372,"upper_bound":4.928447503598394},"point_estimate":4.828055047865497,"standard_error":0.04549445777833512},"median":{"confidence_interval":{"confidence_level":0.95,"lower_bound":4.748542322753786,"upper_bound":4.754832492930139},"point_estimate":4.7522323531711095,"standard_error":0.0014886989685816878},"median_abs_dev":{"confidence_interval":{"confidence_level":0.95,"lower_bound":0.009830899322876304,"upper_bound":0.017497555329498933},"point_estimate":0.01299511565418638,"standard_error":0.001984668851996203},"slope":{"confidence_interval":{"confidence_level":0.95,"lower_bound":4.758330076373174,"upper_bound":4.778665869573902},"point_estimate":4.767428849687386,"standard_error":0.005201541546162556},"std_dev":{"confidence_interval":{"confidence_level":0.95,"lower_bound":0.04160758246605346,"upper_bound":0.7174640040539896},"point_estimate":0.4574701363010933,"standard_error":0.18380322598735596}}