{"mean":{"confidence_interval":{"confidence_level":0.95,"lower_bound":4.404463212281022,"upper_bound":4.541282057640111},"point_estimate":4.459123783951271,"standard_error":0.035983495544248914},"median":{"confidence_interval":{"confidence_level":0.95,"lower_bound":4.391491895000782,"upper_bound":4.39921353385505},"point_estimate":4.395197895241239,"standard_error":0.002348976059717373},"median_abs_dev":{"confidence_interval":{"confidence_level":0.95,"lower_bound":0.011481040937131152,"upper_bound":0.019766818255883084},"point_estimate":0.015235941771725152,"standard_error":0.0020234173772591562},"slope":{"confidence_interval":{"confidence_level":0.95,"lower_bound":4.3951580583168255,"upper_bound":4.409382813507033},"point_estimate":4.401294110054127,"standard_error":0.003655703229489282},"std_dev":{"confidence_interval":{"confidence_level":0.95,"lower_bound":0.05128231347923806,"upper_bound":0.5934288587712829},"point_estimate":0.36262778851806277,"standard_error":0.1530775173105287}}