{"mean":{"confidence_interval":{"confidence_level":0.95,"lower_bound":4432.636849627863,"upper_bound":4460.164184262134},"point_estimate":4446.14947641394,"standard_error":7.02559369673184},"median":{"confidence_interval":{"confidence_level":0.95,"lower_bound":4423.877382897604,"upper_bound":4460.829253973381},"point_estimate":4441.782174839376,"standard_error":9.65258307912907},"median_abs_dev":{"confidence_interval":{"confidence_level":0.95,"lower_bound":53.69475002013042,"upper_bound":89.21197897901807},"point_estimate":73.28705569361145,"standard_error":9.27094809561421},"slope":{"confidence_interval":{"confidence_level":0.95,"lower_bound":4450.60272028449,"upper_bound":4484.6046437428695},"point_estimate":4466.800194716574,"standard_error":8.683860398569498},"std_dev":{"confidence_interval":{"confidence_level":0.95,"lower_bound":57.30104838008279,"upper_bound":84.90726495467614},"point_estimate":70.26084606723785,"standard_error":7.231932160429996}}