{"mean":{"confidence_interval":{"confidence_level":0.95,"lower_bound":983168.826625,"upper_bound":987355.3860416672},"point_estimate":985143.1600000003,"standard_error":1074.09383818752},"median":{"confidence_interval":{"confidence_level":0.95,"lower_bound":979790.1666666666,"upper_bound":981342.4166666667},"point_estimate":980354.25,"standard_error":392.86517770728284},"median_abs_dev":{"confidence_interval":{"confidence_level":0.95,"lower_bound":2425.1629069447517,"upper_bound":5027.496510744095},"point_estimate":3266.661942005215,"standard_error":672.5889245476416},"slope":null,"std_dev":{"confidence_interval":{"confidence_level":0.95,"lower_bound":7664.997895862976,"upper_bound":13988.680493816391},"point_estimate":10797.906013666607,"standard_error":1656.85106078713}}