{"mean":{"confidence_interval":{"confidence_level":0.95,"lower_bound":986134.4897916666,"upper_bound":998172.413333333},"point_estimate":991107.3300000002,"standard_error":3136.742927804642},"median":{"confidence_interval":{"confidence_level":0.95,"lower_bound":983711.3333333334,"upper_bound":989206.5833333333},"point_estimate":986698.6666666666,"standard_error":1313.8224233984902},"median_abs_dev":{"confidence_interval":{"confidence_level":0.95,"lower_bound":7018.257625401193,"upper_bound":11057.47770369047},"point_estimate":8823.199543356837,"standard_error":1001.5699352880815},"slope":null,"std_dev":{"confidence_interval":{"confidence_level":0.95,"lower_bound":8724.20472834201,"upper_bound":50627.92337469635},"point_estimate":31637.069781423284,"standard_error":11966.541719929568}}