{"mean":{"confidence_interval":{"confidence_level":0.95,"lower_bound":45.35505565848672,"upper_bound":48.932781712252144},"point_estimate":46.973217117799216,"standard_error":0.9191940870618173},"median":{"confidence_interval":{"confidence_level":0.95,"lower_bound":44.17112951460778,"upper_bound":44.478502415458934},"point_estimate":44.33969940218635,"standard_error":0.08275483626977126},"median_abs_dev":{"confidence_interval":{"confidence_level":0.95,"lower_bound":0.247354834668447,"upper_bound":0.6296003709040459},"point_estimate":0.4394216262754469,"standard_error":0.10169569418176333},"slope":{"confidence_interval":{"confidence_level":0.95,"lower_bound":44.3584611506101,"upper_bound":44.79276470868406},"point_estimate":44.56317080118135,"standard_error":0.1109318190165257},"std_dev":{"confidence_interval":{"confidence_level":0.95,"lower_bound":4.793541461264005,"upper_bound":12.70522332291408},"point_estimate":9.265582034210992,"standard_error":2.0195569291610114}}