{"mean":{"confidence_interval":{"confidence_level":0.95,"lower_bound":44.471119487272865,"upper_bound":47.46640655582815},"point_estimate":45.834861797078595,"standard_error":0.7697811310551855},"median":{"confidence_interval":{"confidence_level":0.95,"lower_bound":43.28046218487395,"upper_bound":43.46177330581355},"point_estimate":43.34120775969963,"standard_error":0.05347714077161812},"median_abs_dev":{"confidence_interval":{"confidence_level":0.95,"lower_bound":0.16962131559261673,"upper_bound":0.4686279729967829},"point_estimate":0.2548074860586982,"standard_error":0.08266188307609328},"slope":{"confidence_interval":{"confidence_level":0.95,"lower_bound":43.50923391741869,"upper_bound":43.93591990992995},"point_estimate":43.71100904910509,"standard_error":0.10903486934245184},"std_dev":{"confidence_interval":{"confidence_level":0.95,"lower_bound":4.192327438748885,"upper_bound":10.279671197141196},"point_estimate":7.727983362495588,"standard_error":1.528544134977892}}