{"mean":{"confidence_interval":{"confidence_level":0.95,"lower_bound":0.14955029238476805,"upper_bound":0.173281178381199},"point_estimate":0.16163432729838334,"standard_error":0.0060895990814015775},"median":{"confidence_interval":{"confidence_level":0.95,"lower_bound":0.16069040925317157,"upper_bound":0.1639121048253931},"point_estimate":0.16196864111273013,"standard_error":0.000832591001459617}}