{"mean":{"confidence_interval":{"confidence_level":0.95,"lower_bound":-0.22017955763773184,"upper_bound":-0.16644152701382064},"point_estimate":-0.19313613042043454,"standard_error":0.01369888191658825},"median":{"confidence_interval":{"confidence_level":0.95,"lower_bound":-0.20235962066955704,"upper_bound":-0.15338764742555078},"point_estimate":-0.1743372512039819,"standard_error":0.010992264715155024}}