{"mean":{"confidence_interval":{"confidence_level":0.95,"lower_bound":-0.20815086686227743,"upper_bound":-0.19210621416156595},"point_estimate":-0.20033578890138526,"standard_error":0.004033870092002779},"median":{"confidence_interval":{"confidence_level":0.95,"lower_bound":-0.2015140095309706,"upper_bound":-0.1979055980991108},"point_estimate":-0.19915469473985647,"standard_error":0.0009167240435901857}}