{"mean":{"confidence_interval":{"confidence_level":0.95,"lower_bound":4.983877312747647,"upper_bound":5.073620299955529},"point_estimate":5.015881716926132,"standard_error":0.026656691598591676},"median":{"confidence_interval":{"confidence_level":0.95,"lower_bound":4.975679880934294,"upper_bound":4.978789786516835},"point_estimate":4.9779204556138925,"standard_error":0.0008199259414564414},"median_abs_dev":{"confidence_interval":{"confidence_level":0.95,"lower_bound":0.006770718874210817,"upper_bound":0.013450128240590232},"point_estimate":0.010309118631844956,"standard_error":0.0018312057155410023},"slope":{"confidence_interval":{"confidence_level":0.95,"lower_bound":4.978617896870376,"upper_bound":4.988993839868744},"point_estimate":4.983244417048142,"standard_error":0.0026588295785874836},"std_dev":{"confidence_interval":{"confidence_level":0.95,"lower_bound":0.03045759131924386,"upper_bound":0.45402047443474397},"point_estimate":0.2664684881309684,"standard_error":0.14981526298123}}