{"mean":{"confidence_interval":{"confidence_level":0.95,"lower_bound":6.190173303316146,"upper_bound":6.272892435977521},"point_estimate":6.225086114408401,"standard_error":0.021463222996776575},"median":{"confidence_interval":{"confidence_level":0.95,"lower_bound":6.181584682440847,"upper_bound":6.211885002137507},"point_estimate":6.199738495958782,"standard_error":0.00813154821718186},"median_abs_dev":{"confidence_interval":{"confidence_level":0.95,"lower_bound":0.06103319625898882,"upper_bound":0.09458437405920785},"point_estimate":0.07925486378398867,"standard_error":0.008326019433864573},"slope":{"confidence_interval":{"confidence_level":0.95,"lower_bound":6.196978595017416,"upper_bound":6.233034989479541},"point_estimate":6.214864537235772,"standard_error":0.00918335275587051},"std_dev":{"confidence_interval":{"confidence_level":0.95,"lower_bound":0.07606839618922981,"upper_bound":0.3375302931209498},"point_estimate":0.21474329849224552,"standard_error":0.07447343311141601}}