{"mean":{"confidence_interval":{"confidence_level":0.95,"lower_bound":4.3655294408252745,"upper_bound":4.475524642897506},"point_estimate":4.405270860647788,"standard_error":0.030889448091290867},"median":{"confidence_interval":{"confidence_level":0.95,"lower_bound":4.360391036297221,"upper_bound":4.363914526206825},"point_estimate":4.362056491787815,"standard_error":0.0009280582658495279},"median_abs_dev":{"confidence_interval":{"confidence_level":0.95,"lower_bound":0.004663862270102058,"upper_bound":0.009023133662800201},"point_estimate":0.006354047438811174,"standard_error":0.0011053046850326778},"slope":{"confidence_interval":{"confidence_level":0.95,"lower_bound":4.363838470232503,"upper_bound":4.375666380938625},"point_estimate":4.368807292826538,"standard_error":0.0030612276597632524},"std_dev":{"confidence_interval":{"confidence_level":0.95,"lower_bound":0.020524793737434894,"upper_bound":0.5233477796374896},"point_estimate":0.30942844865434943,"standard_error":0.1629097855310157}}