{"mean":{"confidence_interval":{"confidence_level":0.95,"lower_bound":37.214686709059414,"upper_bound":38.46922467479199},"point_estimate":37.67617958578805,"standard_error":0.3546415180518182},"median":{"confidence_interval":{"confidence_level":0.95,"lower_bound":36.947885572139306,"upper_bound":37.31208155270656},"point_estimate":37.23237135701275,"standard_error":0.1049801989800435},"median_abs_dev":{"confidence_interval":{"confidence_level":0.95,"lower_bound":0.3071404407272719,"upper_bound":0.576562667730068},"point_estimate":0.48201022982000036,"standard_error":0.0712186638009902},"slope":{"confidence_interval":{"confidence_level":0.95,"lower_bound":37.14711254434499,"upper_bound":37.35713872589776},"point_estimate":37.24957740997981,"standard_error":0.05350026248920327},"std_dev":{"confidence_interval":{"confidence_level":0.95,"lower_bound":0.4993761529180638,"upper_bound":6.023437508139572},"point_estimate":3.564649219325388,"standard_error":1.8633559224026475}}