{"mean":{"confidence_interval":{"confidence_level":0.95,"lower_bound":37.302725107516764,"upper_bound":38.11418491157291},"point_estimate":37.61600643313764,"standard_error":0.21701396460739508},"median":{"confidence_interval":{"confidence_level":0.95,"lower_bound":37.073893749207556,"upper_bound":37.495728730822876},"point_estimate":37.216549218233865,"standard_error":0.09253824615874605},"median_abs_dev":{"confidence_interval":{"confidence_level":0.95,"lower_bound":0.39483683975514905,"upper_bound":0.7372046386006046},"point_estimate":0.6014527967533577,"standard_error":0.08654753175085865},"slope":{"confidence_interval":{"confidence_level":0.95,"lower_bound":37.49307647033942,"upper_bound":37.76679006054719},"point_estimate":37.627367516368196,"standard_error":0.06998913675455028},"std_dev":{"confidence_interval":{"confidence_level":0.95,"lower_bound":0.60016224437491,"upper_bound":3.6045136779419304},"point_estimate":2.1787958610333518,"standard_error":1.0039395536404467}}