{"mean":{"confidence_interval":{"confidence_level":0.95,"lower_bound":38.380364703428626,"upper_bound":39.72732956475441},"point_estimate":38.977905645250075,"standard_error":0.3474961662241948},"median":{"confidence_interval":{"confidence_level":0.95,"lower_bound":37.98886626418509,"upper_bound":38.49806994544202},"point_estimate":38.204851164528584,"standard_error":0.12574369278213324},"median_abs_dev":{"confidence_interval":{"confidence_level":0.95,"lower_bound":0.615456656074065,"upper_bound":0.9436609406735246},"point_estimate":0.8136472194456598,"standard_error":0.08555221995339096},"slope":{"confidence_interval":{"confidence_level":0.95,"lower_bound":38.41844197288932,"upper_bound":38.67766580105853},"point_estimate":38.55543535686535,"standard_error":0.066104095921079},"std_dev":{"confidence_interval":{"confidence_level":0.95,"lower_bound":1.4928724846516435,"upper_bound":4.956528795543554},"point_estimate":3.4922090914782875,"standard_error":0.8881093619109206}}