{"mean":{"confidence_interval":{"confidence_level":0.95,"lower_bound":34.907052770408406,"upper_bound":36.18271356468339},"point_estimate":35.46569604380975,"standard_error":0.3261109755045255},"median":{"confidence_interval":{"confidence_level":0.95,"lower_bound":34.741204307589896,"upper_bound":35.011417303262796},"point_estimate":34.79581150745885,"standard_error":0.06320112764141728},"median_abs_dev":{"confidence_interval":{"confidence_level":0.95,"lower_bound":0.4019164834407852,"upper_bound":0.6392850118546399},"point_estimate":0.5652631419052323,"standard_error":0.05757109678301551},"slope":{"confidence_interval":{"confidence_level":0.95,"lower_bound":35.03464107688666,"upper_bound":35.23894248170668},"point_estimate":35.13635550205459,"standard_error":0.0522305298067738},"std_dev":{"confidence_interval":{"confidence_level":0.95,"lower_bound":0.5263482288890673,"upper_bound":4.88072428124389},"point_estimate":3.293736226625222,"standard_error":1.0136541469789389}}