{"mean":{"confidence_interval":{"confidence_level":0.95,"lower_bound":36.99716777401839,"upper_bound":38.46354719279141},"point_estimate":37.63807660555619,"standard_error":0.3793140617673001},"median":{"confidence_interval":{"confidence_level":0.95,"lower_bound":36.63373574782025,"upper_bound":36.81123533626341},"point_estimate":36.692753168855866,"standard_error":0.04823118176367682},"median_abs_dev":{"confidence_interval":{"confidence_level":0.95,"lower_bound":0.19947763784156342,"upper_bound":0.520209927272359},"point_estimate":0.3572151973594215,"standard_error":0.08622515934831877},"slope":{"confidence_interval":{"confidence_level":0.95,"lower_bound":36.834561238598155,"upper_bound":37.01037430956748},"point_estimate":36.91947221459886,"standard_error":0.04488079295041297},"std_dev":{"confidence_interval":{"confidence_level":0.95,"lower_bound":1.584251564191787,"upper_bound":5.4712486721822255},"point_estimate":3.814833568267123,"standard_error":1.0118301235165312}}