{"mean":{"confidence_interval":{"confidence_level":0.95,"lower_bound":34.96419308047065,"upper_bound":35.556337228297764},"point_estimate":35.19664277607934,"standard_error":0.15674119867848696},"median":{"confidence_interval":{"confidence_level":0.95,"lower_bound":34.975264558852174,"upper_bound":35.12180403932332},"point_estimate":35.07011221305852,"standard_error":0.03942103528376939},"median_abs_dev":{"confidence_interval":{"confidence_level":0.95,"lower_bound":0.2639730048624366,"upper_bound":0.538425861642594},"point_estimate":0.43713054401839496,"standard_error":0.07357983452919684},"slope":{"confidence_interval":{"confidence_level":0.95,"lower_bound":35.07775440583684,"upper_bound":35.222709132101215},"point_estimate":35.14984224389759,"standard_error":0.03699128922540378},"std_dev":{"confidence_interval":{"confidence_level":0.95,"lower_bound":0.39007898411931236,"upper_bound":2.6046472424399023},"point_estimate":1.5822009454466142,"standard_error":0.7003559785307374}}