{"mean":{"confidence_interval":{"confidence_level":0.95,"lower_bound":1.6103978916743167,"upper_bound":1.6264849899322888},"point_estimate":1.6174980725118664,"standard_error":0.004133536827975493},"median":{"confidence_interval":{"confidence_level":0.95,"lower_bound":1.6085518985817098,"upper_bound":1.6130946382133016},"point_estimate":1.6106853116239428,"standard_error":0.0011288880000739749},"median_abs_dev":{"confidence_interval":{"confidence_level":0.95,"lower_bound":0.009289001712088657,"upper_bound":0.017625676677804084},"point_estimate":0.013151827178427092,"standard_error":0.0021108324258412264},"slope":{"confidence_interval":{"confidence_level":0.95,"lower_bound":1.6107753968552734,"upper_bound":1.6162678048493273},"point_estimate":1.6133115048464302,"standard_error":0.0014061604016554821},"std_dev":{"confidence_interval":{"confidence_level":0.95,"lower_bound":0.01909770525455863,"upper_bound":0.062032255182057926},"point_estimate":0.04173701026423994,"standard_error":0.011414408129500137}}