{"mean":{"confidence_interval":{"confidence_level":0.95,"lower_bound":2.418957810960397,"upper_bound":2.4251662426253215},"point_estimate":2.421829325666194,"standard_error":0.0015876854995202612},"median":{"confidence_interval":{"confidence_level":0.95,"lower_bound":2.4145436776229108,"upper_bound":2.419054709453558},"point_estimate":2.416130348696138,"standard_error":0.001066363752300274},"median_abs_dev":{"confidence_interval":{"confidence_level":0.95,"lower_bound":0.0038311201087816377,"upper_bound":0.009368311339424966},"point_estimate":0.006227465415802412,"standard_error":0.0013031882072684347},"slope":{"confidence_interval":{"confidence_level":0.95,"lower_bound":2.4173867222787457,"upper_bound":2.420582596008532},"point_estimate":2.4189887327303037,"standard_error":0.0008157066245014452},"std_dev":{"confidence_interval":{"confidence_level":0.95,"lower_bound":0.009417681723071671,"upper_bound":0.021690191357113454},"point_estimate":0.015993069228713207,"standard_error":0.0031411479039155114}}