{"mean":{"confidence_interval":{"confidence_level":0.95,"lower_bound":1.8049529693304391,"upper_bound":1.814477703018015},"point_estimate":1.8094124651028227,"standard_error":0.002426245298272874},"median":{"confidence_interval":{"confidence_level":0.95,"lower_bound":1.8022417601426424,"upper_bound":1.8093922033073149},"point_estimate":1.8054494766505207,"standard_error":0.0018875627285410434},"median_abs_dev":{"confidence_interval":{"confidence_level":0.95,"lower_bound":0.010531657415222594,"upper_bound":0.018124792733720675},"point_estimate":0.014207702355299133,"standard_error":0.0019360799088888269},"slope":{"confidence_interval":{"confidence_level":0.95,"lower_bound":1.8021534727618242,"upper_bound":1.8081547171987307},"point_estimate":1.8052870434250585,"standard_error":0.0015260024265307975},"std_dev":{"confidence_interval":{"confidence_level":0.95,"lower_bound":0.016200807085665198,"upper_bound":0.03156152383700708},"point_estimate":0.024357451644985987,"standard_error":0.003921221090909758}}