{"mean":{"confidence_interval":{"confidence_level":0.95,"lower_bound":2.4297786626783013,"upper_bound":2.440192333702728},"point_estimate":2.4346892502430975,"standard_error":0.0026757079571666327},"median":{"confidence_interval":{"confidence_level":0.95,"lower_bound":2.4213905418102097,"upper_bound":2.43122801463346},"point_estimate":2.426019999708884,"standard_error":0.0023414975512445514},"median_abs_dev":{"confidence_interval":{"confidence_level":0.95,"lower_bound":0.009701482105649969,"upper_bound":0.021035565114980274},"point_estimate":0.015351824680318711,"standard_error":0.002721632220678163},"slope":{"confidence_interval":{"confidence_level":0.95,"lower_bound":2.4300602960114395,"upper_bound":2.4417317666043528},"point_estimate":2.4357081865580255,"standard_error":0.0029899988677009595},"std_dev":{"confidence_interval":{"confidence_level":0.95,"lower_bound":0.01829165681508034,"upper_bound":0.034661434772021944},"point_estimate":0.026845947351002278,"standard_error":0.004210104179048563}}