{"mean":{"confidence_interval":{"confidence_level":0.95,"lower_bound":2.414834699704866,"upper_bound":2.4212894118217294},"point_estimate":2.41776133774197,"standard_error":0.0016529084937583548},"median":{"confidence_interval":{"confidence_level":0.95,"lower_bound":2.4112168631264774,"upper_bound":2.4139843958586726},"point_estimate":2.4124113288690996,"standard_error":0.0006162725102722393},"median_abs_dev":{"confidence_interval":{"confidence_level":0.95,"lower_bound":0.0030522914538487367,"upper_bound":0.006485844426591833},"point_estimate":0.004651691690810688,"standard_error":0.0008026511068604147},"slope":{"confidence_interval":{"confidence_level":0.95,"lower_bound":2.412115939640913,"upper_bound":2.415067903797733},"point_estimate":2.4135268339907077,"standard_error":0.0007535288184513745},"std_dev":{"confidence_interval":{"confidence_level":0.95,"lower_bound":0.008231181890400771,"upper_bound":0.023381787816933015},"point_estimate":0.016634668322934153,"standard_error":0.0038944379990509433}}