{"mean":{"confidence_interval":{"confidence_level":0.95,"lower_bound":1.3275328202726842,"upper_bound":1.3774288991643509},"point_estimate":1.3481488566528554,"standard_error":0.013022678967859191},"median":{"confidence_interval":{"confidence_level":0.95,"lower_bound":1.3149773617399516,"upper_bound":1.3390851245893658},"point_estimate":1.3247868401628353,"standard_error":0.006655866543089809},"median_abs_dev":{"confidence_interval":{"confidence_level":0.95,"lower_bound":0.03219833739605605,"upper_bound":0.046960675384730234},"point_estimate":0.04010762378509261,"standard_error":0.0037332529452102914},"slope":{"confidence_interval":{"confidence_level":0.95,"lower_bound":1.3364368296823257,"upper_bound":1.3480847304616472},"point_estimate":1.3425087541387974,"standard_error":0.00294859952745776},"std_dev":{"confidence_interval":{"confidence_level":0.95,"lower_bound":0.03461448207243258,"upper_bound":0.21009524572547827},"point_estimate":0.1311456259101523,"standard_error":0.04976090490189466}}