{"mean":{"confidence_interval":{"confidence_level":0.95,"lower_bound":2.3597711226536164,"upper_bound":2.3776006936941676},"point_estimate":2.3674770867876096,"standard_error":0.004608193488845545},"median":{"confidence_interval":{"confidence_level":0.95,"lower_bound":2.3511584931052836,"upper_bound":2.3583052330544647},"point_estimate":2.3542527460019347,"standard_error":0.0017189168865642333},"median_abs_dev":{"confidence_interval":{"confidence_level":0.95,"lower_bound":0.005683737462707472,"upper_bound":0.013115371294110117},"point_estimate":0.008791735571053096,"standard_error":0.0018939290777466708},"slope":{"confidence_interval":{"confidence_level":0.95,"lower_bound":2.352759460080494,"upper_bound":2.3576711094840817},"point_estimate":2.35508703858391,"standard_error":0.0012580856546740636},"std_dev":{"confidence_interval":{"confidence_level":0.95,"lower_bound":0.018947192633910984,"upper_bound":0.07117048745519775},"point_estimate":0.04629352598584762,"standard_error":0.014760278575291304}}