{"mean":{"confidence_interval":{"confidence_level":0.95,"lower_bound":1.4261521269670605,"upper_bound":1.4407555354701445},"point_estimate":1.4324879224534763,"standard_error":0.003773221270758905},"median":{"confidence_interval":{"confidence_level":0.95,"lower_bound":1.423834252753769,"upper_bound":1.429824106848466},"point_estimate":1.4275377463542949,"standard_error":0.0015427011807399886},"median_abs_dev":{"confidence_interval":{"confidence_level":0.95,"lower_bound":0.011437756487727697,"upper_bound":0.019538531575279537},"point_estimate":0.015074416151659898,"standard_error":0.002076938203866687},"slope":{"confidence_interval":{"confidence_level":0.95,"lower_bound":1.4270893914512348,"upper_bound":1.4447774987829052},"point_estimate":1.433943691250033,"standard_error":0.004705884375978104},"std_dev":{"confidence_interval":{"confidence_level":0.95,"lower_bound":0.015155135760950083,"upper_bound":0.05715479522788258},"point_estimate":0.037996784056327414,"standard_error":0.011265119067030144}}