{"mean":{"confidence_interval":{"confidence_level":0.95,"lower_bound":1.490603693595466,"upper_bound":1.510037880749449},"point_estimate":1.499106286369379,"standard_error":0.005016778855123505},"median":{"confidence_interval":{"confidence_level":0.95,"lower_bound":1.4848458401570261,"upper_bound":1.490918379395683},"point_estimate":1.4890935887635925,"standard_error":0.0017142721546562082},"median_abs_dev":{"confidence_interval":{"confidence_level":0.95,"lower_bound":0.009110544204743564,"upper_bound":0.016347156790268318},"point_estimate":0.012697503172004953,"standard_error":0.0017281539171550028},"slope":{"confidence_interval":{"confidence_level":0.95,"lower_bound":1.48711785775098,"upper_bound":1.4945192587910088},"point_estimate":1.490493084858684,"standard_error":0.0018862529784087034},"std_dev":{"confidence_interval":{"confidence_level":0.95,"lower_bound":0.017842403037660826,"upper_bound":0.07438096581941352},"point_estimate":0.050498744462490204,"standard_error":0.014777858489923303}}