{"mean":{"confidence_interval":{"confidence_level":0.95,"lower_bound":3.5743566826249085,"upper_bound":3.723075188091873},"point_estimate":3.643552328381061,"standard_error":0.03798453585562004},"median":{"confidence_interval":{"confidence_level":0.95,"lower_bound":3.492327606495646,"upper_bound":3.563149083206744},"point_estimate":3.516364856247011,"standard_error":0.01619643183164139},"median_abs_dev":{"confidence_interval":{"confidence_level":0.95,"lower_bound":0.11114097278469182,"upper_bound":0.2252112387845079},"point_estimate":0.1535858388796649,"standard_error":0.030654748490019656},"slope":{"confidence_interval":{"confidence_level":0.95,"lower_bound":3.557637705871252,"upper_bound":3.7239475282334475},"point_estimate":3.633953175571383,"standard_error":0.04259422727026246},"std_dev":{"confidence_interval":{"confidence_level":0.95,"lower_bound":0.2544453073485719,"upper_bound":0.4929745057022616},"point_estimate":0.3806606657400404,"standard_error":0.06113421923952061}}