{"mean":{"confidence_interval":{"confidence_level":0.95,"lower_bound":2.502451472215327,"upper_bound":2.565896819907494},"point_estimate":2.526236604752592,"standard_error":0.01718302229108924},"median":{"confidence_interval":{"confidence_level":0.95,"lower_bound":2.500247480635092,"upper_bound":2.50514064508471},"point_estimate":2.502676201853819,"standard_error":0.0011142642150679448},"median_abs_dev":{"confidence_interval":{"confidence_level":0.95,"lower_bound":0.007818367403049647,"upper_bound":0.014341441840051013},"point_estimate":0.009840160722849208,"standard_error":0.0016449731318697093},"slope":{"confidence_interval":{"confidence_level":0.95,"lower_bound":2.5009443852239612,"upper_bound":2.5054425058295506},"point_estimate":2.503167632195385,"standard_error":0.0011477054492697377},"std_dev":{"confidence_interval":{"confidence_level":0.95,"lower_bound":0.014367002904438755,"upper_bound":0.2883297010288636},"point_estimate":0.17267734893139802,"standard_error":0.0831049891649299}}