{"mean":{"confidence_interval":{"confidence_level":0.95,"lower_bound":1.263345356317412,"upper_bound":1.2762234670333337},"point_estimate":1.2685967561447489,"standard_error":0.0033772909458925017},"median":{"confidence_interval":{"confidence_level":0.95,"lower_bound":1.2608384619054434,"upper_bound":1.264549855520528},"point_estimate":1.2621674215276995,"standard_error":0.0009365340042594782},"median_abs_dev":{"confidence_interval":{"confidence_level":0.95,"lower_bound":0.0066187444510305005,"upper_bound":0.012277335536839582},"point_estimate":0.008590836029895792,"standard_error":0.0014819242396305078},"slope":{"confidence_interval":{"confidence_level":0.95,"lower_bound":1.2622300309848138,"upper_bound":1.2662265371623913},"point_estimate":1.2640362122829434,"standard_error":0.0010231447035367785},"std_dev":{"confidence_interval":{"confidence_level":0.95,"lower_bound":0.011770170009339097,"upper_bound":0.05453788337311448},"point_estimate":0.03391548234499139,"standard_error":0.0135315984278732}}