{"mean":{"confidence_interval":{"confidence_level":0.95,"lower_bound":2.4974509745444546,"upper_bound":2.551787455373674},"point_estimate":2.519449666437411,"standard_error":0.014654826398500615},"median":{"confidence_interval":{"confidence_level":0.95,"lower_bound":2.4963177818597195,"upper_bound":2.5001775547576552},"point_estimate":2.4981966251817918,"standard_error":0.0009245936625547879},"median_abs_dev":{"confidence_interval":{"confidence_level":0.95,"lower_bound":0.007739163284759243,"upper_bound":0.013780420937566627},"point_estimate":0.010356705023470672,"standard_error":0.0016061293324531273},"slope":{"confidence_interval":{"confidence_level":0.95,"lower_bound":2.498396698447916,"upper_bound":2.503120294867036},"point_estimate":2.500718822750166,"standard_error":0.001204644955363736},"std_dev":{"confidence_interval":{"confidence_level":0.95,"lower_bound":0.013797584777985292,"upper_bound":0.22913393431394463},"point_estimate":0.14602536362250385,"standard_error":0.05927530365123212}}