{"mean":{"confidence_interval":{"confidence_level":0.95,"lower_bound":1.7843595016444587,"upper_bound":1.789694663713324},"point_estimate":1.786939302347057,"standard_error":0.0013628778896400615},"median":{"confidence_interval":{"confidence_level":0.95,"lower_bound":1.78341885608451,"upper_bound":1.7877529143115243},"point_estimate":1.7855265413404948,"standard_error":0.0011224107436700777},"median_abs_dev":{"confidence_interval":{"confidence_level":0.95,"lower_bound":0.008871298716440578,"upper_bound":0.014096332975677245},"point_estimate":0.011537566120168326,"standard_error":0.001302113645867011},"slope":{"confidence_interval":{"confidence_level":0.95,"lower_bound":1.7814206709725062,"upper_bound":1.7877412258603318},"point_estimate":1.784425808204496,"standard_error":0.001609306278926694},"std_dev":{"confidence_interval":{"confidence_level":0.95,"lower_bound":0.01038228887303781,"upper_bound":0.017071215540402203},"point_estimate":0.013747274807964992,"standard_error":0.0017269830655124339}}