{"mean":{"confidence_interval":{"confidence_level":0.95,"lower_bound":1.788517607079105,"upper_bound":1.8006553377813233},"point_estimate":1.7938584519641316,"standard_error":0.003109446621641182},"median":{"confidence_interval":{"confidence_level":0.95,"lower_bound":1.7869952999518892,"upper_bound":1.7948759430495858},"point_estimate":1.7921086711364411,"standard_error":0.0018897138890751966},"median_abs_dev":{"confidence_interval":{"confidence_level":0.95,"lower_bound":0.011773120898970259,"upper_bound":0.02092389936371726},"point_estimate":0.01613547917932988,"standard_error":0.002373273421492146},"slope":{"confidence_interval":{"confidence_level":0.95,"lower_bound":1.7886672295930293,"upper_bound":1.7973929208876434},"point_estimate":1.792558594135282,"standard_error":0.002227504041527365},"std_dev":{"confidence_interval":{"confidence_level":0.95,"lower_bound":0.015622982922752287,"upper_bound":0.04763018226187122},"point_estimate":0.03135081725028323,"standard_error":0.009506862540652116}}