{"mean":{"confidence_interval":{"confidence_level":0.95,"lower_bound":3.7600117797925154,"upper_bound":3.811194257422942},"point_estimate":3.7806546458793293,"standard_error":0.01340653411710207},"median":{"confidence_interval":{"confidence_level":0.95,"lower_bound":3.7530559252201687,"upper_bound":3.756050305874456},"point_estimate":3.7541814655609107,"standard_error":0.000805274662420248},"median_abs_dev":{"confidence_interval":{"confidence_level":0.95,"lower_bound":0.007717170117871562,"upper_bound":0.014444399480805524},"point_estimate":0.010667641442864953,"standard_error":0.001746990774120472},"slope":{"confidence_interval":{"confidence_level":0.95,"lower_bound":3.7550609266499975,"upper_bound":3.7662636422719493},"point_estimate":3.7597786417195724,"standard_error":0.0028957070519007593},"std_dev":{"confidence_interval":{"confidence_level":0.95,"lower_bound":0.02993492198370256,"upper_bound":0.21733817668385},"point_estimate":0.13433847491588471,"standard_error":0.054032232222858134}}