{"mean":{"confidence_interval":{"confidence_level":0.95,"lower_bound":2.71729045727326,"upper_bound":2.8147420132030243},"point_estimate":2.7645413918825987,"standard_error":0.02489500404214355},"median":{"confidence_interval":{"confidence_level":0.95,"lower_bound":2.6921577098093428,"upper_bound":2.7931845672903215},"point_estimate":2.731469366685206,"standard_error":0.0251255021817941},"median_abs_dev":{"confidence_interval":{"confidence_level":0.95,"lower_bound":0.1963023591258636,"upper_bound":0.28484773878216096},"point_estimate":0.2620243771571721,"standard_error":0.021856940089595017},"slope":{"confidence_interval":{"confidence_level":0.95,"lower_bound":2.742210232056672,"upper_bound":2.8233441032119306},"point_estimate":2.7832328726129503,"standard_error":0.02066543268515609},"std_dev":{"confidence_interval":{"confidence_level":0.95,"lower_bound":0.19298354117546845,"upper_bound":0.3125657422032107},"point_estimate":0.250561667328809,"standard_error":0.03158973863013952}}