{"mean":{"confidence_interval":{"confidence_level":0.95,"lower_bound":1.4747900151118958,"upper_bound":1.5508514067329788},"point_estimate":1.5108321644431983,"standard_error":0.019313867553202753},"median":{"confidence_interval":{"confidence_level":0.95,"lower_bound":1.4389555849241105,"upper_bound":1.5021788004107801},"point_estimate":1.4659044549441687,"standard_error":0.014712307133766641},"median_abs_dev":{"confidence_interval":{"confidence_level":0.95,"lower_bound":0.09885206372518614,"upper_bound":0.1656325802979908},"point_estimate":0.1414321584302742,"standard_error":0.017308531796501835},"slope":{"confidence_interval":{"confidence_level":0.95,"lower_bound":1.4701429942369773,"upper_bound":1.5243764574650727},"point_estimate":1.4966590209995485,"standard_error":0.013836458608498903},"std_dev":{"confidence_interval":{"confidence_level":0.95,"lower_bound":0.13348646908809375,"upper_bound":0.25762329800700645},"point_estimate":0.19486786746770002,"standard_error":0.03276415435911015}}