{"mean":{"confidence_interval":{"confidence_level":0.95,"lower_bound":0.40674572082007215,"upper_bound":0.4136896692473563},"point_estimate":0.40967532693996866,"standard_error":0.00180081515208799},"median":{"confidence_interval":{"confidence_level":0.95,"lower_bound":0.4033408304604588,"upper_bound":0.40666731968524505},"point_estimate":0.40493373921660913,"standard_error":0.000920091883520484},"median_abs_dev":{"confidence_interval":{"confidence_level":0.95,"lower_bound":0.0038812629846532326,"upper_bound":0.00815615924277694},"point_estimate":0.005890915243981347,"standard_error":0.001111636313529612},"slope":{"confidence_interval":{"confidence_level":0.95,"lower_bound":0.4047425179596278,"upper_bound":0.40822307490592324},"point_estimate":0.40635182268923387,"standard_error":0.0008889511441111765},"std_dev":{"confidence_interval":{"confidence_level":0.95,"lower_bound":0.007342826511631254,"upper_bound":0.028406145206016357},"point_estimate":0.018151087106329334,"standard_error":0.00636153075391596}}