{"mean":{"confidence_interval":{"confidence_level":0.95,"lower_bound":0.40750467795335354,"upper_bound":0.41489169990851454},"point_estimate":0.41046679803053915,"standard_error":0.0019411493209489528},"median":{"confidence_interval":{"confidence_level":0.95,"lower_bound":0.4049519125027493,"upper_bound":0.40726471117509444},"point_estimate":0.40615244384286175,"standard_error":0.0005700530289239288},"median_abs_dev":{"confidence_interval":{"confidence_level":0.95,"lower_bound":0.0031570604655228734,"upper_bound":0.005725821444917875},"point_estimate":0.004200602106042836,"standard_error":0.0006548830289851221},"slope":{"confidence_interval":{"confidence_level":0.95,"lower_bound":0.4061299938270729,"upper_bound":0.4083809263662397},"point_estimate":0.40719209928722805,"standard_error":0.0005746595068408307},"std_dev":{"confidence_interval":{"confidence_level":0.95,"lower_bound":0.0059310836291133606,"upper_bound":0.03169357716280447},"point_estimate":0.019536704448835575,"standard_error":0.00805213198310568}}