{"mean":{"confidence_interval":{"confidence_level":0.95,"lower_bound":0.40789329986042416,"upper_bound":0.41577829010892187},"point_estimate":0.41084946378548665,"standard_error":0.0021616658267673144},"median":{"confidence_interval":{"confidence_level":0.95,"lower_bound":0.4068404612861254,"upper_bound":0.4090334831016356},"point_estimate":0.40767991343699406,"standard_error":0.000597798681104233},"median_abs_dev":{"confidence_interval":{"confidence_level":0.95,"lower_bound":0.003844000718930141,"upper_bound":0.00639743725328138},"point_estimate":0.004793183335873371,"standard_error":0.0006258509393619131},"slope":{"confidence_interval":{"confidence_level":0.95,"lower_bound":0.40705956864594434,"upper_bound":0.40958660498533933},"point_estimate":0.4082525127766428,"standard_error":0.000643931035710914},"std_dev":{"confidence_interval":{"confidence_level":0.95,"lower_bound":0.005060738222697969,"upper_bound":0.036325990311093445},"point_estimate":0.02169625525012697,"standard_error":0.010719965544615802}}