{"mean":{"confidence_interval":{"confidence_level":0.95,"lower_bound":1.3849461788399966,"upper_bound":1.3950803779432148},"point_estimate":1.3892938456147752,"standard_error":0.0026032221473869057},"median":{"confidence_interval":{"confidence_level":0.95,"lower_bound":1.3792260667260667,"upper_bound":1.3842402018753845},"point_estimate":1.381712777866624,"standard_error":0.0013111782447599626},"median_abs_dev":{"confidence_interval":{"confidence_level":0.95,"lower_bound":0.004191454472697432,"upper_bound":0.009817607908827818},"point_estimate":0.006754867339348874,"standard_error":0.001519230003204885},"slope":{"confidence_interval":{"confidence_level":0.95,"lower_bound":1.3799880855238786,"upper_bound":1.3901515324985263},"point_estimate":1.384116898269403,"standard_error":0.002682803634787584},"std_dev":{"confidence_interval":{"confidence_level":0.95,"lower_bound":0.011272581850648599,"upper_bound":0.03990349779485906},"point_estimate":0.025974271878181913,"standard_error":0.008250534073942375}}