{"mean":{"confidence_interval":{"confidence_level":0.95,"lower_bound":1.6635319584573676,"upper_bound":1.7166293491499478},"point_estimate":1.6897268605510731,"standard_error":0.01356216743136847},"median":{"confidence_interval":{"confidence_level":0.95,"lower_bound":1.639038064959615,"upper_bound":1.7128510053273758},"point_estimate":1.6777515970204848,"standard_error":0.01562890558959797},"median_abs_dev":{"confidence_interval":{"confidence_level":0.95,"lower_bound":0.09620906589333429,"upper_bound":0.17312830929746995},"point_estimate":0.1261908480122195,"standard_error":0.01910361850356404},"slope":{"confidence_interval":{"confidence_level":0.95,"lower_bound":1.6754087118498744,"upper_bound":1.7310103959183496},"point_estimate":1.7026948293113882,"standard_error":0.014163172385059777},"std_dev":{"confidence_interval":{"confidence_level":0.95,"lower_bound":0.11596557324366684,"upper_bound":0.1551128614872311},"point_estimate":0.13610501999461963,"standard_error":0.009954972989079379}}