{"mean":{"confidence_interval":{"confidence_level":0.95,"lower_bound":0.45426842242842486,"upper_bound":0.45974468794914125},"point_estimate":0.4564168184122996,"standard_error":0.0014478641697246207},"median":{"confidence_interval":{"confidence_level":0.95,"lower_bound":0.4523624512124186,"upper_bound":0.45335370181980694},"point_estimate":0.45278549332569784,"standard_error":0.0002715393388505385},"median_abs_dev":{"confidence_interval":{"confidence_level":0.95,"lower_bound":0.0011705211603500782,"upper_bound":0.0027405735352787276},"point_estimate":0.0017726313297138762,"standard_error":0.0004147432943384277},"slope":{"confidence_interval":{"confidence_level":0.95,"lower_bound":0.45341217860131605,"upper_bound":0.45529835855800604},"point_estimate":0.454291251755721,"standard_error":0.000481201073761317},"std_dev":{"confidence_interval":{"confidence_level":0.95,"lower_bound":0.004047426081414124,"upper_bound":0.02386670248281357},"point_estimate":0.014546684881131729,"standard_error":0.006345071401054137}}