{"mean":{"confidence_interval":{"confidence_level":0.95,"lower_bound":0.4138147470843031,"upper_bound":0.4242869408373367},"point_estimate":0.41842047820028955,"standard_error":0.0026893874138216294},"median":{"confidence_interval":{"confidence_level":0.95,"lower_bound":0.4074826042207307,"upper_bound":0.4161474933227167},"point_estimate":0.412511265579272,"standard_error":0.0019283565348136868},"median_abs_dev":{"confidence_interval":{"confidence_level":0.95,"lower_bound":0.00861575957291058,"upper_bound":0.016271067222927114},"point_estimate":0.013513295974682685,"standard_error":0.0017635430398401499},"slope":{"confidence_interval":{"confidence_level":0.95,"lower_bound":0.41177555635419366,"upper_bound":0.4178656030344958},"point_estimate":0.41462710031508665,"standard_error":0.0015539963907239723},"std_dev":{"confidence_interval":{"confidence_level":0.95,"lower_bound":0.013608376662836734,"upper_bound":0.040389565796483624},"point_estimate":0.026991385245942374,"standard_error":0.007741338371342219}}