{"mean":{"confidence_interval":{"confidence_level":0.95,"lower_bound":0.453965183865182,"upper_bound":0.46243799242266254},"point_estimate":0.4572855971041966,"standard_error":0.002246964931503852},"median":{"confidence_interval":{"confidence_level":0.95,"lower_bound":0.4521468825635068,"upper_bound":0.45343663491254277},"point_estimate":0.4527759563584916,"standard_error":0.00037732808046285796},"median_abs_dev":{"confidence_interval":{"confidence_level":0.95,"lower_bound":0.0011373373333994007,"upper_bound":0.002759807179447561},"point_estimate":0.0018087912150987183,"standard_error":0.0004431955667041741},"slope":{"confidence_interval":{"confidence_level":0.95,"lower_bound":0.4531712705233119,"upper_bound":0.4551569059333056},"point_estimate":0.4540921594228443,"standard_error":0.0005076776629252512},"std_dev":{"confidence_interval":{"confidence_level":0.95,"lower_bound":0.003620863473788177,"upper_bound":0.03720024730865235},"point_estimate":0.022626351742202438,"standard_error":0.009915337601793292}}