{"mean":{"confidence_interval":{"confidence_level":0.95,"lower_bound":0.40436323359430276,"upper_bound":0.4114462483922508},"point_estimate":0.4074164759983362,"standard_error":0.001836300279648921},"median":{"confidence_interval":{"confidence_level":0.95,"lower_bound":0.40157021732888465,"upper_bound":0.40469147749067197},"point_estimate":0.403099544866902,"standard_error":0.0008464835130407009},"median_abs_dev":{"confidence_interval":{"confidence_level":0.95,"lower_bound":0.004263876532629695,"upper_bound":0.007844572529303982},"point_estimate":0.005927455150720893,"standard_error":0.000895255206726619},"slope":{"confidence_interval":{"confidence_level":0.95,"lower_bound":0.4033731669092715,"upper_bound":0.40687882998030633},"point_estimate":0.4050129621278429,"standard_error":0.0008964971121740782},"std_dev":{"confidence_interval":{"confidence_level":0.95,"lower_bound":0.007496239202145779,"upper_bound":0.028446719066737007},"point_estimate":0.018493781926284748,"standard_error":0.0058948307410374165}}