{"mean":{"confidence_interval":{"confidence_level":0.95,"lower_bound":0.41045025346709757,"upper_bound":0.42143685419399113},"point_estimate":0.415199551452414,"standard_error":0.002838299290716323},"median":{"confidence_interval":{"confidence_level":0.95,"lower_bound":0.4067561756833838,"upper_bound":0.41071182125749506},"point_estimate":0.4086806013780748,"standard_error":0.0009601189808827043},"median_abs_dev":{"confidence_interval":{"confidence_level":0.95,"lower_bound":0.005218650107617443,"upper_bound":0.008957739823780685},"point_estimate":0.007118558284835304,"standard_error":0.0008741655926753732},"slope":{"confidence_interval":{"confidence_level":0.95,"lower_bound":0.4092624788887381,"upper_bound":0.41260389401530034},"point_estimate":0.41081099278291616,"standard_error":0.0008544183916904047},"std_dev":{"confidence_interval":{"confidence_level":0.95,"lower_bound":0.008404125355581753,"upper_bound":0.04303475547946879},"point_estimate":0.02846145778128579,"standard_error":0.008819107268664422}}