{"mean":{"confidence_interval":{"confidence_level":0.95,"lower_bound":2.266951119123872,"upper_bound":2.387131574752498},"point_estimate":2.324651019347144,"standard_error":0.0305887640704822},"median":{"confidence_interval":{"confidence_level":0.95,"lower_bound":2.1389201911418585,"upper_bound":2.3238104381888705},"point_estimate":2.2348094524879345,"standard_error":0.04920432898077926},"median_abs_dev":{"confidence_interval":{"confidence_level":0.95,"lower_bound":0.13266314292683554,"upper_bound":0.34921334502526014},"point_estimate":0.24154117094893082,"standard_error":0.05406217894110729},"slope":{"confidence_interval":{"confidence_level":0.95,"lower_bound":2.306229934366454,"upper_bound":2.4639870274385403},"point_estimate":2.3816750764203922,"standard_error":0.04036197903844371},"std_dev":{"confidence_interval":{"confidence_level":0.95,"lower_bound":0.23680991366963677,"upper_bound":0.37227662410481666},"point_estimate":0.30601204599209436,"standard_error":0.03488740363884628}}