{"mean":{"confidence_interval":{"confidence_level":0.95,"lower_bound":0.4504757697053217,"upper_bound":0.45574233113519474},"point_estimate":0.45255545835913663,"standard_error":0.00138655430886025},"median":{"confidence_interval":{"confidence_level":0.95,"lower_bound":0.44848770172896074,"upper_bound":0.4505257283069954},"point_estimate":0.4493565025727228,"standard_error":0.0004386303726621365},"median_abs_dev":{"confidence_interval":{"confidence_level":0.95,"lower_bound":0.0020722548294376604,"upper_bound":0.004585002501516037},"point_estimate":0.00316896582443148,"standard_error":0.000568006171086556},"slope":{"confidence_interval":{"confidence_level":0.95,"lower_bound":0.4498326714640358,"upper_bound":0.4533523055433551},"point_estimate":0.45135175225980645,"standard_error":0.0009089244020861352},"std_dev":{"confidence_interval":{"confidence_level":0.95,"lower_bound":0.004137185638691222,"upper_bound":0.022741105716589403},"point_estimate":0.013918751782385247,"standard_error":0.005988264838276802}}