{"mean":{"confidence_interval":{"confidence_level":0.95,"lower_bound":0.41207159722626524,"upper_bound":0.42265318429319254},"point_estimate":0.41630746503984994,"standard_error":0.0027763272592736983},"median":{"confidence_interval":{"confidence_level":0.95,"lower_bound":0.4095012547176542,"upper_bound":0.41572337597651826},"point_estimate":0.41262637630899685,"standard_error":0.0016119083668582153},"median_abs_dev":{"confidence_interval":{"confidence_level":0.95,"lower_bound":0.008568957452337093,"upper_bound":0.014880404701502264},"point_estimate":0.011162426168099704,"standard_error":0.0015884280038853695},"slope":{"confidence_interval":{"confidence_level":0.95,"lower_bound":0.4117463169748404,"upper_bound":0.4164745448721435},"point_estimate":0.41404232718200445,"standard_error":0.0012079160457033429},"std_dev":{"confidence_interval":{"confidence_level":0.95,"lower_bound":0.01014580302803275,"upper_bound":0.0453871630891269},"point_estimate":0.02795344526147487,"standard_error":0.011774830340616394}}