{"mean":{"confidence_interval":{"confidence_level":0.95,"lower_bound":2.0911460592698994,"upper_bound":2.178945356754846},"point_estimate":2.129880590319669,"standard_error":0.022633401930092226},"median":{"confidence_interval":{"confidence_level":0.95,"lower_bound":2.042393347115204,"upper_bound":2.0820186154165716},"point_estimate":2.058656754856717,"standard_error":0.010214393655337165},"median_abs_dev":{"confidence_interval":{"confidence_level":0.95,"lower_bound":0.026737412753933505,"upper_bound":0.07360854862313941},"point_estimate":0.046644677091804435,"standard_error":0.01215511536289529},"slope":{"confidence_interval":{"confidence_level":0.95,"lower_bound":2.0520888904510435,"upper_bound":2.1200343524433847},"point_estimate":2.0818811661787597,"standard_error":0.017501165763446014},"std_dev":{"confidence_interval":{"confidence_level":0.95,"lower_bound":0.10172200201304826,"upper_bound":0.3326954416376625},"point_estimate":0.2278297045625028,"standard_error":0.05979826784570113}}