{"mean":{"confidence_interval":{"confidence_level":0.95,"lower_bound":0.4548183909092817,"upper_bound":0.46161872811154653},"point_estimate":0.45735374935837636,"standard_error":0.0018873679561696526},"median":{"confidence_interval":{"confidence_level":0.95,"lower_bound":0.45389203305077064,"upper_bound":0.4547637877284715},"point_estimate":0.4542905583065886,"standard_error":0.00022169891557651547},"median_abs_dev":{"confidence_interval":{"confidence_level":0.95,"lower_bound":0.0015046259810287275,"upper_bound":0.0029909507144923924},"point_estimate":0.002204803719412292,"standard_error":0.0003828042727946177},"slope":{"confidence_interval":{"confidence_level":0.95,"lower_bound":0.45396354158066593,"upper_bound":0.45594493378083784},"point_estimate":0.454856556855798,"standard_error":0.0005075548685737871},"std_dev":{"confidence_interval":{"confidence_level":0.95,"lower_bound":0.002930064938016829,"upper_bound":0.03211232594244774},"point_estimate":0.019074053864270607,"standard_error":0.009632711575732773}}