{"mean":{"confidence_interval":{"confidence_level":0.95,"lower_bound":0.40645374882439617,"upper_bound":0.415720123963809},"point_estimate":0.4102915233015829,"standard_error":0.0024148865429325784},"median":{"confidence_interval":{"confidence_level":0.95,"lower_bound":0.4016262718646393,"upper_bound":0.4074825654510118},"point_estimate":0.40282453984223165,"standard_error":0.0016758185898554916},"median_abs_dev":{"confidence_interval":{"confidence_level":0.95,"lower_bound":0.0016862317098987958,"upper_bound":0.009104314724348939},"point_estimate":0.003683786521387293,"standard_error":0.0020640444353594396},"slope":{"confidence_interval":{"confidence_level":0.95,"lower_bound":0.40509823280815166,"upper_bound":0.40849524083586},"point_estimate":0.40675284662187117,"standard_error":0.000864463551306845},"std_dev":{"confidence_interval":{"confidence_level":0.95,"lower_bound":0.007884431288408864,"upper_bound":0.039061287977184694},"point_estimate":0.024444285849517747,"standard_error":0.0092547581828298}}