{"mean":{"confidence_interval":{"confidence_level":0.95,"lower_bound":0.40154235566829466,"upper_bound":0.41166548879821774},"point_estimate":0.40545475587721824,"standard_error":0.0026889405587875227},"median":{"confidence_interval":{"confidence_level":0.95,"lower_bound":0.39839947151267907,"upper_bound":0.401696395227983},"point_estimate":0.3996757887624097,"standard_error":0.0007778616653380817},"median_abs_dev":{"confidence_interval":{"confidence_level":0.95,"lower_bound":0.0026020148974090834,"upper_bound":0.006228526850715451},"point_estimate":0.004548478376394629,"standard_error":0.0008826519653029654},"slope":{"confidence_interval":{"confidence_level":0.95,"lower_bound":0.4007880776262479,"upper_bound":0.40544376298981194},"point_estimate":0.4028982876782852,"standard_error":0.0011917709594019687},"std_dev":{"confidence_interval":{"confidence_level":0.95,"lower_bound":0.006470339794599965,"upper_bound":0.044568482723911194},"point_estimate":0.026975837997529693,"standard_error":0.012172145890855503}}