{"mean":{"confidence_interval":{"confidence_level":0.95,"lower_bound":0.4061222265893511,"upper_bound":0.4142638182272076},"point_estimate":0.4097345187299827,"standard_error":0.002095418876620377},"median":{"confidence_interval":{"confidence_level":0.95,"lower_bound":0.4028301434259126,"upper_bound":0.40612381435672934},"point_estimate":0.40453873371576105,"standard_error":0.0008452419357329213},"median_abs_dev":{"confidence_interval":{"confidence_level":0.95,"lower_bound":0.0048540737109358965,"upper_bound":0.008627328253517223},"point_estimate":0.006457019600431916,"standard_error":0.000918877434698969},"slope":{"confidence_interval":{"confidence_level":0.95,"lower_bound":0.4061596369189921,"upper_bound":0.41198901961636863},"point_estimate":0.408825249161155,"standard_error":0.001499969368239346},"std_dev":{"confidence_interval":{"confidence_level":0.95,"lower_bound":0.009301902372088583,"upper_bound":0.030125704397445423},"point_estimate":0.02103495422697569,"standard_error":0.005425615409776682}}