{"mean":{"confidence_interval":{"confidence_level":0.95,"lower_bound":0.2590406921391395,"upper_bound":0.2630479646090501},"point_estimate":0.2607548419363647,"standard_error":0.0010351769538596086},"median":{"confidence_interval":{"confidence_level":0.95,"lower_bound":0.25746404565071024,"upper_bound":0.2591595487430389},"point_estimate":0.25856181820496177,"standard_error":0.00041423136999423223},"median_abs_dev":{"confidence_interval":{"confidence_level":0.95,"lower_bound":0.0026554663120586745,"upper_bound":0.004613012558318351},"point_estimate":0.0034690695987921517,"standard_error":0.0004783972214021433},"slope":{"confidence_interval":{"confidence_level":0.95,"lower_bound":0.2577429308905237,"upper_bound":0.25929464000171487},"point_estimate":0.25849649908641614,"standard_error":0.0003981298053001239},"std_dev":{"confidence_interval":{"confidence_level":0.95,"lower_bound":0.004445411679055227,"upper_bound":0.01608204292056896},"point_estimate":0.010393837042115175,"standard_error":0.0034113812707269524}}