{"mean":{"confidence_interval":{"confidence_level":0.95,"lower_bound":1.297719565255354,"upper_bound":1.3079495704109079},"point_estimate":1.3025862766714484,"standard_error":0.0026214272092987276},"median":{"confidence_interval":{"confidence_level":0.95,"lower_bound":1.2921632471008029,"upper_bound":1.3005974083563263},"point_estimate":1.2957249614791988,"standard_error":0.002396199529168498},"median_abs_dev":{"confidence_interval":{"confidence_level":0.95,"lower_bound":0.011481851083036551,"upper_bound":0.02063980286849039},"point_estimate":0.015531152892454537,"standard_error":0.0023176100744888043},"slope":{"confidence_interval":{"confidence_level":0.95,"lower_bound":1.2953999050429235,"upper_bound":1.3030436031582406},"point_estimate":1.299169470486133,"standard_error":0.0019447781762151263},"std_dev":{"confidence_interval":{"confidence_level":0.95,"lower_bound":0.019086489337428226,"upper_bound":0.03281937184299641},"point_estimate":0.026492356078308694,"standard_error":0.0035008498447416576}}