{"mean":{"confidence_interval":{"confidence_level":0.95,"lower_bound":1.7184686807776135,"upper_bound":2.020310134381455},"point_estimate":1.8353913950157161,"standard_error":0.08021399075902633},"median":{"confidence_interval":{"confidence_level":0.95,"lower_bound":1.6472232759022725,"upper_bound":1.7397338212309381},"point_estimate":1.6764485065519403,"standard_error":0.022553172308095438},"median_abs_dev":{"confidence_interval":{"confidence_level":0.95,"lower_bound":0.13239757905786437,"upper_bound":0.21575184846305812},"point_estimate":0.18012829728836102,"standard_error":0.02122979470192966},"slope":{"confidence_interval":{"confidence_level":0.95,"lower_bound":1.699492750620203,"upper_bound":1.8437350035009026},"point_estimate":1.7614836908400078,"standard_error":0.03692887197773697},"std_dev":{"confidence_interval":{"confidence_level":0.95,"lower_bound":0.20498531808477996,"upper_bound":1.3277443300258827},"point_estimate":0.8047176738017706,"standard_error":0.36304295225016914}}