{"mean":{"confidence_interval":{"confidence_level":0.95,"lower_bound":0.4625943375270113,"upper_bound":0.4679929150732367},"point_estimate":0.46506617891854574,"standard_error":0.0013812331388426272},"median":{"confidence_interval":{"confidence_level":0.95,"lower_bound":0.45904631745388985,"upper_bound":0.46377078633133756},"point_estimate":0.46154352422583234,"standard_error":0.0013285128569386186},"median_abs_dev":{"confidence_interval":{"confidence_level":0.95,"lower_bound":0.004800640694468783,"upper_bound":0.009998364829526693},"point_estimate":0.007835184716131526,"standard_error":0.0013501179015665873},"slope":{"confidence_interval":{"confidence_level":0.95,"lower_bound":0.4638847289452485,"upper_bound":0.4681151576377673},"point_estimate":0.4660713036224484,"standard_error":0.0010784827265145427},"std_dev":{"confidence_interval":{"confidence_level":0.95,"lower_bound":0.007820287667706064,"upper_bound":0.01894233283244543},"point_estimate":0.013872324167821028,"standard_error":0.0028356466728527772}}