{"mean":{"confidence_interval":{"confidence_level":0.95,"lower_bound":-0.4921055416640231,"upper_bound":-0.4347744517479739},"point_estimate":-0.46068752026428306,"standard_error":0.014881487636554554},"median":{"confidence_interval":{"confidence_level":0.95,"lower_bound":-0.4461488449446151,"upper_bound":-0.42129011276858985},"point_estimate":-0.4360825356757191,"standard_error":0.006536885539663828}}