{"mean":{"confidence_interval":{"confidence_level":0.95,"lower_bound":3.2415716856460337,"upper_bound":3.3051373437410927},"point_estimate":3.2674995907015387,"standard_error":0.01710492709549754},"median":{"confidence_interval":{"confidence_level":0.95,"lower_bound":3.2394275693457755,"upper_bound":3.242367123445367},"point_estimate":3.2407325627536068,"standard_error":0.000933065068666423},"median_abs_dev":{"confidence_interval":{"confidence_level":0.95,"lower_bound":0.004883324111857722,"upper_bound":0.00923582703252242},"point_estimate":0.0067743487086183475,"standard_error":0.0011599953197462965},"slope":{"confidence_interval":{"confidence_level":0.95,"lower_bound":3.2394620328930848,"upper_bound":3.243106679650228},"point_estimate":3.2411833675769053,"standard_error":0.000928814637052115},"std_dev":{"confidence_interval":{"confidence_level":0.95,"lower_bound":0.014185653541729766,"upper_bound":0.26944331996925525},"point_estimate":0.1718421503562052,"standard_error":0.06944009149362154}}