{"mean":{"confidence_interval":{"confidence_level":0.95,"lower_bound":3.6712277896106404,"upper_bound":3.708137492919162},"point_estimate":3.686149899123768,"standard_error":0.009766052447412174},"median":{"confidence_interval":{"confidence_level":0.95,"lower_bound":3.6666344346526825,"upper_bound":3.67021690172842},"point_estimate":3.6684210110649147,"standard_error":0.000841600111504969},"median_abs_dev":{"confidence_interval":{"confidence_level":0.95,"lower_bound":0.006032122060766291,"upper_bound":0.0107139914033312},"point_estimate":0.007793942856332932,"standard_error":0.0011456630750952348},"slope":{"confidence_interval":{"confidence_level":0.95,"lower_bound":3.6682511400822113,"upper_bound":3.678627715167112},"point_estimate":3.6725277900654727,"standard_error":0.0027025637018407325},"std_dev":{"confidence_interval":{"confidence_level":0.95,"lower_bound":0.015393098747630755,"upper_bound":0.15887459773581855},"point_estimate":0.09829908432203574,"standard_error":0.040160665276383685}}