{"mean":{"confidence_interval":{"confidence_level":0.95,"lower_bound":3.4257152755673785,"upper_bound":3.4758067178038905},"point_estimate":3.44773942685211,"standard_error":0.012906341202637428},"median":{"confidence_interval":{"confidence_level":0.95,"lower_bound":3.415386259294468,"upper_bound":3.4212228663374855},"point_estimate":3.418766257213851,"standard_error":0.0015287981350013313},"median_abs_dev":{"confidence_interval":{"confidence_level":0.95,"lower_bound":0.00857163159130687,"upper_bound":0.014531375467062171},"point_estimate":0.010663292512310048,"standard_error":0.001472885014797674},"slope":{"confidence_interval":{"confidence_level":0.95,"lower_bound":3.4158469562773806,"upper_bound":3.420589518954964},"point_estimate":3.4180631024013586,"standard_error":0.0012087008740397033},"std_dev":{"confidence_interval":{"confidence_level":0.95,"lower_bound":0.035714439867846046,"upper_bound":0.19052687354902426},"point_estimate":0.13025441847916924,"standard_error":0.03712524251400894}}