{"mean":{"confidence_interval":{"confidence_level":0.95,"lower_bound":32.16788753527564,"upper_bound":32.93400514172359},"point_estimate":32.48739250661104,"standard_error":0.1997889332792777},"median":{"confidence_interval":{"confidence_level":0.95,"lower_bound":31.965094569364396,"upper_bound":32.1753487064117},"point_estimate":32.05493063367079,"standard_error":0.05342158775100982},"median_abs_dev":{"confidence_interval":{"confidence_level":0.95,"lower_bound":0.24147252145498138,"upper_bound":0.4565400528959962},"point_estimate":0.35225627575159424,"standard_error":0.05795398322110041},"slope":{"confidence_interval":{"confidence_level":0.95,"lower_bound":32.13832017427138,"upper_bound":32.314433394157575},"point_estimate":32.22487155708167,"standard_error":0.04487584400313557},"std_dev":{"confidence_interval":{"confidence_level":0.95,"lower_bound":0.4485110441079523,"upper_bound":3.1265513190292205},"point_estimate":2.009427818246877,"standard_error":0.723867749308928}}