{"mean":{"confidence_interval":{"confidence_level":0.95,"lower_bound":32.03777097296469,"upper_bound":33.12688329498795},"point_estimate":32.46695031393147,"standard_error":0.2880285314817033},"median":{"confidence_interval":{"confidence_level":0.95,"lower_bound":31.80650078678206,"upper_bound":32.12125474383302},"point_estimate":31.94679659498208,"standard_error":0.09091904696727253},"median_abs_dev":{"confidence_interval":{"confidence_level":0.95,"lower_bound":0.3026064893794641,"upper_bound":0.5550705818577483},"point_estimate":0.4319044902390017,"standard_error":0.06352359273052718},"slope":{"confidence_interval":{"confidence_level":0.95,"lower_bound":31.973037044981822,"upper_bound":32.178426825864705},"point_estimate":32.070413200684534,"standard_error":0.052423030304169366},"std_dev":{"confidence_interval":{"confidence_level":0.95,"lower_bound":0.48561562159795096,"upper_bound":4.757484857513878},"point_estimate":2.90242813836349,"standard_error":1.2522197251167237}}