{"mean":{"confidence_interval":{"confidence_level":0.95,"lower_bound":31.708344192947497,"upper_bound":33.065493238868385},"point_estimate":32.304274001261895,"standard_error":0.35003294018860565},"median":{"confidence_interval":{"confidence_level":0.95,"lower_bound":31.32864792503347,"upper_bound":31.721922171444398},"point_estimate":31.398973672467648,"standard_error":0.09979233108651688},"median_abs_dev":{"confidence_interval":{"confidence_level":0.95,"lower_bound":0.41967800660544996,"upper_bound":0.6199411095661463},"point_estimate":0.53500506932648,"standard_error":0.050275196534666854},"slope":{"confidence_interval":{"confidence_level":0.95,"lower_bound":31.561287337898207,"upper_bound":32.26680300526375},"point_estimate":31.84872671118937,"standard_error":0.18609208001007124},"std_dev":{"confidence_interval":{"confidence_level":0.95,"lower_bound":1.4070585455407632,"upper_bound":5.136189560990158},"point_estimate":3.533397210801918,"standard_error":0.9497217911670386}}