{"mean":{"confidence_interval":{"confidence_level":0.95,"lower_bound":32.99816148837136,"upper_bound":33.518117023710175},"point_estimate":33.21444649518672,"standard_error":0.13523857865757605},"median":{"confidence_interval":{"confidence_level":0.95,"lower_bound":32.80634125990822,"upper_bound":33.07228976697062},"point_estimate":32.8341101728232,"standard_error":0.06928136912505024},"median_abs_dev":{"confidence_interval":{"confidence_level":0.95,"lower_bound":0.17011170079572416,"upper_bound":0.44528176665329305},"point_estimate":0.30725755649753256,"standard_error":0.07213560503382264},"slope":{"confidence_interval":{"confidence_level":0.95,"lower_bound":32.97663765593723,"upper_bound":33.14066063145231},"point_estimate":33.05373112948005,"standard_error":0.0419117452690268},"std_dev":{"confidence_interval":{"confidence_level":0.95,"lower_bound":0.46979077496318816,"upper_bound":2.152950882287413},"point_estimate":1.3576958295932622,"standard_error":0.500426597015795}}