{"mean":{"confidence_interval":{"confidence_level":0.95,"lower_bound":25.63271151236993,"upper_bound":26.564432538691303},"point_estimate":26.04087898039284,"standard_error":0.2400511728540997},"median":{"confidence_interval":{"confidence_level":0.95,"lower_bound":25.32987421383648,"upper_bound":25.61035639412998},"point_estimate":25.48716588050314,"standard_error":0.05886046703040892},"median_abs_dev":{"confidence_interval":{"confidence_level":0.95,"lower_bound":0.2696334111515407,"upper_bound":0.5262099939109963},"point_estimate":0.4362141448449394,"standard_error":0.05653686844752639},"slope":{"confidence_interval":{"confidence_level":0.95,"lower_bound":25.480596241834277,"upper_bound":25.634053257565185},"point_estimate":25.558723226758048,"standard_error":0.03934582388403843},"std_dev":{"confidence_interval":{"confidence_level":0.95,"lower_bound":1.00483560047269,"upper_bound":3.5391477341199127},"point_estimate":2.4102134189784468,"standard_error":0.6622819289093286}}