{"mean":{"confidence_interval":{"confidence_level":0.95,"lower_bound":3.9283522407396543,"upper_bound":4.320429224482972},"point_estimate":4.109610322450783,"standard_error":0.10010850021927781},"median":{"confidence_interval":{"confidence_level":0.95,"lower_bound":4.068750306166915,"upper_bound":4.075836657967623},"point_estimate":4.072741265080691,"standard_error":0.001699707672745714},"median_abs_dev":{"confidence_interval":{"confidence_level":0.95,"lower_bound":0.013314734838070882,"upper_bound":0.24900518410396072},"point_estimate":0.029434536977140366,"standard_error":0.0756001407566255},"slope":{"confidence_interval":{"confidence_level":0.95,"lower_bound":4.1663402283894895,"upper_bound":4.734725526424027},"point_estimate":4.410804093727908,"standard_error":0.14647002350751662},"std_dev":{"confidence_interval":{"confidence_level":0.95,"lower_bound":0.6137551050897022,"upper_bound":1.3502431784969082},"point_estimate":1.005303197727026,"standard_error":0.1892125336853441}}