{"mean":{"confidence_interval":{"confidence_level":0.95,"lower_bound":3.484827495493764,"upper_bound":3.6763734434954682},"point_estimate":3.576272984109389,"standard_error":0.04879432021880542},"median":{"confidence_interval":{"confidence_level":0.95,"lower_bound":3.2283346251721268,"upper_bound":3.4234986431129872},"point_estimate":3.2389010599440895,"standard_error":0.07510769038838251},"median_abs_dev":{"confidence_interval":{"confidence_level":0.95,"lower_bound":0.029815232325572958,"upper_bound":0.3472631877113342},"point_estimate":0.06902655083746725,"standard_error":0.08755398399663467},"slope":{"confidence_interval":{"confidence_level":0.95,"lower_bound":3.426971275773435,"upper_bound":3.6146834588075567},"point_estimate":3.5136924579984417,"standard_error":0.04782227242881241},"std_dev":{"confidence_interval":{"confidence_level":0.95,"lower_bound":0.3865386436991211,"upper_bound":0.6217348313516741},"point_estimate":0.4898408155194906,"standard_error":0.07148685599592335}}