{"mean":{"confidence_interval":{"confidence_level":0.95,"lower_bound":2.01612705164145,"upper_bound":2.0438577923825294},"point_estimate":2.027311079641341,"standard_error":0.007305591373154226},"median":{"confidence_interval":{"confidence_level":0.95,"lower_bound":2.0133501539713534,"upper_bound":2.019460953264099},"point_estimate":2.0170425928641347,"standard_error":0.0014985049907758627},"median_abs_dev":{"confidence_interval":{"confidence_level":0.95,"lower_bound":0.008782528883803778,"upper_bound":0.01894562738734658},"point_estimate":0.01209123094268128,"standard_error":0.0029359789835180787},"slope":{"confidence_interval":{"confidence_level":0.95,"lower_bound":2.0205548771992996,"upper_bound":2.0319089175465272},"point_estimate":2.025486932477731,"standard_error":0.0029170721489592245},"std_dev":{"confidence_interval":{"confidence_level":0.95,"lower_bound":0.021069580047350878,"upper_bound":0.11911201605519156},"point_estimate":0.07359246443952945,"standard_error":0.029975629342303186}}