{"mean":{"confidence_interval":{"confidence_level":0.95,"lower_bound":2.1931993843779574,"upper_bound":2.2324359014849575},"point_estimate":2.2071253685968824,"standard_error":0.011787735286950398},"median":{"confidence_interval":{"confidence_level":0.95,"lower_bound":2.19348447265803,"upper_bound":2.1977237944310817},"point_estimate":2.195077650183081,"standard_error":0.0011871587673097006},"median_abs_dev":{"confidence_interval":{"confidence_level":0.95,"lower_bound":0.0073158726245122225,"upper_bound":0.013258499656072623},"point_estimate":0.010124707346743346,"standard_error":0.0015453340661433028},"slope":{"confidence_interval":{"confidence_level":0.95,"lower_bound":2.1926487337887406,"upper_bound":2.198315809644428},"point_estimate":2.1955125130392523,"standard_error":0.0014446934443086076},"std_dev":{"confidence_interval":{"confidence_level":0.95,"lower_bound":0.0130892128866401,"upper_bound":0.2019741253590842},"point_estimate":0.11825319068594485,"standard_error":0.06742648137108602}}