{"mean":{"confidence_interval":{"confidence_level":0.95,"lower_bound":2.6184827582588652,"upper_bound":2.7731724819134462},"point_estimate":2.692092242813177,"standard_error":0.03957648142649195},"median":{"confidence_interval":{"confidence_level":0.95,"lower_bound":2.50164951637027,"upper_bound":2.5157632856849736},"point_estimate":2.5064619647368076,"standard_error":0.0036931741228948198},"median_abs_dev":{"confidence_interval":{"confidence_level":0.95,"lower_bound":0.023190695576269644,"upper_bound":0.047678974482088},"point_estimate":0.03697627251227,"standard_error":0.005785316315329019},"slope":{"confidence_interval":{"confidence_level":0.95,"lower_bound":2.7051635541555332,"upper_bound":2.935157407132644},"point_estimate":2.8179307616257954,"standard_error":0.05872732525212491},"std_dev":{"confidence_interval":{"confidence_level":0.95,"lower_bound":0.3110789258090082,"upper_bound":0.47596870957540005},"point_estimate":0.3972427682209043,"standard_error":0.042124262245292685}}