{"mean":{"confidence_interval":{"confidence_level":0.95,"lower_bound":2.218428767304778,"upper_bound":2.276103630467199},"point_estimate":2.2449298666441173,"standard_error":0.01480773997121451},"median":{"confidence_interval":{"confidence_level":0.95,"lower_bound":2.1908746947157103,"upper_bound":2.197913161714375},"point_estimate":2.193663272276381,"standard_error":0.0017058946786884504},"median_abs_dev":{"confidence_interval":{"confidence_level":0.95,"lower_bound":0.012104089217535214,"upper_bound":0.025731365085317762},"point_estimate":0.016223204457130685,"standard_error":0.003571613766693631},"slope":{"confidence_interval":{"confidence_level":0.95,"lower_bound":2.2231518029619717,"upper_bound":2.307441578107991},"point_estimate":2.262453868653299,"standard_error":0.021625174626781495},"std_dev":{"confidence_interval":{"confidence_level":0.95,"lower_bound":0.09198369687562277,"upper_bound":0.19416335924536},"point_estimate":0.14840562922777847,"standard_error":0.026071545249733073}}