{"mean":{"confidence_interval":{"confidence_level":0.95,"lower_bound":2.8444577512223344,"upper_bound":3.042019319180831},"point_estimate":2.9413867794581794,"standard_error":0.050497932229025926},"median":{"confidence_interval":{"confidence_level":0.95,"lower_bound":2.51193199801058,"upper_bound":3.3959857801691005},"point_estimate":2.519729214706636,"standard_error":0.30686440431803264},"median_abs_dev":{"confidence_interval":{"confidence_level":0.95,"lower_bound":0.0304495996451367,"upper_bound":1.2733077184350736},"point_estimate":0.05761147663478904,"standard_error":0.28593832619465664},"slope":{"confidence_interval":{"confidence_level":0.95,"lower_bound":2.5549404169055023,"upper_bound":2.633490671213561},"point_estimate":2.588511905052632,"standard_error":0.020010178672319346},"std_dev":{"confidence_interval":{"confidence_level":0.95,"lower_bound":0.45299939006841833,"upper_bound":0.5694038998082327},"point_estimate":0.507614207162892,"standard_error":0.030770117679895792}}