{"mean":{"confidence_interval":{"confidence_level":0.95,"lower_bound":1.8669042099903639,"upper_bound":1.8943126009025697},"point_estimate":1.8772381767008812,"standard_error":0.007377133753059156},"median":{"confidence_interval":{"confidence_level":0.95,"lower_bound":1.861694689457527,"upper_bound":1.8662650305078459},"point_estimate":1.8643987201223102,"standard_error":0.0013797268810756124},"median_abs_dev":{"confidence_interval":{"confidence_level":0.95,"lower_bound":0.006451200161338191,"upper_bound":0.01242609847447971},"point_estimate":0.009232732719804706,"standard_error":0.0017048808755178316},"slope":{"confidence_interval":{"confidence_level":0.95,"lower_bound":1.8666815482678183,"upper_bound":1.8734298943909686},"point_estimate":1.8699021735118029,"standard_error":0.0017248317383329395},"std_dev":{"confidence_interval":{"confidence_level":0.95,"lower_bound":0.012966740355548135,"upper_bound":0.12362797899896488},"point_estimate":0.07410460897579876,"standard_error":0.0352187155251803}}