{"mean":{"confidence_interval":{"confidence_level":0.95,"lower_bound":2.4998200906718577,"upper_bound":2.5281959690187907},"point_estimate":2.510394304374355,"standard_error":0.007991076463078044},"median":{"confidence_interval":{"confidence_level":0.95,"lower_bound":2.4977499413920947,"upper_bound":2.502847014733443},"point_estimate":2.5000730619248,"standard_error":0.001238986524798955},"median_abs_dev":{"confidence_interval":{"confidence_level":0.95,"lower_bound":0.008109630415566036,"upper_bound":0.01560797433535346},"point_estimate":0.011604532998399182,"standard_error":0.0018926777336970252},"slope":{"confidence_interval":{"confidence_level":0.95,"lower_bound":2.499445715733814,"upper_bound":2.5068912011471958},"point_estimate":2.503029867844678,"standard_error":0.0018944965634981558},"std_dev":{"confidence_interval":{"confidence_level":0.95,"lower_bound":0.015395456021502073,"upper_bound":0.1354744965298656},"point_estimate":0.08032589577667502,"standard_error":0.0414767949394327}}