{"mean":{"confidence_interval":{"confidence_level":0.95,"lower_bound":2.2443025198489996,"upper_bound":2.36274133294383},"point_estimate":2.300123952458555,"standard_error":0.030399323311736084},"median":{"confidence_interval":{"confidence_level":0.95,"lower_bound":2.1829723515987545,"upper_bound":2.190190671606276},"point_estimate":2.186294815205482,"standard_error":0.0018480840830623825},"median_abs_dev":{"confidence_interval":{"confidence_level":0.95,"lower_bound":0.01216358702957523,"upper_bound":0.024220238650456017},"point_estimate":0.016164723183695568,"standard_error":0.003007113162392978},"slope":{"confidence_interval":{"confidence_level":0.95,"lower_bound":2.344325932044797,"upper_bound":2.5953756946108064},"point_estimate":2.4735080982970064,"standard_error":0.06418448142970476},"std_dev":{"confidence_interval":{"confidence_level":0.95,"lower_bound":0.2246167047396506,"upper_bound":0.3645298853686676},"point_estimate":0.30544606225500925,"standard_error":0.0353770411696762}}