{"mean":{"confidence_interval":{"confidence_level":0.95,"lower_bound":2.814753030497766,"upper_bound":2.840059773465949},"point_estimate":2.8251442559602635,"standard_error":0.006591513206139441},"median":{"confidence_interval":{"confidence_level":0.95,"lower_bound":2.8108463711887994,"upper_bound":2.8155457723121975},"point_estimate":2.8131342863970534,"standard_error":0.0013783667085920657},"median_abs_dev":{"confidence_interval":{"confidence_level":0.95,"lower_bound":0.006144821735161884,"upper_bound":0.011885643423406986},"point_estimate":0.007963484756832187,"standard_error":0.0014180075376425177},"slope":{"confidence_interval":{"confidence_level":0.95,"lower_bound":2.810833112809598,"upper_bound":2.8149049105091626},"point_estimate":2.8127335016927058,"standard_error":0.0010408300962711557},"std_dev":{"confidence_interval":{"confidence_level":0.95,"lower_bound":0.01658419056239785,"upper_bound":0.10653463005672836},"point_estimate":0.06643603784817817,"standard_error":0.025364962582148893}}