{"mean":{"confidence_interval":{"confidence_level":0.95,"lower_bound":2.791386313792274,"upper_bound":2.821206004636802},"point_estimate":2.801981809378722,"standard_error":0.008894622128988996},"median":{"confidence_interval":{"confidence_level":0.95,"lower_bound":2.7902125791704746,"upper_bound":2.7922347115088044},"point_estimate":2.7908465126863122,"standard_error":0.0005773784655812113},"median_abs_dev":{"confidence_interval":{"confidence_level":0.95,"lower_bound":0.006791569372085292,"upper_bound":0.011162936996038297},"point_estimate":0.008461203307230466,"standard_error":0.001170185461369445},"slope":{"confidence_interval":{"confidence_level":0.95,"lower_bound":2.7918952374243475,"upper_bound":2.7958920245065153},"point_estimate":2.793840558508992,"standard_error":0.0010209270168453491},"std_dev":{"confidence_interval":{"confidence_level":0.95,"lower_bound":0.00907669499511954,"upper_bound":0.15232869169543},"point_estimate":0.08930518667622799,"standard_error":0.05052427291894338}}