{"mean":{"confidence_interval":{"confidence_level":0.95,"lower_bound":2.7998916313442046,"upper_bound":2.84438273560664},"point_estimate":2.817837128502374,"standard_error":0.011685818506138904},"median":{"confidence_interval":{"confidence_level":0.95,"lower_bound":2.7956306014062884,"upper_bound":2.80098533071424},"point_estimate":2.7991224941283233,"standard_error":0.0015206942725276883},"median_abs_dev":{"confidence_interval":{"confidence_level":0.95,"lower_bound":0.008704825105318214,"upper_bound":0.014896807724834588},"point_estimate":0.012341900503222366,"standard_error":0.001633561447466631},"slope":{"confidence_interval":{"confidence_level":0.95,"lower_bound":2.799208107702213,"upper_bound":2.807469739031555},"point_estimate":2.802702827860348,"standard_error":0.0021361811410943975},"std_dev":{"confidence_interval":{"confidence_level":0.95,"lower_bound":0.01646386279074654,"upper_bound":0.18761015348814533},"point_estimate":0.11718147591834475,"standard_error":0.04676689746505208}}