{"mean":{"confidence_interval":{"confidence_level":0.95,"lower_bound":2.3049299956945153,"upper_bound":2.458450902996366},"point_estimate":2.3786077522005815,"standard_error":0.03904906350655133},"median":{"confidence_interval":{"confidence_level":0.95,"lower_bound":2.170189664356592,"upper_bound":2.176201531174463},"point_estimate":2.172248174379361,"standard_error":0.0014376244575571677},"median_abs_dev":{"confidence_interval":{"confidence_level":0.95,"lower_bound":0.008499467242600405,"upper_bound":0.016677962707215648},"point_estimate":0.01134384377663316,"standard_error":0.0019829444610566477},"slope":{"confidence_interval":{"confidence_level":0.95,"lower_bound":2.3894015107340603,"upper_bound":2.6173543074768673},"point_estimate":2.5018083668125333,"standard_error":0.05837748365524641},"std_dev":{"confidence_interval":{"confidence_level":0.95,"lower_bound":0.32631661110848925,"upper_bound":0.44059242326302117},"point_estimate":0.391461554833717,"standard_error":0.0292630750045353}}