{"mean":{"confidence_interval":{"confidence_level":0.95,"lower_bound":2.3186021789186566,"upper_bound":2.4958218073679124},"point_estimate":2.40756566890582,"standard_error":0.045178642795946605},"median":{"confidence_interval":{"confidence_level":0.95,"lower_bound":2.0463284766642977,"upper_bound":2.799776231261541},"point_estimate":2.780721241615273,"standard_error":0.21975025850879604},"median_abs_dev":{"confidence_interval":{"confidence_level":0.95,"lower_bound":0.027136039992009506,"upper_bound":0.6151919261520499},"point_estimate":0.062448334436892794,"standard_error":0.17106970242514488},"slope":{"confidence_interval":{"confidence_level":0.95,"lower_bound":2.671951257732567,"upper_bound":2.7518020911149255},"point_estimate":2.7177500958128147,"standard_error":0.020498499802252577},"std_dev":{"confidence_interval":{"confidence_level":0.95,"lower_bound":0.4329204812466691,"upper_bound":0.46746186806212975},"point_estimate":0.4553699952604038,"standard_error":0.008738537972713711}}