{"mean":{"confidence_interval":{"confidence_level":0.95,"lower_bound":1.7544570162623825,"upper_bound":1.802871852196459},"point_estimate":1.772010977879792,"standard_error":0.013832874183172344},"median":{"confidence_interval":{"confidence_level":0.95,"lower_bound":1.7496520542559466,"upper_bound":1.754059367013957},"point_estimate":1.7524994614976013,"standard_error":0.0010212392613287444},"median_abs_dev":{"confidence_interval":{"confidence_level":0.95,"lower_bound":0.007359526617792707,"upper_bound":0.01455753186981376},"point_estimate":0.01021385702769871,"standard_error":0.0018131791211501787},"slope":{"confidence_interval":{"confidence_level":0.95,"lower_bound":1.7542858856112287,"upper_bound":1.7611113147627235},"point_estimate":1.7574666684135236,"standard_error":0.0017465645855618596},"std_dev":{"confidence_interval":{"confidence_level":0.95,"lower_bound":0.016511349235380404,"upper_bound":0.23477016640922177},"point_estimate":0.1385213228170189,"standard_error":0.07395469417443194}}