{"mean":{"confidence_interval":{"confidence_level":0.95,"lower_bound":2.1946589645847223,"upper_bound":2.2531308592968493},"point_estimate":2.216520267518325,"standard_error":0.015901760517076605},"median":{"confidence_interval":{"confidence_level":0.95,"lower_bound":2.18650607485136,"upper_bound":2.197055449890496},"point_estimate":2.191143082014337,"standard_error":0.0029633121349019772},"median_abs_dev":{"confidence_interval":{"confidence_level":0.95,"lower_bound":0.01332518826507129,"upper_bound":0.02248745635167916},"point_estimate":0.015867213839483793,"standard_error":0.0023982313800775534},"slope":{"confidence_interval":{"confidence_level":0.95,"lower_bound":2.191975135858846,"upper_bound":2.202510295628388},"point_estimate":2.1969412881538646,"standard_error":0.0027007622055875142},"std_dev":{"confidence_interval":{"confidence_level":0.95,"lower_bound":0.02811948706181991,"upper_bound":0.26758580839975166},"point_estimate":0.15973408146317117,"standard_error":0.0780803210081944}}