{"mean":{"confidence_interval":{"confidence_level":0.95,"lower_bound":2.648605042499537,"upper_bound":2.8285448181671535},"point_estimate":2.739801766033585,"standard_error":0.04563763253456459},"median":{"confidence_interval":{"confidence_level":0.95,"lower_bound":2.3119229188959776,"upper_bound":3.1134747706333874},"point_estimate":3.1104392313000204,"standard_error":0.14301720134668633},"median_abs_dev":{"confidence_interval":{"confidence_level":0.95,"lower_bound":0.013277459913038568,"upper_bound":0.20070666806303075},"point_estimate":0.025980418482928005,"standard_error":0.08302572495219906},"slope":{"confidence_interval":{"confidence_level":0.95,"lower_bound":3.0115798873824438,"upper_bound":3.0757862195442454},"point_estimate":3.048516303483602,"standard_error":0.016448302794584604},"std_dev":{"confidence_interval":{"confidence_level":0.95,"lower_bound":0.4340721532887972,"upper_bound":0.4706899093359189},"point_estimate":0.4604194190494022,"standard_error":0.009553092907875815}}