{"mean":{"confidence_interval":{"confidence_level":0.95,"lower_bound":4.4417399730675875,"upper_bound":4.503925470947207},"point_estimate":4.473020452743242,"standard_error":0.01588819422418005},"median":{"confidence_interval":{"confidence_level":0.95,"lower_bound":4.484477198978709,"upper_bound":4.501985277413273},"point_estimate":4.494163242519383,"standard_error":0.004319100185268425},"median_abs_dev":{"confidence_interval":{"confidence_level":0.95,"lower_bound":0.029452224515693716,"upper_bound":0.09169293000067882},"point_estimate":0.0472035288699259,"standard_error":0.017234792448833157},"slope":{"confidence_interval":{"confidence_level":0.95,"lower_bound":4.4497254678982285,"upper_bound":4.509334073081798},"point_estimate":4.481093535079861,"standard_error":0.015206289374428632},"std_dev":{"confidence_interval":{"confidence_level":0.95,"lower_bound":0.12643907380173458,"upper_bound":0.18903883251175055},"point_estimate":0.15957374395243276,"standard_error":0.016045397978837382}}