{"mean":{"confidence_interval":{"confidence_level":0.95,"lower_bound":3.1354519953655218,"upper_bound":3.250727158059783},"point_estimate":3.177207411021927,"standard_error":0.033130662695292495},"median":{"confidence_interval":{"confidence_level":0.95,"lower_bound":3.1266840355469387,"upper_bound":3.131725546632004},"point_estimate":3.1282698929811,"standard_error":0.0013214516039059515},"median_abs_dev":{"confidence_interval":{"confidence_level":0.95,"lower_bound":0.006633469823275024,"upper_bound":0.012946898101220228},"point_estimate":0.008515261491515868,"standard_error":0.0016017024451991102},"slope":{"confidence_interval":{"confidence_level":0.95,"lower_bound":3.1304117503643214,"upper_bound":3.144354186312551},"point_estimate":3.136486491231162,"standard_error":0.0036009322122670315},"std_dev":{"confidence_interval":{"confidence_level":0.95,"lower_bound":0.030237878483090747,"upper_bound":0.5661978963146292},"point_estimate":0.33361629113473934,"standard_error":0.1801325094503926}}