{"mean":{"confidence_interval":{"confidence_level":0.95,"lower_bound":3.135379516801671,"upper_bound":3.242994772540373},"point_estimate":3.1744595451377826,"standard_error":0.030995762429686404},"median":{"confidence_interval":{"confidence_level":0.95,"lower_bound":3.129571297091335,"upper_bound":3.1344916912575846},"point_estimate":3.132171807742057,"standard_error":0.0011844916977646288},"median_abs_dev":{"confidence_interval":{"confidence_level":0.95,"lower_bound":0.009054044278245384,"upper_bound":0.018340223679118178},"point_estimate":0.01173972133183243,"standard_error":0.0023363439925611295},"slope":{"confidence_interval":{"confidence_level":0.95,"lower_bound":3.1331548444201336,"upper_bound":3.1457069298640814},"point_estimate":3.1386596436283014,"standard_error":0.003221235891050431},"std_dev":{"confidence_interval":{"confidence_level":0.95,"lower_bound":0.03310425356292829,"upper_bound":0.5299143682691225},"point_estimate":0.31236978968315293,"standard_error":0.16851839488745043}}