{"mean":{"confidence_interval":{"confidence_level":0.95,"lower_bound":42.70857952936444,"upper_bound":46.49547165738566},"point_estimate":44.37156790594651,"standard_error":0.9761744006177325},"median":{"confidence_interval":{"confidence_level":0.95,"lower_bound":41.371647509578544,"upper_bound":41.60401842729429},"point_estimate":41.475590079291905,"standard_error":0.05987119674310833},"median_abs_dev":{"confidence_interval":{"confidence_level":0.95,"lower_bound":0.262466964924282,"upper_bound":0.636957856970666},"point_estimate":0.41536653303250753,"standard_error":0.09938993171959772},"slope":{"confidence_interval":{"confidence_level":0.95,"lower_bound":41.67427751218755,"upper_bound":42.41033629310477},"point_estimate":42.016694353429166,"standard_error":0.188429192927309},"std_dev":{"confidence_interval":{"confidence_level":0.95,"lower_bound":4.296725184604637,"upper_bound":14.623543188523326},"point_estimate":9.80859957291144,"standard_error":2.726768678409244}}