{"mean":{"confidence_interval":{"confidence_level":0.95,"lower_bound":152.33116904074924,"upper_bound":152.4238614022881},"point_estimate":152.37561286532105,"standard_error":0.023655560736712666},"median":{"confidence_interval":{"confidence_level":0.95,"lower_bound":152.31295330576035,"upper_bound":152.36501677822685},"point_estimate":152.34485295443073,"standard_error":0.013301061011716922},"median_abs_dev":{"confidence_interval":{"confidence_level":0.95,"lower_bound":0.07539504441958485,"upper_bound":0.1305877450669859},"point_estimate":0.10424565089902141,"standard_error":0.013863677841719473},"slope":{"confidence_interval":{"confidence_level":0.95,"lower_bound":152.32745990096885,"upper_bound":152.37529705555892},"point_estimate":152.35024069103278,"standard_error":0.012184980136551341},"std_dev":{"confidence_interval":{"confidence_level":0.95,"lower_bound":0.1585901040234891,"upper_bound":0.30726455328687435},"point_estimate":0.23787903424881882,"standard_error":0.03798366145082917}}