{"mean":{"confidence_interval":{"confidence_level":0.95,"lower_bound":89.6630243866752,"upper_bound":90.03758601359738},"point_estimate":89.80657763269886,"standard_error":0.09893117336200025},"median":{"confidence_interval":{"confidence_level":0.95,"lower_bound":89.63973738904863,"upper_bound":89.68139091156887},"point_estimate":89.6611451193304,"standard_error":0.010655223155136255},"median_abs_dev":{"confidence_interval":{"confidence_level":0.95,"lower_bound":0.06374158485352754,"upper_bound":0.10690413130365492},"point_estimate":0.0891322143439963,"standard_error":0.011320298113041914},"slope":{"confidence_interval":{"confidence_level":0.95,"lower_bound":89.65063033553422,"upper_bound":90.08281016613797},"point_estimate":89.79682352705792,"standard_error":0.12304990899742836},"std_dev":{"confidence_interval":{"confidence_level":0.95,"lower_bound":0.15205013905972115,"upper_bound":1.6451699044769736},"point_estimate":0.9920309134922013,"standard_error":0.4478732695061893}}