{"mean":{"confidence_interval":{"confidence_level":0.95,"lower_bound":88.13996090527993,"upper_bound":88.30235086123531},"point_estimate":88.21598509641072,"standard_error":0.04142717089010141},"median":{"confidence_interval":{"confidence_level":0.95,"lower_bound":88.14329436556119,"upper_bound":88.19021797800318},"point_estimate":88.1653496087878,"standard_error":0.011519225755756571},"median_abs_dev":{"confidence_interval":{"confidence_level":0.95,"lower_bound":0.0780318606553816,"upper_bound":0.1885784124180275},"point_estimate":0.12054690901716,"standard_error":0.029666655226901782},"slope":{"confidence_interval":{"confidence_level":0.95,"lower_bound":88.14503694196479,"upper_bound":88.24236572364772},"point_estimate":88.18774286924588,"standard_error":0.025072262703976944},"std_dev":{"confidence_interval":{"confidence_level":0.95,"lower_bound":0.2533710247061091,"upper_bound":0.5761130608099269},"point_estimate":0.4183414359854392,"standard_error":0.08476425416480905}}