{"mean":{"confidence_interval":{"confidence_level":0.95,"lower_bound":88.16914993691661,"upper_bound":88.37844003192237},"point_estimate":88.26273426344729,"standard_error":0.053751528583867454},"median":{"confidence_interval":{"confidence_level":0.95,"lower_bound":88.13387126352467,"upper_bound":88.18875386892984},"point_estimate":88.1713204887218,"standard_error":0.013913733425655701},"median_abs_dev":{"confidence_interval":{"confidence_level":0.95,"lower_bound":0.10366207949935735,"upper_bound":0.1968459512791852},"point_estimate":0.14744292324540825,"standard_error":0.024253081223045005},"slope":{"confidence_interval":{"confidence_level":0.95,"lower_bound":88.15955185307719,"upper_bound":88.28513858281144},"point_estimate":88.21531835444233,"standard_error":0.03231928330350215},"std_dev":{"confidence_interval":{"confidence_level":0.95,"lower_bound":0.2606209357454056,"upper_bound":0.7666506760024339},"point_estimate":0.5397318881825421,"standard_error":0.1296545537190499}}