{"mean":{"confidence_interval":{"confidence_level":0.95,"lower_bound":144.6949998660067,"upper_bound":149.8350045838665},"point_estimate":147.12987740723747,"standard_error":1.3036913669026486},"median":{"confidence_interval":{"confidence_level":0.95,"lower_bound":142.74859285174853,"upper_bound":145.19393296005413},"point_estimate":143.74193907452087,"standard_error":0.6733672823902641},"median_abs_dev":{"confidence_interval":{"confidence_level":0.95,"lower_bound":5.704996121365189,"upper_bound":9.899215600076975},"point_estimate":7.413568309308929,"standard_error":1.0040196823383096},"slope":{"confidence_interval":{"confidence_level":0.95,"lower_bound":145.08239137874872,"upper_bound":152.53641964305416},"point_estimate":148.46144286679453,"standard_error":1.8991836563147007},"std_dev":{"confidence_interval":{"confidence_level":0.95,"lower_bound":9.831571946171188,"upper_bound":16.01151099625405},"point_estimate":13.148087046584868,"standard_error":1.5775169890486027}}