{"mean":{"confidence_interval":{"confidence_level":0.95,"lower_bound":88.13513705404273,"upper_bound":88.40405590455285},"point_estimate":88.25403902334305,"standard_error":0.06929624226346555},"median":{"confidence_interval":{"confidence_level":0.95,"lower_bound":88.1215005527681,"upper_bound":88.1775696629532},"point_estimate":88.1536963991976,"standard_error":0.013182553140515923},"median_abs_dev":{"confidence_interval":{"confidence_level":0.95,"lower_bound":0.10000920810953469,"upper_bound":0.19213278053141353},"point_estimate":0.14414202914866037,"standard_error":0.023209104515874907},"slope":{"confidence_interval":{"confidence_level":0.95,"lower_bound":88.12468876058463,"upper_bound":88.20046115209908},"point_estimate":88.16037362576294,"standard_error":0.019266570256948945},"std_dev":{"confidence_interval":{"confidence_level":0.95,"lower_bound":0.23109825898664105,"upper_bound":1.0197211702922568},"point_estimate":0.7004590613931598,"standard_error":0.1936449646507714}}