{"mean":{"confidence_interval":{"confidence_level":0.95,"lower_bound":88.02996404903155,"upper_bound":88.21462274185905},"point_estimate":88.11088972385473,"standard_error":0.04740141638595341},"median":{"confidence_interval":{"confidence_level":0.95,"lower_bound":87.99528943883237,"upper_bound":88.02855701675375},"point_estimate":88.00726595808564,"standard_error":0.008681644707989523},"median_abs_dev":{"confidence_interval":{"confidence_level":0.95,"lower_bound":0.07111347233723742,"upper_bound":0.11622634490107608},"point_estimate":0.09093800658224215,"standard_error":0.011711921777701506},"slope":{"confidence_interval":{"confidence_level":0.95,"lower_bound":87.99528185073575,"upper_bound":88.04175685032989},"point_estimate":88.01700752203921,"standard_error":0.011892460183124965},"std_dev":{"confidence_interval":{"confidence_level":0.95,"lower_bound":0.16813602517896464,"upper_bound":0.6974978854603101},"point_estimate":0.47324689506659795,"standard_error":0.13202149434174285}}