{"mean":{"confidence_interval":{"confidence_level":0.95,"lower_bound":88.59688056082011,"upper_bound":88.85223392497636},"point_estimate":88.69448173183665,"standard_error":0.0688265645328678},"median":{"confidence_interval":{"confidence_level":0.95,"lower_bound":88.5672490619137,"upper_bound":88.63812785731724},"point_estimate":88.59156351778303,"standard_error":0.02211093618738769},"median_abs_dev":{"confidence_interval":{"confidence_level":0.95,"lower_bound":0.09102122968611995,"upper_bound":0.1425401342506809},"point_estimate":0.11406449660975473,"standard_error":0.012907113143912984},"slope":{"confidence_interval":{"confidence_level":0.95,"lower_bound":88.60990386291981,"upper_bound":88.69429043182606},"point_estimate":88.64836299989103,"standard_error":0.021580454732843677},"std_dev":{"confidence_interval":{"confidence_level":0.95,"lower_bound":0.16465053504605348,"upper_bound":1.1521768199496227},"point_estimate":0.6912837515489509,"standard_error":0.3283649561574923}}