{"mean":{"confidence_interval":{"confidence_level":0.95,"lower_bound":87.19394049043167,"upper_bound":90.54226221735664},"point_estimate":88.70993756024217,"standard_error":0.8623206093603774},"median":{"confidence_interval":{"confidence_level":0.95,"lower_bound":85.9459288181774,"upper_bound":86.08800216177265},"point_estimate":86.00184852540622,"standard_error":0.037895608178635784},"median_abs_dev":{"confidence_interval":{"confidence_level":0.95,"lower_bound":0.1945434561056663,"upper_bound":0.5010086563983488},"point_estimate":0.2858312536667461,"standard_error":0.0785318097412797},"slope":{"confidence_interval":{"confidence_level":0.95,"lower_bound":86.77011371703219,"upper_bound":88.7764556829062},"point_estimate":87.63281232289212,"standard_error":0.5135032504757934},"std_dev":{"confidence_interval":{"confidence_level":0.95,"lower_bound":4.6829098507024085,"upper_bound":11.836813620330364},"point_estimate":8.639576793496381,"standard_error":1.8285480210762846}}