{"mean":{"confidence_interval":{"confidence_level":0.95,"lower_bound":88.09973882537457,"upper_bound":88.31288205220687},"point_estimate":88.19736315900921,"standard_error":0.05448952573718701},"median":{"confidence_interval":{"confidence_level":0.95,"lower_bound":88.0286181258813,"upper_bound":88.11626957305396},"point_estimate":88.0689643033333,"standard_error":0.02198457846613442},"median_abs_dev":{"confidence_interval":{"confidence_level":0.95,"lower_bound":0.1362357007478261,"upper_bound":0.2896650758442764},"point_estimate":0.20128252081152295,"standard_error":0.042239182939214096},"slope":{"confidence_interval":{"confidence_level":0.95,"lower_bound":88.04211194816384,"upper_bound":88.17780280954055},"point_estimate":88.10460708621491,"standard_error":0.03463448444903428},"std_dev":{"confidence_interval":{"confidence_level":0.95,"lower_bound":0.3200099747799615,"upper_bound":0.7679017807657449},"point_estimate":0.5481967703336982,"standard_error":0.11757561809070079}}