{"mean":{"confidence_interval":{"confidence_level":0.95,"lower_bound":47.06450892744383,"upper_bound":47.307157851336825},"point_estimate":47.16524572992113,"standard_error":0.06324426484387852},"median":{"confidence_interval":{"confidence_level":0.95,"lower_bound":46.9414626889601,"upper_bound":47.10367921552132},"point_estimate":46.99958432781212,"standard_error":0.037866390028888725},"median_abs_dev":{"confidence_interval":{"confidence_level":0.95,"lower_bound":0.12701795405597754,"upper_bound":0.2974469789698207},"point_estimate":0.20168109823496194,"standard_error":0.042199422512514836},"slope":{"confidence_interval":{"confidence_level":0.95,"lower_bound":46.96574800934402,"upper_bound":47.08445860093295},"point_estimate":47.01999127254257,"standard_error":0.030328672804200173},"std_dev":{"confidence_interval":{"confidence_level":0.95,"lower_bound":0.24328821685642216,"upper_bound":1.0074483849515905},"point_estimate":0.6341191303904219,"standard_error":0.23818695241976529}}