{"mean":{"confidence_interval":{"confidence_level":0.95,"lower_bound":132.59944658900997,"upper_bound":132.828828432011},"point_estimate":132.70962314578867,"standard_error":0.05840945005458284},"median":{"confidence_interval":{"confidence_level":0.95,"lower_bound":132.64733088611294,"upper_bound":132.8429248102325},"point_estimate":132.70939483680712,"standard_error":0.06229575095166837},"median_abs_dev":{"confidence_interval":{"confidence_level":0.95,"lower_bound":0.31240901724565595,"upper_bound":0.5657142357535009},"point_estimate":0.4407431733118521,"standard_error":0.061744245936650774},"slope":{"confidence_interval":{"confidence_level":0.95,"lower_bound":132.78509204896844,"upper_bound":132.91848732887595},"point_estimate":132.8511858158644,"standard_error":0.033976801847401816},"std_dev":{"confidence_interval":{"confidence_level":0.95,"lower_bound":0.4249503722089818,"upper_bound":0.7763024136588452},"point_estimate":0.5857507291804008,"standard_error":0.09652780540380997}}