{"mean":{"confidence_interval":{"confidence_level":0.95,"lower_bound":88.58952569272589,"upper_bound":88.68600039041915},"point_estimate":88.63189306788321,"standard_error":0.02474385100112208},"median":{"confidence_interval":{"confidence_level":0.95,"lower_bound":88.59758672030843,"upper_bound":88.6297752653693},"point_estimate":88.6090742481203,"standard_error":0.009543499515155462},"median_abs_dev":{"confidence_interval":{"confidence_level":0.95,"lower_bound":0.05682575580011739,"upper_bound":0.09674698376335726},"point_estimate":0.07640959691561404,"standard_error":0.010133484196798988},"slope":{"confidence_interval":{"confidence_level":0.95,"lower_bound":88.59900796830883,"upper_bound":88.64404119593542},"point_estimate":88.62019631982275,"standard_error":0.011506189683755726},"std_dev":{"confidence_interval":{"confidence_level":0.95,"lower_bound":0.11300346541079642,"upper_bound":0.38204652479633977},"point_estimate":0.24841780840170666,"standard_error":0.07825468533624486}}