{"mean":{"confidence_interval":{"confidence_level":0.95,"lower_bound":88.15492276767739,"upper_bound":88.71110892819834},"point_estimate":88.38120364987162,"standard_error":0.14558656198255682},"median":{"confidence_interval":{"confidence_level":0.95,"lower_bound":88.0901457610519,"upper_bound":88.16705211468398},"point_estimate":88.12804481733221,"standard_error":0.0191355505974263},"median_abs_dev":{"confidence_interval":{"confidence_level":0.95,"lower_bound":0.10645095967741561,"upper_bound":0.19119771666641983},"point_estimate":0.13177765155777116,"standard_error":0.021902139279848767},"slope":{"confidence_interval":{"confidence_level":0.95,"lower_bound":88.12608935483073,"upper_bound":88.49317487281246},"point_estimate":88.27148981381609,"standard_error":0.09764116681162871},"std_dev":{"confidence_interval":{"confidence_level":0.95,"lower_bound":0.35588593075650093,"upper_bound":2.35401977262367},"point_estimate":1.45851500350195,"standard_error":0.5732260478819275}}