{"mean":{"confidence_interval":{"confidence_level":0.95,"lower_bound":88.18970736750164,"upper_bound":88.98417560299949},"point_estimate":88.47735966326886,"standard_error":0.23230883433595015},"median":{"confidence_interval":{"confidence_level":0.95,"lower_bound":88.15241988282685,"upper_bound":88.22160047623098},"point_estimate":88.18085398633528,"standard_error":0.016940658042469924},"median_abs_dev":{"confidence_interval":{"confidence_level":0.95,"lower_bound":0.12572694788464103,"upper_bound":0.24430601615837955},"point_estimate":0.17401543237580397,"standard_error":0.029754232574480968},"slope":{"confidence_interval":{"confidence_level":0.95,"lower_bound":88.17942902442734,"upper_bound":88.33660640602531},"point_estimate":88.250776191563,"standard_error":0.040447382594086284},"std_dev":{"confidence_interval":{"confidence_level":0.95,"lower_bound":0.30873691168792644,"upper_bound":3.973935826469526},"point_estimate":2.3365321528327927,"standard_error":1.2841878088076182}}