{"mean":{"confidence_interval":{"confidence_level":0.95,"lower_bound":89.4756794443358,"upper_bound":89.6674663411482},"point_estimate":89.55699033004345,"standard_error":0.04968778433438848},"median":{"confidence_interval":{"confidence_level":0.95,"lower_bound":89.43890818985336,"upper_bound":89.48939160282559},"point_estimate":89.451569646015,"standard_error":0.013304921246744737},"median_abs_dev":{"confidence_interval":{"confidence_level":0.95,"lower_bound":0.06437669171309568,"upper_bound":0.11199234455046975},"point_estimate":0.07720452821194562,"standard_error":0.012192132642869955},"slope":{"confidence_interval":{"confidence_level":0.95,"lower_bound":89.46961705059356,"upper_bound":89.550840798393},"point_estimate":89.5054829606483,"standard_error":0.02087002136590688},"std_dev":{"confidence_interval":{"confidence_level":0.95,"lower_bound":0.1490136977542155,"upper_bound":0.775074242852466},"point_estimate":0.4986686198427995,"standard_error":0.1678533905779874}}