{"mean":{"confidence_interval":{"confidence_level":0.95,"lower_bound":89.25763264795546,"upper_bound":89.48602481529903},"point_estimate":89.35887294344201,"standard_error":0.059125379609343096},"median":{"confidence_interval":{"confidence_level":0.95,"lower_bound":89.20273608583278,"upper_bound":89.23121992570246},"point_estimate":89.21249225490169,"standard_error":0.0074967788993110475},"median_abs_dev":{"confidence_interval":{"confidence_level":0.95,"lower_bound":0.055934770104088934,"upper_bound":0.09750220335651155},"point_estimate":0.0734836375393549,"standard_error":0.01040147358323933},"slope":{"confidence_interval":{"confidence_level":0.95,"lower_bound":89.21657753882492,"upper_bound":89.30546872553258},"point_estimate":89.25653039939344,"standard_error":0.022781352413657693},"std_dev":{"confidence_interval":{"confidence_level":0.95,"lower_bound":0.27532630795419655,"upper_bound":0.870845348750636},"point_estimate":0.594888910873156,"standard_error":0.15782925987036586}}