{"mean":{"confidence_interval":{"confidence_level":0.95,"lower_bound":168.3559075790111,"upper_bound":172.02576156774424},"point_estimate":170.10348898833482,"standard_error":0.935779056267045},"median":{"confidence_interval":{"confidence_level":0.95,"lower_bound":167.34170607702507,"upper_bound":171.00738997605484},"point_estimate":169.71788753850518,"standard_error":0.802559218493219},"median_abs_dev":{"confidence_interval":{"confidence_level":0.95,"lower_bound":4.607246145852568,"upper_bound":7.719552583264932},"point_estimate":5.909943971223296,"standard_error":0.7484297944324257},"slope":{"confidence_interval":{"confidence_level":0.95,"lower_bound":165.99968039100986,"upper_bound":169.7035766461682},"point_estimate":167.83315775776202,"standard_error":0.9460218268639411},"std_dev":{"confidence_interval":{"confidence_level":0.95,"lower_bound":6.621822688621547,"upper_bound":12.091549310181879},"point_estimate":9.428068061881435,"standard_error":1.4173972869775542}}