{"mean":{"confidence_interval":{"confidence_level":0.95,"lower_bound":31.708374313879116,"upper_bound":32.93035464918025},"point_estimate":32.25857993564939,"standard_error":0.314382983809982},"median":{"confidence_interval":{"confidence_level":0.95,"lower_bound":31.49879859458234,"upper_bound":32.106749551524814},"point_estimate":31.911624919717404,"standard_error":0.1770712784271761},"median_abs_dev":{"confidence_interval":{"confidence_level":0.95,"lower_bound":0.6994897631647492,"upper_bound":1.8177786774394238},"point_estimate":0.9908842454140667,"standard_error":0.2834600179293847},"slope":{"confidence_interval":{"confidence_level":0.95,"lower_bound":31.126557088326084,"upper_bound":31.77739184382611},"point_estimate":31.440099582212557,"standard_error":0.16625052641421048},"std_dev":{"confidence_interval":{"confidence_level":0.95,"lower_bound":1.462990011352308,"upper_bound":4.429534490059849},"point_estimate":3.1612827350140296,"standard_error":0.7484264256141109}}