{"mean":{"confidence_interval":{"confidence_level":0.95,"lower_bound":24.034225463814927,"upper_bound":25.06481590278192},"point_estimate":24.464896850929353,"standard_error":0.2669132922656903},"median":{"confidence_interval":{"confidence_level":0.95,"lower_bound":23.786487880350695,"upper_bound":24.018186772018254},"point_estimate":23.88834450747808,"standard_error":0.06199103794375481},"median_abs_dev":{"confidence_interval":{"confidence_level":0.95,"lower_bound":0.205330775889073,"upper_bound":0.37428723457326224},"point_estimate":0.29680035574157126,"standard_error":0.04291264849110083},"slope":{"confidence_interval":{"confidence_level":0.95,"lower_bound":23.90741468061465,"upper_bound":24.047888611948057},"point_estimate":23.973338771346825,"standard_error":0.03578349453074575},"std_dev":{"confidence_interval":{"confidence_level":0.95,"lower_bound":0.580895715943716,"upper_bound":4.267245940047887},"point_estimate":2.6867563541042463,"standard_error":0.9557762415195669}}