{"mean":{"confidence_interval":{"confidence_level":0.95,"lower_bound":31.790439712270402,"upper_bound":33.42779240451445},"point_estimate":32.50773246692134,"standard_error":0.4207685937839306},"median":{"confidence_interval":{"confidence_level":0.95,"lower_bound":31.29251012145749,"upper_bound":31.6319028340081},"point_estimate":31.34572006940428,"standard_error":0.1196896980974015},"median_abs_dev":{"confidence_interval":{"confidence_level":0.95,"lower_bound":0.12505925721733063,"upper_bound":0.5355690882901649},"point_estimate":0.39723367829068973,"standard_error":0.11941480961492701},"slope":{"confidence_interval":{"confidence_level":0.95,"lower_bound":31.589982356638078,"upper_bound":32.576057523656814},"point_estimate":31.966733546760924,"standard_error":0.26708645370634315},"std_dev":{"confidence_interval":{"confidence_level":0.95,"lower_bound":1.4679429189581696,"upper_bound":6.06277434848371},"point_estimate":4.230892294456328,"standard_error":1.0956595198601708}}