{"mean":{"confidence_interval":{"confidence_level":0.95,"lower_bound":33.19191488368599,"upper_bound":34.637220779734896},"point_estimate":33.8320817918828,"standard_error":0.37397433452228157},"median":{"confidence_interval":{"confidence_level":0.95,"lower_bound":32.72849099099099,"upper_bound":32.95885193497926},"point_estimate":32.88449036188398,"standard_error":0.0633338671367965},"median_abs_dev":{"confidence_interval":{"confidence_level":0.95,"lower_bound":0.3200483112781561,"upper_bound":0.598205900140203},"point_estimate":0.45993760714051973,"standard_error":0.07218836375996596},"slope":{"confidence_interval":{"confidence_level":0.95,"lower_bound":32.74625626395624,"upper_bound":32.92863896287755},"point_estimate":32.83281281331348,"standard_error":0.0464782315501314},"std_dev":{"confidence_interval":{"confidence_level":0.95,"lower_bound":1.645750072791774,"upper_bound":5.278233044668129},"point_estimate":3.742146173119436,"standard_error":0.9264218978358023}}