{"mean":{"confidence_interval":{"confidence_level":0.95,"lower_bound":2.823068323673659,"upper_bound":2.9733759148337455},"point_estimate":2.90024422063495,"standard_error":0.038669760244082266},"median":{"confidence_interval":{"confidence_level":0.95,"lower_bound":3.095358631332032,"upper_bound":3.100125709990662},"point_estimate":3.098234194637018,"standard_error":0.0013248413865686373},"median_abs_dev":{"confidence_interval":{"confidence_level":0.95,"lower_bound":0.006423093795402603,"upper_bound":0.01246041708417326},"point_estimate":0.00828928510380175,"standard_error":0.0016488377411028271},"slope":{"confidence_interval":{"confidence_level":0.95,"lower_bound":3.080312332177504,"upper_bound":3.0954313220892407},"point_estimate":3.0890225582505653,"standard_error":0.0038588799430697824},"std_dev":{"confidence_interval":{"confidence_level":0.95,"lower_bound":0.3254967724135282,"upper_bound":0.4301687964798038},"point_estimate":0.38746181681810027,"standard_error":0.026759255377455146}}