{"mean":{"confidence_interval":{"confidence_level":0.95,"lower_bound":1.2383782742906233,"upper_bound":1.2593445044367362},"point_estimate":1.2479156218780014,"standard_error":0.005376725932044282},"median":{"confidence_interval":{"confidence_level":0.95,"lower_bound":1.2455213261028422,"upper_bound":1.2552966043732656},"point_estimate":1.252034296757817,"standard_error":0.002455785342215115},"median_abs_dev":{"confidence_interval":{"confidence_level":0.95,"lower_bound":0.012809217345303759,"upper_bound":0.028234513993880966},"point_estimate":0.018280565432332606,"standard_error":0.004118290638665444},"slope":{"confidence_interval":{"confidence_level":0.95,"lower_bound":1.2360339166373722,"upper_bound":1.252935825159905},"point_estimate":1.2446476901653991,"standard_error":0.004285477462361112},"std_dev":{"confidence_interval":{"confidence_level":0.95,"lower_bound":0.028818453493236196,"upper_bound":0.07702564772668313},"point_estimate":0.053999791336425344,"standard_error":0.01278821518644881}}