{"mean":{"confidence_interval":{"confidence_level":0.95,"lower_bound":2.612361298299707,"upper_bound":2.7293392845395097},"point_estimate":2.6740605727335343,"standard_error":0.029990119106295125},"median":{"confidence_interval":{"confidence_level":0.95,"lower_bound":2.788206655684287,"upper_bound":2.7974336267819626},"point_estimate":2.791512122429844,"standard_error":0.0022539062791578387},"median_abs_dev":{"confidence_interval":{"confidence_level":0.95,"lower_bound":0.011039826740762575,"upper_bound":0.01755655443508765},"point_estimate":0.015484403909056614,"standard_error":0.001700398313991259},"slope":{"confidence_interval":{"confidence_level":0.95,"lower_bound":2.7474538297149813,"upper_bound":2.792913932193586},"point_estimate":2.7744714051789527,"standard_error":0.011819728259424478},"std_dev":{"confidence_interval":{"confidence_level":0.95,"lower_bound":0.22392215689821485,"upper_bound":0.3589869804297038},"point_estimate":0.3006820181340085,"standard_error":0.034498768240981}}