{"mean":{"confidence_interval":{"confidence_level":0.95,"lower_bound":1.4260923052983783,"upper_bound":1.450353286431657},"point_estimate":1.4357789276999913,"standard_error":0.00636761558308316},"median":{"confidence_interval":{"confidence_level":0.95,"lower_bound":1.4219698280558066,"upper_bound":1.428425043360372},"point_estimate":1.4247613834016777,"standard_error":0.001536681539087841},"median_abs_dev":{"confidence_interval":{"confidence_level":0.95,"lower_bound":0.01313870545595664,"upper_bound":0.025341652444798968},"point_estimate":0.019122930902947012,"standard_error":0.003136591898472929},"slope":{"confidence_interval":{"confidence_level":0.95,"lower_bound":1.4235387463007307,"upper_bound":1.4330914040906813},"point_estimate":1.4281009947380157,"standard_error":0.0024343891769380735},"std_dev":{"confidence_interval":{"confidence_level":0.95,"lower_bound":0.01811255387254153,"upper_bound":0.1039086616743867},"point_estimate":0.06381928709160299,"standard_error":0.026413052678681964}}