{"mean":{"confidence_interval":{"confidence_level":0.95,"lower_bound":2.4860767031939917,"upper_bound":2.521206708859374},"point_estimate":2.499265739189043,"standard_error":0.0095426604107621},"median":{"confidence_interval":{"confidence_level":0.95,"lower_bound":2.4809705050191853,"upper_bound":2.487342470327626},"point_estimate":2.4848218977925756,"standard_error":0.001726376852343756},"median_abs_dev":{"confidence_interval":{"confidence_level":0.95,"lower_bound":0.010161664315881034,"upper_bound":0.016922958123159335},"point_estimate":0.013075112875767333,"standard_error":0.0016395715249097867},"slope":{"confidence_interval":{"confidence_level":0.95,"lower_bound":2.4852070642042845,"upper_bound":2.491135043919812},"point_estimate":2.488056539094763,"standard_error":0.001512094502237726},"std_dev":{"confidence_interval":{"confidence_level":0.95,"lower_bound":0.014292322477485965,"upper_bound":0.16094095199355266},"point_estimate":0.09611484769082923,"standard_error":0.04664765876728104}}