{"mean":{"confidence_interval":{"confidence_level":0.95,"lower_bound":2.3734023201767918,"upper_bound":2.38761938452244},"point_estimate":2.379819561029834,"standard_error":0.0036554449194311266},"median":{"confidence_interval":{"confidence_level":0.95,"lower_bound":2.367592035093755,"upper_bound":2.373721093116414},"point_estimate":2.3707683360136294,"standard_error":0.0013374105206787107},"median_abs_dev":{"confidence_interval":{"confidence_level":0.95,"lower_bound":0.010381564561873904,"upper_bound":0.01820929588063084},"point_estimate":0.014634816068351243,"standard_error":0.002017717747912318},"slope":{"confidence_interval":{"confidence_level":0.95,"lower_bound":2.36702729474368,"upper_bound":2.373915468972949},"point_estimate":2.3702454736077527,"standard_error":0.0017613960449187204},"std_dev":{"confidence_interval":{"confidence_level":0.95,"lower_bound":0.017939656054902487,"upper_bound":0.05205714132358581},"point_estimate":0.03676746715480465,"standard_error":0.008697807541216079}}