{"mean":{"confidence_interval":{"confidence_level":0.95,"lower_bound":2.5016238483686215,"upper_bound":2.5595886379741764},"point_estimate":2.5225413682180036,"standard_error":0.016671160815483067},"median":{"confidence_interval":{"confidence_level":0.95,"lower_bound":2.499436495854041,"upper_bound":2.5030281898614555},"point_estimate":2.5008046828909416,"standard_error":0.0009008395048492869},"median_abs_dev":{"confidence_interval":{"confidence_level":0.95,"lower_bound":0.005518768340608496,"upper_bound":0.010729922278378172},"point_estimate":0.007858135470296299,"standard_error":0.0013687929256426552},"slope":{"confidence_interval":{"confidence_level":0.95,"lower_bound":2.500331076889706,"upper_bound":2.505826375981836},"point_estimate":2.5028863149815934,"standard_error":0.0014018360922924257},"std_dev":{"confidence_interval":{"confidence_level":0.95,"lower_bound":0.015047896949365721,"upper_bound":0.28529531804339586},"point_estimate":0.1680046704376981,"standard_error":0.09076060454367164}}