{"mean":{"confidence_interval":{"confidence_level":0.95,"lower_bound":1.2472785106176496,"upper_bound":1.259930670550932},"point_estimate":1.252383370550516,"standard_error":0.0033094785693578055},"median":{"confidence_interval":{"confidence_level":0.95,"lower_bound":1.2446425564819377,"upper_bound":1.2490773234127612},"point_estimate":1.246397045471059,"standard_error":0.0011303311897502572},"median_abs_dev":{"confidence_interval":{"confidence_level":0.95,"lower_bound":0.006798476421430296,"upper_bound":0.012333564996033424},"point_estimate":0.008743163141773943,"standard_error":0.0014922237964340387},"slope":{"confidence_interval":{"confidence_level":0.95,"lower_bound":1.246455575449872,"upper_bound":1.2509628648198028},"point_estimate":1.2486211029257215,"standard_error":0.0011479900566912804},"std_dev":{"confidence_interval":{"confidence_level":0.95,"lower_bound":0.00996348410772303,"upper_bound":0.05389983465906336},"point_estimate":0.03328516818517251,"standard_error":0.01342581203024342}}