{"mean":{"confidence_interval":{"confidence_level":0.95,"lower_bound":30.860080725599907,"upper_bound":32.29784287572248},"point_estimate":31.491789634720586,"standard_error":0.37065535745599076},"median":{"confidence_interval":{"confidence_level":0.95,"lower_bound":30.418224622628443,"upper_bound":30.812720268830425},"point_estimate":30.499537049801035,"standard_error":0.13747023415204518},"median_abs_dev":{"confidence_interval":{"confidence_level":0.95,"lower_bound":0.26947787809514046,"upper_bound":0.6969114610670133},"point_estimate":0.4473825610429916,"standard_error":0.10132451172500209},"slope":{"confidence_interval":{"confidence_level":0.95,"lower_bound":30.664463175598172,"upper_bound":30.966517265661814},"point_estimate":30.793937280079383,"standard_error":0.07835106029017702},"std_dev":{"confidence_interval":{"confidence_level":0.95,"lower_bound":1.275074174475861,"upper_bound":5.361636547207767},"point_estimate":3.7318691386488108,"standard_error":0.9995808311534495}}