{"mean":{"confidence_interval":{"confidence_level":0.95,"lower_bound":25.40356378136155,"upper_bound":26.119771807119353},"point_estimate":25.716142214499065,"standard_error":0.18498102244587222},"median":{"confidence_interval":{"confidence_level":0.95,"lower_bound":25.06878808395396,"upper_bound":25.269115079306854},"point_estimate":25.15478938552051,"standard_error":0.04769230657486617},"median_abs_dev":{"confidence_interval":{"confidence_level":0.95,"lower_bound":0.22899314212486288,"upper_bound":0.5198381310459418},"point_estimate":0.3513165033654183,"standard_error":0.07544538206812867},"slope":{"confidence_interval":{"confidence_level":0.95,"lower_bound":25.217446419873212,"upper_bound":25.55090982647079},"point_estimate":25.36755021756685,"standard_error":0.08540183169741913},"std_dev":{"confidence_interval":{"confidence_level":0.95,"lower_bound":0.766343843610839,"upper_bound":2.8235465154849635},"point_estimate":1.8570767919070124,"standard_error":0.5593453297067632}}