{"mean":{"confidence_interval":{"confidence_level":0.95,"lower_bound":32.676340914144404,"upper_bound":34.204758214686876},"point_estimate":33.344293158447265,"standard_error":0.3894534201968337},"median":{"confidence_interval":{"confidence_level":0.95,"lower_bound":32.37406629318394,"upper_bound":32.693298059964725},"point_estimate":32.55361111111111,"standard_error":0.09563505236776605},"median_abs_dev":{"confidence_interval":{"confidence_level":0.95,"lower_bound":0.32038861438364735,"upper_bound":0.5932935950001768},"point_estimate":0.45512186873156424,"standard_error":0.07235321008259755},"slope":{"confidence_interval":{"confidence_level":0.95,"lower_bound":32.50376945828641,"upper_bound":32.66295151555702},"point_estimate":32.581670759826515,"standard_error":0.04058159539162549},"std_dev":{"confidence_interval":{"confidence_level":0.95,"lower_bound":0.6631234106702313,"upper_bound":5.763152949109895},"point_estimate":3.8961559679039985,"standard_error":1.1765063206348334}}