{"mean":{"confidence_interval":{"confidence_level":0.95,"lower_bound":30.61953237822441,"upper_bound":31.471773251382118},"point_estimate":30.95211871471505,"standard_error":0.2258812237565714},"median":{"confidence_interval":{"confidence_level":0.95,"lower_bound":30.450821995464853,"upper_bound":30.681153846153848},"point_estimate":30.491280399816986,"standard_error":0.051943281220956594},"median_abs_dev":{"confidence_interval":{"confidence_level":0.95,"lower_bound":0.15335518231685677,"upper_bound":0.3898392372650148},"point_estimate":0.2660443286101018,"standard_error":0.058856155905888656},"slope":{"confidence_interval":{"confidence_level":0.95,"lower_bound":30.642626501070204,"upper_bound":30.82641768313733},"point_estimate":30.726038407678722,"standard_error":0.04691764300016575},"std_dev":{"confidence_interval":{"confidence_level":0.95,"lower_bound":0.5119502794911106,"upper_bound":3.743490310371369},"point_estimate":2.272177603460078,"standard_error":1.0019853533997576}}