{"mean":{"confidence_interval":{"confidence_level":0.95,"lower_bound":32.236420058273055,"upper_bound":33.48163769797915},"point_estimate":32.77293301616347,"standard_error":0.32024028499944507},"median":{"confidence_interval":{"confidence_level":0.95,"lower_bound":31.93702064896755,"upper_bound":32.19367010816126},"point_estimate":32.12782996296112,"standard_error":0.0747871341716358},"median_abs_dev":{"confidence_interval":{"confidence_level":0.95,"lower_bound":0.2900580871272647,"upper_bound":0.5470665681235063},"point_estimate":0.44173692228955397,"standard_error":0.07330731191078427},"slope":{"confidence_interval":{"confidence_level":0.95,"lower_bound":32.078806330963076,"upper_bound":32.24457037078779},"point_estimate":32.15821232922394,"standard_error":0.042119473521809385},"std_dev":{"confidence_interval":{"confidence_level":0.95,"lower_bound":0.7834216956374576,"upper_bound":4.842462218210747},"point_estimate":3.2195433241396683,"standard_error":1.0144135315236698}}