{"mean":{"confidence_interval":{"confidence_level":0.95,"lower_bound":9.063192960492161,"upper_bound":9.442370180704925},"point_estimate":9.196340926299388,"standard_error":0.11354619042341942},"median":{"confidence_interval":{"confidence_level":0.95,"lower_bound":9.053013603812262,"upper_bound":9.065519211675003},"point_estimate":9.062229142553942,"standard_error":0.003411424392676752},"median_abs_dev":{"confidence_interval":{"confidence_level":0.95,"lower_bound":0.017354639209132543,"upper_bound":0.030431366131063505},"point_estimate":0.022392252514429944,"standard_error":0.003427970407528959},"slope":{"confidence_interval":{"confidence_level":0.95,"lower_bound":9.067303188802711,"upper_bound":9.125404533256722},"point_estimate":9.090131191127401,"standard_error":0.015505010663165387},"std_dev":{"confidence_interval":{"confidence_level":0.95,"lower_bound":0.047018217476750626,"upper_bound":1.9407881119728103},"point_estimate":1.13742428922749,"standard_error":0.650877688458791}}