{"mean":{"confidence_interval":{"confidence_level":0.95,"lower_bound":8.811553346571388,"upper_bound":9.243842527345002},"point_estimate":9.011192823378531,"standard_error":0.1105536565974411},"median":{"confidence_interval":{"confidence_level":0.95,"lower_bound":8.619371081132433,"upper_bound":8.766222022805263},"point_estimate":8.70638459167362,"standard_error":0.04032563093869766},"median_abs_dev":{"confidence_interval":{"confidence_level":0.95,"lower_bound":0.24645630914162175,"upper_bound":0.4484519527159606},"point_estimate":0.34371534029090667,"standard_error":0.05265571653998768},"slope":{"confidence_interval":{"confidence_level":0.95,"lower_bound":8.766160474263806,"upper_bound":9.113218151198947},"point_estimate":8.91757718107633,"standard_error":0.08894482913994438},"std_dev":{"confidence_interval":{"confidence_level":0.95,"lower_bound":0.6959399036826349,"upper_bound":1.455225922011388},"point_estimate":1.115854579726837,"standard_error":0.19312170319437574}}