{"mean":{"confidence_interval":{"confidence_level":0.95,"lower_bound":7.920093529676081,"upper_bound":8.184320004949003},"point_estimate":8.030436735133936,"standard_error":0.06852682500611865},"median":{"confidence_interval":{"confidence_level":0.95,"lower_bound":7.894254654445382,"upper_bound":8.02360399701869},"point_estimate":7.946217862727348,"standard_error":0.03889172779224855},"median_abs_dev":{"confidence_interval":{"confidence_level":0.95,"lower_bound":0.24641961126458348,"upper_bound":0.4512105972899229},"point_estimate":0.3308919451475968,"standard_error":0.04978521032047778},"slope":{"confidence_interval":{"confidence_level":0.95,"lower_bound":8.041809963874828,"upper_bound":8.20541160312273},"point_estimate":8.121984217526231,"standard_error":0.04175876596221412},"std_dev":{"confidence_interval":{"confidence_level":0.95,"lower_bound":0.30932647861394,"upper_bound":1.0829528624925027},"point_estimate":0.6865815069851362,"standard_error":0.25317186129370317}}