{"mean":{"confidence_interval":{"confidence_level":0.95,"lower_bound":6.455337585601681,"upper_bound":6.642044885213027},"point_estimate":6.531099178554857,"standard_error":0.04873708582756826},"median":{"confidence_interval":{"confidence_level":0.95,"lower_bound":6.424714748342968,"upper_bound":6.486306295418628},"point_estimate":6.452739758093068,"standard_error":0.016583238940457698},"median_abs_dev":{"confidence_interval":{"confidence_level":0.95,"lower_bound":0.08890877677237383,"upper_bound":0.14409305082317397},"point_estimate":0.11008237598143752,"standard_error":0.01404229157121023},"slope":{"confidence_interval":{"confidence_level":0.95,"lower_bound":6.479375586799822,"upper_bound":6.545521865084498},"point_estimate":6.5106283873094375,"standard_error":0.016960220460667506},"std_dev":{"confidence_interval":{"confidence_level":0.95,"lower_bound":0.12468684116105623,"upper_bound":0.7868907053687758},"point_estimate":0.4879362515759439,"standard_error":0.19150736195147755}}