{"mean":{"confidence_interval":{"confidence_level":0.95,"lower_bound":8.068004230540149,"upper_bound":8.329839376669998},"point_estimate":8.171778512085531,"standard_error":0.0690119065697251},"median":{"confidence_interval":{"confidence_level":0.95,"lower_bound":8.006962545945514,"upper_bound":8.12739193807769},"point_estimate":8.097500387177691,"standard_error":0.03665996246188107},"median_abs_dev":{"confidence_interval":{"confidence_level":0.95,"lower_bound":0.19253486847702037,"upper_bound":0.33288425144560363},"point_estimate":0.26787343559101523,"standard_error":0.03589886395459712},"slope":{"confidence_interval":{"confidence_level":0.95,"lower_bound":8.14546391249002,"upper_bound":8.289096688253371},"point_estimate":8.213341810900864,"standard_error":0.036655331038549094},"std_dev":{"confidence_interval":{"confidence_level":0.95,"lower_bound":0.22638965520123172,"upper_bound":1.1335041978616904},"point_estimate":0.693916373134727,"standard_error":0.3005782537840093}}