{"mean":{"confidence_interval":{"confidence_level":0.95,"lower_bound":9.031043673727815,"upper_bound":9.276844317290326},"point_estimate":9.119410973646048,"standard_error":0.07272053211180506},"median":{"confidence_interval":{"confidence_level":0.95,"lower_bound":9.038221916822094,"upper_bound":9.04359357403475},"point_estimate":9.041851439977188,"standard_error":0.0014255437189534907},"median_abs_dev":{"confidence_interval":{"confidence_level":0.95,"lower_bound":0.01204415256132092,"upper_bound":0.026801019567433186},"point_estimate":0.020299319832562633,"standard_error":0.0038540921929045174},"slope":{"confidence_interval":{"confidence_level":0.95,"lower_bound":9.024547275515046,"upper_bound":9.08553699212357},"point_estimate":9.055225270163087,"standard_error":0.01550335917684819},"std_dev":{"confidence_interval":{"confidence_level":0.95,"lower_bound":0.08321195714804772,"upper_bound":1.2487127294645544},"point_estimate":0.7317507955367478,"standard_error":0.4109012183705923}}