{"mean":{"confidence_interval":{"confidence_level":0.95,"lower_bound":32.21346277778564,"upper_bound":33.623501991296145},"point_estimate":32.834185557835575,"standard_error":0.362671116667852},"median":{"confidence_interval":{"confidence_level":0.95,"lower_bound":31.841884796238247,"upper_bound":32.13944805194805},"point_estimate":31.89459595959596,"standard_error":0.08508997325150064},"median_abs_dev":{"confidence_interval":{"confidence_level":0.95,"lower_bound":0.3665045987890011,"upper_bound":0.6183992083496376},"point_estimate":0.5221346094985853,"standard_error":0.06155929520040314},"slope":{"confidence_interval":{"confidence_level":0.95,"lower_bound":32.05052922141074,"upper_bound":32.50532715788043},"point_estimate":32.24870487795048,"standard_error":0.11694892264309059},"std_dev":{"confidence_interval":{"confidence_level":0.95,"lower_bound":1.1358768636875174,"upper_bound":5.26426900744},"point_estimate":3.642982181497824,"standard_error":0.9904033991688334}}