{"mean":{"confidence_interval":{"confidence_level":0.95,"lower_bound":28.46779886301662,"upper_bound":29.749767260459063},"point_estimate":29.02656483077559,"standard_error":0.3288748100185311},"median":{"confidence_interval":{"confidence_level":0.95,"lower_bound":28.247429653679653,"upper_bound":28.438035243741766},"point_estimate":28.334762198790415,"standard_error":0.053961764562233686},"median_abs_dev":{"confidence_interval":{"confidence_level":0.95,"lower_bound":0.2699428254328854,"upper_bound":0.4109512312257368},"point_estimate":0.3446920238629141,"standard_error":0.03599927595510453},"slope":{"confidence_interval":{"confidence_level":0.95,"lower_bound":28.302881094883265,"upper_bound":28.514127197879446},"point_estimate":28.395838427126296,"standard_error":0.054689269734717424},"std_dev":{"confidence_interval":{"confidence_level":0.95,"lower_bound":0.7375507222976665,"upper_bound":4.853104740375931},"point_estimate":3.3017580428770423,"standard_error":0.9753322674488658}}