{"mean":{"confidence_interval":{"confidence_level":0.95,"lower_bound":30.03401888834482,"upper_bound":31.862681397265465},"point_estimate":30.796053571851363,"standard_error":0.47439445595278396},"median":{"confidence_interval":{"confidence_level":0.95,"lower_bound":29.66766169154229,"upper_bound":29.94090117767537},"point_estimate":29.743660130718954,"standard_error":0.07878211455863139},"median_abs_dev":{"confidence_interval":{"confidence_level":0.95,"lower_bound":0.3263288830953902,"upper_bound":0.6578105558299485},"point_estimate":0.48671362833616566,"standard_error":0.09327420869892938},"slope":{"confidence_interval":{"confidence_level":0.95,"lower_bound":30.017037086101062,"upper_bound":30.25330203930761},"point_estimate":30.135831285815147,"standard_error":0.06012036591630258},"std_dev":{"confidence_interval":{"confidence_level":0.95,"lower_bound":1.1270730539509668,"upper_bound":7.542688417642129},"point_estimate":4.749127824740296,"standard_error":1.7130934806213112}}