{"mean":{"confidence_interval":{"confidence_level":0.95,"lower_bound":29.12873904979688,"upper_bound":30.64162140946907},"point_estimate":29.787757154415758,"standard_error":0.3891342575033828},"median":{"confidence_interval":{"confidence_level":0.95,"lower_bound":28.906012987012986,"upper_bound":29.016901408450703},"point_estimate":28.965850815850814,"standard_error":0.03258578643669229},"median_abs_dev":{"confidence_interval":{"confidence_level":0.95,"lower_bound":0.2373075980752791,"upper_bound":0.4640344254337307},"point_estimate":0.3718854933977142,"standard_error":0.06133763661001544},"slope":{"confidence_interval":{"confidence_level":0.95,"lower_bound":28.933258534735643,"upper_bound":29.790768187656337},"point_estimate":29.241378052312694,"standard_error":0.23868215659984668},"std_dev":{"confidence_interval":{"confidence_level":0.95,"lower_bound":1.124967918929665,"upper_bound":5.703611185517085},"point_estimate":3.9062573370874913,"standard_error":1.1154823480701777}}