{"mean":{"confidence_interval":{"confidence_level":0.95,"lower_bound":31.560104468435544,"upper_bound":32.92358380121444},"point_estimate":32.15892542531879,"standard_error":0.3469692306575134},"median":{"confidence_interval":{"confidence_level":0.95,"lower_bound":31.241934393913397,"upper_bound":31.666434570823196},"point_estimate":31.29754679340492,"standard_error":0.10792161267617818},"median_abs_dev":{"confidence_interval":{"confidence_level":0.95,"lower_bound":0.25374936825173994,"upper_bound":0.6350388288853137},"point_estimate":0.4590618841846398,"standard_error":0.09005976175056145},"slope":{"confidence_interval":{"confidence_level":0.95,"lower_bound":31.520680234567905,"upper_bound":31.689228120150084},"point_estimate":31.603097623678618,"standard_error":0.042886411772720456},"std_dev":{"confidence_interval":{"confidence_level":0.95,"lower_bound":0.6757690440688434,"upper_bound":5.103806622861934},"point_estimate":3.4912066583545034,"standard_error":1.025552563546191}}