{"mean":{"confidence_interval":{"confidence_level":0.95,"lower_bound":20.260886533253764,"upper_bound":20.743866918663766},"point_estimate":20.476185316307077,"standard_error":0.12395453962747954},"median":{"confidence_interval":{"confidence_level":0.95,"lower_bound":20.099342453273774,"upper_bound":20.124327330128438},"point_estimate":20.10325632010715,"standard_error":0.00825983004463532},"median_abs_dev":{"confidence_interval":{"confidence_level":0.95,"lower_bound":0.02029057603959364,"upper_bound":0.06268677565754882},"point_estimate":0.029601813104551535,"standard_error":0.012587760380378385},"slope":{"confidence_interval":{"confidence_level":0.95,"lower_bound":20.15658346841541,"upper_bound":20.2062512150591},"point_estimate":20.18122476072131,"standard_error":0.012706226308290911},"std_dev":{"confidence_interval":{"confidence_level":0.95,"lower_bound":0.5868367709806422,"upper_bound":1.7246885196242185},"point_estimate":1.245033912358621,"standard_error":0.2881948009018265}}