{"mean":{"confidence_interval":{"confidence_level":0.95,"lower_bound":28.648510123687426,"upper_bound":29.7138105932782},"point_estimate":29.09588807285787,"standard_error":0.2764806134136954},"median":{"confidence_interval":{"confidence_level":0.95,"lower_bound":28.513398003033366,"upper_bound":28.750047785919083},"point_estimate":28.699282137039475,"standard_error":0.054441341317614994},"median_abs_dev":{"confidence_interval":{"confidence_level":0.95,"lower_bound":0.3353449724962788,"upper_bound":0.5378949793762569},"point_estimate":0.4395831045554147,"standard_error":0.05245868057271676},"slope":{"confidence_interval":{"confidence_level":0.95,"lower_bound":28.734889663808303,"upper_bound":28.94659619340756},"point_estimate":28.833750416693874,"standard_error":0.054294797121537286},"std_dev":{"confidence_interval":{"confidence_level":0.95,"lower_bound":0.4880832136251886,"upper_bound":4.3315899047168624},"point_estimate":2.779599108349031,"standard_error":0.9900417168866708}}