{"mean":{"confidence_interval":{"confidence_level":0.95,"lower_bound":5.956389389843736,"upper_bound":6.145718928359303},"point_estimate":6.035305383214302,"standard_error":0.049257367027442045},"median":{"confidence_interval":{"confidence_level":0.95,"lower_bound":5.917391719176303,"upper_bound":5.9242477249520356},"point_estimate":5.919940155255294,"standard_error":0.001768353729321524},"median_abs_dev":{"confidence_interval":{"confidence_level":0.95,"lower_bound":0.008272488266881567,"upper_bound":0.025859458214293547},"point_estimate":0.015558920731958713,"standard_error":0.004723063880814678},"slope":{"confidence_interval":{"confidence_level":0.95,"lower_bound":5.92963895970911,"upper_bound":5.9750266315010006},"point_estimate":5.947816536966389,"standard_error":0.0119560611967377},"std_dev":{"confidence_interval":{"confidence_level":0.95,"lower_bound":0.137751512462085,"upper_bound":0.7868950188325085},"point_estimate":0.49537927754944866,"standard_error":0.1816678782787246}}