{"mean":{"confidence_interval":{"confidence_level":0.95,"lower_bound":6.234388155554343,"upper_bound":6.317896872922623},"point_estimate":6.265623463213084,"standard_error":0.022683180084212416},"median":{"confidence_interval":{"confidence_level":0.95,"lower_bound":6.229235924932976,"upper_bound":6.233649044906166},"point_estimate":6.231262777825823,"standard_error":0.001166103705523379},"median_abs_dev":{"confidence_interval":{"confidence_level":0.95,"lower_bound":0.006490837957466416,"upper_bound":0.013288341438199243},"point_estimate":0.008700349697074389,"standard_error":0.0017583866585768508},"slope":{"confidence_interval":{"confidence_level":0.95,"lower_bound":6.231677652702293,"upper_bound":6.23877845539187},"point_estimate":6.234984776499738,"standard_error":0.0018103634769834006},"std_dev":{"confidence_interval":{"confidence_level":0.95,"lower_bound":0.02525076784943596,"upper_bound":0.3815131734648094},"point_estimate":0.2277654219292389,"standard_error":0.1111849424640279}}