{"mean":{"confidence_interval":{"confidence_level":0.95,"lower_bound":6.254242447834193,"upper_bound":6.340834845604308},"point_estimate":6.286828247269529,"standard_error":0.02352274668053773},"median":{"confidence_interval":{"confidence_level":0.95,"lower_bound":6.2417235770634765,"upper_bound":6.2528032718662},"point_estimate":6.24638213528633,"standard_error":0.0034575260010063728},"median_abs_dev":{"confidence_interval":{"confidence_level":0.95,"lower_bound":0.015688858714107853,"upper_bound":0.0253696835718964},"point_estimate":0.020252321354732872,"standard_error":0.0025006509404425707},"slope":{"confidence_interval":{"confidence_level":0.95,"lower_bound":6.247719888746868,"upper_bound":6.270265792353026},"point_estimate":6.257943342800366,"standard_error":0.0057814236359643514},"std_dev":{"confidence_interval":{"confidence_level":0.95,"lower_bound":0.04725474555125912,"upper_bound":0.3940964808768434},"point_estimate":0.23587474028355615,"standard_error":0.11458738938167777}}