{"mean":{"confidence_interval":{"confidence_level":0.95,"lower_bound":30.813490155664365,"upper_bound":32.31470646697978},"point_estimate":31.445296954825555,"standard_error":0.39004942902431206},"median":{"confidence_interval":{"confidence_level":0.95,"lower_bound":30.51030105391628,"upper_bound":30.68419348508634},"point_estimate":30.61007794289044,"standard_error":0.04024946430102648},"median_abs_dev":{"confidence_interval":{"confidence_level":0.95,"lower_bound":0.3015451533003512,"upper_bound":0.4871533575214864},"point_estimate":0.3984703969011644,"standard_error":0.04371820703331793},"slope":{"confidence_interval":{"confidence_level":0.95,"lower_bound":30.56127032747474,"upper_bound":30.68307365119938},"point_estimate":30.623170853178888,"standard_error":0.03104615419138148},"std_dev":{"confidence_interval":{"confidence_level":0.95,"lower_bound":1.0064926788872237,"upper_bound":6.1070662350404},"point_estimate":3.8896155810653346,"standard_error":1.323102312033399}}