{"mean":{"confidence_interval":{"confidence_level":0.95,"lower_bound":30.24061574251764,"upper_bound":31.553373307348316},"point_estimate":30.811052567305307,"standard_error":0.33867862456693965},"median":{"confidence_interval":{"confidence_level":0.95,"lower_bound":29.888519748984866,"upper_bound":30.218186287711738},"point_estimate":29.923847428122194,"standard_error":0.10036435415617304},"median_abs_dev":{"confidence_interval":{"confidence_level":0.95,"lower_bound":0.11416134995458223,"upper_bound":0.4974562056698544},"point_estimate":0.24639687905840235,"standard_error":0.10685930263447693},"slope":{"confidence_interval":{"confidence_level":0.95,"lower_bound":30.065510603169464,"upper_bound":30.203385770297288},"point_estimate":30.13266935009066,"standard_error":0.0351883341373093},"std_dev":{"confidence_interval":{"confidence_level":0.95,"lower_bound":0.8614550879115352,"upper_bound":5.0791856366149215},"point_estimate":3.404080362641821,"standard_error":1.0319374152336318}}