{"mean":{"confidence_interval":{"confidence_level":0.95,"lower_bound":45.32867270946836,"upper_bound":47.38113387890971},"point_estimate":46.20716395083374,"standard_error":0.5297636086102031},"median":{"confidence_interval":{"confidence_level":0.95,"lower_bound":44.78442028985507,"upper_bound":44.96533816425121},"point_estimate":44.87309516197784,"standard_error":0.051814282439633874},"median_abs_dev":{"confidence_interval":{"confidence_level":0.95,"lower_bound":0.2692832882949448,"upper_bound":0.5866727009479465},"point_estimate":0.4165674770175392,"standard_error":0.08720447539872181},"slope":{"confidence_interval":{"confidence_level":0.95,"lower_bound":44.858937129500845,"upper_bound":45.27991008532397},"point_estimate":45.04664392201712,"standard_error":0.10747912510647323},"std_dev":{"confidence_interval":{"confidence_level":0.95,"lower_bound":1.5011978844821052,"upper_bound":8.112509489631176},"point_estimate":5.316388553011274,"standard_error":1.7187636963441546}}