{"mean":{"confidence_interval":{"confidence_level":0.95,"lower_bound":46.49263857136911,"upper_bound":49.6478528174108},"point_estimate":47.90668545958112,"standard_error":0.8097835192996283},"median":{"confidence_interval":{"confidence_level":0.95,"lower_bound":45.333127889060094,"upper_bound":45.602636534839924},"point_estimate":45.45706380370131,"standard_error":0.07820091590671108},"median_abs_dev":{"confidence_interval":{"confidence_level":0.95,"lower_bound":0.2055581400780885,"upper_bound":0.5931954581384251},"point_estimate":0.3494807026639137,"standard_error":0.10197268421923587},"slope":{"confidence_interval":{"confidence_level":0.95,"lower_bound":45.55020573950223,"upper_bound":48.34123332195159},"point_estimate":46.510183968561286,"standard_error":0.7963914257281174},"std_dev":{"confidence_interval":{"confidence_level":0.95,"lower_bound":4.066979676924415,"upper_bound":11.181724761299824},"point_estimate":8.12830930783466,"standard_error":1.814862633370489}}