{"mean":{"confidence_interval":{"confidence_level":0.95,"lower_bound":47.00267023987307,"upper_bound":50.97721734327196},"point_estimate":48.82117853059186,"standard_error":1.0196145473050988},"median":{"confidence_interval":{"confidence_level":0.95,"lower_bound":45.532380952380954,"upper_bound":45.673202614379086},"point_estimate":45.56970152243589,"standard_error":0.04283676171437019},"median_abs_dev":{"confidence_interval":{"confidence_level":0.95,"lower_bound":0.2207484108318888,"upper_bound":0.5409653624058886},"point_estimate":0.3244043688180923,"standard_error":0.08297227276813136},"slope":{"confidence_interval":{"confidence_level":0.95,"lower_bound":45.6598690099734,"upper_bound":46.17862833884207},"point_estimate":45.89265336682922,"standard_error":0.13249633197368876},"std_dev":{"confidence_interval":{"confidence_level":0.95,"lower_bound":5.865324259539049,"upper_bound":13.618440102741912},"point_estimate":10.244073085596668,"standard_error":1.9729623412694812}}