{"mean":{"confidence_interval":{"confidence_level":0.95,"lower_bound":44.229682017100885,"upper_bound":47.40888176861587},"point_estimate":45.6884758179352,"standard_error":0.8177604420723427},"median":{"confidence_interval":{"confidence_level":0.95,"lower_bound":42.890425919184565,"upper_bound":43.152988285765666},"point_estimate":42.95366149547827,"standard_error":0.06379253928961853},"median_abs_dev":{"confidence_interval":{"confidence_level":0.95,"lower_bound":0.16734311119556664,"upper_bound":0.49923999526326324},"point_estimate":0.26197250984464393,"standard_error":0.08267773059761056},"slope":{"confidence_interval":{"confidence_level":0.95,"lower_bound":43.080446576924366,"upper_bound":43.651334120521966},"point_estimate":43.328085242473904,"standard_error":0.14694510036080102},"std_dev":{"confidence_interval":{"confidence_level":0.95,"lower_bound":4.713172749253563,"upper_bound":10.821006515131005},"point_estimate":8.203006702790944,"standard_error":1.5561977778212617}}