{"mean":{"confidence_interval":{"confidence_level":0.95,"lower_bound":42.9614981313773,"upper_bound":45.942258739516994},"point_estimate":44.330238708966455,"standard_error":0.767040717125642},"median":{"confidence_interval":{"confidence_level":0.95,"lower_bound":41.548590444458824,"upper_bound":41.89984195402299},"point_estimate":41.703450099381826,"standard_error":0.09329913341088156},"median_abs_dev":{"confidence_interval":{"confidence_level":0.95,"lower_bound":0.42196608592849205,"upper_bound":0.8855430877267438},"point_estimate":0.6294395928458218,"standard_error":0.12300502937335052},"slope":{"confidence_interval":{"confidence_level":0.95,"lower_bound":41.62484136257524,"upper_bound":42.07953107289883},"point_estimate":41.83462085271832,"standard_error":0.11608242240812802},"std_dev":{"confidence_interval":{"confidence_level":0.95,"lower_bound":4.717118148264099,"upper_bound":10.027130203160112},"point_estimate":7.693796297449839,"standard_error":1.3496326677365218}}