{"mean":{"confidence_interval":{"confidence_level":0.95,"lower_bound":-0.05996675159721589,"upper_bound":-0.014170058359049522},"point_estimate":-0.037067334496609816,"standard_error":0.011684555141483904},"median":{"confidence_interval":{"confidence_level":0.95,"lower_bound":-0.05495162263117248,"upper_bound":0.0028863512113906807},"point_estimate":-0.032698364513722766,"standard_error":0.01841145543016742}}