{"mean":{"confidence_interval":{"confidence_level":0.95,"lower_bound":0.413260739798086,"upper_bound":0.6593258845060489},"point_estimate":0.4994384140630741,"standard_error":0.07401175485300743},"median":{"confidence_interval":{"confidence_level":0.95,"lower_bound":0.3981520839307977,"upper_bound":0.4273050766916844},"point_estimate":0.4060475661458638,"standard_error":0.007504415616261048}}