{"mean":{"confidence_interval":{"confidence_level":0.95,"lower_bound":0.16114842469405485,"upper_bound":0.21797083995041733},"point_estimate":0.18480004404529526,"standard_error":0.015645573452815812},"median":{"confidence_interval":{"confidence_level":0.95,"lower_bound":0.14793668076439181,"upper_bound":0.19786631263143328},"point_estimate":0.16894335280164863,"standard_error":0.01568676235125202}}