{"mean":{"confidence_interval":{"confidence_level":0.95,"lower_bound":0.12650697235549035,"upper_bound":0.24443732412458682},"point_estimate":0.1865935541393453,"standard_error":0.03060025883188912},"median":{"confidence_interval":{"confidence_level":0.95,"lower_bound":0.07873722585264509,"upper_bound":0.16540215018886806},"point_estimate":0.1193576959842424,"standard_error":0.024328311144799417}}