{"mean":{"confidence_interval":{"confidence_level":0.95,"lower_bound":44.91030967356765,"upper_bound":48.84302400897277},"point_estimate":46.73299662881949,"standard_error":1.007200720584224},"median":{"confidence_interval":{"confidence_level":0.95,"lower_bound":43.16530797101449,"upper_bound":43.37040781934614},"point_estimate":43.282149169317776,"standard_error":0.04853345070921831},"median_abs_dev":{"confidence_interval":{"confidence_level":0.95,"lower_bound":0.4878853405519926,"upper_bound":0.8141131828627576},"point_estimate":0.649138887805061,"standard_error":0.08337550644034011},"slope":{"confidence_interval":{"confidence_level":0.95,"lower_bound":43.447950326193556,"upper_bound":45.90644349422839},"point_estimate":44.43803882010524,"standard_error":0.6404518514388968},"std_dev":{"confidence_interval":{"confidence_level":0.95,"lower_bound":6.486252912638317,"upper_bound":12.952028330478004},"point_estimate":10.12914641195922,"standard_error":1.6466039099672096}}