{"mean":{"confidence_interval":{"confidence_level":0.95,"lower_bound":46.76525403004378,"upper_bound":50.05399443384952},"point_estimate":48.25366696787924,"standard_error":0.8433599896511083},"median":{"confidence_interval":{"confidence_level":0.95,"lower_bound":45.55607830413152,"upper_bound":45.759216043528184},"point_estimate":45.627321520476436,"standard_error":0.055143167867401116},"median_abs_dev":{"confidence_interval":{"confidence_level":0.95,"lower_bound":0.26815580547382495,"upper_bound":0.5701487143891038},"point_estimate":0.37695716499745124,"standard_error":0.07993320833588136},"slope":{"confidence_interval":{"confidence_level":0.95,"lower_bound":45.83752766573131,"upper_bound":46.416576878665914},"point_estimate":46.10298211910743,"standard_error":0.1474750421270665},"std_dev":{"confidence_interval":{"confidence_level":0.95,"lower_bound":4.326100995027507,"upper_bound":11.405318066547357},"point_estimate":8.43534946014028,"standard_error":1.7812334336929536}}