{"mean":{"confidence_interval":{"confidence_level":0.95,"lower_bound":42.33461005448827,"upper_bound":45.518219750635836},"point_estimate":43.74839747662955,"standard_error":0.8190125444335629},"median":{"confidence_interval":{"confidence_level":0.95,"lower_bound":41.23446428571428,"upper_bound":41.58144615918155},"point_estimate":41.30356430944471,"standard_error":0.09233005916226224},"median_abs_dev":{"confidence_interval":{"confidence_level":0.95,"lower_bound":0.40145512620607915,"upper_bound":0.8851206754209238},"point_estimate":0.6144130881208673,"standard_error":0.14308638052302988},"slope":{"confidence_interval":{"confidence_level":0.95,"lower_bound":41.979368658065766,"upper_bound":42.5464691388972},"point_estimate":42.254100867656064,"standard_error":0.14430693629541705},"std_dev":{"confidence_interval":{"confidence_level":0.95,"lower_bound":3.62895038417054,"upper_bound":11.831758665028959},"point_estimate":8.250362345181413,"standard_error":2.0953696991740234}}