{"mean":{"confidence_interval":{"confidence_level":0.95,"lower_bound":4.213359214920416,"upper_bound":4.267023285800018},"point_estimate":4.233592142792407,"standard_error":0.01452280515406286},"median":{"confidence_interval":{"confidence_level":0.95,"lower_bound":4.207854823259998,"upper_bound":4.213659705123362},"point_estimate":4.210564743862706,"standard_error":0.0014168098364018603},"median_abs_dev":{"confidence_interval":{"confidence_level":0.95,"lower_bound":0.00930362151255999,"upper_bound":0.01673731700022624},"point_estimate":0.012355285953093978,"standard_error":0.0018283154891268975},"slope":{"confidence_interval":{"confidence_level":0.95,"lower_bound":4.212496989686952,"upper_bound":4.224439916723444},"point_estimate":4.217713626554989,"standard_error":0.0030577730688754684},"std_dev":{"confidence_interval":{"confidence_level":0.95,"lower_bound":0.0253483016579374,"upper_bound":0.2439812999271059},"point_estimate":0.14603871488581513,"standard_error":0.07014677186512254}}