{"mean":{"confidence_interval":{"confidence_level":0.95,"lower_bound":4.226160144670973,"upper_bound":4.307331969745245},"point_estimate":4.258631666560487,"standard_error":0.02144462087450088},"median":{"confidence_interval":{"confidence_level":0.95,"lower_bound":4.216517147290634,"upper_bound":4.222709000229761},"point_estimate":4.218531378384375,"standard_error":0.001458564120324571},"median_abs_dev":{"confidence_interval":{"confidence_level":0.95,"lower_bound":0.009506047191747634,"upper_bound":0.01813494440804046},"point_estimate":0.013757988613499864,"standard_error":0.002297431637271063},"slope":{"confidence_interval":{"confidence_level":0.95,"lower_bound":4.222262025880598,"upper_bound":4.257999170929058},"point_estimate":4.235467174467946,"standard_error":0.009574642968714587},"std_dev":{"confidence_interval":{"confidence_level":0.95,"lower_bound":0.042233102308643335,"upper_bound":0.3527743992591804},"point_estimate":0.21627544624562786,"standard_error":0.09110830146462826}}