{"mean":{"confidence_interval":{"confidence_level":0.95,"lower_bound":4.832981744463434,"upper_bound":4.941294608561511},"point_estimate":4.873432244586541,"standard_error":0.029388620840210888},"median":{"confidence_interval":{"confidence_level":0.95,"lower_bound":4.827459099923722,"upper_bound":4.835968101521379},"point_estimate":4.831905810252769,"standard_error":0.002264820541108926},"median_abs_dev":{"confidence_interval":{"confidence_level":0.95,"lower_bound":0.012617046197407646,"upper_bound":0.023445794872487366},"point_estimate":0.01632813652710424,"standard_error":0.002749758691666465},"slope":{"confidence_interval":{"confidence_level":0.95,"lower_bound":4.836493742198335,"upper_bound":4.852004941775448},"point_estimate":4.843539198882899,"standard_error":0.003953300326866049},"std_dev":{"confidence_interval":{"confidence_level":0.95,"lower_bound":0.03676242941969486,"upper_bound":0.49786650755265394},"point_estimate":0.2968453603226458,"standard_error":0.14561526722827925}}