{"mean":{"confidence_interval":{"confidence_level":0.95,"lower_bound":3.7520376320169095,"upper_bound":3.8017184444056067},"point_estimate":3.7719824883870694,"standard_error":0.013039677882218235},"median":{"confidence_interval":{"confidence_level":0.95,"lower_bound":3.746669268738487,"upper_bound":3.7509628676459723},"point_estimate":3.7496283198420746,"standard_error":0.001162488151269204},"median_abs_dev":{"confidence_interval":{"confidence_level":0.95,"lower_bound":0.005937577239513265,"upper_bound":0.01344854657946305},"point_estimate":0.00845634779212232,"standard_error":0.0018264215962254407},"slope":{"confidence_interval":{"confidence_level":0.95,"lower_bound":3.7510678214446984,"upper_bound":3.76299064902696},"point_estimate":3.7561784169158905,"standard_error":0.0030725340122086295},"std_dev":{"confidence_interval":{"confidence_level":0.95,"lower_bound":0.03610550265140855,"upper_bound":0.2130005967876847},"point_estimate":0.13124708156603915,"standard_error":0.054162237851026356}}