{"mean":{"confidence_interval":{"confidence_level":0.95,"lower_bound":3.9575440691790513,"upper_bound":4.056015201141065},"point_estimate":3.9949422713723073,"standard_error":0.02665144705836462},"median":{"confidence_interval":{"confidence_level":0.95,"lower_bound":3.9399971079722755,"upper_bound":3.9516189392605225},"point_estimate":3.9441251146066714,"standard_error":0.0027255668430031543},"median_abs_dev":{"confidence_interval":{"confidence_level":0.95,"lower_bound":0.013540733829452868,"upper_bound":0.02805673588128263},"point_estimate":0.018339908622534894,"standard_error":0.003538847078672721},"slope":{"confidence_interval":{"confidence_level":0.95,"lower_bound":3.953334037599413,"upper_bound":3.9789026798739164},"point_estimate":3.9645670062431666,"standard_error":0.006538063866472041},"std_dev":{"confidence_interval":{"confidence_level":0.95,"lower_bound":0.05203201521255855,"upper_bound":0.4484608841186145},"point_estimate":0.268963492381469,"standard_error":0.1288395046969563}}