{"mean":{"confidence_interval":{"confidence_level":0.95,"lower_bound":48.592225367465076,"upper_bound":52.10255298469842},"point_estimate":50.177148147686424,"standard_error":0.9023616925376908},"median":{"confidence_interval":{"confidence_level":0.95,"lower_bound":47.56231884057971,"upper_bound":47.701891164391164},"point_estimate":47.659885620915034,"standard_error":0.03650710309542013},"median_abs_dev":{"confidence_interval":{"confidence_level":0.95,"lower_bound":0.4190146348437835,"upper_bound":0.768199955748768},"point_estimate":0.5926738542283866,"standard_error":0.09157197768053078},"slope":{"confidence_interval":{"confidence_level":0.95,"lower_bound":47.56078542715025,"upper_bound":48.14824727256126},"point_estimate":47.82620082754544,"standard_error":0.14918240979726916},"std_dev":{"confidence_interval":{"confidence_level":0.95,"lower_bound":4.902110211384235,"upper_bound":12.169703116358983},"point_estimate":9.041747794151554,"standard_error":1.8512268097110798}}