{"mean":{"confidence_interval":{"confidence_level":0.95,"lower_bound":42.464047014513596,"upper_bound":44.98923546624156},"point_estimate":43.578247719659295,"standard_error":0.6510109483194321},"median":{"confidence_interval":{"confidence_level":0.95,"lower_bound":41.50922350922351,"upper_bound":42.133122484186316},"point_estimate":41.65758242078285,"standard_error":0.14172261319205878},"median_abs_dev":{"confidence_interval":{"confidence_level":0.95,"lower_bound":0.408382830587592,"upper_bound":1.108078326169289},"point_estimate":0.6402177217225592,"standard_error":0.15316935734378712},"slope":{"confidence_interval":{"confidence_level":0.95,"lower_bound":42.257429727401764,"upper_bound":42.94798844403937},"point_estimate":42.58001054401527,"standard_error":0.17669288313032017},"std_dev":{"confidence_interval":{"confidence_level":0.95,"lower_bound":2.796709944211609,"upper_bound":9.506199310727332},"point_estimate":6.557813154588218,"standard_error":1.7170567487369295}}