{"mean":{"confidence_interval":{"confidence_level":0.95,"lower_bound":44.125053573920184,"upper_bound":47.53601413897014},"point_estimate":45.68231193244105,"standard_error":0.8753303443273149},"median":{"confidence_interval":{"confidence_level":0.95,"lower_bound":42.46917815371763,"upper_bound":43.071804511278195},"point_estimate":42.66536372613562,"standard_error":0.15229960257894734},"median_abs_dev":{"confidence_interval":{"confidence_level":0.95,"lower_bound":0.3591261149580434,"upper_bound":1.164544082350166},"point_estimate":0.6357350118615954,"standard_error":0.19911845155277222},"slope":{"confidence_interval":{"confidence_level":0.95,"lower_bound":42.736100756886216,"upper_bound":43.41412549239093},"point_estimate":43.037223870041586,"standard_error":0.17384102001324447},"std_dev":{"confidence_interval":{"confidence_level":0.95,"lower_bound":5.198247060365485,"upper_bound":11.557998885685873},"point_estimate":8.794656033193068,"standard_error":1.623770277534026}}