{"mean":{"confidence_interval":{"confidence_level":0.95,"lower_bound":-0.08266541738691431,"upper_bound":-0.08134285672841172},"point_estimate":-0.08200281114251073,"standard_error":0.0003365196949816591},"median":{"confidence_interval":{"confidence_level":0.95,"lower_bound":-0.082508300171524,"upper_bound":-0.08123751154653726},"point_estimate":-0.08178295346899622,"standard_error":0.0003422952064188526}}