{"mean":{"confidence_interval":{"confidence_level":0.95,"lower_bound":0.26012794668284767,"upper_bound":0.29086274068342627},"point_estimate":0.27344483641524686,"standard_error":0.008298427510576781},"median":{"confidence_interval":{"confidence_level":0.95,"lower_bound":0.25549245724013314,"upper_bound":0.25646481835454016},"point_estimate":0.25589678414390726,"standard_error":0.00023659654798918557}}