{"mean":{"confidence_interval":{"confidence_level":0.95,"lower_bound":-0.23378469507007535,"upper_bound":-0.22253685307731289},"point_estimate":-0.22883636660794882,"standard_error":0.002773651240908807},"median":{"confidence_interval":{"confidence_level":0.95,"lower_bound":-0.23796457607608879,"upper_bound":-0.2318880434122802},"point_estimate":-0.23532148974515987,"standard_error":0.001453126159326789}}