{"mean":{"confidence_interval":{"confidence_level":0.95,"lower_bound":103597.95650445485,"upper_bound":104560.43317274051},"point_estimate":104039.37474814658,"standard_error":246.77552534470993},"median":{"confidence_interval":{"confidence_level":0.95,"lower_bound":103218.44444444444,"upper_bound":103435.45945945945},"point_estimate":103304.71217948718,"standard_error":49.52336275488869},"median_abs_dev":{"confidence_interval":{"confidence_level":0.95,"lower_bound":280.5563929428943,"upper_bound":566.7966077806799},"point_estimate":387.1629340117613,"standard_error":73.86691938065519},"slope":{"confidence_interval":{"confidence_level":0.95,"lower_bound":103528.95827288272,"upper_bound":104538.04253993962},"point_estimate":103952.71164474657,"standard_error":264.23556668110143},"std_dev":{"confidence_interval":{"confidence_level":0.95,"lower_bound":1474.3696829882394,"upper_bound":3255.4369842064275},"point_estimate":2480.40042227811,"standard_error":453.61535800662966}}