{"mean":{"confidence_interval":{"confidence_level":0.95,"lower_bound":43.29278100185667,"upper_bound":46.91969316280184},"point_estimate":44.91874656972471,"standard_error":0.9319902882640012},"median":{"confidence_interval":{"confidence_level":0.95,"lower_bound":42.02282608695652,"upper_bound":42.391666666666666},"point_estimate":42.17892834695161,"standard_error":0.11145904813058014},"median_abs_dev":{"confidence_interval":{"confidence_level":0.95,"lower_bound":0.347787588934514,"upper_bound":0.8229291241460777},"point_estimate":0.5208256143180334,"standard_error":0.14445681937702426},"slope":{"confidence_interval":{"confidence_level":0.95,"lower_bound":42.183772263851694,"upper_bound":42.77851645174055},"point_estimate":42.45425092359982,"standard_error":0.15282943126242685},"std_dev":{"confidence_interval":{"confidence_level":0.95,"lower_bound":4.718998416350439,"upper_bound":13.198634148528},"point_estimate":9.360033824292985,"standard_error":2.174871419669483}}