{"mean":{"confidence_interval":{"confidence_level":0.95,"lower_bound":43.13458249026657,"upper_bound":46.08992980205563},"point_estimate":44.489392153052634,"standard_error":0.7573642025551723},"median":{"confidence_interval":{"confidence_level":0.95,"lower_bound":41.7695636494771,"upper_bound":41.9925224327019},"point_estimate":41.8827765614622,"standard_error":0.04569001606477915},"median_abs_dev":{"confidence_interval":{"confidence_level":0.95,"lower_bound":0.24410847024247811,"upper_bound":0.5640093979378407},"point_estimate":0.36533179626519546,"standard_error":0.0853367806347034},"slope":{"confidence_interval":{"confidence_level":0.95,"lower_bound":41.996251887065405,"upper_bound":42.621944002544346},"point_estimate":42.276858683591605,"standard_error":0.16050684842305107},"std_dev":{"confidence_interval":{"confidence_level":0.95,"lower_bound":4.525610802318609,"upper_bound":9.995483320541538},"point_estimate":7.6102896428884685,"standard_error":1.39614514455704}}