{"mean":{"confidence_interval":{"confidence_level":0.95,"lower_bound":45.234991541221724,"upper_bound":48.267562138969446},"point_estimate":46.613594188733614,"standard_error":0.7778546439663538},"median":{"confidence_interval":{"confidence_level":0.95,"lower_bound":43.91572799332499,"upper_bound":44.60244233378562},"point_estimate":44.29019964281159,"standard_error":0.1561689888186302},"median_abs_dev":{"confidence_interval":{"confidence_level":0.95,"lower_bound":0.6883926425705925,"upper_bound":1.2605484964727507},"point_estimate":0.9478815107175732,"standard_error":0.13200592507124362},"slope":{"confidence_interval":{"confidence_level":0.95,"lower_bound":43.95445204700243,"upper_bound":44.53569223386741},"point_estimate":44.21142215624993,"standard_error":0.14889434082996544},"std_dev":{"confidence_interval":{"confidence_level":0.95,"lower_bound":4.482276744944318,"upper_bound":10.439174721906399},"point_estimate":7.841797523218219,"standard_error":1.5270387502749283}}