{"mean":{"confidence_interval":{"confidence_level":0.95,"lower_bound":34.63650888054918,"upper_bound":37.21447793586444},"point_estimate":35.78338676054819,"standard_error":0.6618466038030594},"median":{"confidence_interval":{"confidence_level":0.95,"lower_bound":33.65178266178266,"upper_bound":33.86796296296296},"point_estimate":33.73947552447552,"standard_error":0.056310351234026244},"median_abs_dev":{"confidence_interval":{"confidence_level":0.95,"lower_bound":0.17770144298029228,"upper_bound":0.5011187911033644},"point_estimate":0.3234264387024787,"standard_error":0.08345104521693367},"slope":{"confidence_interval":{"confidence_level":0.95,"lower_bound":33.831747223430995,"upper_bound":34.241482076462916},"point_estimate":34.016800669917735,"standard_error":0.10479807301655913},"std_dev":{"confidence_interval":{"confidence_level":0.95,"lower_bound":3.172499276925617,"upper_bound":9.52228155595725},"point_estimate":6.664037641971138,"standard_error":1.6283454545906624}}