{"mean":{"confidence_interval":{"confidence_level":0.95,"lower_bound":49.73428099129461,"upper_bound":52.28673306140922},"point_estimate":50.85992831613012,"standard_error":0.6577460838486293},"median":{"confidence_interval":{"confidence_level":0.95,"lower_bound":48.87063492063492,"upper_bound":49.14785879629629},"point_estimate":49.01742521367521,"standard_error":0.061771230961291224},"median_abs_dev":{"confidence_interval":{"confidence_level":0.95,"lower_bound":0.3122699912057984,"upper_bound":0.6272668363201594},"point_estimate":0.4837007548675852,"standard_error":0.0801999905883259},"slope":{"confidence_interval":{"confidence_level":0.95,"lower_bound":48.99772291866921,"upper_bound":49.55349817123135},"point_estimate":49.24620146790799,"standard_error":0.14218989430992837},"std_dev":{"confidence_interval":{"confidence_level":0.95,"lower_bound":2.7829407656717837,"upper_bound":9.578748119836876},"point_estimate":6.62333732060664,"standard_error":1.726416057754043}}