{"mean":{"confidence_interval":{"confidence_level":0.95,"lower_bound":6300.879475083598,"upper_bound":6409.445382291264},"point_estimate":6341.765394826042,"standard_error":29.291211598015757},"median":{"confidence_interval":{"confidence_level":0.95,"lower_bound":6296.301067073171,"upper_bound":6301.019931457431},"point_estimate":6298.924776785714,"standard_error":1.3585633888552116},"median_abs_dev":{"confidence_interval":{"confidence_level":0.95,"lower_bound":7.741394046590585,"upper_bound":13.630674785274431},"point_estimate":10.273420360372821,"standard_error":1.4702634350399848},"slope":{"confidence_interval":{"confidence_level":0.95,"lower_bound":6299.034515931348,"upper_bound":6328.402394405635},"point_estimate":6309.214026710507,"standard_error":8.301191925320037},"std_dev":{"confidence_interval":{"confidence_level":0.95,"lower_bound":25.904677773691752,"upper_bound":494.6495473387233},"point_estimate":295.88806516597606,"standard_error":142.6474271019507}}