{"mean":{"confidence_interval":{"confidence_level":0.95,"lower_bound":6414.998095141184,"upper_bound":6534.429933506761},"point_estimate":6458.914137629867,"standard_error":32.91104743446056},"median":{"confidence_interval":{"confidence_level":0.95,"lower_bound":6407.280625,"upper_bound":6413.374123677249},"point_estimate":6410.668588789683,"standard_error":1.439045140690375},"median_abs_dev":{"confidence_interval":{"confidence_level":0.95,"lower_bound":10.178938979240966,"upper_bound":19.367234343663352},"point_estimate":14.332900038383496,"standard_error":2.2129976859610254},"slope":{"confidence_interval":{"confidence_level":0.95,"lower_bound":6413.149784037646,"upper_bound":6424.584199399296},"point_estimate":6418.294693180139,"standard_error":2.9374945788968145},"std_dev":{"confidence_interval":{"confidence_level":0.95,"lower_bound":30.614424813217187,"upper_bound":556.2358528846268},"point_estimate":330.4223889286957,"standard_error":166.99303432380373}}