{"mean":{"confidence_interval":{"confidence_level":0.95,"lower_bound":6915.192429637614,"upper_bound":7035.829952177784},"point_estimate":6966.799169448508,"standard_error":31.283869501364283},"median":{"confidence_interval":{"confidence_level":0.95,"lower_bound":6890.3234188034185,"upper_bound":6902.2868421052635},"point_estimate":6895.683947074765,"standard_error":3.2529284139100385},"median_abs_dev":{"confidence_interval":{"confidence_level":0.95,"lower_bound":15.55164494129435,"upper_bound":29.346391468105757},"point_estimate":20.99042475188071,"standard_error":3.681148439755828},"slope":{"confidence_interval":{"confidence_level":0.95,"lower_bound":6909.827785326389,"upper_bound":6984.661754712028},"point_estimate":6939.296737106546,"standard_error":19.62625612468968},"std_dev":{"confidence_interval":{"confidence_level":0.95,"lower_bound":87.1307617135613,"upper_bound":475.3599041105697},"point_estimate":315.0802067749118,"standard_error":102.33897410021311}}