{"mean":{"confidence_interval":{"confidence_level":0.95,"lower_bound":6281.415321746379,"upper_bound":6397.13788096401},"point_estimate":6323.99379215045,"standard_error":32.13907882750966},"median":{"confidence_interval":{"confidence_level":0.95,"lower_bound":6271.305,"upper_bound":6286.741071428572},"point_estimate":6276.961991869919,"standard_error":3.9026253588357402},"median_abs_dev":{"confidence_interval":{"confidence_level":0.95,"lower_bound":20.734413871020326,"upper_bound":33.71952304923164},"point_estimate":27.82191513106227,"standard_error":3.320102239080131},"slope":{"confidence_interval":{"confidence_level":0.95,"lower_bound":6274.4025869902935,"upper_bound":6287.802994513088},"point_estimate":6280.688504322447,"standard_error":3.4273721465232314},"std_dev":{"confidence_interval":{"confidence_level":0.95,"lower_bound":31.74621031409764,"upper_bound":545.3234486055734},"point_estimate":323.3639150559277,"standard_error":165.50751033170934}}