{"mean":{"confidence_interval":{"confidence_level":0.95,"lower_bound":6906.651377656877,"upper_bound":6977.69801170788},"point_estimate":6932.31600774199,"standard_error":20.591007504535995},"median":{"confidence_interval":{"confidence_level":0.95,"lower_bound":6904.128205128205,"upper_bound":6911.476190476191},"point_estimate":6908.81379769299,"standard_error":1.8910183540885204},"median_abs_dev":{"confidence_interval":{"confidence_level":0.95,"lower_bound":10.688060788766663,"upper_bound":19.00933684895785},"point_estimate":14.230716261864663,"standard_error":2.156601303254951},"slope":{"confidence_interval":{"confidence_level":0.95,"lower_bound":6910.261923221064,"upper_bound":6928.718390147907},"point_estimate":6917.458386680459,"standard_error":4.8931607150524385},"std_dev":{"confidence_interval":{"confidence_level":0.95,"lower_bound":22.736589235171493,"upper_bound":351.11265660036963},"point_estimate":206.70712459555756,"standard_error":112.28192914501281}}