{"mean":{"confidence_interval":{"confidence_level":0.95,"lower_bound":31816297.36975,"upper_bound":35294609.274124995},"point_estimate":33246506.525,"standard_error":912468.8480540821},"median":{"confidence_interval":{"confidence_level":0.95,"lower_bound":31207799.5,"upper_bound":31938790.0},"point_estimate":31532638.0,"standard_error":202724.63291204016},"median_abs_dev":{"confidence_interval":{"confidence_level":0.95,"lower_bound":1264627.0135983825,"upper_bound":2392036.6104916097},"point_estimate":1843656.8039685488,"standard_error":293072.7023151248},"slope":null,"std_dev":{"confidence_interval":{"confidence_level":0.95,"lower_bound":2121844.906887756,"upper_bound":14726833.386369817},"point_estimate":9170245.941633586,"standard_error":3558648.3057379024}}