{"mean":{"confidence_interval":{"confidence_level":0.95,"lower_bound":27693180.746375002,"upper_bound":28296429.519375},"point_estimate":27988718.8,"standard_error":153795.62631975106},"median":{"confidence_interval":{"confidence_level":0.95,"lower_bound":27403944.0,"upper_bound":28152147.0},"point_estimate":27738369.0,"standard_error":184118.70663795396},"median_abs_dev":{"confidence_interval":{"confidence_level":0.95,"lower_bound":1071815.2576714754,"upper_bound":1834430.2136823535},"point_estimate":1573862.897658348,"standard_error":208154.00554284264},"slope":null,"std_dev":{"confidence_interval":{"confidence_level":0.95,"lower_bound":1324623.596779219,"upper_bound":1733396.6081012418},"point_estimate":1547063.5282095016,"standard_error":104538.01843561561}}