{"mean":{"confidence_interval":{"confidence_level":0.95,"lower_bound":31047509.24225,"upper_bound":31102092.472124998},"point_estimate":31075822.645,"standard_error":13952.985410844563},"median":{"confidence_interval":{"confidence_level":0.95,"lower_bound":31080188.0,"upper_bound":31114148.5},"point_estimate":31101550.5,"standard_error":7709.64565939092},"median_abs_dev":{"confidence_interval":{"confidence_level":0.95,"lower_bound":51851.71017944813,"upper_bound":111920.73071300983},"point_estimate":73161.11960113049,"standard_error":14974.282417484957},"slope":null,"std_dev":{"confidence_interval":{"confidence_level":0.95,"lower_bound":104528.33077796992,"upper_bound":172521.51271107825},"point_estimate":140171.9818281917,"standard_error":17405.496612912186}}