{"mean":{"confidence_interval":{"confidence_level":0.95,"lower_bound":32419301.590375002,"upper_bound":32498884.61725},"point_estimate":32453963.705,"standard_error":20424.775776312017},"median":{"confidence_interval":{"confidence_level":0.95,"lower_bound":32416328.5,"upper_bound":32466276.25},"point_estimate":32437025.5,"standard_error":14762.128039777132},"median_abs_dev":{"confidence_interval":{"confidence_level":0.95,"lower_bound":77384.30562615395,"upper_bound":127241.91884100437},"point_estimate":101814.21734243631,"standard_error":12770.86762970075},"slope":null,"std_dev":{"confidence_interval":{"confidence_level":0.95,"lower_bound":100492.4125396357,"upper_bound":318521.8180666611},"point_estimate":205918.0697758151,"standard_error":67285.90755400302}}