{"mean":{"confidence_interval":{"confidence_level":0.95,"lower_bound":42.04001955090919,"upper_bound":44.56290523850758},"point_estimate":43.1605235132264,"standard_error":0.6473832339979173},"median":{"confidence_interval":{"confidence_level":0.95,"lower_bound":41.25303935264276,"upper_bound":41.42830180200423},"point_estimate":41.314726295376445,"standard_error":0.04487000809683649},"median_abs_dev":{"confidence_interval":{"confidence_level":0.95,"lower_bound":0.2263681770859251,"upper_bound":0.5017236173570949},"point_estimate":0.33657451555570816,"standard_error":0.06803500926082795},"slope":{"confidence_interval":{"confidence_level":0.95,"lower_bound":41.370997765357274,"upper_bound":41.73710897041594},"point_estimate":41.52990143715237,"standard_error":0.09410566594792025},"std_dev":{"confidence_interval":{"confidence_level":0.95,"lower_bound":2.4390183606385603,"upper_bound":9.26917749383471},"point_estimate":6.514058689617609,"standard_error":1.6355402859147183}}