{"mean":{"confidence_interval":{"confidence_level":0.95,"lower_bound":39.71363826132889,"upper_bound":41.750002375273986},"point_estimate":40.65258696751145,"standard_error":0.5224567765037783},"median":{"confidence_interval":{"confidence_level":0.95,"lower_bound":38.659283007869426,"upper_bound":38.955946898126285},"point_estimate":38.80045829873024,"standard_error":0.06981155528680044},"median_abs_dev":{"confidence_interval":{"confidence_level":0.95,"lower_bound":0.4730503460537395,"upper_bound":1.0908557389095905},"point_estimate":0.6266171648214167,"standard_error":0.16435075631369692},"slope":{"confidence_interval":{"confidence_level":0.95,"lower_bound":39.127134967334236,"upper_bound":39.565061299087304},"point_estimate":39.334921000585034,"standard_error":0.11142357162165577},"std_dev":{"confidence_interval":{"confidence_level":0.95,"lower_bound":3.3348436740096212,"upper_bound":6.787683399561011},"point_estimate":5.259419340309988,"standard_error":0.8800301385831394}}