{"mean":{"confidence_interval":{"confidence_level":0.95,"lower_bound":48.38755411869806,"upper_bound":52.027442369352976},"point_estimate":50.041189681491794,"standard_error":0.9366979334875416},"median":{"confidence_interval":{"confidence_level":0.95,"lower_bound":47.372458001768344,"upper_bound":47.915360703380784},"point_estimate":47.77502815874909,"standard_error":0.11349741242557233},"median_abs_dev":{"confidence_interval":{"confidence_level":0.95,"lower_bound":0.6942492649222898,"upper_bound":1.1427555500038107},"point_estimate":0.8830058566487866,"standard_error":0.11447143019628421},"slope":{"confidence_interval":{"confidence_level":0.95,"lower_bound":47.436841063645026,"upper_bound":48.65723053055861},"point_estimate":47.971010029820434,"standard_error":0.31390139153569624},"std_dev":{"confidence_interval":{"confidence_level":0.95,"lower_bound":5.132950502915049,"upper_bound":12.735828849784802},"point_estimate":9.445155446356203,"standard_error":1.9067721613997692}}