{"mean":{"confidence_interval":{"confidence_level":0.95,"lower_bound":41.28429088910087,"upper_bound":44.56488121046401},"point_estimate":42.79584458557642,"standard_error":0.8429820140873254},"median":{"confidence_interval":{"confidence_level":0.95,"lower_bound":39.880038126361654,"upper_bound":40.10458385481852},"point_estimate":39.95149680269536,"standard_error":0.059962560594997244},"median_abs_dev":{"confidence_interval":{"confidence_level":0.95,"lower_bound":0.2370000362801259,"upper_bound":0.5068756224890528},"point_estimate":0.31596818891581874,"standard_error":0.07413820765706233},"slope":{"confidence_interval":{"confidence_level":0.95,"lower_bound":40.09337619140331,"upper_bound":40.69278821869446},"point_estimate":40.36439342309999,"standard_error":0.15270011745049164},"std_dev":{"confidence_interval":{"confidence_level":0.95,"lower_bound":4.977373576852702,"upper_bound":11.18126435613889},"point_estimate":8.469248666705024,"standard_error":1.5847611199162261}}