{"mean":{"confidence_interval":{"confidence_level":0.95,"lower_bound":6724.3515002612685,"upper_bound":6773.079980579828},"point_estimate":6745.336075915841,"standard_error":12.568282972697853},"median":{"confidence_interval":{"confidence_level":0.95,"lower_bound":6701.499573409172,"upper_bound":6726.560888888889},"point_estimate":6715.34304964539,"standard_error":6.221272713587037},"median_abs_dev":{"confidence_interval":{"confidence_level":0.95,"lower_bound":25.231027552059597,"upper_bound":48.21793822004718},"point_estimate":30.70386324939745,"standard_error":6.051938034764346},"slope":{"confidence_interval":{"confidence_level":0.95,"lower_bound":6719.18102934431,"upper_bound":6738.310896774583},"point_estimate":6728.055960593074,"standard_error":4.9065793126879775},"std_dev":{"confidence_interval":{"confidence_level":0.95,"lower_bound":48.42001033779004,"upper_bound":194.32167755997136},"point_estimate":126.05397170331818,"standard_error":40.29338245645634}}