{"mean":{"confidence_interval":{"confidence_level":0.95,"lower_bound":3620.3031227101396,"upper_bound":3664.073230597593},"point_estimate":3636.4912336988327,"standard_error":12.151369904079653},"median":{"confidence_interval":{"confidence_level":0.95,"lower_bound":3611.141262189716,"upper_bound":3622.5587626573615},"point_estimate":3617.5649867555717,"standard_error":3.3717214097945702},"median_abs_dev":{"confidence_interval":{"confidence_level":0.95,"lower_bound":11.614125250943209,"upper_bound":24.40560392277462},"point_estimate":18.443334351738944,"standard_error":3.637299341701456},"slope":{"confidence_interval":{"confidence_level":0.95,"lower_bound":3618.433613138882,"upper_bound":3627.8854350954},"point_estimate":3623.0596189491016,"standard_error":2.4115779482455677},"std_dev":{"confidence_interval":{"confidence_level":0.95,"lower_bound":17.952914830753503,"upper_bound":206.32203752927688},"point_estimate":122.34729282345347,"standard_error":62.410235282551334}}