{"mean":{"confidence_interval":{"confidence_level":0.95,"lower_bound":6919.396111106073,"upper_bound":6994.289852705026},"point_estimate":6951.575980746927,"standard_error":19.312981570521217},"median":{"confidence_interval":{"confidence_level":0.95,"lower_bound":6904.3168458781365,"upper_bound":6914.163768115942},"point_estimate":6910.715801886792,"standard_error":2.796537766978327},"median_abs_dev":{"confidence_interval":{"confidence_level":0.95,"lower_bound":17.143425117522394,"upper_bound":29.780131151564763},"point_estimate":22.954869060736847,"standard_error":3.1244465085756588},"slope":{"confidence_interval":{"confidence_level":0.95,"lower_bound":6908.6767298263585,"upper_bound":6956.404292292815},"point_estimate":6928.645376877987,"standard_error":12.425332768917604},"std_dev":{"confidence_interval":{"confidence_level":0.95,"lower_bound":59.02906844526357,"upper_bound":291.48350419876175},"point_estimate":193.12391707705598,"standard_error":59.948715184826355}}