{"mean":{"confidence_interval":{"confidence_level":0.95,"lower_bound":-0.2078934250274176,"upper_bound":-0.20723888477205366},"point_estimate":-0.2075656348256898,"standard_error":0.0001654896650450894},"median":{"confidence_interval":{"confidence_level":0.95,"lower_bound":-0.20784612033466066,"upper_bound":-0.20718073154806838},"point_estimate":-0.20761482360905648,"standard_error":0.00016087022727501215}}