{"mean":{"confidence_interval":{"confidence_level":0.95,"lower_bound":-0.2894766358682359,"upper_bound":-0.21018120681274488},"point_estimate":-0.24275559495927235,"standard_error":0.02133466030663382},"median":{"confidence_interval":{"confidence_level":0.95,"lower_bound":-0.24079198296217608,"upper_bound":-0.20518880264384043},"point_estimate":-0.22868788117201488,"standard_error":0.01017120752439725}}