{"mean":{"confidence_interval":{"confidence_level":0.95,"lower_bound":-0.16261454998824942,"upper_bound":-0.16201134577362583},"point_estimate":-0.16232639937490867,"standard_error":0.00015144974850684115},"median":{"confidence_interval":{"confidence_level":0.95,"lower_bound":-0.1625760770432073,"upper_bound":-0.16207860057918988},"point_estimate":-0.16236464937560735,"standard_error":0.00012474036315538085}}