{"mean":{"confidence_interval":{"confidence_level":0.95,"lower_bound":-0.01831335270658938,"upper_bound":0.0908110452455447},"point_estimate":0.045744028019437,"standard_error":0.029359713370376444},"median":{"confidence_interval":{"confidence_level":0.95,"lower_bound":0.049399499874911434,"upper_bound":0.09848689718932224},"point_estimate":0.06589783277755057,"standard_error":0.014155258891748434}}