{"mean":{"confidence_interval":{"confidence_level":0.95,"lower_bound":-0.0049710798341209735,"upper_bound":0.1054311982445411},"point_estimate":0.05984433817520607,"standard_error":0.029753590362795117},"median":{"confidence_interval":{"confidence_level":0.95,"lower_bound":0.06306382594338877,"upper_bound":0.11299873058931698},"point_estimate":0.08008259254622252,"standard_error":0.014347598249010983}}