{"mean":{"confidence_interval":{"confidence_level":0.95,"lower_bound":0.633878460620394,"upper_bound":0.6361530828921031},"point_estimate":0.6350997640446985,"standard_error":0.0005784187776642357},"median":{"confidence_interval":{"confidence_level":0.95,"lower_bound":0.6341355448482418,"upper_bound":0.6351759107230557},"point_estimate":0.6345189247621312,"standard_error":0.00027062824068808716}}