{"mean":{"confidence_interval":{"confidence_level":0.95,"lower_bound":0.2678007446769679,"upper_bound":0.3162552469060519},"point_estimate":0.29260961487321757,"standard_error":0.012362174719562205},"median":{"confidence_interval":{"confidence_level":0.95,"lower_bound":0.2734004975954625,"upper_bound":0.32549175939261876},"point_estimate":0.3001463783831624,"standard_error":0.013938547770719576}}