{"mean":{"confidence_interval":{"confidence_level":0.95,"lower_bound":0.07616080963755786,"upper_bound":0.10256908660143411},"point_estimate":0.08934751412411002,"standard_error":0.006689416033786814},"median":{"confidence_interval":{"confidence_level":0.95,"lower_bound":0.07398897741819566,"upper_bound":0.10254342693987328},"point_estimate":0.09058389021368374,"standard_error":0.0073994222872282535}}