{"mean":{"confidence_interval":{"confidence_level":0.95,"lower_bound":27.93508625343997,"upper_bound":28.414433591789173},"point_estimate":28.144387582901512,"standard_error":0.12359076106778187},"median":{"confidence_interval":{"confidence_level":0.95,"lower_bound":27.913703158634625,"upper_bound":28.166040720495317},"point_estimate":28.056628480029396,"standard_error":0.06294727924499557},"median_abs_dev":{"confidence_interval":{"confidence_level":0.95,"lower_bound":0.46245681487943774,"upper_bound":0.775171886475626},"point_estimate":0.5778843787103508,"standard_error":0.07948036755183929},"slope":{"confidence_interval":{"confidence_level":0.95,"lower_bound":27.90240321778446,"upper_bound":28.0983787684877},"point_estimate":27.999853365051294,"standard_error":0.0499421627329196},"std_dev":{"confidence_interval":{"confidence_level":0.95,"lower_bound":0.5921691707611217,"upper_bound":1.9079639676411488},"point_estimate":1.2462661452221653,"standard_error":0.3914998822060715}}