{"mean":{"confidence_interval":{"confidence_level":0.95,"lower_bound":25.859228926558515,"upper_bound":26.613485143464423},"point_estimate":26.149981030894924,"standard_error":0.20349117021042448},"median":{"confidence_interval":{"confidence_level":0.95,"lower_bound":25.81951231442757,"upper_bound":25.839732912037274},"point_estimate":25.826679875019874,"standard_error":0.005648753058581425},"median_abs_dev":{"confidence_interval":{"confidence_level":0.95,"lower_bound":0.03528878115315906,"upper_bound":0.07417326997624044},"point_estimate":0.05054528284288949,"standard_error":0.009871498734541866},"slope":{"confidence_interval":{"confidence_level":0.95,"lower_bound":25.85806779625544,"upper_bound":25.957717770056277},"point_estimate":25.89748239281302,"standard_error":0.02634348941099847},"std_dev":{"confidence_interval":{"confidence_level":0.95,"lower_bound":0.1368970011365404,"upper_bound":3.37084914350224},"point_estimate":2.0438011444346307,"standard_error":0.9338125679171076}}