{"mean":{"confidence_interval":{"confidence_level":0.95,"lower_bound":25.448799215409824,"upper_bound":25.709525162917124},"point_estimate":25.544535673614902,"standard_error":0.07248046930205661},"median":{"confidence_interval":{"confidence_level":0.95,"lower_bound":25.427699266634548,"upper_bound":25.460241430399353},"point_estimate":25.44068401094559,"standard_error":0.008072588814559032},"median_abs_dev":{"confidence_interval":{"confidence_level":0.95,"lower_bound":0.0513574422077761,"upper_bound":0.10132725075785197},"point_estimate":0.0734297775282918,"standard_error":0.012509196851137534},"slope":{"confidence_interval":{"confidence_level":0.95,"lower_bound":25.464844470654796,"upper_bound":25.560639803142735},"point_estimate":25.504739056633984,"standard_error":0.025013434565788015},"std_dev":{"confidence_interval":{"confidence_level":0.95,"lower_bound":0.12110360583823998,"upper_bound":1.2295656808143747},"point_estimate":0.7291131911983206,"standard_error":0.37477386218136277}}