{"mean":{"confidence_interval":{"confidence_level":0.95,"lower_bound":27.128044670475003,"upper_bound":27.801680633340563},"point_estimate":27.39507426083036,"standard_error":0.1774659289489739},"median":{"confidence_interval":{"confidence_level":0.95,"lower_bound":26.998688299719227,"upper_bound":27.29752329649237},"point_estimate":27.105850380898705,"standard_error":0.07165117660536773},"median_abs_dev":{"confidence_interval":{"confidence_level":0.95,"lower_bound":0.3504078167255275,"upper_bound":0.5793426762154789},"point_estimate":0.43588326257159865,"standard_error":0.05980255964386781},"slope":{"confidence_interval":{"confidence_level":0.95,"lower_bound":27.038170105101564,"upper_bound":27.2067249423303},"point_estimate":27.121505933911408,"standard_error":0.043030342068458204},"std_dev":{"confidence_interval":{"confidence_level":0.95,"lower_bound":0.49664255452166084,"upper_bound":2.915011931908144},"point_estimate":1.7828100786393126,"standard_error":0.7583801888927575}}