{"mean":{"confidence_interval":{"confidence_level":0.95,"lower_bound":25.287775343476905,"upper_bound":25.579965721085536},"point_estimate":25.40081243002336,"standard_error":0.07804784101815995},"median":{"confidence_interval":{"confidence_level":0.95,"lower_bound":25.276565198618307,"upper_bound":25.318956148110704},"point_estimate":25.308773747841105,"standard_error":0.012785378534422378},"median_abs_dev":{"confidence_interval":{"confidence_level":0.95,"lower_bound":0.06158237822457842,"upper_bound":0.11475413932832906},"point_estimate":0.09168580407173166,"standard_error":0.01384178518235723},"slope":{"confidence_interval":{"confidence_level":0.95,"lower_bound":25.31696643459713,"upper_bound":25.354177998255082},"point_estimate":25.335213170284625,"standard_error":0.009484295912285496},"std_dev":{"confidence_interval":{"confidence_level":0.95,"lower_bound":0.10426118178001506,"upper_bound":1.29419819469239},"point_estimate":0.7830967064586509,"standard_error":0.3534962349590839}}