{"mean":{"confidence_interval":{"confidence_level":0.95,"lower_bound":27.878603588492947,"upper_bound":28.450933790066546},"point_estimate":28.080978157278466,"standard_error":0.17031111041550542},"median":{"confidence_interval":{"confidence_level":0.95,"lower_bound":27.84119716543783,"upper_bound":27.877886502161022},"point_estimate":27.852962544565127,"standard_error":0.010913248466266793},"median_abs_dev":{"confidence_interval":{"confidence_level":0.95,"lower_bound":0.05137677119920766,"upper_bound":0.08700153705530966},"point_estimate":0.06659494440679475,"standard_error":0.009723682358561254},"slope":{"confidence_interval":{"confidence_level":0.95,"lower_bound":27.84435978643826,"upper_bound":27.876818099522836},"point_estimate":27.860056230343886,"standard_error":0.008299465346147837},"std_dev":{"confidence_interval":{"confidence_level":0.95,"lower_bound":0.12507940815427923,"upper_bound":2.9274515474740026},"point_estimate":1.7164626946278512,"standard_error":0.9717276291435599}}