{"mean":{"confidence_interval":{"confidence_level":0.95,"lower_bound":15.612158099006134,"upper_bound":15.721211477935306},"point_estimate":15.650830549411628,"standard_error":0.0328367322220554},"median":{"confidence_interval":{"confidence_level":0.95,"lower_bound":15.608310633979597,"upper_bound":15.616633136902324},"point_estimate":15.612870774879681,"standard_error":0.002103127724437225},"median_abs_dev":{"confidence_interval":{"confidence_level":0.95,"lower_bound":0.014112696641987272,"upper_bound":0.028345676654861072},"point_estimate":0.02054052565692605,"standard_error":0.0038146662768484213},"slope":{"confidence_interval":{"confidence_level":0.95,"lower_bound":15.612396607764657,"upper_bound":15.62424824202599},"point_estimate":15.618037730205591,"standard_error":0.003022372259988168},"std_dev":{"confidence_interval":{"confidence_level":0.95,"lower_bound":0.030583299302015886,"upper_bound":0.5633723613230158},"point_estimate":0.3298510327087663,"standard_error":0.18875904324384546}}