{"mean":{"confidence_interval":{"confidence_level":0.95,"lower_bound":25.362356619455376,"upper_bound":26.209282212101616},"point_estimate":25.693631817280824,"standard_error":0.22711252295797574},"median":{"confidence_interval":{"confidence_level":0.95,"lower_bound":25.311008472360765,"upper_bound":25.380306503977472},"point_estimate":25.340327706437016,"standard_error":0.01892082538191245},"median_abs_dev":{"confidence_interval":{"confidence_level":0.95,"lower_bound":0.1080335335907836,"upper_bound":0.1713507260319392},"point_estimate":0.1371528168004925,"standard_error":0.016007562763806497},"slope":{"confidence_interval":{"confidence_level":0.95,"lower_bound":25.34783902210293,"upper_bound":25.42838925059105},"point_estimate":25.384569965931124,"standard_error":0.020627218724475774},"std_dev":{"confidence_interval":{"confidence_level":0.95,"lower_bound":0.1858306135477226,"upper_bound":3.7604001662615736},"point_estimate":2.295018996063226,"standard_error":1.0163492315856588}}