{"mean":{"confidence_interval":{"confidence_level":0.95,"lower_bound":25.199052453305544,"upper_bound":25.77915330452088},"point_estimate":25.442529121025718,"standard_error":0.152958293284708},"median":{"confidence_interval":{"confidence_level":0.95,"lower_bound":25.131908255053606,"upper_bound":25.230902501406177},"point_estimate":25.161527075224424,"standard_error":0.02453565766090769},"median_abs_dev":{"confidence_interval":{"confidence_level":0.95,"lower_bound":0.13616097926634876,"upper_bound":0.21746282479875118},"point_estimate":0.17315201320459567,"standard_error":0.02078064754697998},"slope":{"confidence_interval":{"confidence_level":0.95,"lower_bound":25.150254398036765,"upper_bound":25.232867841928428},"point_estimate":25.188507443474922,"standard_error":0.021132277354957395},"std_dev":{"confidence_interval":{"confidence_level":0.95,"lower_bound":0.25466081812564,"upper_bound":2.3761105600422523},"point_estimate":1.5421791584283864,"standard_error":0.5734337987484022}}