{"mean":{"confidence_interval":{"confidence_level":0.95,"lower_bound":6.2544417124381075,"upper_bound":6.455549804194727},"point_estimate":6.3329371787250865,"standard_error":0.05384449655923264},"median":{"confidence_interval":{"confidence_level":0.95,"lower_bound":6.244235018311649,"upper_bound":6.249197245633799},"point_estimate":6.246938594762254,"standard_error":0.0012514975790336692},"median_abs_dev":{"confidence_interval":{"confidence_level":0.95,"lower_bound":0.00870051555528973,"upper_bound":0.018861970323492645},"point_estimate":0.011760196739330096,"standard_error":0.002394540437559555},"slope":{"confidence_interval":{"confidence_level":0.95,"lower_bound":6.2492380241616345,"upper_bound":6.266844762198741},"point_estimate":6.2567530295763465,"standard_error":0.004537188251695508},"std_dev":{"confidence_interval":{"confidence_level":0.95,"lower_bound":0.04025622369406226,"upper_bound":0.8878352123513787},"point_estimate":0.5405964485422668,"standard_error":0.24038825232346328}}