{"mean":{"confidence_interval":{"confidence_level":0.95,"lower_bound":7.101173580775279,"upper_bound":7.221976319201928},"point_estimate":7.144266373513821,"standard_error":0.035716523455974994},"median":{"confidence_interval":{"confidence_level":0.95,"lower_bound":7.0970373829351185,"upper_bound":7.106107204872741},"point_estimate":7.101039351671696,"standard_error":0.0020944806266301177},"median_abs_dev":{"confidence_interval":{"confidence_level":0.95,"lower_bound":0.017503113037307054,"upper_bound":0.029996070757058003},"point_estimate":0.023280908516723372,"standard_error":0.0031950568628068177},"slope":{"confidence_interval":{"confidence_level":0.95,"lower_bound":7.106267366614472,"upper_bound":7.131756251503559},"point_estimate":7.116949480019841,"standard_error":0.006636323724141385},"std_dev":{"confidence_interval":{"confidence_level":0.95,"lower_bound":0.03710106806940649,"upper_bound":0.6133509912812753},"point_estimate":0.35991592011050516,"standard_error":0.20188201306515305}}