{"mean":{"confidence_interval":{"confidence_level":0.95,"lower_bound":11.628144773680445,"upper_bound":12.011728810813866},"point_estimate":11.76825520380687,"standard_error":0.10713681844280647},"median":{"confidence_interval":{"confidence_level":0.95,"lower_bound":11.611307456763091,"upper_bound":11.621317631060354},"point_estimate":11.616755109359325,"standard_error":0.0024075682298841457},"median_abs_dev":{"confidence_interval":{"confidence_level":0.95,"lower_bound":0.017570854402890673,"upper_bound":0.037891239572398316},"point_estimate":0.027913148483364104,"standard_error":0.005252844134270597},"slope":{"confidence_interval":{"confidence_level":0.95,"lower_bound":11.624344007376024,"upper_bound":11.660480743958837},"point_estimate":11.640210306566217,"standard_error":0.009277797211731895},"std_dev":{"confidence_interval":{"confidence_level":0.95,"lower_bound":0.06790795960820212,"upper_bound":1.8149586983821968},"point_estimate":1.0760253340741035,"standard_error":0.5553709070925866}}