{"mean":{"confidence_interval":{"confidence_level":0.95,"lower_bound":6.330802159661518,"upper_bound":6.481458421704824},"point_estimate":6.385607188450971,"standard_error":0.042860477303600805},"median":{"confidence_interval":{"confidence_level":0.95,"lower_bound":6.319712548586512,"upper_bound":6.323563974451341},"point_estimate":6.320843248386629,"standard_error":0.0011035337560222917},"median_abs_dev":{"confidence_interval":{"confidence_level":0.95,"lower_bound":0.008394593116367215,"upper_bound":0.018102780897803525},"point_estimate":0.011862960872985053,"standard_error":0.0025364278123636576},"slope":{"confidence_interval":{"confidence_level":0.95,"lower_bound":6.324038655353832,"upper_bound":6.340057786723672},"point_estimate":6.331045922595997,"standard_error":0.004112832592494521},"std_dev":{"confidence_interval":{"confidence_level":0.95,"lower_bound":0.04513162133252062,"upper_bound":0.7308272425756506},"point_estimate":0.4314561903773555,"standard_error":0.22881605254065646}}