{"mean":{"confidence_interval":{"confidence_level":0.95,"lower_bound":-0.12632436298607805,"upper_bound":0.04641227159199154},"point_estimate":-0.031083325769093673,"standard_error":0.04591434497260882},"median":{"confidence_interval":{"confidence_level":0.95,"lower_bound":-0.032456195605205074,"upper_bound":0.017169851891654098},"point_estimate":-0.002452280352542746,"standard_error":0.013172786552010518}}