{"mean":{"confidence_interval":{"confidence_level":0.95,"lower_bound":-0.30462984783643043,"upper_bound":-0.17681353020843937},"point_estimate":-0.22982990595278097,"standard_error":0.03520065327657305},"median":{"confidence_interval":{"confidence_level":0.95,"lower_bound":-0.2037812182985893,"upper_bound":-0.16463122960576915},"point_estimate":-0.17914599847823565,"standard_error":0.010487120959154066}}