{"mean":{"confidence_interval":{"confidence_level":0.95,"lower_bound":-0.0935574067889579,"upper_bound":0.08291887052324486},"point_estimate":0.007505176455449236,"standard_error":0.04726559698623081},"median":{"confidence_interval":{"confidence_level":0.95,"lower_bound":0.005749061534429778,"upper_bound":0.05907804367465541},"point_estimate":0.03674811540283729,"standard_error":0.013906932612963104}}