{"mean":{"confidence_interval":{"confidence_level":0.95,"lower_bound":-0.025972067832656823,"upper_bound":-0.01880981493118837},"point_estimate":-0.022604165373174667,"standard_error":0.0019179065788608777},"median":{"confidence_interval":{"confidence_level":0.95,"lower_bound":-0.02492568420404062,"upper_bound":-0.021391675474771055},"point_estimate":-0.02350704214200816,"standard_error":0.0008560592843534096}}