{"mean":{"confidence_interval":{"confidence_level":0.95,"lower_bound":0.10956435875338587,"upper_bound":0.11552906688964418},"point_estimate":0.11265338292506533,"standard_error":0.0015333097527487568},"median":{"confidence_interval":{"confidence_level":0.95,"lower_bound":0.11189401692350698,"upper_bound":0.11533456121484176},"point_estimate":0.11361585098167026,"standard_error":0.0008988133803997436}}