{"mean":{"confidence_interval":{"confidence_level":0.95,"lower_bound":0.2643147047667482,"upper_bound":0.40799432254840623},"point_estimate":0.31788764250379775,"standard_error":0.041669858331486426},"median":{"confidence_interval":{"confidence_level":0.95,"lower_bound":0.24919199999399844,"upper_bound":0.2678070234221466},"point_estimate":0.2626022026984609,"standard_error":0.004909682938327268}}