{"mean":{"confidence_interval":{"confidence_level":0.95,"lower_bound":10.914317977086752,"upper_bound":11.11774580879874},"point_estimate":11.01183131532221,"standard_error":0.05187317367589285},"median":{"confidence_interval":{"confidence_level":0.95,"lower_bound":10.695706752905345,"upper_bound":10.941050165540474},"point_estimate":10.747037145875323,"standard_error":0.06701444812854697},"median_abs_dev":{"confidence_interval":{"confidence_level":0.95,"lower_bound":0.1251085797865422,"upper_bound":0.41277919757203485},"point_estimate":0.21606499829606826,"standard_error":0.07836571405443435},"slope":{"confidence_interval":{"confidence_level":0.95,"lower_bound":10.773379566543035,"upper_bound":10.897228933361692},"point_estimate":10.828977867488955,"standard_error":0.031578234969536406},"std_dev":{"confidence_interval":{"confidence_level":0.95,"lower_bound":0.4126283419522042,"upper_bound":0.6171362677597158},"point_estimate":0.5221210865615062,"standard_error":0.052362207761904665}}