{"mean":{"confidence_interval":{"confidence_level":0.95,"lower_bound":10.069046450267018,"upper_bound":10.368226640721428},"point_estimate":10.18768085342502,"standard_error":0.07982897493599042},"median":{"confidence_interval":{"confidence_level":0.95,"lower_bound":10.069548222514813,"upper_bound":10.087399117353034},"point_estimate":10.08235202585433,"standard_error":0.004510821249727268},"median_abs_dev":{"confidence_interval":{"confidence_level":0.95,"lower_bound":0.03491419550791521,"upper_bound":0.08402585001384166},"point_estimate":0.05369952585645623,"standard_error":0.012587355264466717},"slope":{"confidence_interval":{"confidence_level":0.95,"lower_bound":10.063691531946185,"upper_bound":10.103580085534126},"point_estimate":10.081643141361093,"standard_error":0.010229526828915966},"std_dev":{"confidence_interval":{"confidence_level":0.95,"lower_bound":0.07564666632371639,"upper_bound":1.2929349596769784},"point_estimate":0.8006944622749531,"standard_error":0.3381887688277357}}