{"mean":{"confidence_interval":{"confidence_level":0.95,"lower_bound":10.116755772057306,"upper_bound":10.277871689940229},"point_estimate":10.181065618982535,"standard_error":0.04245804995274784},"median":{"confidence_interval":{"confidence_level":0.95,"lower_bound":10.096219807814016,"upper_bound":10.107453449073478},"point_estimate":10.101331619544892,"standard_error":0.0033236740807608325},"median_abs_dev":{"confidence_interval":{"confidence_level":0.95,"lower_bound":0.017712124612898825,"upper_bound":0.0324587282489798},"point_estimate":0.024146830322561895,"standard_error":0.0036815837601885315},"slope":{"confidence_interval":{"confidence_level":0.95,"lower_bound":10.103012461960379,"upper_bound":10.228865657772964},"point_estimate":10.148020115175068,"standard_error":0.03469391260514832},"std_dev":{"confidence_interval":{"confidence_level":0.95,"lower_bound":0.07443153212457446,"upper_bound":0.6940203959203076},"point_estimate":0.4258447850609373,"standard_error":0.17701840711574773}}