{"mean":{"confidence_interval":{"confidence_level":0.95,"lower_bound":3.0736095560507195,"upper_bound":3.1881272396418048},"point_estimate":3.1166673703337726,"standard_error":0.031024759475371994},"median":{"confidence_interval":{"confidence_level":0.95,"lower_bound":3.0562296014888415,"upper_bound":3.0745536748707227},"point_estimate":3.066021526172886,"standard_error":0.004784616223985154},"median_abs_dev":{"confidence_interval":{"confidence_level":0.95,"lower_bound":0.02608123704184619,"upper_bound":0.049256463512685866},"point_estimate":0.037519560668766515,"standard_error":0.006219940789706387},"slope":{"confidence_interval":{"confidence_level":0.95,"lower_bound":3.057062075001399,"upper_bound":3.0717374912337028},"point_estimate":3.063905199721111,"standard_error":0.003730552644917929},"std_dev":{"confidence_interval":{"confidence_level":0.95,"lower_bound":0.0496427076146823,"upper_bound":0.5222986598571537},"point_estimate":0.31218424048018145,"standard_error":0.15069668208461443}}