{"mean":{"confidence_interval":{"confidence_level":0.95,"lower_bound":3.2272152425753413,"upper_bound":3.269929159711962},"point_estimate":3.2445885567192327,"standard_error":0.011180279482042975},"median":{"confidence_interval":{"confidence_level":0.95,"lower_bound":3.220183842568617,"upper_bound":3.2268077805416184},"point_estimate":3.224180030870217,"standard_error":0.0014810338545774124},"median_abs_dev":{"confidence_interval":{"confidence_level":0.95,"lower_bound":0.011768836652372779,"upper_bound":0.020639653094646503},"point_estimate":0.01570549220657018,"standard_error":0.0022440668269917085},"slope":{"confidence_interval":{"confidence_level":0.95,"lower_bound":3.2248915190704865,"upper_bound":3.235761589138323},"point_estimate":3.2298831984383347,"standard_error":0.0027830961001275353},"std_dev":{"confidence_interval":{"confidence_level":0.95,"lower_bound":0.03440912005075005,"upper_bound":0.18054032303376824},"point_estimate":0.11213897947722275,"standard_error":0.044301677726547715}}