{"mean":{"confidence_interval":{"confidence_level":0.95,"lower_bound":3.148929948365949,"upper_bound":3.2069541974031828},"point_estimate":3.17318106274603,"standard_error":0.015003442279261094},"median":{"confidence_interval":{"confidence_level":0.95,"lower_bound":3.144143369822056,"upper_bound":3.1491678406220327},"point_estimate":3.14618041617546,"standard_error":0.0011472548186175374},"median_abs_dev":{"confidence_interval":{"confidence_level":0.95,"lower_bound":0.007676915460167421,"upper_bound":0.013389734754445028},"point_estimate":0.010194123501806974,"standard_error":0.0013520597539860644},"slope":{"confidence_interval":{"confidence_level":0.95,"lower_bound":3.1467324991171646,"upper_bound":3.1558140516860314},"point_estimate":3.150382251265876,"standard_error":0.002347916145910706},"std_dev":{"confidence_interval":{"confidence_level":0.95,"lower_bound":0.030672662500435325,"upper_bound":0.23916028652116159},"point_estimate":0.15095079135820896,"standard_error":0.053913675424639644}}