{"mean":{"confidence_interval":{"confidence_level":0.95,"lower_bound":2.4706942620940415,"upper_bound":2.5754441615159336},"point_estimate":2.516497676858719,"standard_error":0.027010026796867752},"median":{"confidence_interval":{"confidence_level":0.95,"lower_bound":2.440806331136598,"upper_bound":2.445789473805164},"point_estimate":2.4430472088627173,"standard_error":0.0013987423163049626},"median_abs_dev":{"confidence_interval":{"confidence_level":0.95,"lower_bound":0.008783108281523844,"upper_bound":0.01663067900427576},"point_estimate":0.012499716637625733,"standard_error":0.0020341591271119297},"slope":{"confidence_interval":{"confidence_level":0.95,"lower_bound":2.4583446799078463,"upper_bound":2.5819989864054067},"point_estimate":2.5098898569708754,"standard_error":0.03198963425534578},"std_dev":{"confidence_interval":{"confidence_level":0.95,"lower_bound":0.11486536132709382,"upper_bound":0.4069764196869567},"point_estimate":0.27108112015974584,"standard_error":0.07688689198672126}}