{"mean":{"confidence_interval":{"confidence_level":0.95,"lower_bound":3.070759553693768,"upper_bound":3.186390041771994},"point_estimate":3.1188243207594395,"standard_error":0.030010995719996495},"median":{"confidence_interval":{"confidence_level":0.95,"lower_bound":3.0373297304036324,"upper_bound":3.0470808530481097},"point_estimate":3.0401718438767418,"standard_error":0.0026635403996276637},"median_abs_dev":{"confidence_interval":{"confidence_level":0.95,"lower_bound":0.012682681361725226,"upper_bound":0.025438779433581613},"point_estimate":0.016918775392948934,"standard_error":0.003108697280619997},"slope":{"confidence_interval":{"confidence_level":0.95,"lower_bound":3.044536123781461,"upper_bound":3.0629514633717823},"point_estimate":3.0526530691920684,"standard_error":0.004716395189666901},"std_dev":{"confidence_interval":{"confidence_level":0.95,"lower_bound":0.10963940249535012,"upper_bound":0.47569917299552217},"point_estimate":0.30100814808459764,"standard_error":0.11039201583154952}}