{"mean":{"confidence_interval":{"confidence_level":0.95,"lower_bound":56.187587948256386,"upper_bound":59.99249174640415},"point_estimate":57.908394388883224,"standard_error":0.9796265075284281},"median":{"confidence_interval":{"confidence_level":0.95,"lower_bound":54.848454636091724,"upper_bound":55.233880090497735},"point_estimate":55.084926470588236,"standard_error":0.10722516988071809},"median_abs_dev":{"confidence_interval":{"confidence_level":0.95,"lower_bound":0.4911637566699736,"upper_bound":1.0326410271888058},"point_estimate":0.740944238575716,"standard_error":0.1410199865665404},"slope":{"confidence_interval":{"confidence_level":0.95,"lower_bound":55.03172035183925,"upper_bound":55.47108961674384},"point_estimate":55.24053994732221,"standard_error":0.11202510789474217},"std_dev":{"confidence_interval":{"confidence_level":0.95,"lower_bound":5.14733488790385,"upper_bound":13.34289128206912},"point_estimate":9.821471970452711,"standard_error":2.103515234422132}}