{"mean":{"confidence_interval":{"confidence_level":0.95,"lower_bound":50.500731329329014,"upper_bound":53.90267235792404},"point_estimate":52.06657434403393,"standard_error":0.8713802889761403},"median":{"confidence_interval":{"confidence_level":0.95,"lower_bound":48.85939357907253,"upper_bound":49.16200390370852},"point_estimate":48.95487441464453,"standard_error":0.07753356469872394},"median_abs_dev":{"confidence_interval":{"confidence_level":0.95,"lower_bound":0.3528629668496123,"upper_bound":0.8290164752406508},"point_estimate":0.5040242342438045,"standard_error":0.12865299681512024},"slope":{"confidence_interval":{"confidence_level":0.95,"lower_bound":49.21277694559535,"upper_bound":49.76693870700373},"point_estimate":49.47616404151995,"standard_error":0.14131952643339674},"std_dev":{"confidence_interval":{"confidence_level":0.95,"lower_bound":5.553162431827028,"upper_bound":11.21823875379107},"point_estimate":8.742377429122417,"standard_error":1.442255063331093}}