{"mean":{"confidence_interval":{"confidence_level":0.95,"lower_bound":55.569829685700235,"upper_bound":57.889442192166875},"point_estimate":56.562178256024616,"standard_error":0.6012794299556015},"median":{"confidence_interval":{"confidence_level":0.95,"lower_bound":55.00460157126824,"upper_bound":55.21802816353522},"point_estimate":55.06573046518699,"standard_error":0.05724726276575819},"median_abs_dev":{"confidence_interval":{"confidence_level":0.95,"lower_bound":0.2857646781222592,"upper_bound":0.6273746525721416},"point_estimate":0.4184375419783602,"standard_error":0.08610210435017104},"slope":{"confidence_interval":{"confidence_level":0.95,"lower_bound":55.08967701048275,"upper_bound":55.47845418150528},"point_estimate":55.27285319576734,"standard_error":0.09926227354321504},"std_dev":{"confidence_interval":{"confidence_level":0.95,"lower_bound":1.6466487177580418,"upper_bound":9.350186052014442},"point_estimate":6.057651700955788,"standard_error":2.029386355929344}}