{"mean":{"confidence_interval":{"confidence_level":0.95,"lower_bound":42.47247189336255,"upper_bound":43.64993280218059},"point_estimate":42.9939427308274,"standard_error":0.3027643955608149},"median":{"confidence_interval":{"confidence_level":0.95,"lower_bound":42.060526315789474,"upper_bound":42.98050095117311},"point_estimate":42.23824638350261,"standard_error":0.23947132970372767},"median_abs_dev":{"confidence_interval":{"confidence_level":0.95,"lower_bound":0.7957911235746158,"upper_bound":1.3252954070933072},"point_estimate":1.1715991188760668,"standard_error":0.13062027434739218},"slope":{"confidence_interval":{"confidence_level":0.95,"lower_bound":42.5144127726715,"upper_bound":42.9304860917337},"point_estimate":42.72228313876164,"standard_error":0.10580145286495056},"std_dev":{"confidence_interval":{"confidence_level":0.95,"lower_bound":1.0267445562331192,"upper_bound":4.367289898278358},"point_estimate":3.041451511424848,"standard_error":0.7906927349760642}}