{"mean":{"confidence_interval":{"confidence_level":0.95,"lower_bound":36.92469085480159,"upper_bound":39.07594537429022},"point_estimate":37.9699594235082,"standard_error":0.5476647879176849},"median":{"confidence_interval":{"confidence_level":0.95,"lower_bound":33.977631753617416,"upper_bound":38.99851394604481},"point_estimate":34.41272492536109,"standard_error":1.3632778981691778},"median_abs_dev":{"confidence_interval":{"confidence_level":0.95,"lower_bound":0.8548603983787348,"upper_bound":7.154581243432875},"point_estimate":2.198979141258551,"standard_error":1.7446585956990301},"slope":{"confidence_interval":{"confidence_level":0.95,"lower_bound":34.684834888110004,"upper_bound":35.84548247406953},"point_estimate":35.188480163660365,"standard_error":0.296155693585129},"std_dev":{"confidence_interval":{"confidence_level":0.95,"lower_bound":4.3996614264124965,"upper_bound":6.550869148498109},"point_estimate":5.503600828425471,"standard_error":0.5530929683179634}}