{"mean":{"confidence_interval":{"confidence_level":0.95,"lower_bound":31.440392436433843,"upper_bound":33.55373259330384},"point_estimate":32.34051927761837,"standard_error":0.5421475770275915},"median":{"confidence_interval":{"confidence_level":0.95,"lower_bound":31.12085657833566,"upper_bound":31.41271966527197},"point_estimate":31.268828451882847,"standard_error":0.07171928486100766},"median_abs_dev":{"confidence_interval":{"confidence_level":0.95,"lower_bound":0.256671917627991,"upper_bound":0.48582906115767494},"point_estimate":0.38487830557987807,"standard_error":0.05034148797175294},"slope":{"confidence_interval":{"confidence_level":0.95,"lower_bound":31.249983449165693,"upper_bound":31.407376432203517},"point_estimate":31.32585703571294,"standard_error":0.04020384571741633},"std_dev":{"confidence_interval":{"confidence_level":0.95,"lower_bound":0.8831387181430219,"upper_bound":8.418302608683401},"point_estimate":5.44310925923424,"standard_error":1.8485849269786059}}