{"mean":{"confidence_interval":{"confidence_level":0.95,"lower_bound":0.1996897089420191,"upper_bound":0.2122663937221982},"point_estimate":0.20589761945039897,"standard_error":0.003230194522979648},"median":{"confidence_interval":{"confidence_level":0.95,"lower_bound":0.1993177153131418,"upper_bound":0.20379586437849334},"point_estimate":0.2007865347880622,"standard_error":0.0011569544398035531}}