{"mean":{"confidence_interval":{"confidence_level":0.95,"lower_bound":-0.44411143007989295,"upper_bound":-0.41978899251914015},"point_estimate":-0.43198826913740684,"standard_error":0.006197221153440982},"median":{"confidence_interval":{"confidence_level":0.95,"lower_bound":-0.44502241661336983,"upper_bound":-0.42201575096105437},"point_estimate":-0.4330858555838534,"standard_error":0.00637048282651574}}