{"mean":{"confidence_interval":{"confidence_level":0.95,"lower_bound":0.11347587780691303,"upper_bound":0.11753709153169264},"point_estimate":0.11548926565775242,"standard_error":0.001065510993745841},"median":{"confidence_interval":{"confidence_level":0.95,"lower_bound":0.1124922228923877,"upper_bound":0.11420112367530977},"point_estimate":0.11346540786372317,"standard_error":0.0004151266698600782}}