{"mean":{"confidence_interval":{"confidence_level":0.95,"lower_bound":0.9264206864614162,"upper_bound":0.9873807949303278},"point_estimate":0.9531302193724771,"standard_error":0.015616282959760797},"median":{"confidence_interval":{"confidence_level":0.95,"lower_bound":0.9003820610014548,"upper_bound":0.9539350938040713},"point_estimate":0.9249932627618596,"standard_error":0.01410184750209773}}