{"mean":{"confidence_interval":{"confidence_level":0.95,"lower_bound":0.06770785971273445,"upper_bound":0.16619645737582084},"point_estimate":0.1098798854255707,"standard_error":0.026051796359136785},"median":{"confidence_interval":{"confidence_level":0.95,"lower_bound":0.04028890524188733,"upper_bound":0.055399452354351286},"point_estimate":0.046556126678172216,"standard_error":0.004007603838557829}}