{"mean":{"confidence_interval":{"confidence_level":0.95,"lower_bound":1.1593916687956678,"upper_bound":1.1853569823365413},"point_estimate":1.1727541226682572,"standard_error":0.00664475509379896},"median":{"confidence_interval":{"confidence_level":0.95,"lower_bound":1.1679651336029777,"upper_bound":1.182280042551147},"point_estimate":1.1767764288021567,"standard_error":0.003709144648745061}}