{"mean":{"confidence_interval":{"confidence_level":0.95,"lower_bound":-0.7247415066573659,"upper_bound":-0.7106847656658053},"point_estimate":-0.7177268728450179,"standard_error":0.0035981440517726874},"median":{"confidence_interval":{"confidence_level":0.95,"lower_bound":-0.7206881494602037,"upper_bound":-0.7073756227254264},"point_estimate":-0.7130418456708651,"standard_error":0.0034662511035961937}}