{"mean":{"confidence_interval":{"confidence_level":0.95,"lower_bound":0.14990312937021028,"upper_bound":0.21197694737396255},"point_estimate":0.18024979975940036,"standard_error":0.015744178734898577},"median":{"confidence_interval":{"confidence_level":0.95,"lower_bound":0.1686397225009142,"upper_bound":0.2255008827764966},"point_estimate":0.20183830836638816,"standard_error":0.014772915883907561}}