{"mean":{"confidence_interval":{"confidence_level":0.95,"lower_bound":1.4266311021488765,"upper_bound":1.456340462571856},"point_estimate":1.4412369652066652,"standard_error":0.007482264123568867},"median":{"confidence_interval":{"confidence_level":0.95,"lower_bound":1.4388463968970329,"upper_bound":1.448178811560489},"point_estimate":1.4446499579499887,"standard_error":0.0024079911242404018}}