{"mean":{"confidence_interval":{"confidence_level":0.95,"lower_bound":-0.5399140137466507,"upper_bound":-0.5328918079131602},"point_estimate":-0.5368760460153065,"standard_error":0.001845118581784814},"median":{"confidence_interval":{"confidence_level":0.95,"lower_bound":-0.5398734365114171,"upper_bound":-0.5381933222197353},"point_estimate":-0.5393540060407189,"standard_error":0.0004180864197991374}}