{"mean":{"confidence_interval":{"confidence_level":0.95,"lower_bound":2.20137510103629,"upper_bound":2.277706228177379},"point_estimate":2.2297147813800446,"standard_error":0.021236419235045732},"median":{"confidence_interval":{"confidence_level":0.95,"lower_bound":2.1967622319852804,"upper_bound":2.201397648788394},"point_estimate":2.1989907378586357,"standard_error":0.001206701832256543},"median_abs_dev":{"confidence_interval":{"confidence_level":0.95,"lower_bound":0.006443379384051814,"upper_bound":0.011284397055992254},"point_estimate":0.009217736727775719,"standard_error":0.001232155985191806},"slope":{"confidence_interval":{"confidence_level":0.95,"lower_bound":2.1983990525219137,"upper_bound":2.2051066754767232},"point_estimate":2.201284610955686,"standard_error":0.001711334738108096},"std_dev":{"confidence_interval":{"confidence_level":0.95,"lower_bound":0.021459270288957517,"upper_bound":0.3605157908800939},"point_estimate":0.2140504484710588,"standard_error":0.10926434911258015}}