{"mean":{"confidence_interval":{"confidence_level":0.95,"lower_bound":2.8206776076589963,"upper_bound":2.884651856118692},"point_estimate":2.844633807561783,"standard_error":0.01756320004410507},"median":{"confidence_interval":{"confidence_level":0.95,"lower_bound":2.8162878554640987,"upper_bound":2.819557948815726},"point_estimate":2.818212364141298,"standard_error":0.0008810894319548343},"median_abs_dev":{"confidence_interval":{"confidence_level":0.95,"lower_bound":0.005630163118253773,"upper_bound":0.010422954283268542},"point_estimate":0.00794430276803725,"standard_error":0.0012571052425259326},"slope":{"confidence_interval":{"confidence_level":0.95,"lower_bound":2.8184593448014073,"upper_bound":2.8319312832607726},"point_estimate":2.8237818126205156,"standard_error":0.0035585460991073175},"std_dev":{"confidence_interval":{"confidence_level":0.95,"lower_bound":0.02699979981623721,"upper_bound":0.2966118468554926},"point_estimate":0.17678816768427041,"standard_error":0.08774543441247978}}