{"mean":{"confidence_interval":{"confidence_level":0.95,"lower_bound":2.8371846009849766,"upper_bound":2.89144304128863},"point_estimate":2.860263713057394,"standard_error":0.014102909880230498},"median":{"confidence_interval":{"confidence_level":0.95,"lower_bound":2.82569229575746,"upper_bound":2.831706642687487},"point_estimate":2.828190149220358,"standard_error":0.0014527832324555262},"median_abs_dev":{"confidence_interval":{"confidence_level":0.95,"lower_bound":0.009417258445946885,"upper_bound":0.016321359619528897},"point_estimate":0.012686241795090253,"standard_error":0.001761087923949249},"slope":{"confidence_interval":{"confidence_level":0.95,"lower_bound":2.829617691569812,"upper_bound":2.84990892179565},"point_estimate":2.838538278226909,"standard_error":0.005202773489356993},"std_dev":{"confidence_interval":{"confidence_level":0.95,"lower_bound":0.04286318777301457,"upper_bound":0.22138855859071255},"point_estimate":0.1418003356835914,"standard_error":0.04768467225876712}}