{"mean":{"confidence_interval":{"confidence_level":0.95,"lower_bound":2.238065848252827,"upper_bound":2.3044215268809536},"point_estimate":2.268852088010937,"standard_error":0.0169408659552617},"median":{"confidence_interval":{"confidence_level":0.95,"lower_bound":2.213108765275892,"upper_bound":2.2870990692938107},"point_estimate":2.2356744680336913,"standard_error":0.01998660379091661},"median_abs_dev":{"confidence_interval":{"confidence_level":0.95,"lower_bound":0.10061606646446843,"upper_bound":0.14905044738367118},"point_estimate":0.12498939520884036,"standard_error":0.012234634286713855},"slope":{"confidence_interval":{"confidence_level":0.95,"lower_bound":2.20379495787053,"upper_bound":2.2537035294346337},"point_estimate":2.228154501786178,"standard_error":0.012743927240594937},"std_dev":{"confidence_interval":{"confidence_level":0.95,"lower_bound":0.11285237096784874,"upper_bound":0.2343795616319357},"point_estimate":0.17007786960695365,"standard_error":0.03408719342404327}}