{"mean":{"confidence_interval":{"confidence_level":0.95,"lower_bound":2.8240606518523665,"upper_bound":2.9184002627824084},"point_estimate":2.860843120899879,"standard_error":0.02507702204684541},"median":{"confidence_interval":{"confidence_level":0.95,"lower_bound":2.8183804742805605,"upper_bound":2.822767882503405},"point_estimate":2.819726511058435,"standard_error":0.0010855004772933581},"median_abs_dev":{"confidence_interval":{"confidence_level":0.95,"lower_bound":0.006245300854266199,"upper_bound":0.011986795794392784},"point_estimate":0.008772633355004836,"standard_error":0.0015118937411072182},"slope":{"confidence_interval":{"confidence_level":0.95,"lower_bound":2.820382705477095,"upper_bound":2.8312016264082422},"point_estimate":2.824985772209062,"standard_error":0.002790426928389103},"std_dev":{"confidence_interval":{"confidence_level":0.95,"lower_bound":0.03071849636703621,"upper_bound":0.41690308729770853},"point_estimate":0.2525517736924661,"standard_error":0.11334010388019125}}