{"mean":{"confidence_interval":{"confidence_level":0.95,"lower_bound":48.72994098366521,"upper_bound":52.38260655323082},"point_estimate":50.39941001780481,"standard_error":0.9396749720654247},"median":{"confidence_interval":{"confidence_level":0.95,"lower_bound":47.2233918128655,"upper_bound":47.67697020328599},"point_estimate":47.309550614504175,"standard_error":0.11876889657727885},"median_abs_dev":{"confidence_interval":{"confidence_level":0.95,"lower_bound":0.29332529162036985,"upper_bound":0.8970385473866391},"point_estimate":0.5141288839038173,"standard_error":0.13997912710006974},"slope":{"confidence_interval":{"confidence_level":0.95,"lower_bound":47.45466597692789,"upper_bound":48.108447766995056},"point_estimate":47.75138891265403,"standard_error":0.1668269550306083},"std_dev":{"confidence_interval":{"confidence_level":0.95,"lower_bound":5.546637115322307,"upper_bound":12.3644823913119},"point_estimate":9.43883002160071,"standard_error":1.7483246651398083}}