{"mean":{"confidence_interval":{"confidence_level":0.95,"lower_bound":44.661235180215634,"upper_bound":48.62804952340383},"point_estimate":46.458696438844015,"standard_error":1.0140381155753964},"median":{"confidence_interval":{"confidence_level":0.95,"lower_bound":42.75141242937853,"upper_bound":43.083938660209846},"point_estimate":42.867390360922926,"standard_error":0.08122928799699575},"median_abs_dev":{"confidence_interval":{"confidence_level":0.95,"lower_bound":0.2522752660483097,"upper_bound":0.7502760924528433},"point_estimate":0.42903257987345894,"standard_error":0.12089277561088005},"slope":{"confidence_interval":{"confidence_level":0.95,"lower_bound":43.16713584738684,"upper_bound":43.94979883220828},"point_estimate":43.51309710885078,"standard_error":0.20091117511065967},"std_dev":{"confidence_interval":{"confidence_level":0.95,"lower_bound":5.723879911254712,"upper_bound":14.300531384863271},"point_estimate":10.19943343054166,"standard_error":2.233482279649837}}