{"mean":{"confidence_interval":{"confidence_level":0.95,"lower_bound":50.82332115998035,"upper_bound":55.96140963550237},"point_estimate":53.14292999052064,"standard_error":1.3201518024772418},"median":{"confidence_interval":{"confidence_level":0.95,"lower_bound":48.944117647058825,"upper_bound":49.42666666666667},"point_estimate":49.090186444948344,"standard_error":0.1471366234901212},"median_abs_dev":{"confidence_interval":{"confidence_level":0.95,"lower_bound":0.4876704142179363,"upper_bound":1.0248349485738122},"point_estimate":0.6939208341634726,"standard_error":0.1538157560332749},"slope":{"confidence_interval":{"confidence_level":0.95,"lower_bound":49.170091227970005,"upper_bound":50.46575177328068},"point_estimate":49.7285637160731,"standard_error":0.335286188488329},"std_dev":{"confidence_interval":{"confidence_level":0.95,"lower_bound":7.036057896996888,"upper_bound":18.582442748034566},"point_estimate":13.296662298199717,"standard_error":2.9698310404552775}}