{"mean":{"confidence_interval":{"confidence_level":0.95,"lower_bound":9.417970701415591,"upper_bound":9.729646008337555},"point_estimate":9.528460683567063,"standard_error":0.0927408289051237},"median":{"confidence_interval":{"confidence_level":0.95,"lower_bound":9.40386425471985,"upper_bound":9.40980338259037},"point_estimate":9.406881526427867,"standard_error":0.001635284685938854},"median_abs_dev":{"confidence_interval":{"confidence_level":0.95,"lower_bound":0.012841714460420916,"upper_bound":0.024214596989469227},"point_estimate":0.01738312183382161,"standard_error":0.0028780655175365297},"slope":{"confidence_interval":{"confidence_level":0.95,"lower_bound":9.404725403304228,"upper_bound":9.445632086468752},"point_estimate":9.420286119919608,"standard_error":0.011020639440663078},"std_dev":{"confidence_interval":{"confidence_level":0.95,"lower_bound":0.05930288238117722,"upper_bound":1.5868888248766093},"point_estimate":0.9309405988959941,"standard_error":0.526417192238248}}