{"mean":{"confidence_interval":{"confidence_level":0.95,"lower_bound":7.694194964398989,"upper_bound":7.909738035001986},"point_estimate":7.778131406714721,"standard_error":0.05741639084569433},"median":{"confidence_interval":{"confidence_level":0.95,"lower_bound":7.6797644327415835,"upper_bound":7.688774528899654},"point_estimate":7.684106292879975,"standard_error":0.0022382351615463708},"median_abs_dev":{"confidence_interval":{"confidence_level":0.95,"lower_bound":0.013244515988424235,"upper_bound":0.02208833660692657},"point_estimate":0.016328651277652626,"standard_error":0.002246318207707877},"slope":{"confidence_interval":{"confidence_level":0.95,"lower_bound":7.688640093278241,"upper_bound":7.709366504469119},"point_estimate":7.6974968188878,"standard_error":0.0053398763169228885},"std_dev":{"confidence_interval":{"confidence_level":0.95,"lower_bound":0.04852575062769685,"upper_bound":0.9584391654230142},"point_estimate":0.5771134495074947,"standard_error":0.26467594580420967}}