{"mean":{"confidence_interval":{"confidence_level":0.95,"lower_bound":9.882594234355327,"upper_bound":10.711564890984047},"point_estimate":10.257625740928715,"standard_error":0.2133940573198908},"median":{"confidence_interval":{"confidence_level":0.95,"lower_bound":9.829314105020394,"upper_bound":9.918242181769028},"point_estimate":9.909007606238966,"standard_error":0.03385012039476179},"median_abs_dev":{"confidence_interval":{"confidence_level":0.95,"lower_bound":0.04763491120134774,"upper_bound":0.6192104399423274},"point_estimate":0.23583621669884033,"standard_error":0.16179567398484215},"slope":{"confidence_interval":{"confidence_level":0.95,"lower_bound":9.962162529211318,"upper_bound":10.389048596519077},"point_estimate":10.14129022342932,"standard_error":0.10973527918370066},"std_dev":{"confidence_interval":{"confidence_level":0.95,"lower_bound":1.1732025634728918,"upper_bound":2.9041376660032228},"point_estimate":2.1482368108733243,"standard_error":0.44984143156069245}}