{"mean":{"confidence_interval":{"confidence_level":0.95,"lower_bound":274.23644589245635,"upper_bound":274.52214741286747},"point_estimate":274.3688008864924,"standard_error":0.07299391006563238},"median":{"confidence_interval":{"confidence_level":0.95,"lower_bound":274.09050714720195,"upper_bound":274.1965323548508},"point_estimate":274.16243364299936,"standard_error":0.02848678260802825},"median_abs_dev":{"confidence_interval":{"confidence_level":0.95,"lower_bound":0.18976817674184238,"upper_bound":0.3741908423771803},"point_estimate":0.2551340205185085,"standard_error":0.04577473687144725},"slope":{"confidence_interval":{"confidence_level":0.95,"lower_bound":273.99192521724206,"upper_bound":274.32990982940856},"point_estimate":274.11913875732273,"standard_error":0.09014774324401914},"std_dev":{"confidence_interval":{"confidence_level":0.95,"lower_bound":0.5013684627292405,"upper_bound":0.926063093577339},"point_estimate":0.7307112772702905,"standard_error":0.10847176246174789}}