{"mean":{"confidence_interval":{"confidence_level":0.95,"lower_bound":252.53218447289845,"upper_bound":261.20751073074},"point_estimate":256.74191030191344,"standard_error":2.207986990378923},"median":{"confidence_interval":{"confidence_level":0.95,"lower_bound":247.83439153439153,"upper_bound":256.6365177481249},"point_estimate":253.1206892961266,"standard_error":2.320627153610872},"median_abs_dev":{"confidence_interval":{"confidence_level":0.95,"lower_bound":14.045426019928021,"upper_bound":23.3127964371215},"point_estimate":19.5864172888746,"standard_error":2.267812148821552},"slope":{"confidence_interval":{"confidence_level":0.95,"lower_bound":252.75317489981566,"upper_bound":263.9109531853455},"point_estimate":257.9361009782367,"standard_error":2.8609511424822305},"std_dev":{"confidence_interval":{"confidence_level":0.95,"lower_bound":17.86171924401296,"upper_bound":25.94108423345552},"point_estimate":22.10794655119317,"standard_error":2.068753565380678}}