{"mean":{"confidence_interval":{"confidence_level":0.95,"lower_bound":271.8954929756085,"upper_bound":276.0466373591574},"point_estimate":273.9857096729267,"standard_error":1.0632916315794956},"median":{"confidence_interval":{"confidence_level":0.95,"lower_bound":271.97454947232063,"upper_bound":276.8944744569402},"point_estimate":275.4002712528848,"standard_error":1.256454878340997},"median_abs_dev":{"confidence_interval":{"confidence_level":0.95,"lower_bound":7.284307563429878,"upper_bound":13.21800201960869},"point_estimate":10.022546768353875,"standard_error":1.6009891394281146},"slope":{"confidence_interval":{"confidence_level":0.95,"lower_bound":272.08324453038216,"upper_bound":276.14011866760103},"point_estimate":274.13923595650687,"standard_error":1.0339327562407323},"std_dev":{"confidence_interval":{"confidence_level":0.95,"lower_bound":8.896126705104152,"upper_bound":12.476951764996937},"point_estimate":10.731341864541848,"standard_error":0.9192010773708752}}