{"mean":{"confidence_interval":{"confidence_level":0.95,"lower_bound":244.8468221372505,"upper_bound":250.79265317954744},"point_estimate":247.73018618285457,"standard_error":1.517893469765217},"median":{"confidence_interval":{"confidence_level":0.95,"lower_bound":242.88752953044872,"upper_bound":248.37084333600072},"point_estimate":245.701668164142,"standard_error":1.3439531773166622},"median_abs_dev":{"confidence_interval":{"confidence_level":0.95,"lower_bound":9.317762109425946,"upper_bound":15.705773898462523},"point_estimate":12.484787227318932,"standard_error":1.7080910024674703},"slope":{"confidence_interval":{"confidence_level":0.95,"lower_bound":244.34161712621645,"upper_bound":249.5319003753299},"point_estimate":246.90475135815737,"standard_error":1.3224690559271908},"std_dev":{"confidence_interval":{"confidence_level":0.95,"lower_bound":11.843496574427753,"upper_bound":18.215558292497697},"point_estimate":15.20778755872635,"standard_error":1.6316920559823984}}