{"mean":{"confidence_interval":{"confidence_level":0.95,"lower_bound":24.03826914503774,"upper_bound":24.841935218567375},"point_estimate":24.388993686086366,"standard_error":0.20365922900821906},"median":{"confidence_interval":{"confidence_level":0.95,"lower_bound":23.9142585125448,"upper_bound":23.993617396653505},"point_estimate":23.949948796722992,"standard_error":0.019794509361003482},"median_abs_dev":{"confidence_interval":{"confidence_level":0.95,"lower_bound":0.17201498395324288,"upper_bound":0.3158192839022247},"point_estimate":0.23688534824366764,"standard_error":0.03703864809269429},"slope":{"confidence_interval":{"confidence_level":0.95,"lower_bound":23.942589226849496,"upper_bound":24.090658420183324},"point_estimate":24.010465144733057,"standard_error":0.037872170587419776},"std_dev":{"confidence_interval":{"confidence_level":0.95,"lower_bound":0.3465525190814424,"upper_bound":3.0052416149234533},"point_estimate":2.0476619040543196,"standard_error":0.6138787598526368}}