{"mean":{"confidence_interval":{"confidence_level":0.95,"lower_bound":23.396305177401786,"upper_bound":24.48778815618981},"point_estimate":23.877741434398317,"standard_error":0.28042080291466914},"median":{"confidence_interval":{"confidence_level":0.95,"lower_bound":23.113061839782148,"upper_bound":23.182641502261756},"point_estimate":23.13264070177692,"standard_error":0.017986087319324478},"median_abs_dev":{"confidence_interval":{"confidence_level":0.95,"lower_bound":0.1420576919661157,"upper_bound":0.630624717099787},"point_estimate":0.4958010507885891,"standard_error":0.15648201728869363},"slope":{"confidence_interval":{"confidence_level":0.95,"lower_bound":23.27819381287888,"upper_bound":23.48648375484603},"point_estimate":23.374996791952007,"standard_error":0.053235831353974784},"std_dev":{"confidence_interval":{"confidence_level":0.95,"lower_bound":1.0120700197109456,"upper_bound":4.040490753659656},"point_estimate":2.8233363519004038,"standard_error":0.7349491461831594}}