{"mean":{"confidence_interval":{"confidence_level":0.95,"lower_bound":43.18490009282713,"upper_bound":47.12304114174789},"point_estimate":44.986886409509495,"standard_error":1.0079790257072003},"median":{"confidence_interval":{"confidence_level":0.95,"lower_bound":41.592799188640974,"upper_bound":41.78251022793688},"point_estimate":41.65251663236121,"standard_error":0.052607681796090856},"median_abs_dev":{"confidence_interval":{"confidence_level":0.95,"lower_bound":0.43082872504374176,"upper_bound":0.8366917020495438},"point_estimate":0.5977689721460969,"standard_error":0.09864024548844169},"slope":{"confidence_interval":{"confidence_level":0.95,"lower_bound":41.630134063494175,"upper_bound":42.10163417410498},"point_estimate":41.84711001156729,"standard_error":0.12053246890463512},"std_dev":{"confidence_interval":{"confidence_level":0.95,"lower_bound":5.815799582800365,"upper_bound":13.779320117199402},"point_estimate":10.125894301341912,"standard_error":2.0436369643219825}}