{"mean":{"confidence_interval":{"confidence_level":0.95,"lower_bound":43.91079843610546,"upper_bound":46.30661417354897},"point_estimate":45.002714333989424,"standard_error":0.6132530504138468},"median":{"confidence_interval":{"confidence_level":0.95,"lower_bound":42.74714052287582,"upper_bound":43.08252005347593},"point_estimate":42.95277457388184,"standard_error":0.07118716614122693},"median_abs_dev":{"confidence_interval":{"confidence_level":0.95,"lower_bound":0.35227322904001707,"upper_bound":0.7932948846800516},"point_estimate":0.5532929968833022,"standard_error":0.10262882186397859},"slope":{"confidence_interval":{"confidence_level":0.95,"lower_bound":43.15378552279346,"upper_bound":44.63265962625086},"point_estimate":43.77377063430663,"standard_error":0.3828169275467084},"std_dev":{"confidence_interval":{"confidence_level":0.95,"lower_bound":3.393616068958311,"upper_bound":8.4525469880093},"point_estimate":6.173289803753098,"standard_error":1.2903212475993626}}