{"mean":{"confidence_interval":{"confidence_level":0.95,"lower_bound":42.62883414966639,"upper_bound":45.711484250730216},"point_estimate":44.040390994380516,"standard_error":0.7931607576971936},"median":{"confidence_interval":{"confidence_level":0.95,"lower_bound":41.13708513708514,"upper_bound":41.299019607843135},"point_estimate":41.22413367862869,"standard_error":0.046623668954676074},"median_abs_dev":{"confidence_interval":{"confidence_level":0.95,"lower_bound":0.19474463767132733,"upper_bound":0.4624847351047589},"point_estimate":0.3110075213324196,"standard_error":0.07474316651877422},"slope":{"confidence_interval":{"confidence_level":0.95,"lower_bound":41.57145412680175,"upper_bound":43.726239165089886},"point_estimate":42.47799378445307,"standard_error":0.559848415339629},"std_dev":{"confidence_interval":{"confidence_level":0.95,"lower_bound":4.632079961027007,"upper_bound":10.564341511988388},"point_estimate":7.990780682022037,"standard_error":1.506715063782951}}