{"mean":{"confidence_interval":{"confidence_level":0.95,"lower_bound":47.204431353154924,"upper_bound":49.16182372489349},"point_estimate":48.0410737322186,"standard_error":0.5081352630435265},"median":{"confidence_interval":{"confidence_level":0.95,"lower_bound":46.65314685314685,"upper_bound":47.24848484848485},"point_estimate":46.87105505391426,"standard_error":0.15016972774185597},"median_abs_dev":{"confidence_interval":{"confidence_level":0.95,"lower_bound":0.5136476928265137,"upper_bound":1.0708408518596433},"point_estimate":0.8057691538468437,"standard_error":0.13801218103772298},"slope":{"confidence_interval":{"confidence_level":0.95,"lower_bound":46.69287528564565,"upper_bound":47.163008755526015},"point_estimate":46.91416938708796,"standard_error":0.11993624276428262},"std_dev":{"confidence_interval":{"confidence_level":0.95,"lower_bound":1.135057520705655,"upper_bound":7.811293168078517},"point_estimate":5.131421232210007,"standard_error":1.7313134562363481}}