{"mean":{"confidence_interval":{"confidence_level":0.95,"lower_bound":43.047169210924004,"upper_bound":45.713675381263315},"point_estimate":44.20922860015825,"standard_error":0.6878835950564761},"median":{"confidence_interval":{"confidence_level":0.95,"lower_bound":42.5198948948949,"upper_bound":42.97056645686783},"point_estimate":42.74348195641488,"standard_error":0.11694052297685656},"median_abs_dev":{"confidence_interval":{"confidence_level":0.95,"lower_bound":0.6083136959848591,"upper_bound":1.5882440185917595},"point_estimate":0.9983632880187528,"standard_error":0.2539952062092032},"slope":{"confidence_interval":{"confidence_level":0.95,"lower_bound":42.74641264196015,"upper_bound":43.222114235864616},"point_estimate":42.98457482456596,"standard_error":0.12123347545237016},"std_dev":{"confidence_interval":{"confidence_level":0.95,"lower_bound":2.7650487941632034,"upper_bound":10.316088822706325},"point_estimate":6.897175711592199,"standard_error":1.9580916798235164}}