{"mean":{"confidence_interval":{"confidence_level":0.95,"lower_bound":47.148505280839366,"upper_bound":49.32219053304694},"point_estimate":48.086133241807985,"standard_error":0.5623955221965342},"median":{"confidence_interval":{"confidence_level":0.95,"lower_bound":46.453533834586466,"upper_bound":46.92896825396825},"point_estimate":46.58869047619048,"standard_error":0.12119855551380324},"median_abs_dev":{"confidence_interval":{"confidence_level":0.95,"lower_bound":0.5268536965470911,"upper_bound":0.9855215646535943},"point_estimate":0.738441377056812,"standard_error":0.1084911600450566},"slope":{"confidence_interval":{"confidence_level":0.95,"lower_bound":46.555978322315966,"upper_bound":47.23789656443715},"point_estimate":46.859058878169265,"standard_error":0.1751937010037067},"std_dev":{"confidence_interval":{"confidence_level":0.95,"lower_bound":1.7905510225692955,"upper_bound":8.457497074547355},"point_estimate":5.651381387741687,"standard_error":1.7711832988394123}}