{"mean":{"confidence_interval":{"confidence_level":0.95,"lower_bound":41.13329970587801,"upper_bound":42.56194279757751},"point_estimate":41.785410395417536,"standard_error":0.36485126239175986},"median":{"confidence_interval":{"confidence_level":0.95,"lower_bound":40.32765837104073,"upper_bound":41.02787990196079},"point_estimate":40.6468545751634,"standard_error":0.14997144467026663},"median_abs_dev":{"confidence_interval":{"confidence_level":0.95,"lower_bound":0.8681111082681964,"upper_bound":2.553014974637258},"point_estimate":1.9045783081318666,"standard_error":0.4934213125789476},"slope":{"confidence_interval":{"confidence_level":0.95,"lower_bound":41.32059418261234,"upper_bound":42.8445773531381},"point_estimate":42.05472770104052,"standard_error":0.38891734113070076},"std_dev":{"confidence_interval":{"confidence_level":0.95,"lower_bound":2.0598043330204914,"upper_bound":5.192720309852437},"point_estimate":3.679430375457162,"standard_error":0.8217832588575747}}