{"mean":{"confidence_interval":{"confidence_level":0.95,"lower_bound":49.856013301380834,"upper_bound":53.58166167869118},"point_estimate":51.58834078863961,"standard_error":0.9527062206090416},"median":{"confidence_interval":{"confidence_level":0.95,"lower_bound":48.01658897521273,"upper_bound":48.31156768927667},"point_estimate":48.068489852081186,"standard_error":0.0767148663107084},"median_abs_dev":{"confidence_interval":{"confidence_level":0.95,"lower_bound":0.20554801425360605,"upper_bound":0.6895455871567859},"point_estimate":0.35287385725433285,"standard_error":0.12157779017975211},"slope":{"confidence_interval":{"confidence_level":0.95,"lower_bound":48.25493994823129,"upper_bound":48.76771126659563},"point_estimate":48.484855961891185,"standard_error":0.1313854070715929},"std_dev":{"confidence_interval":{"confidence_level":0.95,"lower_bound":6.083785084087367,"upper_bound":12.364845154350897},"point_estimate":9.59943305675792,"standard_error":1.5991858211238938}}