{"mean":{"confidence_interval":{"confidence_level":0.95,"lower_bound":136.91559765979503,"upper_bound":137.30981355339415},"point_estimate":137.1045149288749,"standard_error":0.10020643437142007},"median":{"confidence_interval":{"confidence_level":0.95,"lower_bound":137.04330435690682,"upper_bound":137.1744685813287},"point_estimate":137.0976695319962,"standard_error":0.030310891505299153},"median_abs_dev":{"confidence_interval":{"confidence_level":0.95,"lower_bound":0.18752618516374261,"upper_bound":0.32457519909226257},"point_estimate":0.2570709249171156,"standard_error":0.03488309947944106},"slope":{"confidence_interval":{"confidence_level":0.95,"lower_bound":137.10117882769407,"upper_bound":137.23576343975748},"point_estimate":137.16591509106007,"standard_error":0.03432885605099444},"std_dev":{"confidence_interval":{"confidence_level":0.95,"lower_bound":0.5823409254565386,"upper_bound":1.3621628879843461},"point_estimate":1.0070218268693298,"standard_error":0.1990900406503533}}