{"mean":{"confidence_interval":{"confidence_level":0.95,"lower_bound":151.12140124517842,"upper_bound":152.27715358527527},"point_estimate":151.74715932039447,"standard_error":0.29516925552965445},"median":{"confidence_interval":{"confidence_level":0.95,"lower_bound":152.45869841269842,"upper_bound":152.6708930961943},"point_estimate":152.5758714071214,"standard_error":0.060800649502256644},"median_abs_dev":{"confidence_interval":{"confidence_level":0.95,"lower_bound":0.33269601177599856,"upper_bound":0.6347588562521363},"point_estimate":0.5054226403775978,"standard_error":0.07618085690601989},"slope":{"confidence_interval":{"confidence_level":0.95,"lower_bound":152.61338184332664,"upper_bound":152.82695740958465},"point_estimate":152.71714362182487,"standard_error":0.05436954052489546},"std_dev":{"confidence_interval":{"confidence_level":0.95,"lower_bound":1.7194723891140808,"upper_bound":3.9439483401637707},"point_estimate":2.9653528633778565,"standard_error":0.566575710471094}}