{"mean":{"confidence_interval":{"confidence_level":0.95,"lower_bound":135.58259132340038,"upper_bound":135.80846127906048},"point_estimate":135.70352102966038,"standard_error":0.0574795793634832},"median":{"confidence_interval":{"confidence_level":0.95,"lower_bound":135.71714008468595,"upper_bound":135.79224294101812},"point_estimate":135.75179833847145,"standard_error":0.021648813322330998},"median_abs_dev":{"confidence_interval":{"confidence_level":0.95,"lower_bound":0.1359103951406277,"upper_bound":0.2510794596829629},"point_estimate":0.19933006960530103,"standard_error":0.030193571245920453},"slope":{"confidence_interval":{"confidence_level":0.95,"lower_bound":135.75604705397222,"upper_bound":135.83347732016955},"point_estimate":135.79336297752002,"standard_error":0.019741696918655557},"std_dev":{"confidence_interval":{"confidence_level":0.95,"lower_bound":0.2553715370318695,"upper_bound":0.8505483804083914},"point_estimate":0.5778389620133064,"standard_error":0.15337636023053614}}