{"mean":{"confidence_interval":{"confidence_level":0.95,"lower_bound":137.2035470195414,"upper_bound":137.6061594338486},"point_estimate":137.38936009153065,"standard_error":0.10181595101699953},"median":{"confidence_interval":{"confidence_level":0.95,"lower_bound":137.36567952466282,"upper_bound":137.43878042901903},"point_estimate":137.38291425121423,"standard_error":0.018818939626050617},"median_abs_dev":{"confidence_interval":{"confidence_level":0.95,"lower_bound":0.13963574477277332,"upper_bound":0.32992044878069643},"point_estimate":0.22445945560194963,"standard_error":0.049487616363368445},"slope":{"confidence_interval":{"confidence_level":0.95,"lower_bound":137.38862311259606,"upper_bound":137.56619843614982},"point_estimate":137.46664486249836,"standard_error":0.04566471111644888},"std_dev":{"confidence_interval":{"confidence_level":0.95,"lower_bound":0.36907912469793014,"upper_bound":1.5909222764488284},"point_estimate":1.0287061920749747,"standard_error":0.3281145697537179}}