{"mean":{"confidence_interval":{"confidence_level":0.95,"lower_bound":136.923322642316,"upper_bound":137.17449177027774},"point_estimate":137.03623410947307,"standard_error":0.06454102308785024},"median":{"confidence_interval":{"confidence_level":0.95,"lower_bound":136.94799632915266,"upper_bound":137.09778179097546},"point_estimate":137.03236973590293,"standard_error":0.041312053968605905},"median_abs_dev":{"confidence_interval":{"confidence_level":0.95,"lower_bound":0.24620760833541466,"upper_bound":0.4015419767654968},"point_estimate":0.33288123585051027,"standard_error":0.038363616859155535},"slope":{"confidence_interval":{"confidence_level":0.95,"lower_bound":137.057495068541,"upper_bound":137.1815959111626},"point_estimate":137.12188777949675,"standard_error":0.031586398020782},"std_dev":{"confidence_interval":{"confidence_level":0.95,"lower_bound":0.3381780508499069,"upper_bound":0.9679359754799632},"point_estimate":0.6490547439429376,"standard_error":0.17804999498345966}}