{"mean":{"confidence_interval":{"confidence_level":0.95,"lower_bound":270.05637435404805,"upper_bound":270.2889204761031},"point_estimate":270.16401296626043,"standard_error":0.05928067917194922},"median":{"confidence_interval":{"confidence_level":0.95,"lower_bound":270.04831240188383,"upper_bound":270.22192733990147},"point_estimate":270.14066278758696,"standard_error":0.04267829006646568},"median_abs_dev":{"confidence_interval":{"confidence_level":0.95,"lower_bound":0.25105299383835483,"upper_bound":0.3716874045918688},"point_estimate":0.31109120379301763,"standard_error":0.030305335302018538},"slope":{"confidence_interval":{"confidence_level":0.95,"lower_bound":270.22595952154245,"upper_bound":270.3231471101401},"point_estimate":270.2736931241952,"standard_error":0.024794706589291667},"std_dev":{"confidence_interval":{"confidence_level":0.95,"lower_bound":0.3326783013044356,"upper_bound":0.8432501755611622},"point_estimate":0.5996621360441254,"standard_error":0.13439846145786852}}