{"mean":{"confidence_interval":{"confidence_level":0.95,"lower_bound":137.07140413958032,"upper_bound":137.25522364910913},"point_estimate":137.16871717773827,"standard_error":0.04693969696668245},"median":{"confidence_interval":{"confidence_level":0.95,"lower_bound":137.23645320197045,"upper_bound":137.3198787878788},"point_estimate":137.2821296622097,"standard_error":0.020566113197406227},"median_abs_dev":{"confidence_interval":{"confidence_level":0.95,"lower_bound":0.15174375174972735,"upper_bound":0.2870519759885721},"point_estimate":0.21234941488470116,"standard_error":0.033942068181602746},"slope":{"confidence_interval":{"confidence_level":0.95,"lower_bound":137.23165909208814,"upper_bound":137.3308850895125},"point_estimate":137.2834142266039,"standard_error":0.025265010734309517},"std_dev":{"confidence_interval":{"confidence_level":0.95,"lower_bound":0.3218957537727693,"upper_bound":0.5977469628143091},"point_estimate":0.47146167684436696,"standard_error":0.07065169691442696}}