{"mean":{"confidence_interval":{"confidence_level":0.95,"lower_bound":428.3969090346805,"upper_bound":428.7598747467454},"point_estimate":428.5636530147807,"standard_error":0.09279518085558872},"median":{"confidence_interval":{"confidence_level":0.95,"lower_bound":428.1877777777778,"upper_bound":428.3171036204744},"point_estimate":428.246577119883,"standard_error":0.029416330990048246},"median_abs_dev":{"confidence_interval":{"confidence_level":0.95,"lower_bound":0.19409149170554524,"upper_bound":0.38225507684245635},"point_estimate":0.3110100245076912,"standard_error":0.049253905694676435},"slope":{"confidence_interval":{"confidence_level":0.95,"lower_bound":428.2082131608393,"upper_bound":428.33504925606036},"point_estimate":428.2702716582106,"standard_error":0.03237349430519257},"std_dev":{"confidence_interval":{"confidence_level":0.95,"lower_bound":0.5895322684534323,"upper_bound":1.2337669317132942},"point_estimate":0.93115900228627,"standard_error":0.1647353234676652}}