{"mean":{"confidence_interval":{"confidence_level":0.95,"lower_bound":137.3207930052868,"upper_bound":137.66131545122752},"point_estimate":137.48638596012904,"standard_error":0.08624232466668773},"median":{"confidence_interval":{"confidence_level":0.95,"lower_bound":137.49878534944563,"upper_bound":137.58854970244656},"point_estimate":137.55707212063925,"standard_error":0.023452758102139645},"median_abs_dev":{"confidence_interval":{"confidence_level":0.95,"lower_bound":0.15777867518270577,"upper_bound":0.3501172111606291},"point_estimate":0.22112911269918675,"standard_error":0.04853848223155046},"slope":{"confidence_interval":{"confidence_level":0.95,"lower_bound":137.53939043162367,"upper_bound":137.68495461654774},"point_estimate":137.606673867746,"standard_error":0.03710974254751804},"std_dev":{"confidence_interval":{"confidence_level":0.95,"lower_bound":0.48876880754508856,"upper_bound":1.2154996878371027},"point_estimate":0.8683268826183336,"standard_error":0.1879176493082933}}