{"mean":{"confidence_interval":{"confidence_level":0.95,"lower_bound":136.78164864738315,"upper_bound":137.06860468377062},"point_estimate":136.92158731973814,"standard_error":0.07281801679000649},"median":{"confidence_interval":{"confidence_level":0.95,"lower_bound":136.863074912892,"upper_bound":137.09261381475667},"point_estimate":136.99186171072844,"standard_error":0.05955466003787206},"median_abs_dev":{"confidence_interval":{"confidence_level":0.95,"lower_bound":0.3041013857775027,"upper_bound":0.529544208493483},"point_estimate":0.38427602239849723,"standard_error":0.05864720009511528},"slope":{"confidence_interval":{"confidence_level":0.95,"lower_bound":137.0345544001106,"upper_bound":137.16712483152884},"point_estimate":137.1011255462433,"standard_error":0.03387828882726662},"std_dev":{"confidence_interval":{"confidence_level":0.95,"lower_bound":0.49960053288806316,"upper_bound":0.9658843082006623},"point_estimate":0.7301477296091433,"standard_error":0.12221812040856445}}