{"mean":{"confidence_interval":{"confidence_level":0.95,"lower_bound":136.75966615884914,"upper_bound":137.74902039111933},"point_estimate":137.18226542470887,"standard_error":0.2523944144452355},"median":{"confidence_interval":{"confidence_level":0.95,"lower_bound":137.29657417009957,"upper_bound":137.40088509431183},"point_estimate":137.36507076076566,"standard_error":0.026384928450146266},"median_abs_dev":{"confidence_interval":{"confidence_level":0.95,"lower_bound":0.21093325087326084,"upper_bound":0.4379571423817068},"point_estimate":0.3168392717631286,"standard_error":0.058916544173596305},"slope":{"confidence_interval":{"confidence_level":0.95,"lower_bound":137.3010914482814,"upper_bound":137.42588247136976},"point_estimate":137.36377069925211,"standard_error":0.03183396538512441},"std_dev":{"confidence_interval":{"confidence_level":0.95,"lower_bound":0.7825176302526096,"upper_bound":4.091047906242426},"point_estimate":2.5275009464697615,"standard_error":0.9565229250749216}}