{"mean":{"confidence_interval":{"confidence_level":0.95,"lower_bound":429.67860735002324,"upper_bound":430.4912140004156},"point_estimate":430.01586687190536,"standard_error":0.2115961621504721},"median":{"confidence_interval":{"confidence_level":0.95,"lower_bound":429.4146080361587,"upper_bound":429.6839800824176},"point_estimate":429.5622606905665,"standard_error":0.07356976265255977},"median_abs_dev":{"confidence_interval":{"confidence_level":0.95,"lower_bound":0.4072712466605033,"upper_bound":0.6801492138975941},"point_estimate":0.5199799755868645,"standard_error":0.07241699791963835},"slope":{"confidence_interval":{"confidence_level":0.95,"lower_bound":429.3123073450316,"upper_bound":429.4734792008435},"point_estimate":429.39011919055713,"standard_error":0.04095391533540118},"std_dev":{"confidence_interval":{"confidence_level":0.95,"lower_bound":0.775065212571026,"upper_bound":3.377231634861976},"point_estimate":2.1254877914072825,"standard_error":0.7967410301252388}}