{"mean":{"confidence_interval":{"confidence_level":0.95,"lower_bound":136.5126564543733,"upper_bound":136.7502789878136},"point_estimate":136.63414931804695,"standard_error":0.06056904565028298},"median":{"confidence_interval":{"confidence_level":0.95,"lower_bound":136.66404880164708,"upper_bound":136.8599594948773},"point_estimate":136.74111378257197,"standard_error":0.05361666835925638},"median_abs_dev":{"confidence_interval":{"confidence_level":0.95,"lower_bound":0.28197208120197464,"upper_bound":0.5212801173604334},"point_estimate":0.4299477006743085,"standard_error":0.0588088948875707},"slope":{"confidence_interval":{"confidence_level":0.95,"lower_bound":136.5947522990285,"upper_bound":136.7709417107231},"point_estimate":136.68400263313754,"standard_error":0.044969757927306876},"std_dev":{"confidence_interval":{"confidence_level":0.95,"lower_bound":0.4696595407540312,"upper_bound":0.7347166458702145},"point_estimate":0.6072852955461643,"standard_error":0.06796359307087863}}