{"mean":{"confidence_interval":{"confidence_level":0.95,"lower_bound":430.48958504280233,"upper_bound":430.9664398150918},"point_estimate":430.7016288254503,"standard_error":0.12291502887705594},"median":{"confidence_interval":{"confidence_level":0.95,"lower_bound":430.27803288983085,"upper_bound":430.4842558514349},"point_estimate":430.3920430497612,"standard_error":0.046643172753413085},"median_abs_dev":{"confidence_interval":{"confidence_level":0.95,"lower_bound":0.2708741179794418,"upper_bound":0.5483606739976271},"point_estimate":0.3811470412291977,"standard_error":0.06953346656058274},"slope":{"confidence_interval":{"confidence_level":0.95,"lower_bound":430.2680567337076,"upper_bound":430.5383812354008},"point_estimate":430.3887477226136,"standard_error":0.06937095665213105},"std_dev":{"confidence_interval":{"confidence_level":0.95,"lower_bound":0.5882631330213381,"upper_bound":1.841534573273978},"point_estimate":1.2346469072470458,"standard_error":0.34477457574717807}}