{"mean":{"confidence_interval":{"confidence_level":0.95,"lower_bound":149.47490959055708,"upper_bound":151.67340169430045},"point_estimate":150.65049259411242,"standard_error":0.5627363199762708},"median":{"confidence_interval":{"confidence_level":0.95,"lower_bound":152.44632728499096,"upper_bound":152.6873759920635},"point_estimate":152.54066183978466,"standard_error":0.057856616025201806},"median_abs_dev":{"confidence_interval":{"confidence_level":0.95,"lower_bound":0.3550580420746802,"upper_bound":0.6631312199730841},"point_estimate":0.47156528063671826,"standard_error":0.08301528023682546},"slope":{"confidence_interval":{"confidence_level":0.95,"lower_bound":152.55711667434167,"upper_bound":152.72324596018038},"point_estimate":152.64290504572844,"standard_error":0.042443105225968794},"std_dev":{"confidence_interval":{"confidence_level":0.95,"lower_bound":3.6777762595159347,"upper_bound":7.244587352240482},"point_estimate":5.670373915380162,"standard_error":0.9108067347666317}}