{"mean":{"confidence_interval":{"confidence_level":0.95,"lower_bound":136.1004209857528,"upper_bound":136.50143835568701},"point_estimate":136.30516503620552,"standard_error":0.10198341085653036},"median":{"confidence_interval":{"confidence_level":0.95,"lower_bound":136.3208978208978,"upper_bound":136.53423448532143},"point_estimate":136.40131631144288,"standard_error":0.05135387637842031},"median_abs_dev":{"confidence_interval":{"confidence_level":0.95,"lower_bound":0.32741374916755245,"upper_bound":0.6047751203500336},"point_estimate":0.523296930021299,"standard_error":0.07240567517644655},"slope":{"confidence_interval":{"confidence_level":0.95,"lower_bound":136.46919571909737,"upper_bound":136.64684653606093},"point_estimate":136.55722038870553,"standard_error":0.04529855656286801},"std_dev":{"confidence_interval":{"confidence_level":0.95,"lower_bound":0.6308921779832821,"upper_bound":1.3717025620235137},"point_estimate":1.0279439512721513,"standard_error":0.18968079638413315}}