{"mean":{"confidence_interval":{"confidence_level":0.95,"lower_bound":136.8116904529839,"upper_bound":137.0276867343547},"point_estimate":136.9211105686003,"standard_error":0.055147535929415674},"median":{"confidence_interval":{"confidence_level":0.95,"lower_bound":136.94338232106472,"upper_bound":137.11451206235176},"point_estimate":137.03870062862006,"standard_error":0.040805542241385495},"median_abs_dev":{"confidence_interval":{"confidence_level":0.95,"lower_bound":0.26856783445609805,"upper_bound":0.4688544072851967},"point_estimate":0.36436887824757874,"standard_error":0.05080407038552739},"slope":{"confidence_interval":{"confidence_level":0.95,"lower_bound":137.04376680959632,"upper_bound":137.15983623525085},"point_estimate":137.10378090637198,"standard_error":0.029600408792665824},"std_dev":{"confidence_interval":{"confidence_level":0.95,"lower_bound":0.44848244722815916,"upper_bound":0.6520355544621648},"point_estimate":0.5548497340651554,"standard_error":0.05186661822209341}}