{"mean":{"confidence_interval":{"confidence_level":0.95,"lower_bound":136.30544865528086,"upper_bound":136.6325691907541},"point_estimate":136.45543994866924,"standard_error":0.08374446490941709},"median":{"confidence_interval":{"confidence_level":0.95,"lower_bound":136.40575818731432,"upper_bound":136.55855310454425},"point_estimate":136.46335376499496,"standard_error":0.03966208765471851},"median_abs_dev":{"confidence_interval":{"confidence_level":0.95,"lower_bound":0.23745022942926017,"upper_bound":0.4191677301983387},"point_estimate":0.3191601149865963,"standard_error":0.045228337933969916},"slope":{"confidence_interval":{"confidence_level":0.95,"lower_bound":136.24354386439902,"upper_bound":136.44602304416154},"point_estimate":136.347424842745,"standard_error":0.05161850195569057},"std_dev":{"confidence_interval":{"confidence_level":0.95,"lower_bound":0.4546936651270735,"upper_bound":1.210336028075298},"point_estimate":0.8413372195288383,"standard_error":0.20063784422304773}}