{"mean":{"confidence_interval":{"confidence_level":0.95,"lower_bound":8.458418148088237,"upper_bound":8.554023737361472},"point_estimate":8.500225948714176,"standard_error":0.02462581844923219},"median":{"confidence_interval":{"confidence_level":0.95,"lower_bound":8.433577771126409,"upper_bound":8.46765226437527},"point_estimate":8.457854634633454,"standard_error":0.007685120977979913},"median_abs_dev":{"confidence_interval":{"confidence_level":0.95,"lower_bound":0.05238632477626909,"upper_bound":0.09400157391805454},"point_estimate":0.0713249396091515,"standard_error":0.010435824960606297},"slope":{"confidence_interval":{"confidence_level":0.95,"lower_bound":8.439055383939307,"upper_bound":8.488362570895008},"point_estimate":8.460304572794232,"standard_error":0.012616043575381843},"std_dev":{"confidence_interval":{"confidence_level":0.95,"lower_bound":0.09996692143793845,"upper_bound":0.36670329867840484},"point_estimate":0.24879718739284507,"standard_error":0.06989020896434091}}