{"mean":{"confidence_interval":{"confidence_level":0.95,"lower_bound":5.145745244331028,"upper_bound":5.290981808021467},"point_estimate":5.221051612889186,"standard_error":0.03714593609018488},"median":{"confidence_interval":{"confidence_level":0.95,"lower_bound":5.327627380339681,"upper_bound":5.345578544061302},"point_estimate":5.337506456346295,"standard_error":0.003947499021610573},"median_abs_dev":{"confidence_interval":{"confidence_level":0.95,"lower_bound":0.026210486509488137,"upper_bound":0.06868673936860617},"point_estimate":0.044407046732117934,"standard_error":0.011867501905177219},"slope":{"confidence_interval":{"confidence_level":0.95,"lower_bound":5.344739717691256,"upper_bound":5.37300224934132},"point_estimate":5.357517825009469,"standard_error":0.007250906740914167},"std_dev":{"confidence_interval":{"confidence_level":0.95,"lower_bound":0.2827103302010565,"upper_bound":0.445245403077055},"point_estimate":0.3722104123635885,"standard_error":0.04135739995145079}}