{"mean":{"confidence_interval":{"confidence_level":0.95,"lower_bound":8.580087300629017,"upper_bound":8.677584575183646},"point_estimate":8.623895158535753,"standard_error":0.02494364060223873},"median":{"confidence_interval":{"confidence_level":0.95,"lower_bound":8.539276267532063,"upper_bound":8.572414137292261},"point_estimate":8.553646721677534,"standard_error":0.008372857660127835},"median_abs_dev":{"confidence_interval":{"confidence_level":0.95,"lower_bound":0.038918188757428696,"upper_bound":0.07110358010406005},"point_estimate":0.054241810182372466,"standard_error":0.008373818642544386},"slope":{"confidence_interval":{"confidence_level":0.95,"lower_bound":8.553029278413428,"upper_bound":8.606778248677383},"point_estimate":8.577013688809924,"standard_error":0.01383142606459034},"std_dev":{"confidence_interval":{"confidence_level":0.95,"lower_bound":0.12623264152527333,"upper_bound":0.35580569889946484},"point_estimate":0.2516735973575719,"standard_error":0.05850275819018063}}