{"mean":{"confidence_interval":{"confidence_level":0.95,"lower_bound":6.395982248276732,"upper_bound":6.4656269230481245},"point_estimate":6.428454287250922,"standard_error":0.017769402073190853},"median":{"confidence_interval":{"confidence_level":0.95,"lower_bound":6.402104647819385,"upper_bound":6.421394768615421},"point_estimate":6.411150106587636,"standard_error":0.004303876739570648},"median_abs_dev":{"confidence_interval":{"confidence_level":0.95,"lower_bound":0.03036805888880152,"upper_bound":0.06841086727895451},"point_estimate":0.047940028156167915,"standard_error":0.008670233108289712},"slope":{"confidence_interval":{"confidence_level":0.95,"lower_bound":6.405944203373794,"upper_bound":6.445945936700928},"point_estimate":6.422631114524719,"standard_error":0.010376332568080638},"std_dev":{"confidence_interval":{"confidence_level":0.95,"lower_bound":0.10776572232046133,"upper_bound":0.2449357043982569},"point_estimate":0.17866071406179312,"standard_error":0.03547629789645188}}