{"mean":{"confidence_interval":{"confidence_level":0.95,"lower_bound":4.8990317628962545,"upper_bound":4.993025958606372},"point_estimate":4.938991455965922,"standard_error":0.024334276778144603},"median":{"confidence_interval":{"confidence_level":0.95,"lower_bound":4.887619759080346,"upper_bound":4.906485265355173},"point_estimate":4.896500620710663,"standard_error":0.004918649622922481},"median_abs_dev":{"confidence_interval":{"confidence_level":0.95,"lower_bound":0.02776850855737023,"upper_bound":0.046210870181044694},"point_estimate":0.03676361008961024,"standard_error":0.004725468545009017},"slope":{"confidence_interval":{"confidence_level":0.95,"lower_bound":4.880674034722252,"upper_bound":4.894440766574373},"point_estimate":4.887184818330814,"standard_error":0.003509451726015021},"std_dev":{"confidence_interval":{"confidence_level":0.95,"lower_bound":0.038109339593306604,"upper_bound":0.3835264408647808},"point_estimate":0.24442437955169477,"standard_error":0.08570483978587398}}