{"mean":{"confidence_interval":{"confidence_level":0.95,"lower_bound":6.293896157436767,"upper_bound":6.403989236856931},"point_estimate":6.34515975881099,"standard_error":0.028100955553615553},"median":{"confidence_interval":{"confidence_level":0.95,"lower_bound":6.338951043223982,"upper_bound":6.358595242116752},"point_estimate":6.349590859229137,"standard_error":0.003978868999367358},"median_abs_dev":{"confidence_interval":{"confidence_level":0.95,"lower_bound":0.035267649892049835,"upper_bound":0.0706976738637286},"point_estimate":0.052738096143312464,"standard_error":0.009490807763380162},"slope":{"confidence_interval":{"confidence_level":0.95,"lower_bound":6.350072888408184,"upper_bound":6.371662163365413},"point_estimate":6.359709466990846,"standard_error":0.005546769614668339},"std_dev":{"confidence_interval":{"confidence_level":0.95,"lower_bound":0.1537742981096904,"upper_bound":0.40377338100314775},"point_estimate":0.28238546489267247,"standard_error":0.06598825089361893}}