{"mean":{"confidence_interval":{"confidence_level":0.95,"lower_bound":4.822133205263832,"upper_bound":4.885993768704564},"point_estimate":4.850339000524282,"standard_error":0.016402490435145314},"median":{"confidence_interval":{"confidence_level":0.95,"lower_bound":4.799964160101613,"upper_bound":4.819467407044229},"point_estimate":4.808980261204633,"standard_error":0.003997176382718973},"median_abs_dev":{"confidence_interval":{"confidence_level":0.95,"lower_bound":0.028358102665099832,"upper_bound":0.05038852851836994},"point_estimate":0.03694577673950263,"standard_error":0.005195739909549282},"slope":{"confidence_interval":{"confidence_level":0.95,"lower_bound":4.795440739095906,"upper_bound":4.819748483003155},"point_estimate":4.805647198425764,"standard_error":0.006293583321295961},"std_dev":{"confidence_interval":{"confidence_level":0.95,"lower_bound":0.07477813629133395,"upper_bound":0.24170123146504094},"point_estimate":0.1641852346295997,"standard_error":0.043782641005654606}}