{"mean":{"confidence_interval":{"confidence_level":0.95,"lower_bound":11.39336824299831,"upper_bound":12.49209413457548},"point_estimate":11.843158907519529,"standard_error":0.28654235667348665},"median":{"confidence_interval":{"confidence_level":0.95,"lower_bound":11.147771632125826,"upper_bound":11.565541470342005},"point_estimate":11.317372613973195,"standard_error":0.11560060680311632},"median_abs_dev":{"confidence_interval":{"confidence_level":0.95,"lower_bound":0.748324309376964,"upper_bound":1.2335873940362734},"point_estimate":0.9537276293807392,"standard_error":0.1331165920676491},"slope":{"confidence_interval":{"confidence_level":0.95,"lower_bound":11.618799914406084,"upper_bound":13.558550031135544},"point_estimate":12.40224834680141,"standard_error":0.506807420840412},"std_dev":{"confidence_interval":{"confidence_level":0.95,"lower_bound":1.0915438895670757,"upper_bound":4.5848601066413455},"point_estimate":2.872850589221013,"standard_error":1.1085718160854792}}