{"mean":{"confidence_interval":{"confidence_level":0.95,"lower_bound":5.011999717143117,"upper_bound":5.074906647398302},"point_estimate":5.040369378331611,"standard_error":0.01615221762806977},"median":{"confidence_interval":{"confidence_level":0.95,"lower_bound":4.9837893977684535,"upper_bound":4.998246426025661},"point_estimate":4.991311995539506,"standard_error":0.0036133880434005114},"median_abs_dev":{"confidence_interval":{"confidence_level":0.95,"lower_bound":0.02305174637154516,"upper_bound":0.043038949476852315},"point_estimate":0.03297349682183868,"standard_error":0.00516859675629736},"slope":{"confidence_interval":{"confidence_level":0.95,"lower_bound":4.9898701149327005,"upper_bound":5.0322329842916025},"point_estimate":5.009178977158945,"standard_error":0.010839620995883002},"std_dev":{"confidence_interval":{"confidence_level":0.95,"lower_bound":0.08271484392715789,"upper_bound":0.2290503672374704},"point_estimate":0.16309994125205263,"standard_error":0.03730000509816895}}