{"mean":{"confidence_interval":{"confidence_level":0.95,"lower_bound":5.027464535427541,"upper_bound":5.114132183663226},"point_estimate":5.065934391830141,"standard_error":0.02235571034481421},"median":{"confidence_interval":{"confidence_level":0.95,"lower_bound":5.0072600776522505,"upper_bound":5.02974463517272},"point_estimate":5.014791484294288,"standard_error":0.006551665447604128},"median_abs_dev":{"confidence_interval":{"confidence_level":0.95,"lower_bound":0.031510060363027816,"upper_bound":0.05695071719530785},"point_estimate":0.040833739330160476,"standard_error":0.006550863775868218},"slope":{"confidence_interval":{"confidence_level":0.95,"lower_bound":4.997734543352757,"upper_bound":5.015900421034236},"point_estimate":5.006247448677586,"standard_error":0.004638523972391125},"std_dev":{"confidence_interval":{"confidence_level":0.95,"lower_bound":0.0904788277610369,"upper_bound":0.31841000649346163},"point_estimate":0.22435015346743709,"standard_error":0.05737648012789568}}