{"mean":{"confidence_interval":{"confidence_level":0.95,"lower_bound":4.903611151448016,"upper_bound":4.9607473728470595},"point_estimate":4.928619689319513,"standard_error":0.014739659365159986},"median":{"confidence_interval":{"confidence_level":0.95,"lower_bound":4.8876024760359975,"upper_bound":4.903037172518612},"point_estimate":4.89320210537354,"standard_error":0.004703673875077026},"median_abs_dev":{"confidence_interval":{"confidence_level":0.95,"lower_bound":0.023517252273438618,"upper_bound":0.04438578737537565},"point_estimate":0.03252798758753799,"standard_error":0.005525879968477788},"slope":{"confidence_interval":{"confidence_level":0.95,"lower_bound":4.881256054591752,"upper_bound":4.893491239353625},"point_estimate":4.886837833102597,"standard_error":0.003116544388770516},"std_dev":{"confidence_interval":{"confidence_level":0.95,"lower_bound":0.05600730909228905,"upper_bound":0.21871025398801247},"point_estimate":0.1476422681826797,"standard_error":0.041391128720314196}}