{"mean":{"confidence_interval":{"confidence_level":0.95,"lower_bound":5.05118777491931,"upper_bound":5.168046859353559},"point_estimate":5.103326569467749,"standard_error":0.02993299220416413},"median":{"confidence_interval":{"confidence_level":0.95,"lower_bound":5.015706718441422,"upper_bound":5.036579338400464},"point_estimate":5.0264397636604485,"standard_error":0.006113130824765412},"median_abs_dev":{"confidence_interval":{"confidence_level":0.95,"lower_bound":0.03615561541392204,"upper_bound":0.0703885511778676},"point_estimate":0.048052725897445366,"standard_error":0.008118305134955664},"slope":{"confidence_interval":{"confidence_level":0.95,"lower_bound":5.034472951659636,"upper_bound":5.1670683278651905},"point_estimate":5.0915601559927595,"standard_error":0.0343375025889327},"std_dev":{"confidence_interval":{"confidence_level":0.95,"lower_bound":0.1395973848757436,"upper_bound":0.42613406583965613},"point_estimate":0.3006859451931408,"standard_error":0.07226883349425038}}