{"mean":{"confidence_interval":{"confidence_level":0.95,"lower_bound":4.9122119276817005,"upper_bound":5.007382105209223},"point_estimate":4.952561591003171,"standard_error":0.024600244200931497},"median":{"confidence_interval":{"confidence_level":0.95,"lower_bound":4.888796977124183,"upper_bound":4.916704576401267},"point_estimate":4.898692557257062,"standard_error":0.0060849011075463895},"median_abs_dev":{"confidence_interval":{"confidence_level":0.95,"lower_bound":0.03357401661186664,"upper_bound":0.05605116540994461},"point_estimate":0.04302147088140103,"standard_error":0.005592965793822382},"slope":{"confidence_interval":{"confidence_level":0.95,"lower_bound":4.884735078946962,"upper_bound":4.900278398981043},"point_estimate":4.891900397678047,"standard_error":0.0039595776312472564},"std_dev":{"confidence_interval":{"confidence_level":0.95,"lower_bound":0.066828003240206,"upper_bound":0.3877994244635268},"point_estimate":0.24767392703365196,"standard_error":0.08432504905452884}}