{"mean":{"confidence_interval":{"confidence_level":0.95,"lower_bound":6.389202823387723,"upper_bound":6.4517181308583575},"point_estimate":6.417357703891262,"standard_error":0.01600009014637375},"median":{"confidence_interval":{"confidence_level":0.95,"lower_bound":6.388335638543108,"upper_bound":6.408196043768977},"point_estimate":6.398725900715524,"standard_error":0.005469198890100043},"median_abs_dev":{"confidence_interval":{"confidence_level":0.95,"lower_bound":0.026307375597810302,"upper_bound":0.04543992746654543},"point_estimate":0.03667997343540976,"standard_error":0.004724956523815055},"slope":{"confidence_interval":{"confidence_level":0.95,"lower_bound":6.391160433234512,"upper_bound":6.4206861352850755},"point_estimate":6.402991964156803,"standard_error":0.00772695450093424},"std_dev":{"confidence_interval":{"confidence_level":0.95,"lower_bound":0.07337842262109767,"upper_bound":0.23866867381632215},"point_estimate":0.1612003202284599,"standard_error":0.04338646293075048}}