{"mean":{"confidence_interval":{"confidence_level":0.95,"lower_bound":6.247645904944959,"upper_bound":6.407103863905437},"point_estimate":6.312391766048275,"standard_error":0.041721649408423454},"median":{"confidence_interval":{"confidence_level":0.95,"lower_bound":6.2734311855985725,"upper_bound":6.309673951247752},"point_estimate":6.296426294807649,"standard_error":0.010069473609724622},"median_abs_dev":{"confidence_interval":{"confidence_level":0.95,"lower_bound":0.05118754670098942,"upper_bound":0.09871867796217194},"point_estimate":0.07990602484382751,"standard_error":0.011745600938344668},"slope":{"confidence_interval":{"confidence_level":0.95,"lower_bound":6.311521936500575,"upper_bound":6.35063787759827},"point_estimate":6.327956676400433,"standard_error":0.010131457810640015},"std_dev":{"confidence_interval":{"confidence_level":0.95,"lower_bound":0.13745972535904688,"upper_bound":0.6789522620960772},"point_estimate":0.4196439860768233,"standard_error":0.17046943848001014}}