{"mean":{"confidence_interval":{"confidence_level":0.95,"lower_bound":7.494311909824457,"upper_bound":7.577272919433638},"point_estimate":7.529493186586347,"standard_error":0.021475290065422967},"median":{"confidence_interval":{"confidence_level":0.95,"lower_bound":7.474973316409687,"upper_bound":7.490627145714542},"point_estimate":7.482576444498781,"standard_error":0.003987320245029199},"median_abs_dev":{"confidence_interval":{"confidence_level":0.95,"lower_bound":0.028148992867820546,"upper_bound":0.05189004763148873},"point_estimate":0.038989292382969366,"standard_error":0.006041928595578659},"slope":{"confidence_interval":{"confidence_level":0.95,"lower_bound":7.4892822994161,"upper_bound":7.533774960653402},"point_estimate":7.5088651412417695,"standard_error":0.011444652383338985},"std_dev":{"confidence_interval":{"confidence_level":0.95,"lower_bound":0.06507267596729545,"upper_bound":0.3281888570292683},"point_estimate":0.21408756936633289,"standard_error":0.06965752517964331}}