{"mean":{"confidence_interval":{"confidence_level":0.95,"lower_bound":5.679849676051099,"upper_bound":5.7681976538009545},"point_estimate":5.719470885313177,"standard_error":0.022660874888776883},"median":{"confidence_interval":{"confidence_level":0.95,"lower_bound":5.668708648984754,"upper_bound":5.686494552932375},"point_estimate":5.674657418568325,"standard_error":0.004947182625009554},"median_abs_dev":{"confidence_interval":{"confidence_level":0.95,"lower_bound":0.026975366444238227,"upper_bound":0.050968791873507266},"point_estimate":0.03954826087303354,"standard_error":0.006298688307472222},"slope":{"confidence_interval":{"confidence_level":0.95,"lower_bound":5.666397463072015,"upper_bound":5.703318362609751},"point_estimate":5.681428118610819,"standard_error":0.009609708696485392},"std_dev":{"confidence_interval":{"confidence_level":0.95,"lower_bound":0.10834156578883689,"upper_bound":0.3254156160823052},"point_estimate":0.2280736818235752,"standard_error":0.05557864183411883}}