{"mean":{"confidence_interval":{"confidence_level":0.95,"lower_bound":8.481741588596103,"upper_bound":8.595572600687056},"point_estimate":8.531813401968607,"standard_error":0.029339131228720453},"median":{"confidence_interval":{"confidence_level":0.95,"lower_bound":8.457049350517813,"upper_bound":8.47641052724232},"point_estimate":8.465841568320773,"standard_error":0.005231770373592395},"median_abs_dev":{"confidence_interval":{"confidence_level":0.95,"lower_bound":0.031086691735007357,"upper_bound":0.05213362532467704},"point_estimate":0.04129942240295573,"standard_error":0.005573022945879566},"slope":{"confidence_interval":{"confidence_level":0.95,"lower_bound":8.458601341620188,"upper_bound":8.501012695748265},"point_estimate":8.476162067264745,"standard_error":0.010895755029658406},"std_dev":{"confidence_interval":{"confidence_level":0.95,"lower_bound":0.08461776795348636,"upper_bound":0.43246452939344104},"point_estimate":0.29500684646054226,"standard_error":0.08426362119194951}}