{"mean":{"confidence_interval":{"confidence_level":0.95,"lower_bound":5.02737841364488,"upper_bound":5.105154373852787},"point_estimate":5.061087056997848,"standard_error":0.02009704097588183},"median":{"confidence_interval":{"confidence_level":0.95,"lower_bound":5.004573853814039,"upper_bound":5.034661063595562},"point_estimate":5.01935288292357,"standard_error":0.008089179849089903},"median_abs_dev":{"confidence_interval":{"confidence_level":0.95,"lower_bound":0.035524726111203345,"upper_bound":0.06573310381757755},"point_estimate":0.047877818281787804,"standard_error":0.007781065526465417},"slope":{"confidence_interval":{"confidence_level":0.95,"lower_bound":5.0011104514858795,"upper_bound":5.02258513274291},"point_estimate":5.010585533161603,"standard_error":0.0054929370364630555},"std_dev":{"confidence_interval":{"confidence_level":0.95,"lower_bound":0.060350632467852314,"upper_bound":0.30234316664381183},"point_estimate":0.20219375313439142,"standard_error":0.060590587053324436}}