{"mean":{"confidence_interval":{"confidence_level":0.95,"lower_bound":5.053416927223205,"upper_bound":5.119959747736548},"point_estimate":5.08311663438759,"standard_error":0.017059643365899484},"median":{"confidence_interval":{"confidence_level":0.95,"lower_bound":5.043461864346692,"upper_bound":5.058532484613858},"point_estimate":5.048378237307659,"standard_error":0.0038667695231637423},"median_abs_dev":{"confidence_interval":{"confidence_level":0.95,"lower_bound":0.025477832069430117,"upper_bound":0.05089946973441152},"point_estimate":0.03446059802647241,"standard_error":0.006527234405639241},"slope":{"confidence_interval":{"confidence_level":0.95,"lower_bound":5.038371639798359,"upper_bound":5.0647236748473565},"point_estimate":5.050312305680978,"standard_error":0.006738334945637712},"std_dev":{"confidence_interval":{"confidence_level":0.95,"lower_bound":0.07802537723294434,"upper_bound":0.24671447333277519},"point_estimate":0.17217577144311638,"standard_error":0.043180988782234704}}