{"mean":{"confidence_interval":{"confidence_level":0.95,"lower_bound":4.810405555568882,"upper_bound":4.873530440092885},"point_estimate":4.838009822335975,"standard_error":0.016274351138770148},"median":{"confidence_interval":{"confidence_level":0.95,"lower_bound":4.7899149281654845,"upper_bound":4.81238329447585},"point_estimate":4.7962908005305245,"standard_error":0.005689332827770648},"median_abs_dev":{"confidence_interval":{"confidence_level":0.95,"lower_bound":0.028139483034127517,"upper_bound":0.05057183817324764},"point_estimate":0.03663754381571112,"standard_error":0.005327205239054179},"slope":{"confidence_interval":{"confidence_level":0.95,"lower_bound":4.788575779369425,"upper_bound":4.808216496944945},"point_estimate":4.7975395473619455,"standard_error":0.005018250559353856},"std_dev":{"confidence_interval":{"confidence_level":0.95,"lower_bound":0.0617893613530634,"upper_bound":0.24458065280814553},"point_estimate":0.16335878663710726,"standard_error":0.04761763879699606}}