{"mean":{"confidence_interval":{"confidence_level":0.95,"lower_bound":5.029009742538363,"upper_bound":5.090638836196803},"point_estimate":5.055471355697407,"standard_error":0.015909717183869562},"median":{"confidence_interval":{"confidence_level":0.95,"lower_bound":5.021318867070622,"upper_bound":5.035850075303345},"point_estimate":5.029154606439912,"standard_error":0.004427619157150618},"median_abs_dev":{"confidence_interval":{"confidence_level":0.95,"lower_bound":0.022516048515469685,"upper_bound":0.04079717266157817},"point_estimate":0.03034506743085167,"standard_error":0.004563769794309453},"slope":{"confidence_interval":{"confidence_level":0.95,"lower_bound":5.015421575296094,"upper_bound":5.0337618314220824},"point_estimate":5.023709510107095,"standard_error":0.004695650892881246},"std_dev":{"confidence_interval":{"confidence_level":0.95,"lower_bound":0.04664923349389028,"upper_bound":0.24688634499869422},"point_estimate":0.16001470390178876,"standard_error":0.0512168180488183}}