{"mean":{"confidence_interval":{"confidence_level":0.95,"lower_bound":10.641977129419926,"upper_bound":11.273487150910283},"point_estimate":10.923170002346874,"standard_error":0.16196540416131427},"median":{"confidence_interval":{"confidence_level":0.95,"lower_bound":10.317986434442634,"upper_bound":10.571601596716237},"point_estimate":10.432822983026885,"standard_error":0.06708424122252174},"median_abs_dev":{"confidence_interval":{"confidence_level":0.95,"lower_bound":0.3716508021064927,"upper_bound":0.7743384709982972},"point_estimate":0.5323195833135558,"standard_error":0.10383745108873167},"slope":{"confidence_interval":{"confidence_level":0.95,"lower_bound":10.666286684201376,"upper_bound":11.44277592442548},"point_estimate":11.010846633840055,"standard_error":0.1986370759466144},"std_dev":{"confidence_interval":{"confidence_level":0.95,"lower_bound":0.7513200538486238,"upper_bound":2.391983784751768},"point_estimate":1.62896489928308,"standard_error":0.4266065222495696}}