{"mean":{"confidence_interval":{"confidence_level":0.95,"lower_bound":6000.945359992228,"upper_bound":6168.958566045833},"point_estimate":6080.521740123524,"standard_error":42.660689384551716},"median":{"confidence_interval":{"confidence_level":0.95,"lower_bound":5948.021961550994,"upper_bound":6080.9087415508475},"point_estimate":6023.174598930482,"standard_error":32.984807137561425},"median_abs_dev":{"confidence_interval":{"confidence_level":0.95,"lower_bound":221.00867372243263,"upper_bound":373.238697808814},"point_estimate":289.355758485883,"standard_error":39.88027442778736},"slope":{"confidence_interval":{"confidence_level":0.95,"lower_bound":5881.823883311908,"upper_bound":6005.523042010866},"point_estimate":5940.642140154314,"standard_error":31.588578013868638},"std_dev":{"confidence_interval":{"confidence_level":0.95,"lower_bound":308.1263566788902,"upper_bound":535.4067771250511},"point_estimate":427.74400183454884,"standard_error":58.14714924632701}}