{"mean":{"confidence_interval":{"confidence_level":0.95,"lower_bound":5687.3294680304,"upper_bound":5821.243167442545},"point_estimate":5750.115139820817,"standard_error":34.133714866867294},"median":{"confidence_interval":{"confidence_level":0.95,"lower_bound":5629.452200443787,"upper_bound":5729.696992110454},"point_estimate":5684.484637691368,"standard_error":21.28673450172935},"median_abs_dev":{"confidence_interval":{"confidence_level":0.95,"lower_bound":149.1595633243262,"upper_bound":270.80368215899585},"point_estimate":212.7499795770281,"standard_error":28.392910063803207},"slope":{"confidence_interval":{"confidence_level":0.95,"lower_bound":5671.307093300549,"upper_bound":5767.826896593225},"point_estimate":5716.523041946515,"standard_error":24.699444595987664},"std_dev":{"confidence_interval":{"confidence_level":0.95,"lower_bound":220.32848548693119,"upper_bound":473.43276578200505},"point_estimate":343.5363775185287,"standard_error":67.63452951922638}}