{"mean":{"confidence_interval":{"confidence_level":0.95,"lower_bound":12.971296776045248,"upper_bound":13.158172634513871},"point_estimate":13.039614775105612,"standard_error":0.05273741841890861},"median":{"confidence_interval":{"confidence_level":0.95,"lower_bound":12.94955697931222,"upper_bound":12.959603961957015},"point_estimate":12.954252207384314,"standard_error":0.0025711764118517195},"median_abs_dev":{"confidence_interval":{"confidence_level":0.95,"lower_bound":0.009828489234145673,"upper_bound":0.025655814312746612},"point_estimate":0.016059523637288537,"standard_error":0.0038806773217414355},"slope":{"confidence_interval":{"confidence_level":0.95,"lower_bound":12.946480084996875,"upper_bound":12.966075208697507},"point_estimate":12.956378398360052,"standard_error":0.004983940528159008},"std_dev":{"confidence_interval":{"confidence_level":0.95,"lower_bound":0.06289964378796307,"upper_bound":0.895610397425004},"point_estimate":0.5293891449847434,"standard_error":0.2775656696685968}}