{"mean":{"confidence_interval":{"confidence_level":0.95,"lower_bound":13.273611898624376,"upper_bound":13.541549129685594},"point_estimate":13.385697038616902,"standard_error":0.06928667933485011},"median":{"confidence_interval":{"confidence_level":0.95,"lower_bound":13.32454441518847,"upper_bound":13.436320487300947},"point_estimate":13.372657652307042,"standard_error":0.028210003075369885},"median_abs_dev":{"confidence_interval":{"confidence_level":0.95,"lower_bound":0.1961181974306554,"upper_bound":0.37244257362140304},"point_estimate":0.3013716969428373,"standard_error":0.04651710330155597},"slope":{"confidence_interval":{"confidence_level":0.95,"lower_bound":13.286815230501691,"upper_bound":13.4143146393091},"point_estimate":13.351451916533117,"standard_error":0.03252030358275433},"std_dev":{"confidence_interval":{"confidence_level":0.95,"lower_bound":0.2943790010490103,"upper_bound":1.107895414105675},"point_estimate":0.6948499930761318,"standard_error":0.26211175277582177}}