{"mean":{"confidence_interval":{"confidence_level":0.95,"lower_bound":12.86419656686802,"upper_bound":13.261263230477},"point_estimate":13.028019494855533,"standard_error":0.10324521409217505},"median":{"confidence_interval":{"confidence_level":0.95,"lower_bound":12.814354821795765,"upper_bound":12.942775422153465},"point_estimate":12.86499616827606,"standard_error":0.030839745110070416},"median_abs_dev":{"confidence_interval":{"confidence_level":0.95,"lower_bound":0.17909780146207735,"upper_bound":0.31551207178904017},"point_estimate":0.24594499170466147,"standard_error":0.03679934469628819},"slope":{"confidence_interval":{"confidence_level":0.95,"lower_bound":12.85634376371652,"upper_bound":12.943866761078839},"point_estimate":12.899450970158144,"standard_error":0.022327644428524494},"std_dev":{"confidence_interval":{"confidence_level":0.95,"lower_bound":0.24744293884333451,"upper_bound":1.651579865345421},"point_estimate":1.0369754120067523,"standard_error":0.3895282249300691}}