{"mean":{"confidence_interval":{"confidence_level":0.95,"lower_bound":14.056720867535457,"upper_bound":14.422505098624054},"point_estimate":14.201236013037121,"standard_error":0.09768918817976699},"median":{"confidence_interval":{"confidence_level":0.95,"lower_bound":14.037448575493098,"upper_bound":14.045312998371637},"point_estimate":14.040986097170817,"standard_error":0.0016616402984914365},"median_abs_dev":{"confidence_interval":{"confidence_level":0.95,"lower_bound":0.014212701537270394,"upper_bound":0.02610221114230091},"point_estimate":0.019847652504492653,"standard_error":0.0029522415829327155},"slope":{"confidence_interval":{"confidence_level":0.95,"lower_bound":14.041893013217345,"upper_bound":14.056894783421717},"point_estimate":14.048899560864061,"standard_error":0.003838467769825346},"std_dev":{"confidence_interval":{"confidence_level":0.95,"lower_bound":0.06313562605815509,"upper_bound":1.5877839270802097},"point_estimate":0.9869739235605061,"standard_error":0.41941226469617743}}