{"mean":{"confidence_interval":{"confidence_level":0.95,"lower_bound":15.178789625912808,"upper_bound":15.465746711149054},"point_estimate":15.303027290811821,"standard_error":0.07357301796823461},"median":{"confidence_interval":{"confidence_level":0.95,"lower_bound":15.231454197684036,"upper_bound":15.49606707939676},"point_estimate":15.401942139681555,"standard_error":0.0707438120961607},"median_abs_dev":{"confidence_interval":{"confidence_level":0.95,"lower_bound":0.12665051806788213,"upper_bound":0.44181459354133246},"point_estimate":0.25226114238871566,"standard_error":0.08030534838559128},"slope":{"confidence_interval":{"confidence_level":0.95,"lower_bound":15.098763230142296,"upper_bound":15.259054618296295},"point_estimate":15.181119730255682,"standard_error":0.04087292870025864},"std_dev":{"confidence_interval":{"confidence_level":0.95,"lower_bound":0.3447700299936139,"upper_bound":1.1542423032677056},"point_estimate":0.7379753735720012,"standard_error":0.2519357995856307}}