{"mean":{"confidence_interval":{"confidence_level":0.95,"lower_bound":36.46015733420796,"upper_bound":38.530002490791446},"point_estimate":37.392171544951914,"standard_error":0.530697345600689},"median":{"confidence_interval":{"confidence_level":0.95,"lower_bound":35.596270486514385,"upper_bound":35.88909181096681},"point_estimate":35.70993680437653,"standard_error":0.07346401296678774},"median_abs_dev":{"confidence_interval":{"confidence_level":0.95,"lower_bound":0.1904290389961055,"upper_bound":0.5555410200193189},"point_estimate":0.3585977453412126,"standard_error":0.09825687801250593},"slope":{"confidence_interval":{"confidence_level":0.95,"lower_bound":35.800118715136975,"upper_bound":36.326477744038115},"point_estimate":36.039718692018454,"standard_error":0.1348956687852222},"std_dev":{"confidence_interval":{"confidence_level":0.95,"lower_bound":2.8101481611023043,"upper_bound":7.427694746869725},"point_estimate":5.35923539948146,"standard_error":1.178134423476436}}