{"mean":{"confidence_interval":{"confidence_level":0.95,"lower_bound":49.168266976656746,"upper_bound":51.23928099103182},"point_estimate":50.07196608316036,"standard_error":0.5337201276370175},"median":{"confidence_interval":{"confidence_level":0.95,"lower_bound":48.17409867172675,"upper_bound":48.86388180659261},"point_estimate":48.614312525709586,"standard_error":0.22105880494522814},"median_abs_dev":{"confidence_interval":{"confidence_level":0.95,"lower_bound":0.35392558877184216,"upper_bound":1.2509333776818865},"point_estimate":0.8881405795320853,"standard_error":0.26779519910531413},"slope":{"confidence_interval":{"confidence_level":0.95,"lower_bound":48.94410413845189,"upper_bound":49.7518243379034},"point_estimate":49.33030972105112,"standard_error":0.20648495001589226},"std_dev":{"confidence_interval":{"confidence_level":0.95,"lower_bound":2.0165494499561434,"upper_bound":7.955373099136267},"point_estimate":5.364309873986003,"standard_error":1.5349871504407089}}