{"mean":{"confidence_interval":{"confidence_level":0.95,"lower_bound":47.21678872257504,"upper_bound":49.56642753197083},"point_estimate":48.231788622538744,"standard_error":0.6069230403283217},"median":{"confidence_interval":{"confidence_level":0.95,"lower_bound":46.58853118712273,"upper_bound":46.91737006763603},"point_estimate":46.82038517038517,"standard_error":0.0752033140481135},"median_abs_dev":{"confidence_interval":{"confidence_level":0.95,"lower_bound":0.5234717476851712,"upper_bound":0.9607923626216722},"point_estimate":0.7587813035452631,"standard_error":0.11344932229614414},"slope":{"confidence_interval":{"confidence_level":0.95,"lower_bound":46.57291954596305,"upper_bound":46.97137842188709},"point_estimate":46.74826806561253,"standard_error":0.10224047627988427},"std_dev":{"confidence_interval":{"confidence_level":0.95,"lower_bound":1.747402513734487,"upper_bound":9.247395880482621},"point_estimate":6.102973756174876,"standard_error":1.8858072337620395}}