{"mean":{"confidence_interval":{"confidence_level":0.95,"lower_bound":54.522943369292435,"upper_bound":59.03614276756974},"point_estimate":56.55217071810277,"standard_error":1.1603107374710653},"median":{"confidence_interval":{"confidence_level":0.95,"lower_bound":52.725359461966605,"upper_bound":53.137373737373736},"point_estimate":52.895521448248715,"standard_error":0.12496454660221701},"median_abs_dev":{"confidence_interval":{"confidence_level":0.95,"lower_bound":0.24520368932802108,"upper_bound":0.8233543695467569},"point_estimate":0.4684683031227768,"standard_error":0.17000326561720278},"slope":{"confidence_interval":{"confidence_level":0.95,"lower_bound":52.95992025349163,"upper_bound":53.71387955179465},"point_estimate":53.29743804828244,"standard_error":0.19423692216193142},"std_dev":{"confidence_interval":{"confidence_level":0.95,"lower_bound":5.999698773020215,"upper_bound":16.61989034302948},"point_estimate":11.676163872741082,"standard_error":2.755674795966775}}