{"mean":{"confidence_interval":{"confidence_level":0.95,"lower_bound":50.82215092333458,"upper_bound":54.62700534321299},"point_estimate":52.55065520055594,"standard_error":0.971551069232043},"median":{"confidence_interval":{"confidence_level":0.95,"lower_bound":49.46482683982684,"upper_bound":49.932216905901115},"point_estimate":49.7243073794798,"standard_error":0.12429364327207688},"median_abs_dev":{"confidence_interval":{"confidence_level":0.95,"lower_bound":0.6267192752596358,"upper_bound":1.124951491431873},"point_estimate":0.9130721856341445,"standard_error":0.1335481116018213},"slope":{"confidence_interval":{"confidence_level":0.95,"lower_bound":49.588857319799224,"upper_bound":50.17627945525837},"point_estimate":49.8586251460967,"standard_error":0.15015244401110722},"std_dev":{"confidence_interval":{"confidence_level":0.95,"lower_bound":5.5361423349998935,"upper_bound":12.983316534085915},"point_estimate":9.744835231249425,"standard_error":1.8918099688424455}}