{"mean":{"confidence_interval":{"confidence_level":0.95,"lower_bound":5.573287016593645,"upper_bound":5.686633308250527},"point_estimate":5.619500449271702,"standard_error":0.02964420149988836},"median":{"confidence_interval":{"confidence_level":0.95,"lower_bound":5.555506462277318,"upper_bound":5.564094407441362},"point_estimate":5.558371905589414,"standard_error":0.002149449172577161},"median_abs_dev":{"confidence_interval":{"confidence_level":0.95,"lower_bound":0.014728804635507417,"upper_bound":0.03101502707227955},"point_estimate":0.023780286430640146,"standard_error":0.003984693819807036},"slope":{"confidence_interval":{"confidence_level":0.95,"lower_bound":5.566637560510594,"upper_bound":5.600270931895236},"point_estimate":5.580757118626742,"standard_error":0.008688915552000171},"std_dev":{"confidence_interval":{"confidence_level":0.95,"lower_bound":0.07359894312521044,"upper_bound":0.4792044010740431},"point_estimate":0.29727841077662254,"standard_error":0.11627652838635344}}