{"mean":{"confidence_interval":{"confidence_level":0.95,"lower_bound":5.640305460831835,"upper_bound":5.76550755708083},"point_estimate":5.68963488023644,"standard_error":0.03325908010762555},"median":{"confidence_interval":{"confidence_level":0.95,"lower_bound":5.628331988990489,"upper_bound":5.6357847680759665},"point_estimate":5.631971000603128,"standard_error":0.0021505910945200913},"median_abs_dev":{"confidence_interval":{"confidence_level":0.95,"lower_bound":0.013662619420861,"upper_bound":0.021686637198055532},"point_estimate":0.017762052050907674,"standard_error":0.0020523457155924266},"slope":{"confidence_interval":{"confidence_level":0.95,"lower_bound":5.634219438253731,"upper_bound":5.663551210991365},"point_estimate":5.647278709281487,"standard_error":0.007515601491768891},"std_dev":{"confidence_interval":{"confidence_level":0.95,"lower_bound":0.05129369932958052,"upper_bound":0.5488085931843938},"point_estimate":0.33441476510380497,"standard_error":0.14547157494714374}}