{"mean":{"confidence_interval":{"confidence_level":0.95,"lower_bound":6.411269533387821,"upper_bound":6.497839159024809},"point_estimate":6.450520149334945,"standard_error":0.02218695205018109},"median":{"confidence_interval":{"confidence_level":0.95,"lower_bound":6.43132251180715,"upper_bound":6.455477214685095},"point_estimate":6.442852545714438,"standard_error":0.005925830497833615},"median_abs_dev":{"confidence_interval":{"confidence_level":0.95,"lower_bound":0.038266922958149235,"upper_bound":0.08512472708793653},"point_estimate":0.05548249014303037,"standard_error":0.011929690039406709},"slope":{"confidence_interval":{"confidence_level":0.95,"lower_bound":6.383941220657121,"upper_bound":6.465649488913332},"point_estimate":6.424466060774526,"standard_error":0.020905419294674012},"std_dev":{"confidence_interval":{"confidence_level":0.95,"lower_bound":0.11668718580103345,"upper_bound":0.3143723364230573},"point_estimate":0.2225983548828395,"standard_error":0.05217373330722013}}