{"mean":{"confidence_interval":{"confidence_level":0.95,"lower_bound":5.573210595118144,"upper_bound":5.676662931751778},"point_estimate":5.617045428489107,"standard_error":0.026856043484467938},"median":{"confidence_interval":{"confidence_level":0.95,"lower_bound":5.548432606829879,"upper_bound":5.559421887328864},"point_estimate":5.551396245868503,"standard_error":0.0030685106115922226},"median_abs_dev":{"confidence_interval":{"confidence_level":0.95,"lower_bound":0.018118670293793444,"upper_bound":0.03364431670701951},"point_estimate":0.022498075493862443,"standard_error":0.004091628418958936},"slope":{"confidence_interval":{"confidence_level":0.95,"lower_bound":5.551985975652898,"upper_bound":5.568779433441756},"point_estimate":5.5591458790791775,"standard_error":0.004325576715070051},"std_dev":{"confidence_interval":{"confidence_level":0.95,"lower_bound":0.07994535182840605,"upper_bound":0.4238910587823376},"point_estimate":0.27049059963460564,"standard_error":0.09335755156907287}}