{"mean":{"confidence_interval":{"confidence_level":0.95,"lower_bound":5.220690853744073,"upper_bound":5.381428764791656},"point_estimate":5.280923499947999,"standard_error":0.04370241445977537},"median":{"confidence_interval":{"confidence_level":0.95,"lower_bound":5.202418494483384,"upper_bound":5.213413292253521},"point_estimate":5.208495766264252,"standard_error":0.0026100926554969333},"median_abs_dev":{"confidence_interval":{"confidence_level":0.95,"lower_bound":0.016780690056483746,"upper_bound":0.029864810667710247},"point_estimate":0.024267870427971763,"standard_error":0.0033031434399307517},"slope":{"confidence_interval":{"confidence_level":0.95,"lower_bound":5.21072453161217,"upper_bound":5.269090454847165},"point_estimate":5.234738425937627,"standard_error":0.015197679943268124},"std_dev":{"confidence_interval":{"confidence_level":0.95,"lower_bound":0.07176866991103142,"upper_bound":0.7342343875993312},"point_estimate":0.43861767235696447,"standard_error":0.21467736132190357}}