{"mean":{"confidence_interval":{"confidence_level":0.95,"lower_bound":6.723234372091968,"upper_bound":7.076430564073231},"point_estimate":6.894458023339871,"standard_error":0.08990722067822818},"median":{"confidence_interval":{"confidence_level":0.95,"lower_bound":6.280069955042524,"upper_bound":6.347633854802027},"point_estimate":6.2878103301750325,"standard_error":0.026354346450897594},"median_abs_dev":{"confidence_interval":{"confidence_level":0.95,"lower_bound":0.026503381347728058,"upper_bound":0.1383413705333303},"point_estimate":0.04604362310808201,"standard_error":0.03890219604467579},"slope":{"confidence_interval":{"confidence_level":0.95,"lower_bound":6.684820168407292,"upper_bound":7.0924392648033425},"point_estimate":6.895256793830886,"standard_error":0.10422693875494743},"std_dev":{"confidence_interval":{"confidence_level":0.95,"lower_bound":0.7686025719525533,"upper_bound":1.043861185471128},"point_estimate":0.9043403819433229,"standard_error":0.07088947223911961}}