{"mean":{"confidence_interval":{"confidence_level":0.95,"lower_bound":85.27223607781642,"upper_bound":85.69597556564274},"point_estimate":85.45703688812506,"standard_error":0.10973917010416852},"median":{"confidence_interval":{"confidence_level":0.95,"lower_bound":85.19557514475845,"upper_bound":85.27634603750757},"point_estimate":85.24151104188445,"standard_error":0.01791508269049326},"median_abs_dev":{"confidence_interval":{"confidence_level":0.95,"lower_bound":0.13948188170123899,"upper_bound":0.24234809802312318},"point_estimate":0.18962756360677147,"standard_error":0.02620045438316666},"slope":{"confidence_interval":{"confidence_level":0.95,"lower_bound":85.20350548138536,"upper_bound":85.28806851307642},"point_estimate":85.24406690469952,"standard_error":0.021542328227974528},"std_dev":{"confidence_interval":{"confidence_level":0.95,"lower_bound":0.4274867298535383,"upper_bound":1.6240448815481934},"point_estimate":1.0996510524015366,"standard_error":0.3086304201013654}}