{"mean":{"confidence_interval":{"confidence_level":0.95,"lower_bound":88.19887008353474,"upper_bound":88.50151637251287},"point_estimate":88.31644840705789,"standard_error":0.0808872596767306},"median":{"confidence_interval":{"confidence_level":0.95,"lower_bound":88.19246105436913,"upper_bound":88.27230991437119},"point_estimate":88.21928195605076,"standard_error":0.022069480148416584},"median_abs_dev":{"confidence_interval":{"confidence_level":0.95,"lower_bound":0.1163925709033789,"upper_bound":0.18532861314867294},"point_estimate":0.15070577598602822,"standard_error":0.018058521382135272},"slope":{"confidence_interval":{"confidence_level":0.95,"lower_bound":88.19224455836216,"upper_bound":88.24956192196038},"point_estimate":88.22086935081069,"standard_error":0.014622000624968184},"std_dev":{"confidence_interval":{"confidence_level":0.95,"lower_bound":0.1944595684452021,"upper_bound":1.3528254980751173},"point_estimate":0.8153615109229355,"standard_error":0.37442854802993353}}