{"mean":{"confidence_interval":{"confidence_level":0.95,"lower_bound":128.32745429394012,"upper_bound":128.39216720612558},"point_estimate":128.3580975051275,"standard_error":0.016534461707857915},"median":{"confidence_interval":{"confidence_level":0.95,"lower_bound":128.30556487515324,"upper_bound":128.37141974420186},"point_estimate":128.32992572962226,"standard_error":0.01603768848812249},"median_abs_dev":{"confidence_interval":{"confidence_level":0.95,"lower_bound":0.08815309593413148,"upper_bound":0.15687868650826714},"point_estimate":0.1203763148226111,"standard_error":0.01804118252124404},"slope":{"confidence_interval":{"confidence_level":0.95,"lower_bound":128.2569801074129,"upper_bound":128.30707733169373},"point_estimate":128.28183615997267,"standard_error":0.012758305018865055},"std_dev":{"confidence_interval":{"confidence_level":0.95,"lower_bound":0.1159412528518753,"upper_bound":0.2170774052108269},"point_estimate":0.16607950443564096,"standard_error":0.026420196366147723}}