{"mean":{"confidence_interval":{"confidence_level":0.95,"lower_bound":170.84707991686713,"upper_bound":179.1305977791427},"point_estimate":174.42048616864392,"standard_error":2.13427502137509},"median":{"confidence_interval":{"confidence_level":0.95,"lower_bound":168.12176346255464,"upper_bound":169.999846405898},"point_estimate":168.84458986754706,"standard_error":0.48124267133741133},"median_abs_dev":{"confidence_interval":{"confidence_level":0.95,"lower_bound":2.4005945096863903,"upper_bound":4.641833726721741},"point_estimate":3.0888643028435587,"standard_error":0.5645610479933781},"slope":{"confidence_interval":{"confidence_level":0.95,"lower_bound":171.02631485091388,"upper_bound":178.4446210655972},"point_estimate":174.22116005000234,"standard_error":1.923321945251392},"std_dev":{"confidence_interval":{"confidence_level":0.95,"lower_bound":9.63518960383074,"upper_bound":32.662811893928904},"point_estimate":21.473146360941346,"standard_error":6.590248748966029}}