{"mean":{"confidence_interval":{"confidence_level":0.95,"lower_bound":90.276855086067,"upper_bound":90.56260139259312},"point_estimate":90.39174928570874,"standard_error":0.0755783782092303},"median":{"confidence_interval":{"confidence_level":0.95,"lower_bound":90.26476452631765,"upper_bound":90.30408419593746},"point_estimate":90.28858308596278,"standard_error":0.012733204685095234},"median_abs_dev":{"confidence_interval":{"confidence_level":0.95,"lower_bound":0.05849628092114728,"upper_bound":0.11012332883735389},"point_estimate":0.08061170967939024,"standard_error":0.013394723208396481},"slope":{"confidence_interval":{"confidence_level":0.95,"lower_bound":90.2826873124682,"upper_bound":90.3425655879871},"point_estimate":90.30922794552748,"standard_error":0.015390638503513207},"std_dev":{"confidence_interval":{"confidence_level":0.95,"lower_bound":0.15325950023881216,"upper_bound":1.2382787352816842},"point_estimate":0.7588365358538373,"standard_error":0.3179205352048753}}