{"mean":{"confidence_interval":{"confidence_level":0.95,"lower_bound":151.03071348952847,"upper_bound":151.09565513892835},"point_estimate":151.06318630574538,"standard_error":0.01652573629502815},"median":{"confidence_interval":{"confidence_level":0.95,"lower_bound":151.05318959372772,"upper_bound":151.0835849870578},"point_estimate":151.0674241293161,"standard_error":0.008744587366269587},"median_abs_dev":{"confidence_interval":{"confidence_level":0.95,"lower_bound":0.05854559549976981,"upper_bound":0.10562909246735884},"point_estimate":0.07802904898605455,"standard_error":0.011710513808823273},"slope":{"confidence_interval":{"confidence_level":0.95,"lower_bound":151.06288878819956,"upper_bound":151.10148287175272},"point_estimate":151.08177050633861,"standard_error":0.00985273746416023},"std_dev":{"confidence_interval":{"confidence_level":0.95,"lower_bound":0.11477892921210626,"upper_bound":0.21459195374168324},"point_estimate":0.1661168005363657,"standard_error":0.025613491048027865}}