{"mean":{"confidence_interval":{"confidence_level":0.95,"lower_bound":89.67536661667724,"upper_bound":89.87554719406003},"point_estimate":89.75949905003213,"standard_error":0.0519512122566794},"median":{"confidence_interval":{"confidence_level":0.95,"lower_bound":89.68377089768103,"upper_bound":89.72563513897032},"point_estimate":89.70900445309542,"standard_error":0.01135335543918075},"median_abs_dev":{"confidence_interval":{"confidence_level":0.95,"lower_bound":0.08235459952683134,"upper_bound":0.16522138742812656},"point_estimate":0.11129428912773451,"standard_error":0.02259457776892188},"slope":{"confidence_interval":{"confidence_level":0.95,"lower_bound":89.68855051989637,"upper_bound":89.78366183203991},"point_estimate":89.72868290215055,"standard_error":0.024568689310969158},"std_dev":{"confidence_interval":{"confidence_level":0.95,"lower_bound":0.18532281720431248,"upper_bound":0.825245063734253},"point_estimate":0.5233339178474735,"standard_error":0.18653863126477552}}