{"mean":{"confidence_interval":{"confidence_level":0.95,"lower_bound":89.68181372090078,"upper_bound":89.99942734321168},"point_estimate":89.79811865377293,"standard_error":0.09144093707219589},"median":{"confidence_interval":{"confidence_level":0.95,"lower_bound":89.68156195874666,"upper_bound":89.72602739726027},"point_estimate":89.70376950967491,"standard_error":0.013885245473664848},"median_abs_dev":{"confidence_interval":{"confidence_level":0.95,"lower_bound":0.06375041115753252,"upper_bound":0.1096832284466044},"point_estimate":0.07985714809701057,"standard_error":0.011615247378641827},"slope":{"confidence_interval":{"confidence_level":0.95,"lower_bound":89.69594045020061,"upper_bound":89.73181460470222},"point_estimate":89.71337447932005,"standard_error":0.009179811277168765},"std_dev":{"confidence_interval":{"confidence_level":0.95,"lower_bound":0.12455431856163124,"upper_bound":1.5610958206491834},"point_estimate":0.9183891633719823,"standard_error":0.495515298117105}}