{"mean":{"confidence_interval":{"confidence_level":0.95,"lower_bound":88.37080458480524,"upper_bound":88.59493731542402},"point_estimate":88.47008770265003,"standard_error":0.057655504461546374},"median":{"confidence_interval":{"confidence_level":0.95,"lower_bound":88.32644434006576,"upper_bound":88.37710614107984},"point_estimate":88.34810463217697,"standard_error":0.012431491015538974},"median_abs_dev":{"confidence_interval":{"confidence_level":0.95,"lower_bound":0.09993922797385825,"upper_bound":0.17062638969444854},"point_estimate":0.12598008524579254,"standard_error":0.018378370045161293},"slope":{"confidence_interval":{"confidence_level":0.95,"lower_bound":88.35327923993218,"upper_bound":88.4757612110923},"point_estimate":88.40879404187272,"standard_error":0.03134144119589508},"std_dev":{"confidence_interval":{"confidence_level":0.95,"lower_bound":0.21534072764619527,"upper_bound":0.8307108260853793},"point_estimate":0.5817592535947984,"standard_error":0.1484762743755828}}