{"mean":{"confidence_interval":{"confidence_level":0.95,"lower_bound":88.03322197168451,"upper_bound":88.1444276214553},"point_estimate":88.08098329886394,"standard_error":0.0287149204574907},"median":{"confidence_interval":{"confidence_level":0.95,"lower_bound":88.00973871409029,"upper_bound":88.06067398794143},"point_estimate":88.03551911451498,"standard_error":0.013314310952075782},"median_abs_dev":{"confidence_interval":{"confidence_level":0.95,"lower_bound":0.07606211721697505,"upper_bound":0.1300111128540956},"point_estimate":0.10510426240793855,"standard_error":0.013022893897405395},"slope":{"confidence_interval":{"confidence_level":0.95,"lower_bound":88.04338266161231,"upper_bound":88.1022727605144},"point_estimate":88.0707484901076,"standard_error":0.015028514295523876},"std_dev":{"confidence_interval":{"confidence_level":0.95,"lower_bound":0.11823599147253902,"upper_bound":0.45637415744536924},"point_estimate":0.28980593333187155,"standard_error":0.10140205796264178}}