{"mean":{"confidence_interval":{"confidence_level":0.95,"lower_bound":66.54734535693065,"upper_bound":66.70742740680103},"point_estimate":66.63200752337805,"standard_error":0.0407885156560895},"median":{"confidence_interval":{"confidence_level":0.95,"lower_bound":66.66113554249844,"upper_bound":66.71184127839123},"point_estimate":66.68461181142524,"standard_error":0.011487235715056264},"median_abs_dev":{"confidence_interval":{"confidence_level":0.95,"lower_bound":0.07756401900203863,"upper_bound":0.14110986983522128},"point_estimate":0.10513871475700864,"standard_error":0.01668938849825712},"slope":{"confidence_interval":{"confidence_level":0.95,"lower_bound":66.6822710466338,"upper_bound":66.73327532370342},"point_estimate":66.70628615926057,"standard_error":0.01300293713489239},"std_dev":{"confidence_interval":{"confidence_level":0.95,"lower_bound":0.2209206074243501,"upper_bound":0.5670050459231109},"point_estimate":0.41131554280873,"standard_error":0.08794208644772832}}