{"mean":{"confidence_interval":{"confidence_level":0.95,"lower_bound":89.66116738739251,"upper_bound":89.82391195682548},"point_estimate":89.72401478855453,"standard_error":0.04343776743978047},"median":{"confidence_interval":{"confidence_level":0.95,"lower_bound":89.64768214433968,"upper_bound":89.67954737773488},"point_estimate":89.65931455517662,"standard_error":0.008187700815866849},"median_abs_dev":{"confidence_interval":{"confidence_level":0.95,"lower_bound":0.04809535668767865,"upper_bound":0.093943004476572},"point_estimate":0.07285106295655859,"standard_error":0.01193030195540956},"slope":{"confidence_interval":{"confidence_level":0.95,"lower_bound":89.65158751671915,"upper_bound":89.68601023419146},"point_estimate":89.6688140823464,"standard_error":0.00874364986490462},"std_dev":{"confidence_interval":{"confidence_level":0.95,"lower_bound":0.10528223258319097,"upper_bound":0.7223881231401902},"point_estimate":0.43645334738418895,"standard_error":0.20025094339023722}}