{"mean":{"confidence_interval":{"confidence_level":0.95,"lower_bound":88.35240243386835,"upper_bound":88.53893068393074},"point_estimate":88.43832383305326,"standard_error":0.04758003978991666},"median":{"confidence_interval":{"confidence_level":0.95,"lower_bound":88.32166455490749,"upper_bound":88.36515080911633},"point_estimate":88.34887069056627,"standard_error":0.01049524203634587},"median_abs_dev":{"confidence_interval":{"confidence_level":0.95,"lower_bound":0.0626418164466467,"upper_bound":0.14486419904537615},"point_estimate":0.10107987025876496,"standard_error":0.021379747394829115},"slope":{"confidence_interval":{"confidence_level":0.95,"lower_bound":88.32478679799368,"upper_bound":88.41995521758516},"point_estimate":88.36295436807455,"standard_error":0.024791072071230855},"std_dev":{"confidence_interval":{"confidence_level":0.95,"lower_bound":0.2891455360278156,"upper_bound":0.6360103922045451},"point_estimate":0.47715382187820443,"standard_error":0.0886998488179796}}