{"mean":{"confidence_interval":{"confidence_level":0.95,"lower_bound":88.9133035866313,"upper_bound":89.17708677057968},"point_estimate":89.0198620384734,"standard_error":0.06976492981190421},"median":{"confidence_interval":{"confidence_level":0.95,"lower_bound":88.90686247496298,"upper_bound":88.93807755775578},"point_estimate":88.923835536263,"standard_error":0.008662528512858949},"median_abs_dev":{"confidence_interval":{"confidence_level":0.95,"lower_bound":0.05828088898978709,"upper_bound":0.11375837048556908},"point_estimate":0.07605915802121925,"standard_error":0.013958478273277666},"slope":{"confidence_interval":{"confidence_level":0.95,"lower_bound":88.90577057753971,"upper_bound":88.97197730013552},"point_estimate":88.9385722068164,"standard_error":0.016843972743425587},"std_dev":{"confidence_interval":{"confidence_level":0.95,"lower_bound":0.14249092997263807,"upper_bound":1.1440169834574412},"point_estimate":0.703095454484056,"standard_error":0.28821013413104934}}