{"mean":{"confidence_interval":{"confidence_level":0.95,"lower_bound":88.04846479585912,"upper_bound":88.34277608525943},"point_estimate":88.18016998117226,"standard_error":0.07539147828947222},"median":{"confidence_interval":{"confidence_level":0.95,"lower_bound":87.97729424452731,"upper_bound":88.01765803956854},"point_estimate":87.99447188629176,"standard_error":0.010317280932928873},"median_abs_dev":{"confidence_interval":{"confidence_level":0.95,"lower_bound":0.07229253623447025,"upper_bound":0.12689312745100928},"point_estimate":0.09549829856746637,"standard_error":0.013689214931744312},"slope":{"confidence_interval":{"confidence_level":0.95,"lower_bound":88.02810152098513,"upper_bound":88.50206093009149},"point_estimate":88.23622041073953,"standard_error":0.12275992891576752},"std_dev":{"confidence_interval":{"confidence_level":0.95,"lower_bound":0.36337924869395005,"upper_bound":1.0524599124924787},"point_estimate":0.7579349609868713,"standard_error":0.17585260227288219}}