{"mean":{"confidence_interval":{"confidence_level":0.95,"lower_bound":122.48913232282017,"upper_bound":124.93062995280434},"point_estimate":123.35358681791284,"standard_error":0.7197547853768337},"median":{"confidence_interval":{"confidence_level":0.95,"lower_bound":122.39749584402082,"upper_bound":122.48440904495459},"point_estimate":122.44336053989988,"standard_error":0.02490686424891279},"median_abs_dev":{"confidence_interval":{"confidence_level":0.95,"lower_bound":0.0937753722304665,"upper_bound":0.1762719913636953},"point_estimate":0.1359464975167588,"standard_error":0.023699479416176727},"slope":{"confidence_interval":{"confidence_level":0.95,"lower_bound":122.44608843917847,"upper_bound":122.58348141790846},"point_estimate":122.50819272598648,"standard_error":0.03500137782677641},"std_dev":{"confidence_interval":{"confidence_level":0.95,"lower_bound":0.22554982376555135,"upper_bound":12.323753855587285},"point_estimate":7.237532961312383,"standard_error":4.0465316674464}}