{"mean":{"confidence_interval":{"confidence_level":0.95,"lower_bound":88.05465277197878,"upper_bound":88.6360011013999},"point_estimate":88.26952090558342,"standard_error":0.16032589944288528},"median":{"confidence_interval":{"confidence_level":0.95,"lower_bound":88.03078373221142,"upper_bound":88.09621353196772},"point_estimate":88.06932179972367,"standard_error":0.016718979586168196},"median_abs_dev":{"confidence_interval":{"confidence_level":0.95,"lower_bound":0.08859926187896032,"upper_bound":0.13937114864688177},"point_estimate":0.10824558530545837,"standard_error":0.012771316823622154},"slope":{"confidence_interval":{"confidence_level":0.95,"lower_bound":88.03510119213584,"upper_bound":88.08313416342286},"point_estimate":88.05843766399487,"standard_error":0.012241396716424203},"std_dev":{"confidence_interval":{"confidence_level":0.95,"lower_bound":0.19490127827611559,"upper_bound":2.7156581238377933},"point_estimate":1.6116876804872768,"standard_error":0.8163243698436321}}