{"mean":{"confidence_interval":{"confidence_level":0.95,"lower_bound":171.44866697811676,"upper_bound":171.56760971314932},"point_estimate":171.50834295653362,"standard_error":0.03033727016471982},"median":{"confidence_interval":{"confidence_level":0.95,"lower_bound":171.46432996990617,"upper_bound":171.52727356582406},"point_estimate":171.49607286117606,"standard_error":0.016019189131612394},"median_abs_dev":{"confidence_interval":{"confidence_level":0.95,"lower_bound":0.1109063214258258,"upper_bound":0.20179764735935152},"point_estimate":0.1452843403490086,"standard_error":0.02333695803419584},"slope":{"confidence_interval":{"confidence_level":0.95,"lower_bound":171.47496677467925,"upper_bound":171.5455850102095},"point_estimate":171.5076964445321,"standard_error":0.01792908154323644},"std_dev":{"confidence_interval":{"confidence_level":0.95,"lower_bound":0.22301117255710354,"upper_bound":0.3749473881950503},"point_estimate":0.303933293756336,"standard_error":0.038675862650428265}}