{"mean":{"confidence_interval":{"confidence_level":0.95,"lower_bound":127.65507963991871,"upper_bound":127.73691531985693},"point_estimate":127.6925936494509,"standard_error":0.02098637646779988},"median":{"confidence_interval":{"confidence_level":0.95,"lower_bound":127.62456417520157,"upper_bound":127.66326694645096},"point_estimate":127.6429737587595,"standard_error":0.009683501827596709},"median_abs_dev":{"confidence_interval":{"confidence_level":0.95,"lower_bound":0.05979918224144408,"upper_bound":0.10516807194535892},"point_estimate":0.08039707251606543,"standard_error":0.011952458194513236},"slope":{"confidence_interval":{"confidence_level":0.95,"lower_bound":127.62968178899213,"upper_bound":127.72098892525938},"point_estimate":127.66740862693517,"standard_error":0.023984714032421663},"std_dev":{"confidence_interval":{"confidence_level":0.95,"lower_bound":0.11846057463336089,"upper_bound":0.29368154599969115},"point_estimate":0.21102346972316852,"standard_error":0.04545354092301259}}