{"mean":{"confidence_interval":{"confidence_level":0.95,"lower_bound":163.1167497827099,"upper_bound":167.08248325806537},"point_estimate":165.07587678676285,"standard_error":1.0111423308702394},"median":{"confidence_interval":{"confidence_level":0.95,"lower_bound":162.42909420289854,"upper_bound":167.20235194902548},"point_estimate":164.75318534786317,"standard_error":1.273657388655702},"median_abs_dev":{"confidence_interval":{"confidence_level":0.95,"lower_bound":6.977758945704531,"upper_bound":12.005501834584333},"point_estimate":9.191830966882703,"standard_error":1.2914433492351816},"slope":{"confidence_interval":{"confidence_level":0.95,"lower_bound":163.42857277194315,"upper_bound":167.81818551203756},"point_estimate":165.5977902700231,"standard_error":1.1211573504965915},"std_dev":{"confidence_interval":{"confidence_level":0.95,"lower_bound":8.25722930078847,"upper_bound":12.14289264568096},"point_estimate":10.140682923079211,"standard_error":1.0102302691215876}}