{"mean":{"confidence_interval":{"confidence_level":0.95,"lower_bound":88.0213351253064,"upper_bound":88.18864338646591},"point_estimate":88.09102045130423,"standard_error":0.04348795254705275},"median":{"confidence_interval":{"confidence_level":0.95,"lower_bound":87.99453659458226,"upper_bound":88.03604698694656},"point_estimate":88.01701238252414,"standard_error":0.01107484985112472},"median_abs_dev":{"confidence_interval":{"confidence_level":0.95,"lower_bound":0.07653889381028267,"upper_bound":0.14559429074098768},"point_estimate":0.10109293295301308,"standard_error":0.017970715451415382},"slope":{"confidence_interval":{"confidence_level":0.95,"lower_bound":88.00027106439863,"upper_bound":88.05640370549558},"point_estimate":88.02716516473521,"standard_error":0.01433334890864983},"std_dev":{"confidence_interval":{"confidence_level":0.95,"lower_bound":0.167536792768969,"upper_bound":0.6926582200045948},"point_estimate":0.43656723721266233,"standard_error":0.16131900920834163}}