{"mean":{"confidence_interval":{"confidence_level":0.95,"lower_bound":88.58438008660703,"upper_bound":88.75966787379255},"point_estimate":88.6602488050811,"standard_error":0.045488205796498565},"median":{"confidence_interval":{"confidence_level":0.95,"lower_bound":88.55943201916403,"upper_bound":88.59989406842703},"point_estimate":88.57664524718487,"standard_error":0.010858996162181143},"median_abs_dev":{"confidence_interval":{"confidence_level":0.95,"lower_bound":0.062123756836669326,"upper_bound":0.11429681743486551},"point_estimate":0.08946931044225728,"standard_error":0.01325928480493642},"slope":{"confidence_interval":{"confidence_level":0.95,"lower_bound":88.59115494726602,"upper_bound":88.6698801496539},"point_estimate":88.62912412618859,"standard_error":0.020177692877790723},"std_dev":{"confidence_interval":{"confidence_level":0.95,"lower_bound":0.14692961057672338,"upper_bound":0.6893099725138947},"point_estimate":0.4579309739354069,"standard_error":0.14438301322048183}}