{"mean":{"confidence_interval":{"confidence_level":0.95,"lower_bound":28.43817132966,"upper_bound":30.416549361167142},"point_estimate":29.272825134339563,"standard_error":0.5126800738795616},"median":{"confidence_interval":{"confidence_level":0.95,"lower_bound":27.923926041533043,"upper_bound":28.378095855722314},"point_estimate":28.07025581028499,"standard_error":0.16704934127450308},"median_abs_dev":{"confidence_interval":{"confidence_level":0.95,"lower_bound":0.22469149487375917,"upper_bound":0.7102630217593635},"point_estimate":0.434830825777281,"standard_error":0.14764416399594063},"slope":{"confidence_interval":{"confidence_level":0.95,"lower_bound":28.246011132612782,"upper_bound":28.428639076155832},"point_estimate":28.33396449581656,"standard_error":0.04642602518454465},"std_dev":{"confidence_interval":{"confidence_level":0.95,"lower_bound":1.3641919550738992,"upper_bound":8.092466068130873},"point_estimate":5.142707995899447,"standard_error":1.8058209864981225}}