{"mean":{"confidence_interval":{"confidence_level":0.95,"lower_bound":28.97816055247936,"upper_bound":30.10711711254764},"point_estimate":29.43174470229254,"standard_error":0.2987771198121214},"median":{"confidence_interval":{"confidence_level":0.95,"lower_bound":28.815743339923323,"upper_bound":28.994980919196948},"point_estimate":28.869457023812423,"standard_error":0.04595159214822065},"median_abs_dev":{"confidence_interval":{"confidence_level":0.95,"lower_bound":0.23957180055936605,"upper_bound":0.4395907039737661},"point_estimate":0.3172199057265874,"standard_error":0.05028894191696192},"slope":{"confidence_interval":{"confidence_level":0.95,"lower_bound":28.839126741046,"upper_bound":28.9691727564094},"point_estimate":28.898177649373444,"standard_error":0.03313637899777709},"std_dev":{"confidence_interval":{"confidence_level":0.95,"lower_bound":0.4235908448822573,"upper_bound":4.856745106840255},"point_estimate":3.004631039415802,"standard_error":1.233947660580345}}