{"mean":{"confidence_interval":{"confidence_level":0.95,"lower_bound":29.46937309318406,"upper_bound":30.737962407886506},"point_estimate":30.0342202878917,"standard_error":0.32561989267249203},"median":{"confidence_interval":{"confidence_level":0.95,"lower_bound":29.078193578193577,"upper_bound":29.362656199285944},"point_estimate":29.14145807895808,"standard_error":0.08401535712396865},"median_abs_dev":{"confidence_interval":{"confidence_level":0.95,"lower_bound":0.2593493971050268,"upper_bound":0.5485303107744586},"point_estimate":0.36990398141278336,"standard_error":0.07425004422378435},"slope":{"confidence_interval":{"confidence_level":0.95,"lower_bound":29.21529707327936,"upper_bound":29.37431746044689},"point_estimate":29.2939183367246,"standard_error":0.04054277824324266},"std_dev":{"confidence_interval":{"confidence_level":0.95,"lower_bound":1.472480496110042,"upper_bound":4.569393187446066},"point_estimate":3.254821274261883,"standard_error":0.7840248908254153}}