{"mean":{"confidence_interval":{"confidence_level":0.95,"lower_bound":8.280450622720744,"upper_bound":8.528848576760065},"point_estimate":8.374134268034506,"standard_error":0.0672928882533307},"median":{"confidence_interval":{"confidence_level":0.95,"lower_bound":8.25160463586673,"upper_bound":8.265791720017072},"point_estimate":8.257151741396129,"standard_error":0.004008090365349571},"median_abs_dev":{"confidence_interval":{"confidence_level":0.95,"lower_bound":0.019715006757363984,"upper_bound":0.0380842942913907},"point_estimate":0.025831583732859514,"standard_error":0.004724066248749436},"slope":{"confidence_interval":{"confidence_level":0.95,"lower_bound":8.267571388219634,"upper_bound":8.325292789279814},"point_estimate":8.289656933623665,"standard_error":0.015488482318948928},"std_dev":{"confidence_interval":{"confidence_level":0.95,"lower_bound":0.11971547801943971,"upper_bound":1.1321785952083174},"point_estimate":0.6782244728616263,"standard_error":0.32706684576695005}}