{"mean":{"confidence_interval":{"confidence_level":0.95,"lower_bound":8.180751207226761,"upper_bound":8.46360826244716},"point_estimate":8.292514795821536,"standard_error":0.07618675027209675},"median":{"confidence_interval":{"confidence_level":0.95,"lower_bound":8.175675315667874,"upper_bound":8.182995917395537},"point_estimate":8.17989107219137,"standard_error":0.001702206456562451},"median_abs_dev":{"confidence_interval":{"confidence_level":0.95,"lower_bound":0.012502623443134405,"upper_bound":0.02837680111338798},"point_estimate":0.017039260478005733,"standard_error":0.003969847682654772},"slope":{"confidence_interval":{"confidence_level":0.95,"lower_bound":8.18103065354228,"upper_bound":8.190364415886215},"point_estimate":8.185411733588898,"standard_error":0.0023841786106292722},"std_dev":{"confidence_interval":{"confidence_level":0.95,"lower_bound":0.03576194684064946,"upper_bound":1.222145094733507},"point_estimate":0.7650899712878616,"standard_error":0.32499697258416693}}