{"mean":{"confidence_interval":{"confidence_level":0.95,"lower_bound":9.931238848082755,"upper_bound":10.233070383541877},"point_estimate":10.041641080254454,"standard_error":0.08638477305126613},"median":{"confidence_interval":{"confidence_level":0.95,"lower_bound":9.82890933271782,"upper_bound":10.028741265658864},"point_estimate":9.860687767404555,"standard_error":0.04359994711000109},"median_abs_dev":{"confidence_interval":{"confidence_level":0.95,"lower_bound":0.048667304667074834,"upper_bound":0.22435463720759094},"point_estimate":0.09527282389422853,"standard_error":0.047310834927911216},"slope":{"confidence_interval":{"confidence_level":0.95,"lower_bound":10.017979411231165,"upper_bound":10.073626014596655},"point_estimate":10.048664726053916,"standard_error":0.014184889293855378},"std_dev":{"confidence_interval":{"confidence_level":0.95,"lower_bound":0.1459913605267617,"upper_bound":1.4685915941455154},"point_estimate":0.86683167897165,"standard_error":0.4625654205489288}}