{"mean":{"confidence_interval":{"confidence_level":0.95,"lower_bound":9.074413654036052,"upper_bound":9.336096286600313},"point_estimate":9.172856978874501,"standard_error":0.07007674078093003},"median":{"confidence_interval":{"confidence_level":0.95,"lower_bound":9.061086063348933,"upper_bound":9.07409655810278},"point_estimate":9.065722612884976,"standard_error":0.0034419945383617626},"median_abs_dev":{"confidence_interval":{"confidence_level":0.95,"lower_bound":0.022566732315072655,"upper_bound":0.043666333230193324},"point_estimate":0.034045257452950554,"standard_error":0.005710227368556088},"slope":{"confidence_interval":{"confidence_level":0.95,"lower_bound":9.076308020016468,"upper_bound":9.121638990005094},"point_estimate":9.095394043388286,"standard_error":0.011880040584358995},"std_dev":{"confidence_interval":{"confidence_level":0.95,"lower_bound":0.06747381408817854,"upper_bound":1.1793772575950103},"point_estimate":0.7065035267259705,"standard_error":0.3375257699004939}}