{"mean":{"confidence_interval":{"confidence_level":0.95,"lower_bound":7.15755158291288,"upper_bound":7.303200089287348},"point_estimate":7.2092753253718636,"standard_error":0.04312468144140494},"median":{"confidence_interval":{"confidence_level":0.95,"lower_bound":7.153233900675037,"upper_bound":7.1595979246922035},"point_estimate":7.157045761242827,"standard_error":0.0015762138402146443},"median_abs_dev":{"confidence_interval":{"confidence_level":0.95,"lower_bound":0.009823493685393004,"upper_bound":0.02040910284693927},"point_estimate":0.015136096840146529,"standard_error":0.002649883303850126},"slope":{"confidence_interval":{"confidence_level":0.95,"lower_bound":7.1572522774397935,"upper_bound":7.171329520455164},"point_estimate":7.16353745079038,"standard_error":0.003617742364431374},"std_dev":{"confidence_interval":{"confidence_level":0.95,"lower_bound":0.024818024430951727,"upper_bound":0.7394603809899554},"point_estimate":0.43389203740806565,"standard_error":0.2436396180130409}}