{"mean":{"confidence_interval":{"confidence_level":0.95,"lower_bound":13.066657529935025,"upper_bound":13.518756131736923},"point_estimate":13.240711628376987,"standard_error":0.12129902053026877},"median":{"confidence_interval":{"confidence_level":0.95,"lower_bound":13.038395190799791,"upper_bound":13.37465022600781},"point_estimate":13.36334510651908,"standard_error":0.07934339975460947},"median_abs_dev":{"confidence_interval":{"confidence_level":0.95,"lower_bound":0.06186529498441633,"upper_bound":0.6625686488189773},"point_estimate":0.16801055483895302,"standard_error":0.1488175069144762},"slope":{"confidence_interval":{"confidence_level":0.95,"lower_bound":13.311329158753873,"upper_bound":13.379000845220112},"point_estimate":13.347804284668896,"standard_error":0.017225122972931755},"std_dev":{"confidence_interval":{"confidence_level":0.95,"lower_bound":0.353980350005266,"upper_bound":2.0272211860029548},"point_estimate":1.221325938214542,"standard_error":0.5699014050173914}}