{"mean":{"confidence_interval":{"confidence_level":0.95,"lower_bound":5.038346738563302,"upper_bound":5.16326304861019},"point_estimate":5.086467446339734,"standard_error":0.033396172605197706},"median":{"confidence_interval":{"confidence_level":0.95,"lower_bound":5.016948488524922,"upper_bound":5.026505947798031},"point_estimate":5.020982241789036,"standard_error":0.0020053558002719844},"median_abs_dev":{"confidence_interval":{"confidence_level":0.95,"lower_bound":0.015918123579999225,"upper_bound":0.025851715911356016},"point_estimate":0.021132230425402767,"standard_error":0.002494925592501842},"slope":{"confidence_interval":{"confidence_level":0.95,"lower_bound":5.027943769112726,"upper_bound":5.056041870213103},"point_estimate":5.040172667953308,"standard_error":0.007220018940396219},"std_dev":{"confidence_interval":{"confidence_level":0.95,"lower_bound":0.08158043564547734,"upper_bound":0.5553876102533718},"point_estimate":0.33621458784889163,"standard_error":0.15367749205189987}}