{"mean":{"confidence_interval":{"confidence_level":0.95,"lower_bound":5.429638678666362,"upper_bound":5.543825817546164},"point_estimate":5.476712936047021,"standard_error":0.02987041910022361},"median":{"confidence_interval":{"confidence_level":0.95,"lower_bound":5.417195541098264,"upper_bound":5.423462380509118},"point_estimate":5.419524793303994,"standard_error":0.001504508043549078},"median_abs_dev":{"confidence_interval":{"confidence_level":0.95,"lower_bound":0.011938018253373902,"upper_bound":0.019965159432149285},"point_estimate":0.01609691924909157,"standard_error":0.0021746531577765855},"slope":{"confidence_interval":{"confidence_level":0.95,"lower_bound":5.421520631954155,"upper_bound":5.437646676158338},"point_estimate":5.4283678178441015,"standard_error":0.004160659213169105},"std_dev":{"confidence_interval":{"confidence_level":0.95,"lower_bound":0.057543631705897054,"upper_bound":0.4807958741105911},"point_estimate":0.30058004186117326,"standard_error":0.11535312531954899}}