{"mean":{"confidence_interval":{"confidence_level":0.95,"lower_bound":5.204879747006697,"upper_bound":5.280595813937534},"point_estimate":5.236619371501639,"standard_error":0.01981080125592411},"median":{"confidence_interval":{"confidence_level":0.95,"lower_bound":5.2015167774908635,"upper_bound":5.206183220076339},"point_estimate":5.2054676283174235,"standard_error":0.0013963701968083683},"median_abs_dev":{"confidence_interval":{"confidence_level":0.95,"lower_bound":0.00707998761661385,"upper_bound":0.013678727394743538},"point_estimate":0.010098926658450679,"standard_error":0.0016413629635359708},"slope":{"confidence_interval":{"confidence_level":0.95,"lower_bound":5.199814746381093,"upper_bound":5.212679085489184},"point_estimate":5.2055184901980605,"standard_error":0.003304422359103197},"std_dev":{"confidence_interval":{"confidence_level":0.95,"lower_bound":0.03642948734772277,"upper_bound":0.3071741379046334},"point_estimate":0.1998846214469263,"standard_error":0.07263341489419903}}