{"mean":{"confidence_interval":{"confidence_level":0.95,"lower_bound":5.2138132389896565,"upper_bound":5.357958882588413},"point_estimate":5.265902242901039,"standard_error":0.0410868984336034},"median":{"confidence_interval":{"confidence_level":0.95,"lower_bound":5.203376644209175,"upper_bound":5.210609749193229},"point_estimate":5.2067872406042,"standard_error":0.001915490962111718},"median_abs_dev":{"confidence_interval":{"confidence_level":0.95,"lower_bound":0.011832217569270194,"upper_bound":0.022081673889646294},"point_estimate":0.016062294030974263,"standard_error":0.002627119073080105},"slope":{"confidence_interval":{"confidence_level":0.95,"lower_bound":5.203806912952003,"upper_bound":5.218939110910793},"point_estimate":5.210244288899607,"standard_error":0.003893888942709727},"std_dev":{"confidence_interval":{"confidence_level":0.95,"lower_bound":0.04474823334709052,"upper_bound":0.6972157163053193},"point_estimate":0.41137078984566744,"standard_error":0.21949635501528095}}