{"mean":{"confidence_interval":{"confidence_level":0.95,"lower_bound":6.2920161602440485,"upper_bound":6.395247161115041},"point_estimate":6.334064377074982,"standard_error":0.027027985100665626},"median":{"confidence_interval":{"confidence_level":0.95,"lower_bound":6.2684268915021075,"upper_bound":6.281974430233447},"point_estimate":6.273495308773764,"standard_error":0.003630147127850404},"median_abs_dev":{"confidence_interval":{"confidence_level":0.95,"lower_bound":0.02100615576579096,"upper_bound":0.04382193475627346},"point_estimate":0.03427822907970846,"standard_error":0.005698260151868467},"slope":{"confidence_interval":{"confidence_level":0.95,"lower_bound":6.2916481805286235,"upper_bound":6.3257586918973585},"point_estimate":6.307826357757725,"standard_error":0.008720110737135162},"std_dev":{"confidence_interval":{"confidence_level":0.95,"lower_bound":0.06821974740370043,"upper_bound":0.4402156554431617},"point_estimate":0.2727713319540088,"standard_error":0.10736810079721455}}