{"mean":{"confidence_interval":{"confidence_level":0.95,"lower_bound":5.198753111281823,"upper_bound":5.279228395728563},"point_estimate":5.228263225022809,"standard_error":0.022649599857172596},"median":{"confidence_interval":{"confidence_level":0.95,"lower_bound":5.194343222228887,"upper_bound":5.200512886476001},"point_estimate":5.197304271560096,"standard_error":0.001623160820644673},"median_abs_dev":{"confidence_interval":{"confidence_level":0.95,"lower_bound":0.009811466190059234,"upper_bound":0.01723066116929106},"point_estimate":0.013215807180412847,"standard_error":0.0018605079143971797},"slope":{"confidence_interval":{"confidence_level":0.95,"lower_bound":5.200608332239187,"upper_bound":5.217520966211841},"point_estimate":5.207847023569497,"standard_error":0.004370129151931634},"std_dev":{"confidence_interval":{"confidence_level":0.95,"lower_bound":0.03456862857100383,"upper_bound":0.3845985176829797},"point_estimate":0.227609061632184,"standard_error":0.11889565069072049}}