{"mean":{"confidence_interval":{"confidence_level":0.95,"lower_bound":2.1737557537945995,"upper_bound":2.180394341753308},"point_estimate":2.1767614199009704,"standard_error":0.0017058694073668356},"median":{"confidence_interval":{"confidence_level":0.95,"lower_bound":2.170449563354197,"upper_bound":2.1764833456209827},"point_estimate":2.174042871227056,"standard_error":0.0016661505450256096},"median_abs_dev":{"confidence_interval":{"confidence_level":0.95,"lower_bound":0.007900353603710488,"upper_bound":0.012681755042133102},"point_estimate":0.010074077219954772,"standard_error":0.001233330260784652},"slope":{"confidence_interval":{"confidence_level":0.95,"lower_bound":2.173244010085581,"upper_bound":2.1770292815155132},"point_estimate":2.175110279167068,"standard_error":0.0009665827790418356},"std_dev":{"confidence_interval":{"confidence_level":0.95,"lower_bound":0.009056309697004406,"upper_bound":0.024254646063878872},"point_estimate":0.017172696782428543,"standard_error":0.0040678723772876475}}