{"mean":{"confidence_interval":{"confidence_level":0.95,"lower_bound":2.1860751908667395,"upper_bound":2.1932237763418883},"point_estimate":2.189488082813633,"standard_error":0.0018288384127153575},"median":{"confidence_interval":{"confidence_level":0.95,"lower_bound":2.183930127581915,"upper_bound":2.1881234110241503},"point_estimate":2.185284833178831,"standard_error":0.001167231321299216},"median_abs_dev":{"confidence_interval":{"confidence_level":0.95,"lower_bound":0.0067822766371216665,"upper_bound":0.013582380015693007},"point_estimate":0.010102602615530957,"standard_error":0.001752852503247938},"slope":{"confidence_interval":{"confidence_level":0.95,"lower_bound":2.1850613622625983,"upper_bound":2.1900328659064305},"point_estimate":2.1874432827846815,"standard_error":0.0012631274453384995},"std_dev":{"confidence_interval":{"confidence_level":0.95,"lower_bound":0.013509818967798886,"upper_bound":0.023732375364400836},"point_estimate":0.018367485915672367,"standard_error":0.0027175741363828815}}