{"mean":{"confidence_interval":{"confidence_level":0.95,"lower_bound":2.189049447283157,"upper_bound":2.195591809982163},"point_estimate":2.192232033153781,"standard_error":0.001672774434556406},"median":{"confidence_interval":{"confidence_level":0.95,"lower_bound":2.1871072761884545,"upper_bound":2.192666895651966},"point_estimate":2.1900095739117575,"standard_error":0.0015712108409292357},"median_abs_dev":{"confidence_interval":{"confidence_level":0.95,"lower_bound":0.007939658253318336,"upper_bound":0.014252079807066291},"point_estimate":0.01060494261382873,"standard_error":0.0016656838278195712},"slope":{"confidence_interval":{"confidence_level":0.95,"lower_bound":2.188091718314954,"upper_bound":2.1935058825586307},"point_estimate":2.190603540817359,"standard_error":0.0013814208933694433},"std_dev":{"confidence_interval":{"confidence_level":0.95,"lower_bound":0.01310669653558644,"upper_bound":0.020191931364449165},"point_estimate":0.016807451483939237,"standard_error":0.0018103090622112717}}