{"mean":{"confidence_interval":{"confidence_level":0.95,"lower_bound":2.1709030175694313,"upper_bound":2.1769197804414455},"point_estimate":2.1734969435613785,"standard_error":0.0015522430174243977},"median":{"confidence_interval":{"confidence_level":0.95,"lower_bound":2.167381642413876,"upper_bound":2.172288555655122},"point_estimate":2.170324103312276,"standard_error":0.0011672471271990937},"median_abs_dev":{"confidence_interval":{"confidence_level":0.95,"lower_bound":0.006209393502811458,"upper_bound":0.011173501714663815},"point_estimate":0.008843923468299745,"standard_error":0.0013196379500405632},"slope":{"confidence_interval":{"confidence_level":0.95,"lower_bound":2.1700879493871006,"upper_bound":2.1730303901168417},"point_estimate":2.171517230451323,"standard_error":0.0007501599927938838},"std_dev":{"confidence_interval":{"confidence_level":0.95,"lower_bound":0.007753285143859104,"upper_bound":0.023993402984823244},"point_estimate":0.015637819821614298,"standard_error":0.005131836681979613}}