{"mean":{"confidence_interval":{"confidence_level":0.95,"lower_bound":4.019688888159641,"upper_bound":4.023711574443228},"point_estimate":4.0216081612895485,"standard_error":0.0010289142583764766},"median":{"confidence_interval":{"confidence_level":0.95,"lower_bound":4.017785121569658,"upper_bound":4.02058591927829},"point_estimate":4.019184005096649,"standard_error":0.0006733182140088372},"median_abs_dev":{"confidence_interval":{"confidence_level":0.95,"lower_bound":0.005879635776959079,"upper_bound":0.009794848317763363},"point_estimate":0.008120193358439519,"standard_error":0.0009793627208082912},"slope":{"confidence_interval":{"confidence_level":0.95,"lower_bound":4.018020482046535,"upper_bound":4.021146291195255},"point_estimate":4.0195461012622795,"standard_error":0.0007948619865480017},"std_dev":{"confidence_interval":{"confidence_level":0.95,"lower_bound":0.007408770925739908,"upper_bound":0.013155743767666933},"point_estimate":0.01035694606459037,"standard_error":0.001489160696165137}}