{"mean":{"confidence_interval":{"confidence_level":0.95,"lower_bound":2.1894489294287354,"upper_bound":2.1943976655424526},"point_estimate":2.1918472867926617,"standard_error":0.0012676244856824187},"median":{"confidence_interval":{"confidence_level":0.95,"lower_bound":2.186998638258708,"upper_bound":2.1916295375002703},"point_estimate":2.189302497020681,"standard_error":0.0012841433037940088},"median_abs_dev":{"confidence_interval":{"confidence_level":0.95,"lower_bound":0.006636567152993733,"upper_bound":0.013168089576297804},"point_estimate":0.009612228278856438,"standard_error":0.0016856577956459542},"slope":{"confidence_interval":{"confidence_level":0.95,"lower_bound":2.188417905611411,"upper_bound":2.1933123965246497},"point_estimate":2.190761884312242,"standard_error":0.001250399118219811},"std_dev":{"confidence_interval":{"confidence_level":0.95,"lower_bound":0.010087997538143049,"upper_bound":0.01528042984848336},"point_estimate":0.012789454024801028,"standard_error":0.0013294593837208475}}