{"mean":{"confidence_interval":{"confidence_level":0.95,"lower_bound":2.8846521169659853,"upper_bound":2.8896205752274517},"point_estimate":2.8870643001427156,"standard_error":0.0012683994620171436},"median":{"confidence_interval":{"confidence_level":0.95,"lower_bound":2.8849287823779783,"upper_bound":2.88782833794673},"point_estimate":2.8865324976158933,"standard_error":0.0007502630171106788},"median_abs_dev":{"confidence_interval":{"confidence_level":0.95,"lower_bound":0.0066923892595062906,"upper_bound":0.011519326836605418},"point_estimate":0.009035719383478608,"standard_error":0.0012194657628693004},"slope":{"confidence_interval":{"confidence_level":0.95,"lower_bound":2.884827686188985,"upper_bound":2.8889017564685884},"point_estimate":2.8868650538937763,"standard_error":0.0010348662625405615},"std_dev":{"confidence_interval":{"confidence_level":0.95,"lower_bound":0.009997103614450522,"upper_bound":0.015324201462588734},"point_estimate":0.012728252924207862,"standard_error":0.0013619066387485941}}