{"mean":{"confidence_interval":{"confidence_level":0.95,"lower_bound":2.1844258055040986,"upper_bound":2.192709347749212},"point_estimate":2.1883495755267957,"standard_error":0.002118816789989252},"median":{"confidence_interval":{"confidence_level":0.95,"lower_bound":2.182827562867028,"upper_bound":2.1878823852585962},"point_estimate":2.185430468140478,"standard_error":0.00134608306143352},"median_abs_dev":{"confidence_interval":{"confidence_level":0.95,"lower_bound":0.009936969866412008,"upper_bound":0.018328138997408486},"point_estimate":0.013520898935451268,"standard_error":0.0021644188306282467},"slope":{"confidence_interval":{"confidence_level":0.95,"lower_bound":2.1842415827923465,"upper_bound":2.190326307261855},"point_estimate":2.1870291091865597,"standard_error":0.0015470523240155394},"std_dev":{"confidence_interval":{"confidence_level":0.95,"lower_bound":0.014807985711824609,"upper_bound":0.027331325704235077},"point_estimate":0.021295660132794398,"standard_error":0.003210364018357726}}