{"mean":{"confidence_interval":{"confidence_level":0.95,"lower_bound":2.185902116271063,"upper_bound":2.1932054337709026},"point_estimate":2.1893878106354783,"standard_error":0.0018604751585243906},"median":{"confidence_interval":{"confidence_level":0.95,"lower_bound":2.18293030522425,"upper_bound":2.1872462021618464},"point_estimate":2.185285596305535,"standard_error":0.0012499419272481813},"median_abs_dev":{"confidence_interval":{"confidence_level":0.95,"lower_bound":0.007404045914285031,"upper_bound":0.01536715151278611},"point_estimate":0.010517649713646465,"standard_error":0.002099969217015357},"slope":{"confidence_interval":{"confidence_level":0.95,"lower_bound":2.183963186397571,"upper_bound":2.188337296119899},"point_estimate":2.18604348706222,"standard_error":0.0011127042732108363},"std_dev":{"confidence_interval":{"confidence_level":0.95,"lower_bound":0.013841603195188188,"upper_bound":0.023868132878989545},"point_estimate":0.01872335274201752,"standard_error":0.0026185338124648547}}