{"mean":{"confidence_interval":{"confidence_level":0.95,"lower_bound":2.1840938706915862,"upper_bound":2.192592040728429},"point_estimate":2.1878119389636494,"standard_error":0.0021849425347086845},"median":{"confidence_interval":{"confidence_level":0.95,"lower_bound":2.182260228794984,"upper_bound":2.1861604523890525},"point_estimate":2.1839273950340363,"standard_error":0.0010851238381036777},"median_abs_dev":{"confidence_interval":{"confidence_level":0.95,"lower_bound":0.006280355737507482,"upper_bound":0.01203049267832572},"point_estimate":0.008101966172995119,"standard_error":0.0014519463078711604},"slope":{"confidence_interval":{"confidence_level":0.95,"lower_bound":2.182987366091946,"upper_bound":2.1867764294011893},"point_estimate":2.184798789910001,"standard_error":0.0009679698299014891},"std_dev":{"confidence_interval":{"confidence_level":0.95,"lower_bound":0.010975550639661252,"upper_bound":0.03337010848330849},"point_estimate":0.022021257488217313,"standard_error":0.006649663253654842}}