{"mean":{"confidence_interval":{"confidence_level":0.95,"lower_bound":2.1812889973391485,"upper_bound":2.1865068163574635},"point_estimate":2.183837266296975,"standard_error":0.00133553456374267},"median":{"confidence_interval":{"confidence_level":0.95,"lower_bound":2.1804449257810075,"upper_bound":2.1834817340233403},"point_estimate":2.181705655745475,"standard_error":0.000696605256899913},"median_abs_dev":{"confidence_interval":{"confidence_level":0.95,"lower_bound":0.005987101438281485,"upper_bound":0.011500266962138116},"point_estimate":0.008151462169448419,"standard_error":0.0013934329653216805},"slope":{"confidence_interval":{"confidence_level":0.95,"lower_bound":2.1801825063544458,"upper_bound":2.1835921779244973},"point_estimate":2.1819126043487107,"standard_error":0.0008668804189686769},"std_dev":{"confidence_interval":{"confidence_level":0.95,"lower_bound":0.010947471822751026,"upper_bound":0.015494563550381658},"point_estimate":0.013396263391617948,"standard_error":0.001159987812406808}}