{"mean":{"confidence_interval":{"confidence_level":0.95,"lower_bound":2.185146294250623,"upper_bound":2.190648130729873},"point_estimate":2.187813801355422,"standard_error":0.0014062441039089874},"median":{"confidence_interval":{"confidence_level":0.95,"lower_bound":2.1839928723502733,"upper_bound":2.187018735793555},"point_estimate":2.185669616389305,"standard_error":0.0006999025527341256},"median_abs_dev":{"confidence_interval":{"confidence_level":0.95,"lower_bound":0.005731041076612512,"upper_bound":0.011831717079878745},"point_estimate":0.008330771147390925,"standard_error":0.001616635145611073},"slope":{"confidence_interval":{"confidence_level":0.95,"lower_bound":2.184813257377098,"upper_bound":2.1886110219192974},"point_estimate":2.1866165094390793,"standard_error":0.0009678986898650647},"std_dev":{"confidence_interval":{"confidence_level":0.95,"lower_bound":0.011089797624327227,"upper_bound":0.016846584756349824},"point_estimate":0.014100853184109172,"standard_error":0.00147471937476536}}