{"mean":{"confidence_interval":{"confidence_level":0.95,"lower_bound":4.02212155809727,"upper_bound":4.028702605059722},"point_estimate":4.025142666835749,"standard_error":0.0016853048049623137},"median":{"confidence_interval":{"confidence_level":0.95,"lower_bound":4.019620006026282,"upper_bound":4.023155681000609},"point_estimate":4.021517157832274,"standard_error":0.0009553084265524444},"median_abs_dev":{"confidence_interval":{"confidence_level":0.95,"lower_bound":0.0071629532092700905,"upper_bound":0.011707891867953322},"point_estimate":0.009051782819356669,"standard_error":0.0011168704800883626},"slope":{"confidence_interval":{"confidence_level":0.95,"lower_bound":4.0204331120287895,"upper_bound":4.024834021082549},"point_estimate":4.022502005288612,"standard_error":0.0011209368482867222},"std_dev":{"confidence_interval":{"confidence_level":0.95,"lower_bound":0.010309341019324784,"upper_bound":0.023847804351311206},"point_estimate":0.01693829458223656,"standard_error":0.0037681725252367436}}