{"mean":{"confidence_interval":{"confidence_level":0.95,"lower_bound":2.170215435492537,"upper_bound":2.173743628328112},"point_estimate":2.171891704675247,"standard_error":0.0008986501801131723},"median":{"confidence_interval":{"confidence_level":0.95,"lower_bound":2.1691786389321424,"upper_bound":2.1722010850936724},"point_estimate":2.1702058870575485,"standard_error":0.0007579480411873271},"median_abs_dev":{"confidence_interval":{"confidence_level":0.95,"lower_bound":0.0047278981522195585,"upper_bound":0.008007742906989778},"point_estimate":0.006570904578472167,"standard_error":0.0008515014128294955},"slope":{"confidence_interval":{"confidence_level":0.95,"lower_bound":2.169494986168838,"upper_bound":2.171784549363443},"point_estimate":2.1705987300852754,"standard_error":0.0005836465643693197},"std_dev":{"confidence_interval":{"confidence_level":0.95,"lower_bound":0.006523963514018239,"upper_bound":0.011564011483795817},"point_estimate":0.00901716263137862,"standard_error":0.0013088168343713762}}