{"mean":{"confidence_interval":{"confidence_level":0.95,"lower_bound":2.1919662075543527,"upper_bound":2.207585140014071},"point_estimate":2.1985321998806473,"standard_error":0.004070465385855544},"median":{"confidence_interval":{"confidence_level":0.95,"lower_bound":2.1880119199841688,"upper_bound":2.1974157841312785},"point_estimate":2.192159975299214,"standard_error":0.0022467196527660963},"median_abs_dev":{"confidence_interval":{"confidence_level":0.95,"lower_bound":0.012911561023150385,"upper_bound":0.024483118542258632},"point_estimate":0.016872880923400214,"standard_error":0.0030515174162063534},"slope":{"confidence_interval":{"confidence_level":0.95,"lower_bound":2.1885691965673746,"upper_bound":2.196892970472249},"point_estimate":2.192633898447253,"standard_error":0.002133199557429539},"std_dev":{"confidence_interval":{"confidence_level":0.95,"lower_bound":0.018239158898059184,"upper_bound":0.06405397488324802},"point_estimate":0.04068394898934878,"standard_error":0.014945898404243084}}