{"mean":{"confidence_interval":{"confidence_level":0.95,"lower_bound":2.1748836615681015,"upper_bound":2.1877822768517508},"point_estimate":2.1799088993679003,"standard_error":0.0034239578652995885},"median":{"confidence_interval":{"confidence_level":0.95,"lower_bound":2.1724828963314264,"upper_bound":2.1766810085120105},"point_estimate":2.17455426866479,"standard_error":0.0010593587466157198},"median_abs_dev":{"confidence_interval":{"confidence_level":0.95,"lower_bound":0.00636163103887035,"upper_bound":0.009924461125333043},"point_estimate":0.00798722221092157,"standard_error":0.0009071443506492293},"slope":{"confidence_interval":{"confidence_level":0.95,"lower_bound":2.174734502349299,"upper_bound":2.1778573222411515},"point_estimate":2.176254544782546,"standard_error":0.0007974694913151252},"std_dev":{"confidence_interval":{"confidence_level":0.95,"lower_bound":0.009384150916285994,"upper_bound":0.056459543047452244},"point_estimate":0.03431515338494095,"standard_error":0.015306907333485217}}