{"mean":{"confidence_interval":{"confidence_level":0.95,"lower_bound":4.043248371012878,"upper_bound":4.065132091092904},"point_estimate":4.052680645822363,"standard_error":0.005655308432481669},"median":{"confidence_interval":{"confidence_level":0.95,"lower_bound":4.035362954456033,"upper_bound":4.043446070206262},"point_estimate":4.039776455654527,"standard_error":0.0020695688916167053},"median_abs_dev":{"confidence_interval":{"confidence_level":0.95,"lower_bound":0.011647363817890275,"upper_bound":0.01973465854268273},"point_estimate":0.014886184437004485,"standard_error":0.002040521191389001},"slope":{"confidence_interval":{"confidence_level":0.95,"lower_bound":4.034139382886723,"upper_bound":4.0397503086424855},"point_estimate":4.036905574087025,"standard_error":0.0014406604216589385},"std_dev":{"confidence_interval":{"confidence_level":0.95,"lower_bound":0.022994256452036874,"upper_bound":0.08822986214353089},"point_estimate":0.05726583313293738,"standard_error":0.01818369388811406}}