{"mean":{"confidence_interval":{"confidence_level":0.95,"lower_bound":5.1921486296640875,"upper_bound":5.329321218492075},"point_estimate":5.242014245811184,"standard_error":0.03951306529553443},"median":{"confidence_interval":{"confidence_level":0.95,"lower_bound":5.179625694191685,"upper_bound":5.18903333074051},"point_estimate":5.1847032900650305,"standard_error":0.002289623331706548},"median_abs_dev":{"confidence_interval":{"confidence_level":0.95,"lower_bound":0.012438215813195196,"upper_bound":0.021334521862294082},"point_estimate":0.015880558685623658,"standard_error":0.002242615071849995},"slope":{"confidence_interval":{"confidence_level":0.95,"lower_bound":5.188880873340508,"upper_bound":5.2086214851892425},"point_estimate":5.197516721812147,"standard_error":0.0050486139909011185},"std_dev":{"confidence_interval":{"confidence_level":0.95,"lower_bound":0.05357888196360882,"upper_bound":0.6744425984369128},"point_estimate":0.3978856579594735,"standard_error":0.21439684855359434}}