{"mean":{"confidence_interval":{"confidence_level":0.95,"lower_bound":5.8700923471783355,"upper_bound":6.004666404325542},"point_estimate":5.926032118491711,"standard_error":0.034952638928750286},"median":{"confidence_interval":{"confidence_level":0.95,"lower_bound":5.8508501367054,"upper_bound":5.861031909491473},"point_estimate":5.856626427615538,"standard_error":0.0032433176744171657},"median_abs_dev":{"confidence_interval":{"confidence_level":0.95,"lower_bound":0.017537905557206166,"upper_bound":0.04018142830737645},"point_estimate":0.02635711948254846,"standard_error":0.0054311030634333},"slope":{"confidence_interval":{"confidence_level":0.95,"lower_bound":5.865210123875717,"upper_bound":5.903108011447106},"point_estimate":5.881529485952748,"standard_error":0.009763899477693993},"std_dev":{"confidence_interval":{"confidence_level":0.95,"lower_bound":0.07786199941683145,"upper_bound":0.5577882330199687},"point_estimate":0.35105275040313566,"standard_error":0.1294973471380882}}