{"mean":{"confidence_interval":{"confidence_level":0.95,"lower_bound":5.561748590840571,"upper_bound":5.6763257830303},"point_estimate":5.608070618988602,"standard_error":0.030377261343505105},"median":{"confidence_interval":{"confidence_level":0.95,"lower_bound":5.5494885493894035,"upper_bound":5.557256836525392},"point_estimate":5.554014430718442,"standard_error":0.0023300466166730903},"median_abs_dev":{"confidence_interval":{"confidence_level":0.95,"lower_bound":0.015414578083708767,"upper_bound":0.02619666738703561},"point_estimate":0.019693627853818674,"standard_error":0.0027884672015371977},"slope":{"confidence_interval":{"confidence_level":0.95,"lower_bound":5.553931147471088,"upper_bound":5.574843022801148},"point_estimate":5.562319407410892,"standard_error":0.005530169354785758},"std_dev":{"confidence_interval":{"confidence_level":0.95,"lower_bound":0.05421263562142041,"upper_bound":0.5005207667094905},"point_estimate":0.30746382694160546,"standard_error":0.12842980788823907}}