{"mean":{"confidence_interval":{"confidence_level":0.95,"lower_bound":5.385306163595573,"upper_bound":5.4659678240564835},"point_estimate":5.415030305232614,"standard_error":0.022787760201113012},"median":{"confidence_interval":{"confidence_level":0.95,"lower_bound":5.3780104715667045,"upper_bound":5.3846515447460215},"point_estimate":5.381550008260705,"standard_error":0.002094961587618803},"median_abs_dev":{"confidence_interval":{"confidence_level":0.95,"lower_bound":0.009804149015833239,"upper_bound":0.01640401470570761},"point_estimate":0.012681732336150485,"standard_error":0.001699721693077608},"slope":{"confidence_interval":{"confidence_level":0.95,"lower_bound":5.384224947301214,"upper_bound":5.402689201302118},"point_estimate":5.391929614947721,"standard_error":0.004791280053097982},"std_dev":{"confidence_interval":{"confidence_level":0.95,"lower_bound":0.03202496450862768,"upper_bound":0.3885872164170245},"point_estimate":0.23005931363297724,"standard_error":0.11996272285831497}}