{"mean":{"confidence_interval":{"confidence_level":0.95,"lower_bound":5.960296316488363,"upper_bound":6.1070700038663},"point_estimate":6.016056327169872,"standard_error":0.03968452122214551},"median":{"confidence_interval":{"confidence_level":0.95,"lower_bound":5.947479932150807,"upper_bound":5.955457835641143},"point_estimate":5.950398908528065,"standard_error":0.0017766164326205008},"median_abs_dev":{"confidence_interval":{"confidence_level":0.95,"lower_bound":0.009389354842587539,"upper_bound":0.018640345366151726},"point_estimate":0.012476026187086086,"standard_error":0.0023547536039812147},"slope":{"confidence_interval":{"confidence_level":0.95,"lower_bound":5.955853200908346,"upper_bound":5.973954963325988},"point_estimate":5.963812044626273,"standard_error":0.004651911632621391},"std_dev":{"confidence_interval":{"confidence_level":0.95,"lower_bound":0.06231291674699043,"upper_bound":0.6658901629903001},"point_estimate":0.3994328137735321,"standard_error":0.19018963956514345}}