{"mean":{"confidence_interval":{"confidence_level":0.95,"lower_bound":3.4203675975718517,"upper_bound":3.4921069679275223},"point_estimate":3.4532503593434143,"standard_error":0.01841312214130166},"median":{"confidence_interval":{"confidence_level":0.95,"lower_bound":3.379521082212903,"upper_bound":3.423176204523265},"point_estimate":3.3928287949253093,"standard_error":0.01215078551447523},"median_abs_dev":{"confidence_interval":{"confidence_level":0.95,"lower_bound":0.05738981666748039,"upper_bound":0.1284146905783909},"point_estimate":0.08771999151242016,"standard_error":0.01942831381967633},"slope":{"confidence_interval":{"confidence_level":0.95,"lower_bound":3.3902607989223554,"upper_bound":3.4185517945659503},"point_estimate":3.4032788069520357,"standard_error":0.007202717782700096},"std_dev":{"confidence_interval":{"confidence_level":0.95,"lower_bound":0.10105654498881764,"upper_bound":0.25773480462994114},"point_estimate":0.18575959997701752,"standard_error":0.0400231133518941}}