{"mean":{"confidence_interval":{"confidence_level":0.95,"lower_bound":5.4438951208689605,"upper_bound":5.610546193236054},"point_estimate":5.515030170828768,"standard_error":0.04298069446500073},"median":{"confidence_interval":{"confidence_level":0.95,"lower_bound":5.415408548902065,"upper_bound":5.423768501438124},"point_estimate":5.419059851927122,"standard_error":0.002215454296476655},"median_abs_dev":{"confidence_interval":{"confidence_level":0.95,"lower_bound":0.0107900080350549,"upper_bound":0.023788250932883323},"point_estimate":0.015296049824252787,"standard_error":0.0034252963565808586},"slope":{"confidence_interval":{"confidence_level":0.95,"lower_bound":5.421238540425331,"upper_bound":5.43550208228129},"point_estimate":5.427326257001606,"standard_error":0.0036559811011085586},"std_dev":{"confidence_interval":{"confidence_level":0.95,"lower_bound":0.1477216975133056,"upper_bound":0.6668912348507111},"point_estimate":0.43241538221956116,"standard_error":0.13925085759358663}}