{"mean":{"confidence_interval":{"confidence_level":0.95,"lower_bound":2.6149072552406163,"upper_bound":2.6503098875776763},"point_estimate":2.6288885866654423,"standard_error":0.009356984504513364},"median":{"confidence_interval":{"confidence_level":0.95,"lower_bound":2.6106325045381116,"upper_bound":2.615721476510067},"point_estimate":2.613267018216683,"standard_error":0.001188278253099983},"median_abs_dev":{"confidence_interval":{"confidence_level":0.95,"lower_bound":0.011199553384194897,"upper_bound":0.01809784120283827},"point_estimate":0.013986132631328382,"standard_error":0.0017144303332737277},"slope":{"confidence_interval":{"confidence_level":0.95,"lower_bound":2.611929963218876,"upper_bound":2.6416566994395025},"point_estimate":2.6244644108334536,"standard_error":0.007754501449277225},"std_dev":{"confidence_interval":{"confidence_level":0.95,"lower_bound":0.018310590981413716,"upper_bound":0.15445116556018942},"point_estimate":0.09410406231940097,"standard_error":0.04031534942905825}}