{"mean":{"confidence_interval":{"confidence_level":0.95,"lower_bound":2.5540680267043214,"upper_bound":2.5816539565058574},"point_estimate":2.5652340868431054,"standard_error":0.007231313311384313},"median":{"confidence_interval":{"confidence_level":0.95,"lower_bound":2.549136326203657,"upper_bound":2.554770344304739},"point_estimate":2.5510473570392644,"standard_error":0.0015535118914424073},"median_abs_dev":{"confidence_interval":{"confidence_level":0.95,"lower_bound":0.008611035754182626,"upper_bound":0.013789802539580832},"point_estimate":0.010799176980518698,"standard_error":0.0013672365863253515},"slope":{"confidence_interval":{"confidence_level":0.95,"lower_bound":2.5516248646480397,"upper_bound":2.5607237182722002},"point_estimate":2.555664332007552,"standard_error":0.0023284845433158776},"std_dev":{"confidence_interval":{"confidence_level":0.95,"lower_bound":0.022273449371447963,"upper_bound":0.11732832814591175},"point_estimate":0.07263365448247888,"standard_error":0.029002391127244082}}