{"mean":{"confidence_interval":{"confidence_level":0.95,"lower_bound":2.5515582227532594,"upper_bound":2.581706117898433},"point_estimate":2.563202213988855,"standard_error":0.00808133535834917},"median":{"confidence_interval":{"confidence_level":0.95,"lower_bound":2.547223627915536,"upper_bound":2.554671464186469},"point_estimate":2.5513042725469193,"standard_error":0.0018797024578620393},"median_abs_dev":{"confidence_interval":{"confidence_level":0.95,"lower_bound":0.009351104533822372,"upper_bound":0.016448446286750403},"point_estimate":0.011731346939041345,"standard_error":0.0018588750208785722},"slope":{"confidence_interval":{"confidence_level":0.95,"lower_bound":2.5494706415089405,"upper_bound":2.560476535406332},"point_estimate":2.5540747566395834,"standard_error":0.002854642022245972},"std_dev":{"confidence_interval":{"confidence_level":0.95,"lower_bound":0.019188642228670696,"upper_bound":0.13433258117062427},"point_estimate":0.08111270311964995,"standard_error":0.037380268146943396}}