{"mean":{"confidence_interval":{"confidence_level":0.95,"lower_bound":2.0909110982901344,"upper_bound":2.123067240909692},"point_estimate":2.1046430559097864,"standard_error":0.008291318548148272},"median":{"confidence_interval":{"confidence_level":0.95,"lower_bound":2.096487405603188,"upper_bound":2.1114495511754967},"point_estimate":2.105532484568144,"standard_error":0.0038239183370097087},"median_abs_dev":{"confidence_interval":{"confidence_level":0.95,"lower_bound":0.02709224573449813,"upper_bound":0.0546624168503482},"point_estimate":0.040232185631864405,"standard_error":0.006932367249887285},"slope":{"confidence_interval":{"confidence_level":0.95,"lower_bound":2.1148241801011443,"upper_bound":2.13230379735426},"point_estimate":2.1228225617117134,"standard_error":0.004497324204810528},"std_dev":{"confidence_interval":{"confidence_level":0.95,"lower_bound":0.0393369863758103,"upper_bound":0.129215750348053},"point_estimate":0.0830537050449926,"standard_error":0.028431825704896583}}