{"mean":{"confidence_interval":{"confidence_level":0.95,"lower_bound":0.7429038113473452,"upper_bound":0.7623661830254009},"point_estimate":0.7523423521956374,"standard_error":0.004972611020737565},"median":{"confidence_interval":{"confidence_level":0.95,"lower_bound":0.7214784798905052,"upper_bound":0.7410797063096536},"point_estimate":0.7299388608862414,"standard_error":0.004663986570951832},"median_abs_dev":{"confidence_interval":{"confidence_level":0.95,"lower_bound":0.018338410181834745,"upper_bound":0.046803599305879705},"point_estimate":0.028667105312612892,"standard_error":0.006818418966603773},"slope":{"confidence_interval":{"confidence_level":0.95,"lower_bound":0.7711609958463213,"upper_bound":0.7965402107578972},"point_estimate":0.7846788382574046,"standard_error":0.0064828815663903324},"std_dev":{"confidence_interval":{"confidence_level":0.95,"lower_bound":0.04161397961884162,"upper_bound":0.05745314885633341},"point_estimate":0.0499391960081925,"standard_error":0.004028864544159521}}