{"mean":{"confidence_interval":{"confidence_level":0.95,"lower_bound":2.988010374027868,"upper_bound":3.080212479214094},"point_estimate":3.037356233558559,"standard_error":0.023533274375940206},"median":{"confidence_interval":{"confidence_level":0.95,"lower_bound":3.1029921503821525,"upper_bound":3.1067005512127768},"point_estimate":3.1047569819009952,"standard_error":0.0009863620894944639},"median_abs_dev":{"confidence_interval":{"confidence_level":0.95,"lower_bound":0.007634992982299383,"upper_bound":0.013662824112019122},"point_estimate":0.011158412251211712,"standard_error":0.001599668742455618},"slope":{"confidence_interval":{"confidence_level":0.95,"lower_bound":3.106198612951515,"upper_bound":3.119323156132644},"point_estimate":3.111577839855964,"standard_error":0.0034282656274717336},"std_dev":{"confidence_interval":{"confidence_level":0.95,"lower_bound":0.15221753212303968,"upper_bound":0.29899085908949496},"point_estimate":0.2366454946403091,"standard_error":0.03680368194373084}}