{"mean":{"confidence_interval":{"confidence_level":0.95,"lower_bound":3.033049306632736,"upper_bound":3.199434693338992},"point_estimate":3.1106254576461625,"standard_error":0.04248112643112519},"median":{"confidence_interval":{"confidence_level":0.95,"lower_bound":3.1008119524575255,"upper_bound":3.106452362183951},"point_estimate":3.1034047640979603,"standard_error":0.0015537437805657347},"median_abs_dev":{"confidence_interval":{"confidence_level":0.95,"lower_bound":0.008702503654019025,"upper_bound":0.015008689178084733},"point_estimate":0.012322076236786047,"standard_error":0.0016647651670536532},"slope":{"confidence_interval":{"confidence_level":0.95,"lower_bound":3.109891818842404,"upper_bound":3.2261859467389074},"point_estimate":3.1592283696720482,"standard_error":0.02952456196735638},"std_dev":{"confidence_interval":{"confidence_level":0.95,"lower_bound":0.23562253222197796,"upper_bound":0.5856711250557635},"point_estimate":0.42696874730501,"standard_error":0.08919439974329411}}