{"mean":{"confidence_interval":{"confidence_level":0.95,"lower_bound":2.5398144942114373,"upper_bound":2.5734297954469123},"point_estimate":2.552056012304042,"standard_error":0.009639993048538905},"median":{"confidence_interval":{"confidence_level":0.95,"lower_bound":2.5346755809159127,"upper_bound":2.5396497757025274},"point_estimate":2.536137289303312,"standard_error":0.0012529139043716065},"median_abs_dev":{"confidence_interval":{"confidence_level":0.95,"lower_bound":0.0069349329612231085,"upper_bound":0.013943783213313918},"point_estimate":0.010287048091975693,"standard_error":0.0017270200060085041},"slope":{"confidence_interval":{"confidence_level":0.95,"lower_bound":2.5351215535762495,"upper_bound":2.5414026370270433},"point_estimate":2.5379831936087958,"standard_error":0.0016066590769860795},"std_dev":{"confidence_interval":{"confidence_level":0.95,"lower_bound":0.014242000741377065,"upper_bound":0.16366699080965702},"point_estimate":0.09663487254137498,"standard_error":0.05173147501310746}}