{"mean":{"confidence_interval":{"confidence_level":0.95,"lower_bound":2.62948649194798,"upper_bound":2.6549014285797483},"point_estimate":2.6389839366296775,"standard_error":0.00709563559214354},"median":{"confidence_interval":{"confidence_level":0.95,"lower_bound":2.627181013092332,"upper_bound":2.6333026508860162},"point_estimate":2.6291452123060655,"standard_error":0.0018575438313884712},"median_abs_dev":{"confidence_interval":{"confidence_level":0.95,"lower_bound":0.009765717074772577,"upper_bound":0.020042086105720565},"point_estimate":0.014589863436433669,"standard_error":0.0027071281577714275},"slope":{"confidence_interval":{"confidence_level":0.95,"lower_bound":2.6283610692213366,"upper_bound":2.6344078013064496},"point_estimate":2.63129641630147,"standard_error":0.0015404650188846518},"std_dev":{"confidence_interval":{"confidence_level":0.95,"lower_bound":0.014766677768242155,"upper_bound":0.12076751164784866},"point_estimate":0.07165749706428876,"standard_error":0.03667378349425469}}