{"mean":{"confidence_interval":{"confidence_level":0.95,"lower_bound":2.725993895702152,"upper_bound":2.786352235679333},"point_estimate":2.7590173027190286,"standard_error":0.0151991831399334},"median":{"confidence_interval":{"confidence_level":0.95,"lower_bound":2.7902121002282576,"upper_bound":2.7959411146161934},"point_estimate":2.793248628457425,"standard_error":0.0012566049504966201},"median_abs_dev":{"confidence_interval":{"confidence_level":0.95,"lower_bound":0.008340093868377692,"upper_bound":0.013303353649063142},"point_estimate":0.011182623999618274,"standard_error":0.0012997099529039374},"slope":{"confidence_interval":{"confidence_level":0.95,"lower_bound":2.7922612431109664,"upper_bound":2.7975076541733417},"point_estimate":2.794866008154561,"standard_error":0.001336876234122293},"std_dev":{"confidence_interval":{"confidence_level":0.95,"lower_bound":0.07282366242698628,"upper_bound":0.20784282055157416},"point_estimate":0.15290313749674583,"standard_error":0.03308780763399852}}