{"mean":{"confidence_interval":{"confidence_level":0.95,"lower_bound":1.2254179458978485,"upper_bound":1.2456326872621977},"point_estimate":1.234362145413746,"standard_error":0.005203327242197112},"median":{"confidence_interval":{"confidence_level":0.95,"lower_bound":1.2201997962135624,"upper_bound":1.224118038712132},"point_estimate":1.2224537390990857,"standard_error":0.0010166751565110243},"median_abs_dev":{"confidence_interval":{"confidence_level":0.95,"lower_bound":0.006733487467478255,"upper_bound":0.01209785426178665},"point_estimate":0.008967637041015749,"standard_error":0.001383775886964076},"slope":{"confidence_interval":{"confidence_level":0.95,"lower_bound":1.2207580181421736,"upper_bound":1.225020266181762},"point_estimate":1.2227977793109408,"standard_error":0.0010831712222963295},"std_dev":{"confidence_interval":{"confidence_level":0.95,"lower_bound":0.019320329150884958,"upper_bound":0.0751880679593664},"point_estimate":0.05243239470305794,"standard_error":0.013579515848010126}}