{"mean":{"confidence_interval":{"confidence_level":0.95,"lower_bound":2.5517248775858787,"upper_bound":2.5894342407250686},"point_estimate":2.5656428968916534,"standard_error":0.010648953603544535},"median":{"confidence_interval":{"confidence_level":0.95,"lower_bound":2.5487988820761154,"upper_bound":2.553600730905397},"point_estimate":2.550597588940189,"standard_error":0.0011000234658810836},"median_abs_dev":{"confidence_interval":{"confidence_level":0.95,"lower_bound":0.008092519140864127,"upper_bound":0.01480902498530171},"point_estimate":0.010273373985443672,"standard_error":0.0016868171746706403},"slope":{"confidence_interval":{"confidence_level":0.95,"lower_bound":2.5529810637366395,"upper_bound":2.561616537738767},"point_estimate":2.5568832228907894,"standard_error":0.0022091051329860808},"std_dev":{"confidence_interval":{"confidence_level":0.95,"lower_bound":0.016695772199875964,"upper_bound":0.18024365031661171},"point_estimate":0.10672724892553624,"standard_error":0.055657885507499186}}