{"mean":{"confidence_interval":{"confidence_level":0.95,"lower_bound":2.4527000479039334,"upper_bound":2.6238197031102604},"point_estimate":2.53695434725003,"standard_error":0.04364694963122466},"median":{"confidence_interval":{"confidence_level":0.95,"lower_bound":2.2202302631578945,"upper_bound":2.2571610938509337},"point_estimate":2.2311063038953316,"standard_error":0.02413655982217151},"median_abs_dev":{"confidence_interval":{"confidence_level":0.95,"lower_bound":0.033870683360660486,"upper_bound":0.10465148213554136},"point_estimate":0.05343123254485277,"standard_error":0.02779089591502959},"slope":{"confidence_interval":{"confidence_level":0.95,"lower_bound":2.7013567724363696,"upper_bound":2.9060909184480455},"point_estimate":2.8115069065163403,"standard_error":0.052485390421530345},"std_dev":{"confidence_interval":{"confidence_level":0.95,"lower_bound":0.40039355544036137,"upper_bound":0.46121552861389364},"point_estimate":0.4388982124403351,"standard_error":0.015666644068238682}}