{"mean":{"confidence_interval":{"confidence_level":0.95,"lower_bound":1.3878908813618789,"upper_bound":1.4053629822832185},"point_estimate":1.395592646649736,"standard_error":0.004503919452809816},"median":{"confidence_interval":{"confidence_level":0.95,"lower_bound":1.3818938521782675,"upper_bound":1.3895532983835737},"point_estimate":1.3858036962594202,"standard_error":0.002183668188206732},"median_abs_dev":{"confidence_interval":{"confidence_level":0.95,"lower_bound":0.012407941451133166,"upper_bound":0.02263110394283449},"point_estimate":0.01793861945525032,"standard_error":0.0026622604295936654},"slope":{"confidence_interval":{"confidence_level":0.95,"lower_bound":1.386349510512771,"upper_bound":1.39228160015006},"point_estimate":1.3892402018903403,"standard_error":0.00150842058055939},"std_dev":{"confidence_interval":{"confidence_level":0.95,"lower_bound":0.01975559110982288,"upper_bound":0.06811888698458061},"point_estimate":0.045423047015665914,"standard_error":0.012953015314328426}}