{"mean":{"confidence_interval":{"confidence_level":0.95,"lower_bound":2.5668048241137336,"upper_bound":2.639214180729836},"point_estimate":2.59761352567926,"standard_error":0.018767656678724324},"median":{"confidence_interval":{"confidence_level":0.95,"lower_bound":2.5555784589362265,"upper_bound":2.561324887377146},"point_estimate":2.558581584610506,"standard_error":0.0016313169014613342},"median_abs_dev":{"confidence_interval":{"confidence_level":0.95,"lower_bound":0.011840997909734374,"upper_bound":0.02599001416517655},"point_estimate":0.017477890566329098,"standard_error":0.0035513527882154844},"slope":{"confidence_interval":{"confidence_level":0.95,"lower_bound":2.5594855508819006,"upper_bound":2.6107860246366505},"point_estimate":2.579653067864464,"standard_error":0.013606165577930568},"std_dev":{"confidence_interval":{"confidence_level":0.95,"lower_bound":0.04286069763064035,"upper_bound":0.2945748981381338},"point_estimate":0.1886217554132493,"standard_error":0.06398844187567065}}