{"mean":{"confidence_interval":{"confidence_level":0.95,"lower_bound":2.556018946936199,"upper_bound":2.59907403288592},"point_estimate":2.574267318966138,"standard_error":0.011107473220416643},"median":{"confidence_interval":{"confidence_level":0.95,"lower_bound":2.5513503404674247,"upper_bound":2.557139405982677},"point_estimate":2.55407837310094,"standard_error":0.0015747207060475667},"median_abs_dev":{"confidence_interval":{"confidence_level":0.95,"lower_bound":0.009613038207820468,"upper_bound":0.020340000145895383},"point_estimate":0.013122807090605336,"standard_error":0.0027427455080886324},"slope":{"confidence_interval":{"confidence_level":0.95,"lower_bound":2.5542022091572454,"upper_bound":2.5682064042595822},"point_estimate":2.5600692326251124,"standard_error":0.0036361423761818276},"std_dev":{"confidence_interval":{"confidence_level":0.95,"lower_bound":0.026496174033071588,"upper_bound":0.16957438500569025},"point_estimate":0.11175625265383148,"standard_error":0.03789417835005062}}