{"mean":{"confidence_interval":{"confidence_level":0.95,"lower_bound":1.75372749702176,"upper_bound":1.7833623211123018},"point_estimate":1.764952037425495,"standard_error":0.008072360009428337},"median":{"confidence_interval":{"confidence_level":0.95,"lower_bound":1.7489691125832423,"upper_bound":1.7535516651033785},"point_estimate":1.751290337806575,"standard_error":0.001224444112379282},"median_abs_dev":{"confidence_interval":{"confidence_level":0.95,"lower_bound":0.0075104698882473,"upper_bound":0.015091306280491946},"point_estimate":0.009779754673634943,"standard_error":0.002062185072241421},"slope":{"confidence_interval":{"confidence_level":0.95,"lower_bound":1.7517591518805442,"upper_bound":1.7607573913753032},"point_estimate":1.7558685214654546,"standard_error":0.002301599049861867},"std_dev":{"confidence_interval":{"confidence_level":0.95,"lower_bound":0.01762775456602291,"upper_bound":0.13545862910756604},"point_estimate":0.08118612514202214,"standard_error":0.03905593480003958}}