{"mean":{"confidence_interval":{"confidence_level":0.95,"lower_bound":2.6271023224406647,"upper_bound":2.6571114506231357},"point_estimate":2.640066151570979,"standard_error":0.00770173278677653},"median":{"confidence_interval":{"confidence_level":0.95,"lower_bound":2.615461478470837,"upper_bound":2.623708641376803},"point_estimate":2.620587302271719,"standard_error":0.002160842011994196},"median_abs_dev":{"confidence_interval":{"confidence_level":0.95,"lower_bound":0.011943099810876701,"upper_bound":0.022869397000643638},"point_estimate":0.016234764108690233,"standard_error":0.0027133747920578826},"slope":{"confidence_interval":{"confidence_level":0.95,"lower_bound":2.6184675830256188,"upper_bound":2.638060226993397},"point_estimate":2.6268210727617993,"standard_error":0.005079952194157048},"std_dev":{"confidence_interval":{"confidence_level":0.95,"lower_bound":0.03400962818102838,"upper_bound":0.11775802413907879},"point_estimate":0.07746538803663398,"standard_error":0.023474868888105262}}