{"mean":{"confidence_interval":{"confidence_level":0.95,"lower_bound":2.9274733347406143,"upper_bound":3.0581136931317308},"point_estimate":2.9948889143394757,"standard_error":0.033295797294104985},"median":{"confidence_interval":{"confidence_level":0.95,"lower_bound":3.118036304560138,"upper_bound":3.1248309668695065},"point_estimate":3.121510372546429,"standard_error":0.0018122637332255733},"median_abs_dev":{"confidence_interval":{"confidence_level":0.95,"lower_bound":0.014519384764445092,"upper_bound":0.03449699522826199},"point_estimate":0.022333967973484456,"standard_error":0.005310142407858227},"slope":{"confidence_interval":{"confidence_level":0.95,"lower_bound":3.113126885399073,"upper_bound":3.12598723396882},"point_estimate":3.1198724270719587,"standard_error":0.0032693175537748},"std_dev":{"confidence_interval":{"confidence_level":0.95,"lower_bound":0.2622809347970707,"upper_bound":0.3902903610761077},"point_estimate":0.333780743574205,"standard_error":0.032545515757867786}}