{"mean":{"confidence_interval":{"confidence_level":0.95,"lower_bound":2.5382391887681144,"upper_bound":2.570250303393254},"point_estimate":2.551583753146433,"standard_error":0.008297641388352832},"median":{"confidence_interval":{"confidence_level":0.95,"lower_bound":2.5336932485714447,"upper_bound":2.537675089572388},"point_estimate":2.535247418053326,"standard_error":0.0010132841573974667},"median_abs_dev":{"confidence_interval":{"confidence_level":0.95,"lower_bound":0.008583779723393003,"upper_bound":0.015750412192577126},"point_estimate":0.011528523041915179,"standard_error":0.0017640500466216346},"slope":{"confidence_interval":{"confidence_level":0.95,"lower_bound":2.5357787105993967,"upper_bound":2.5568192465320974},"point_estimate":2.543239348257239,"standard_error":0.005743919910293692},"std_dev":{"confidence_interval":{"confidence_level":0.95,"lower_bound":0.01512877800635861,"upper_bound":0.1299413062271851},"point_estimate":0.08339639996184156,"standard_error":0.030017013975166706}}