{"mean":{"confidence_interval":{"confidence_level":0.95,"lower_bound":2.5205583755268526,"upper_bound":2.538624598755869},"point_estimate":2.5289706241039234,"standard_error":0.00461817855519524},"median":{"confidence_interval":{"confidence_level":0.95,"lower_bound":2.5102397818799376,"upper_bound":2.5206527838264385},"point_estimate":2.5147444645706205,"standard_error":0.0028465890830824993},"median_abs_dev":{"confidence_interval":{"confidence_level":0.95,"lower_bound":0.016806177840126328,"upper_bound":0.03140661880399667},"point_estimate":0.02536677394166682,"standard_error":0.003779530521847946},"slope":{"confidence_interval":{"confidence_level":0.95,"lower_bound":2.5182500842256665,"upper_bound":2.530999041094806},"point_estimate":2.5243104341163867,"standard_error":0.0032544508280516263},"std_dev":{"confidence_interval":{"confidence_level":0.95,"lower_bound":0.03157372117411738,"upper_bound":0.06150268772720078},"point_estimate":0.04632588539584942,"standard_error":0.007878346940564837}}