{"mean":{"confidence_interval":{"confidence_level":0.95,"lower_bound":4.120421812136893,"upper_bound":4.18087377286905},"point_estimate":4.1458181659602635,"standard_error":0.015690562337270567},"median":{"confidence_interval":{"confidence_level":0.95,"lower_bound":4.113636452059698,"upper_bound":4.118810079996651},"point_estimate":4.115454259828142,"standard_error":0.001306700999784088},"median_abs_dev":{"confidence_interval":{"confidence_level":0.95,"lower_bound":0.006782954767417589,"upper_bound":0.011473115948207118},"point_estimate":0.008760331031533447,"standard_error":0.001179531968834859},"slope":{"confidence_interval":{"confidence_level":0.95,"lower_bound":4.116643666268174,"upper_bound":4.128303090808174},"point_estimate":4.121551040978196,"standard_error":0.003032751805134531},"std_dev":{"confidence_interval":{"confidence_level":0.95,"lower_bound":0.03767881324219474,"upper_bound":0.24895580651665067},"point_estimate":0.15749334210854893,"standard_error":0.0564551601073524}}