{"mean":{"confidence_interval":{"confidence_level":0.95,"lower_bound":3.6076344790627215,"upper_bound":3.679473684041476},"point_estimate":3.6350742093960178,"standard_error":0.019286795363001798},"median":{"confidence_interval":{"confidence_level":0.95,"lower_bound":3.602025292713309,"upper_bound":3.6065816170427833},"point_estimate":3.6039079290578577,"standard_error":0.0011492770285225552},"median_abs_dev":{"confidence_interval":{"confidence_level":0.95,"lower_bound":0.006925718719361232,"upper_bound":0.013056879585659757},"point_estimate":0.008913563441529996,"standard_error":0.0016700412679403146},"slope":{"confidence_interval":{"confidence_level":0.95,"lower_bound":3.6019362488066347,"upper_bound":3.611359774515887},"point_estimate":3.6058718844645354,"standard_error":0.0024401899010786116},"std_dev":{"confidence_interval":{"confidence_level":0.95,"lower_bound":0.019156857637697627,"upper_bound":0.3233932642312776},"point_estimate":0.19396712091057805,"standard_error":0.09166726459466619}}