{"mean":{"confidence_interval":{"confidence_level":0.95,"lower_bound":4.116251971133924,"upper_bound":4.183433914723226},"point_estimate":4.140819420508569,"standard_error":0.018676832455057413},"median":{"confidence_interval":{"confidence_level":0.95,"lower_bound":4.112676056338028,"upper_bound":4.119246664195701},"point_estimate":4.115060658222932,"standard_error":0.0019437326035012517},"median_abs_dev":{"confidence_interval":{"confidence_level":0.95,"lower_bound":0.008973744717458548,"upper_bound":0.014748621248201471},"point_estimate":0.011625092395506695,"standard_error":0.0014677413318590082},"slope":{"confidence_interval":{"confidence_level":0.95,"lower_bound":4.115943257065286,"upper_bound":4.124451137154338},"point_estimate":4.119944728883674,"standard_error":0.0021745396694687748},"std_dev":{"confidence_interval":{"confidence_level":0.95,"lower_bound":0.017986894767906995,"upper_bound":0.3141765030465562},"point_estimate":0.18626286636065417,"standard_error":0.09565751310108705}}