{"mean":{"confidence_interval":{"confidence_level":0.95,"lower_bound":3.6011705682153687,"upper_bound":3.6665719683249276},"point_estimate":3.6260973420523457,"standard_error":0.01745131662444436},"median":{"confidence_interval":{"confidence_level":0.95,"lower_bound":3.5982010937774502,"upper_bound":3.6006070605707974},"point_estimate":3.599658561557403,"standard_error":0.0006716157664145851},"median_abs_dev":{"confidence_interval":{"confidence_level":0.95,"lower_bound":0.0050902573124076075,"upper_bound":0.00853747974791135},"point_estimate":0.006681805215565454,"standard_error":0.0008314485378837604},"slope":{"confidence_interval":{"confidence_level":0.95,"lower_bound":3.5992079306006635,"upper_bound":3.6047118308211408},"point_estimate":3.6016806556623018,"standard_error":0.001409177069538644},"std_dev":{"confidence_interval":{"confidence_level":0.95,"lower_bound":0.01438400449036604,"upper_bound":0.2893373265944322},"point_estimate":0.17392763185424742,"standard_error":0.08066093780791747}}