{"mean":{"confidence_interval":{"confidence_level":0.95,"lower_bound":3.6190429094484236,"upper_bound":3.6998940727104386},"point_estimate":3.651955052531913,"standard_error":0.021880966361988382},"median":{"confidence_interval":{"confidence_level":0.95,"lower_bound":3.615705184453382,"upper_bound":3.619887771076701},"point_estimate":3.6179690860864584,"standard_error":0.0012198153751310872},"median_abs_dev":{"confidence_interval":{"confidence_level":0.95,"lower_bound":0.006585656720605828,"upper_bound":0.013003548814572436},"point_estimate":0.008722724191426143,"standard_error":0.0015331593559824855},"slope":{"confidence_interval":{"confidence_level":0.95,"lower_bound":3.616891082215364,"upper_bound":3.6267827516966014},"point_estimate":3.6211137873157675,"standard_error":0.0025612271434914016},"std_dev":{"confidence_interval":{"confidence_level":0.95,"lower_bound":0.01543405773137664,"upper_bound":0.3439405890881076},"point_estimate":0.2204275369572971,"standard_error":0.08985799796462869}}