{"mean":{"confidence_interval":{"confidence_level":0.95,"lower_bound":3.6033476043767756,"upper_bound":3.654808029129504},"point_estimate":3.6245713358632883,"standard_error":0.013480100087295664},"median":{"confidence_interval":{"confidence_level":0.95,"lower_bound":3.598260854392494,"upper_bound":3.6016204316435547},"point_estimate":3.5997447333793042,"standard_error":0.000926259237446668},"median_abs_dev":{"confidence_interval":{"confidence_level":0.95,"lower_bound":0.0056609354307908775,"upper_bound":0.011741218771287825},"point_estimate":0.008017966021970028,"standard_error":0.0015071330323546336},"slope":{"confidence_interval":{"confidence_level":0.95,"lower_bound":3.6005000101490934,"upper_bound":3.609987978670129},"point_estimate":3.6044147121627317,"standard_error":0.002443525371746794},"std_dev":{"confidence_interval":{"confidence_level":0.95,"lower_bound":0.023539972158629383,"upper_bound":0.21581178886733035},"point_estimate":0.13575443104703783,"standard_error":0.051858872810429335}}