{"mean":{"confidence_interval":{"confidence_level":0.95,"lower_bound":1.7326812618257301,"upper_bound":1.7391416901479813},"point_estimate":1.73562888897653,"standard_error":0.001655799526210637},"median":{"confidence_interval":{"confidence_level":0.95,"lower_bound":1.7316246105563866,"upper_bound":1.7341907631655946},"point_estimate":1.732732497328417,"standard_error":0.0007240308493602902},"median_abs_dev":{"confidence_interval":{"confidence_level":0.95,"lower_bound":0.004683568068635325,"upper_bound":0.00806218448133569},"point_estimate":0.006527557146771088,"standard_error":0.0008694947970010918},"slope":{"confidence_interval":{"confidence_level":0.95,"lower_bound":1.732336613322254,"upper_bound":1.7350931447302347},"point_estimate":1.7337216818511174,"standard_error":0.000700477021731768},"std_dev":{"confidence_interval":{"confidence_level":0.95,"lower_bound":0.009194633906731715,"upper_bound":0.023465179871475898},"point_estimate":0.016682312366734182,"standard_error":0.003714048504359971}}