{"mean":{"confidence_interval":{"confidence_level":0.95,"lower_bound":1.8701747829004467,"upper_bound":1.8740239838738944},"point_estimate":1.872070442430448,"standard_error":0.000982047710955308},"median":{"confidence_interval":{"confidence_level":0.95,"lower_bound":1.8694550966468326,"upper_bound":1.8730081197665567},"point_estimate":1.8714830455568845,"standard_error":0.0008866666233236378},"median_abs_dev":{"confidence_interval":{"confidence_level":0.95,"lower_bound":0.005128870260518854,"upper_bound":0.008696465209727711},"point_estimate":0.006370215412398015,"standard_error":0.0008951159088170512},"slope":{"confidence_interval":{"confidence_level":0.95,"lower_bound":1.870282134656754,"upper_bound":1.8728904291446782},"point_estimate":1.8715611071641274,"standard_error":0.0006653626872395682},"std_dev":{"confidence_interval":{"confidence_level":0.95,"lower_bound":0.008084579943662228,"upper_bound":0.011580197522507144},"point_estimate":0.009923420718612618,"standard_error":0.0008902093513345412}}