{"mean":{"confidence_interval":{"confidence_level":0.95,"lower_bound":2.411769423101423,"upper_bound":2.414479202396619},"point_estimate":2.4130623399445517,"standard_error":0.000692470610089322},"median":{"confidence_interval":{"confidence_level":0.95,"lower_bound":2.410388960558875,"upper_bound":2.412633184306188},"point_estimate":2.411548507387261,"standard_error":0.0005105936048407763},"median_abs_dev":{"confidence_interval":{"confidence_level":0.95,"lower_bound":0.003863286290728577,"upper_bound":0.00696163219433864},"point_estimate":0.005653918748355018,"standard_error":0.0007956460133473942},"slope":{"confidence_interval":{"confidence_level":0.95,"lower_bound":2.411292222009791,"upper_bound":2.414113037463892},"point_estimate":2.4126023319104513,"standard_error":0.0007199078459256812},"std_dev":{"confidence_interval":{"confidence_level":0.95,"lower_bound":0.00519050081703815,"upper_bound":0.008556731416389319},"point_estimate":0.006960716955419928,"standard_error":0.0008623314177464356}}