{"mean":{"confidence_interval":{"confidence_level":0.95,"lower_bound":1.870458577581056,"upper_bound":1.8743047559222532},"point_estimate":1.8723328876971848,"standard_error":0.0009844588916956135},"median":{"confidence_interval":{"confidence_level":0.95,"lower_bound":1.8705862304749903,"upper_bound":1.8727901784102643},"point_estimate":1.8714691813852073,"standard_error":0.0006405340613991772},"median_abs_dev":{"confidence_interval":{"confidence_level":0.95,"lower_bound":0.0039439084337921145,"upper_bound":0.007589976233839476},"point_estimate":0.005346930129054562,"standard_error":0.0009343694118392221},"slope":{"confidence_interval":{"confidence_level":0.95,"lower_bound":1.8695427321970868,"upper_bound":1.8725432136171143},"point_estimate":1.8710717479409864,"standard_error":0.0007624699012289617},"std_dev":{"confidence_interval":{"confidence_level":0.95,"lower_bound":0.007680028808134347,"upper_bound":0.012029026108185506},"point_estimate":0.009913970167631124,"standard_error":0.0011153349997109479}}