{"mean":{"confidence_interval":{"confidence_level":0.95,"lower_bound":1.872501841781817,"upper_bound":1.881065108226483},"point_estimate":1.8763120680758962,"standard_error":0.002192192782801166},"median":{"confidence_interval":{"confidence_level":0.95,"lower_bound":1.8718527373052911,"upper_bound":1.8756545527067015},"point_estimate":1.8743528570453183,"standard_error":0.0010198239248118347},"median_abs_dev":{"confidence_interval":{"confidence_level":0.95,"lower_bound":0.006219584950508849,"upper_bound":0.012026736516155379},"point_estimate":0.009077018731953306,"standard_error":0.001486340349439918},"slope":{"confidence_interval":{"confidence_level":0.95,"lower_bound":1.8710038733862895,"upper_bound":1.8773405887514485},"point_estimate":1.8741680576649469,"standard_error":0.001619439427935409},"std_dev":{"confidence_interval":{"confidence_level":0.95,"lower_bound":0.011418818003868795,"upper_bound":0.03277926472107522},"point_estimate":0.022105364519323534,"standard_error":0.005983068708134604}}