{"mean":{"confidence_interval":{"confidence_level":0.95,"lower_bound":1.8699606788424472,"upper_bound":1.8929793544584321},"point_estimate":1.878378993369458,"standard_error":0.006676402656600538},"median":{"confidence_interval":{"confidence_level":0.95,"lower_bound":1.8696294422698139,"upper_bound":1.8733880522110518},"point_estimate":1.871207072138009,"standard_error":0.0008517268090046438},"median_abs_dev":{"confidence_interval":{"confidence_level":0.95,"lower_bound":0.004942052717989809,"upper_bound":0.01013491339931796},"point_estimate":0.006151056059320535,"standard_error":0.001362333398543945},"slope":{"confidence_interval":{"confidence_level":0.95,"lower_bound":1.8708057556275872,"upper_bound":1.874127458284937},"point_estimate":1.8724524376200924,"standard_error":0.000848686341823453},"std_dev":{"confidence_interval":{"confidence_level":0.95,"lower_bound":0.010120802872323675,"upper_bound":0.1148488133345411},"point_estimate":0.06756490150927791,"standard_error":0.03669749802199849}}