{"mean":{"confidence_interval":{"confidence_level":0.95,"lower_bound":2.11407358239765,"upper_bound":2.1223294634373326},"point_estimate":2.117775989431609,"standard_error":0.0021191989983095354},"median":{"confidence_interval":{"confidence_level":0.95,"lower_bound":2.114422969951925,"upper_bound":2.11792068495084},"point_estimate":2.115669338445474,"standard_error":0.0009666625306428819},"median_abs_dev":{"confidence_interval":{"confidence_level":0.95,"lower_bound":0.0058858820844412294,"upper_bound":0.01350141001928247},"point_estimate":0.009407355429376827,"standard_error":0.001996225935583873},"slope":{"confidence_interval":{"confidence_level":0.95,"lower_bound":2.1164822174453612,"upper_bound":2.1202050379802015},"point_estimate":2.1182335862672805,"standard_error":0.0009494806031514556},"std_dev":{"confidence_interval":{"confidence_level":0.95,"lower_bound":0.012174643363028672,"upper_bound":0.031525766672532304},"point_estimate":0.021346352915579327,"standard_error":0.0058651532030145155}}