{"mean":{"confidence_interval":{"confidence_level":0.95,"lower_bound":1.8733565372762966,"upper_bound":1.9181494512988155},"point_estimate":1.8929435780957948,"standard_error":0.011417201456460854},"median":{"confidence_interval":{"confidence_level":0.95,"lower_bound":1.8709452713611703,"upper_bound":1.8730362025776561},"point_estimate":1.8720356831016485,"standard_error":0.0005395747778584226},"median_abs_dev":{"confidence_interval":{"confidence_level":0.95,"lower_bound":0.005986843732651095,"upper_bound":0.01165670351078363},"point_estimate":0.008368272105728481,"standard_error":0.0015389970246403066},"slope":{"confidence_interval":{"confidence_level":0.95,"lower_bound":1.8722987462029217,"upper_bound":1.9438987524919862},"point_estimate":1.9007516063147285,"standard_error":0.01911215889317792},"std_dev":{"confidence_interval":{"confidence_level":0.95,"lower_bound":0.013558880259518985,"upper_bound":0.1722773424386932},"point_estimate":0.11459630221049201,"standard_error":0.03740897456286569}}