{"mean":{"confidence_interval":{"confidence_level":0.95,"lower_bound":1.8704338385753267,"upper_bound":1.8736695014585747},"point_estimate":1.872015268616139,"standard_error":0.0008270629077057048},"median":{"confidence_interval":{"confidence_level":0.95,"lower_bound":1.8697916815153337,"upper_bound":1.872841465756941},"point_estimate":1.8712137989000808,"standard_error":0.0007857202262755547},"median_abs_dev":{"confidence_interval":{"confidence_level":0.95,"lower_bound":0.004068519105942794,"upper_bound":0.006982236203687297},"point_estimate":0.005068848637014989,"standard_error":0.0007481731080254754},"slope":{"confidence_interval":{"confidence_level":0.95,"lower_bound":1.8703261330175485,"upper_bound":1.8724730852223768},"point_estimate":1.8713778738166813,"standard_error":0.0005457296741422549},"std_dev":{"confidence_interval":{"confidence_level":0.95,"lower_bound":0.006482230249148664,"upper_bound":0.009932649703482737},"point_estimate":0.00828921741497938,"standard_error":0.0008820600192463722}}