{"mean":{"confidence_interval":{"confidence_level":0.95,"lower_bound":2.6883445365673477,"upper_bound":2.694888418031315},"point_estimate":2.6914600467367773,"standard_error":0.0016794501654426315},"median":{"confidence_interval":{"confidence_level":0.95,"lower_bound":2.684027196158521,"upper_bound":2.6878867141697484},"point_estimate":2.6862674645446294,"standard_error":0.0009790037391618966},"median_abs_dev":{"confidence_interval":{"confidence_level":0.95,"lower_bound":0.006754785457088354,"upper_bound":0.011751699902283471},"point_estimate":0.009243583184350217,"standard_error":0.0012851307248193757},"slope":{"confidence_interval":{"confidence_level":0.95,"lower_bound":2.688056720564536,"upper_bound":2.696539903411066},"point_estimate":2.692070837992124,"standard_error":0.0021665893006089405},"std_dev":{"confidence_interval":{"confidence_level":0.95,"lower_bound":0.012451438840060322,"upper_bound":0.02050096075209663},"point_estimate":0.01683214681898434,"standard_error":0.002055813339067931}}