{"mean":{"confidence_interval":{"confidence_level":0.95,"lower_bound":2.111813528358719,"upper_bound":2.1209674285218494},"point_estimate":2.1160208029964434,"standard_error":0.002348858017726274},"median":{"confidence_interval":{"confidence_level":0.95,"lower_bound":2.1114591798087865,"upper_bound":2.1167004909693543},"point_estimate":2.1142899760140734,"standard_error":0.001415687384039351},"median_abs_dev":{"confidence_interval":{"confidence_level":0.95,"lower_bound":0.008221968680468147,"upper_bound":0.019095571949420045},"point_estimate":0.011735880441615932,"standard_error":0.002861080352976762},"slope":{"confidence_interval":{"confidence_level":0.95,"lower_bound":2.1127567073389018,"upper_bound":2.1203946031009306},"point_estimate":2.1165537238249628,"standard_error":0.0019491713046057946},"std_dev":{"confidence_interval":{"confidence_level":0.95,"lower_bound":0.014369775602556353,"upper_bound":0.03318600829162401},"point_estimate":0.02361346849446232,"standard_error":0.0051239594071677275}}