{"mean":{"confidence_interval":{"confidence_level":0.95,"lower_bound":5.099903594311518,"upper_bound":5.411167139013247},"point_estimate":5.245782968056574,"standard_error":0.0793355421454775},"median":{"confidence_interval":{"confidence_level":0.95,"lower_bound":4.887508112854579,"upper_bound":4.966181110150873},"point_estimate":4.921524131598036,"standard_error":0.0203008547648508},"median_abs_dev":{"confidence_interval":{"confidence_level":0.95,"lower_bound":0.07306021298350807,"upper_bound":0.1715336890633934},"point_estimate":0.11381022684433431,"standard_error":0.024747102627146883},"slope":{"confidence_interval":{"confidence_level":0.95,"lower_bound":4.975624717054371,"upper_bound":5.087672598601421},"point_estimate":5.024039715397459,"standard_error":0.028792656282757647},"std_dev":{"confidence_interval":{"confidence_level":0.95,"lower_bound":0.5492962699258851,"upper_bound":1.0191615504420237},"point_estimate":0.7969039801283412,"standard_error":0.12058960497894972}}