{"mean":{"confidence_interval":{"confidence_level":0.95,"lower_bound":2.4118881313495506,"upper_bound":2.4147965988402436},"point_estimate":2.4132461452845364,"standard_error":0.0007402292709744653},"median":{"confidence_interval":{"confidence_level":0.95,"lower_bound":2.410716510903427,"upper_bound":2.412466251298027},"point_estimate":2.411913072130362,"standard_error":0.0004950114132710117},"median_abs_dev":{"confidence_interval":{"confidence_level":0.95,"lower_bound":0.0038514734938701737,"upper_bound":0.006113017154776511},"point_estimate":0.005041471681247619,"standard_error":0.0005696653245010366},"slope":{"confidence_interval":{"confidence_level":0.95,"lower_bound":2.411129777599111,"upper_bound":2.412681601093859},"point_estimate":2.411900064914482,"standard_error":0.00039636024467919694},"std_dev":{"confidence_interval":{"confidence_level":0.95,"lower_bound":0.00460641588903198,"upper_bound":0.010120693183790408},"point_estimate":0.007461275354818912,"standard_error":0.0014358932130368485}}