{"mean":{"confidence_interval":{"confidence_level":0.95,"lower_bound":1.8714113710889828,"upper_bound":1.8765749214926832},"point_estimate":1.873813206779247,"standard_error":0.0013230518466086003},"median":{"confidence_interval":{"confidence_level":0.95,"lower_bound":1.871394002790183,"upper_bound":1.8738767285446152},"point_estimate":1.8723760545486732,"standard_error":0.0006488991451030136},"median_abs_dev":{"confidence_interval":{"confidence_level":0.95,"lower_bound":0.004350344905282042,"upper_bound":0.00825646333198532},"point_estimate":0.006148686206664577,"standard_error":0.0010076509750519102},"slope":{"confidence_interval":{"confidence_level":0.95,"lower_bound":1.871824074424153,"upper_bound":1.8747702532793726},"point_estimate":1.8731951250169476,"standard_error":0.0007512784393521466},"std_dev":{"confidence_interval":{"confidence_level":0.95,"lower_bound":0.008315013690470012,"upper_bound":0.01775993346176445},"point_estimate":0.013281813006319506,"standard_error":0.002443687317073436}}