{"mean":{"confidence_interval":{"confidence_level":0.95,"lower_bound":0.17314139564053294,"upper_bound":0.17623902360162597},"point_estimate":0.17453270049885594,"standard_error":0.0007843528431251914},"median":{"confidence_interval":{"confidence_level":0.95,"lower_bound":0.17327190793446112,"upper_bound":0.1745580290327482},"point_estimate":0.17386965023450096,"standard_error":0.0003321464381945304}}