{"mean":{"confidence_interval":{"confidence_level":0.95,"lower_bound":-0.26340601090100146,"upper_bound":-0.26142550712624213},"point_estimate":-0.2624089738888422,"standard_error":0.0005028549146961521},"median":{"confidence_interval":{"confidence_level":0.95,"lower_bound":-0.26228677613835594,"upper_bound":-0.2617783577272055},"point_estimate":-0.26207811402314063,"standard_error":0.0001280824364638878}}