{"mean":{"confidence_interval":{"confidence_level":0.95,"lower_bound":3.213868141099409,"upper_bound":3.3214538697020006},"point_estimate":3.266128898752583,"standard_error":0.027420393123213052},"median":{"confidence_interval":{"confidence_level":0.95,"lower_bound":3.128608477932032,"upper_bound":3.444159310778872},"point_estimate":3.4413559218462177,"standard_error":0.07554412926305258},"median_abs_dev":{"confidence_interval":{"confidence_level":0.95,"lower_bound":0.015669916031273008,"upper_bound":0.3310642278024275},"point_estimate":0.03629504329001392,"standard_error":0.0868159640095285},"slope":{"confidence_interval":{"confidence_level":0.95,"lower_bound":3.38729630377757,"upper_bound":3.42451842280911},"point_estimate":3.4085171659128504,"standard_error":0.009525111938097363},"std_dev":{"confidence_interval":{"confidence_level":0.95,"lower_bound":0.22113218120967934,"upper_bound":0.349676190176828},"point_estimate":0.2744328511403927,"standard_error":0.03816731984011025}}