{"mean":{"confidence_interval":{"confidence_level":0.95,"lower_bound":2.934535785216622,"upper_bound":3.035412242215142},"point_estimate":2.977669059431953,"standard_error":0.026026705607151788},"median":{"confidence_interval":{"confidence_level":0.95,"lower_bound":2.8977988797479433,"upper_bound":2.9053180520304567},"point_estimate":2.901129399616569,"standard_error":0.0019085412159712833},"median_abs_dev":{"confidence_interval":{"confidence_level":0.95,"lower_bound":0.009784955962067377,"upper_bound":0.01889533019431181},"point_estimate":0.012993152745790704,"standard_error":0.0022672178497767886},"slope":{"confidence_interval":{"confidence_level":0.95,"lower_bound":2.9491817454734948,"upper_bound":3.082136445650349},"point_estimate":3.0146575389140264,"standard_error":0.034173439055068845},"std_dev":{"confidence_interval":{"confidence_level":0.95,"lower_bound":0.1184572328290969,"upper_bound":0.4021751069366299},"point_estimate":0.2621310905855826,"standard_error":0.08554375582221718}}