{"mean":{"confidence_interval":{"confidence_level":0.95,"lower_bound":3.110283214338485,"upper_bound":3.1796077145356407},"point_estimate":3.1382193362921096,"standard_error":0.018137814567743826},"median":{"confidence_interval":{"confidence_level":0.95,"lower_bound":3.1359247267799164,"upper_bound":3.1443077230892356},"point_estimate":3.1391594404197933,"standard_error":0.002116558333846081},"median_abs_dev":{"confidence_interval":{"confidence_level":0.95,"lower_bound":0.011674740426524097,"upper_bound":0.030320474706403717},"point_estimate":0.01839173232333468,"standard_error":0.005059651595093667},"slope":{"confidence_interval":{"confidence_level":0.95,"lower_bound":3.1360575228041707,"upper_bound":3.147604668402837},"point_estimate":3.141651268192089,"standard_error":0.0029464574958102674},"std_dev":{"confidence_interval":{"confidence_level":0.95,"lower_bound":0.0628629576519048,"upper_bound":0.2955355351794242},"point_estimate":0.18195470152029236,"standard_error":0.07561038682516141}}