{"mean":{"confidence_interval":{"confidence_level":0.95,"lower_bound":91723.72713003829,"upper_bound":92400.80513211543},"point_estimate":92003.03865091302,"standard_error":177.3972095576992},"median":{"confidence_interval":{"confidence_level":0.95,"lower_bound":91675.74899732621,"upper_bound":91725.67222222222},"point_estimate":91698.8773641102,"standard_error":13.821122397784793},"median_abs_dev":{"confidence_interval":{"confidence_level":0.95,"lower_bound":85.52346801107102,"upper_bound":153.5549005909531},"point_estimate":120.87029257521395,"standard_error":17.547870144705847},"slope":{"confidence_interval":{"confidence_level":0.95,"lower_bound":91707.98894843104,"upper_bound":91774.80592441393},"point_estimate":91739.81743608689,"standard_error":17.069336484743967},"std_dev":{"confidence_interval":{"confidence_level":0.95,"lower_bound":278.3978564728133,"upper_bound":2821.476293405688},"point_estimate":1786.1509698112304,"standard_error":683.7626085498129}}