{"mean":{"confidence_interval":{"confidence_level":0.95,"lower_bound":401.531703148356,"upper_bound":406.3342138569097},"point_estimate":403.2900335259333,"standard_error":1.3767605905692846},"median":{"confidence_interval":{"confidence_level":0.95,"lower_bound":402.01393829260746,"upper_bound":402.28024714356684},"point_estimate":402.1468840943827,"standard_error":0.07556833682702731},"median_abs_dev":{"confidence_interval":{"confidence_level":0.95,"lower_bound":0.46459045908804286,"upper_bound":0.801774538684152},"point_estimate":0.6225543802203525,"standard_error":0.08333520348019306},"slope":{"confidence_interval":{"confidence_level":0.95,"lower_bound":402.2429985876349,"upper_bound":403.0114771845804},"point_estimate":402.55342103796875,"standard_error":0.20038361844016386},"std_dev":{"confidence_interval":{"confidence_level":0.95,"lower_bound":1.7606138760395695,"upper_bound":23.430198160976865},"point_estimate":13.779919900570206,"standard_error":7.412545194327931}}