{"mean":{"confidence_interval":{"confidence_level":0.95,"lower_bound":420.20704320666323,"upper_bound":424.9370580147485},"point_estimate":422.444626747354,"standard_error":1.2018037602806528},"median":{"confidence_interval":{"confidence_level":0.95,"lower_bound":422.30357142857144,"upper_bound":422.98600947830346},"point_estimate":422.66091140151116,"standard_error":0.1763523292693797},"median_abs_dev":{"confidence_interval":{"confidence_level":0.95,"lower_bound":1.0018832797501513,"upper_bound":1.8881556135278346},"point_estimate":1.3054120162162821,"standard_error":0.23494056764267052},"slope":{"confidence_interval":{"confidence_level":0.95,"lower_bound":422.724438660105,"upper_bound":423.21841452776437},"point_estimate":422.9624821012724,"standard_error":0.12599266162972889},"std_dev":{"confidence_interval":{"confidence_level":0.95,"lower_bound":6.718004652530312,"upper_bound":16.76732489677705},"point_estimate":12.075296579105828,"standard_error":2.585603349285817}}