{"mean":{"confidence_interval":{"confidence_level":0.95,"lower_bound":29.79933934849313,"upper_bound":30.97077963639411},"point_estimate":30.314323045005555,"standard_error":0.2984995320898099},"median":{"confidence_interval":{"confidence_level":0.95,"lower_bound":29.548681211331814,"upper_bound":29.71861146861147},"point_estimate":29.60235235235235,"standard_error":0.04545860586543096},"median_abs_dev":{"confidence_interval":{"confidence_level":0.95,"lower_bound":0.206526647731778,"upper_bound":0.40798351019458046},"point_estimate":0.32171165365652016,"standard_error":0.05535383404208074},"slope":{"confidence_interval":{"confidence_level":0.95,"lower_bound":29.69447125455589,"upper_bound":29.90354994524612},"point_estimate":29.792926629895746,"standard_error":0.053335610194110504},"std_dev":{"confidence_interval":{"confidence_level":0.95,"lower_bound":0.5685761875559132,"upper_bound":4.396513573081076},"point_estimate":3.008698576997046,"standard_error":0.8895282422775909}}