{"mean":{"confidence_interval":{"confidence_level":0.95,"lower_bound":29.41395825718367,"upper_bound":30.76963505190388},"point_estimate":30.01791481442077,"standard_error":0.34901019314888515},"median":{"confidence_interval":{"confidence_level":0.95,"lower_bound":28.89078605096912,"upper_bound":29.468331846565565},"point_estimate":29.197722849634207,"standard_error":0.15942490327712017},"median_abs_dev":{"confidence_interval":{"confidence_level":0.95,"lower_bound":0.2856835582001879,"upper_bound":0.8479718836019222},"point_estimate":0.5802508605768749,"standard_error":0.14195513958536368},"slope":{"confidence_interval":{"confidence_level":0.95,"lower_bound":29.34929822915785,"upper_bound":29.66867931184871},"point_estimate":29.486877397994196,"standard_error":0.08244331315156259},"std_dev":{"confidence_interval":{"confidence_level":0.95,"lower_bound":1.6386633464621772,"upper_bound":4.909666898339741},"point_estimate":3.504811372998117,"standard_error":0.8622535700620156}}