{"mean":{"confidence_interval":{"confidence_level":0.95,"lower_bound":8.848515965461113,"upper_bound":9.151392044942206},"point_estimate":8.96194718846598,"standard_error":0.08212959924713469},"median":{"confidence_interval":{"confidence_level":0.95,"lower_bound":8.810198389442382,"upper_bound":8.821389217329317},"point_estimate":8.815220927977357,"standard_error":0.0029193642505600127},"median_abs_dev":{"confidence_interval":{"confidence_level":0.95,"lower_bound":0.021018008325180196,"upper_bound":0.04201196304012832},"point_estimate":0.02958101294897565,"standard_error":0.0055197329021746235},"slope":{"confidence_interval":{"confidence_level":0.95,"lower_bound":8.832940564175733,"upper_bound":8.892163836150752},"point_estimate":8.85936779597551,"standard_error":0.015243775354885025},"std_dev":{"confidence_interval":{"confidence_level":0.95,"lower_bound":0.15845183629822732,"upper_bound":1.37814370164269},"point_estimate":0.8247162710362222,"standard_error":0.4004058215949266}}