{"mean":{"confidence_interval":{"confidence_level":0.95,"lower_bound":50.73779275329673,"upper_bound":55.3489908370476},"point_estimate":52.7978691528934,"standard_error":1.1865507369848953},"median":{"confidence_interval":{"confidence_level":0.95,"lower_bound":49.23865927419355,"upper_bound":49.47121710526316},"point_estimate":49.354464285714286,"standard_error":0.06865172617932552},"median_abs_dev":{"confidence_interval":{"confidence_level":0.95,"lower_bound":0.36123071978986654,"upper_bound":0.7527209110416784},"point_estimate":0.5460359005092404,"standard_error":0.10890875154397633},"slope":{"confidence_interval":{"confidence_level":0.95,"lower_bound":49.339403988709066,"upper_bound":49.74984310464987},"point_estimate":49.530825744421456,"standard_error":0.10477542317496108},"std_dev":{"confidence_interval":{"confidence_level":0.95,"lower_bound":5.839530767956061,"upper_bound":17.28943017288639},"point_estimate":11.986238999099033,"standard_error":2.9860167790045815}}