{"mean":{"confidence_interval":{"confidence_level":0.95,"lower_bound":49.53361733344343,"upper_bound":52.76125714902217},"point_estimate":51.035442478314415,"standard_error":0.8279556632057954},"median":{"confidence_interval":{"confidence_level":0.95,"lower_bound":47.742117149241665,"upper_bound":48.06538911381017},"point_estimate":47.95749254559323,"standard_error":0.09574145411590788},"median_abs_dev":{"confidence_interval":{"confidence_level":0.95,"lower_bound":0.31088370969546764,"upper_bound":0.8057652169126074},"point_estimate":0.5875799919484823,"standard_error":0.1431154944718497},"slope":{"confidence_interval":{"confidence_level":0.95,"lower_bound":48.14001864470499,"upper_bound":48.673637979300594},"point_estimate":48.390800712435734,"standard_error":0.1361359075506704},"std_dev":{"confidence_interval":{"confidence_level":0.95,"lower_bound":5.464793359197402,"upper_bound":10.496870099785372},"point_estimate":8.306776742263748,"standard_error":1.2890880501248403}}