{"mean":{"confidence_interval":{"confidence_level":0.95,"lower_bound":55.357868155813335,"upper_bound":62.20940188137218},"point_estimate":57.94303353170505,"standard_error":1.8679207741798354},"median":{"confidence_interval":{"confidence_level":0.95,"lower_bound":54.43328584995251,"upper_bound":54.64579387626263},"point_estimate":54.496380349864125,"standard_error":0.05893375836393183},"median_abs_dev":{"confidence_interval":{"confidence_level":0.95,"lower_bound":0.3508274222512324,"upper_bound":0.7073466815378832},"point_estimate":0.5231978130481276,"standard_error":0.09688646580425},"slope":{"confidence_interval":{"confidence_level":0.95,"lower_bound":54.64224034372346,"upper_bound":55.232471665405704},"point_estimate":54.911654906162255,"standard_error":0.1508312844396954},"std_dev":{"confidence_interval":{"confidence_level":0.95,"lower_bound":2.5892347898393253,"upper_bound":31.60943065443323},"point_estimate":18.89019363739628,"standard_error":9.200544185877307}}