{"mean":{"confidence_interval":{"confidence_level":0.95,"lower_bound":56.30086106570919,"upper_bound":60.06618787203672},"point_estimate":58.00747049550691,"standard_error":0.9686386788219301},"median":{"confidence_interval":{"confidence_level":0.95,"lower_bound":54.835752772546556,"upper_bound":55.07146727889468},"point_estimate":54.96457407407408,"standard_error":0.07435341016403302},"median_abs_dev":{"confidence_interval":{"confidence_level":0.95,"lower_bound":0.35491629129128077,"upper_bound":0.8423883515853439},"point_estimate":0.6038590932009366,"standard_error":0.13432884721214852},"slope":{"confidence_interval":{"confidence_level":0.95,"lower_bound":54.968095584339245,"upper_bound":55.58890444772704},"point_estimate":55.24528609428107,"standard_error":0.15879312856020583},"std_dev":{"confidence_interval":{"confidence_level":0.95,"lower_bound":5.153618195169321,"upper_bound":13.084397705530074},"point_estimate":9.763630785898767,"standard_error":1.9957908438634167}}