{"mean":{"confidence_interval":{"confidence_level":0.95,"lower_bound":56.64314409191566,"upper_bound":60.17310965049348},"point_estimate":58.2268423587601,"standard_error":0.9049225279626014},"median":{"confidence_interval":{"confidence_level":0.95,"lower_bound":55.151780967570446,"upper_bound":55.58498023715415},"point_estimate":55.236221590909096,"standard_error":0.12225255584978913},"median_abs_dev":{"confidence_interval":{"confidence_level":0.95,"lower_bound":0.36414736195614444,"upper_bound":1.0204116028174837},"point_estimate":0.510302999833589,"standard_error":0.1761650238455685},"slope":{"confidence_interval":{"confidence_level":0.95,"lower_bound":55.425635676111845,"upper_bound":56.129493799548115},"point_estimate":55.745399465319665,"standard_error":0.18028457540503243},"std_dev":{"confidence_interval":{"confidence_level":0.95,"lower_bound":4.710158464152889,"upper_bound":12.813820334035423},"point_estimate":9.079736133066024,"standard_error":2.087134150047437}}