{"mean":{"confidence_interval":{"confidence_level":0.95,"lower_bound":10.037937667752885,"upper_bound":10.221897592467297},"point_estimate":10.126425548976043,"standard_error":0.04703342412993153},"median":{"confidence_interval":{"confidence_level":0.95,"lower_bound":9.811335672782207,"upper_bound":9.94561106072372},"point_estimate":9.849940786396267,"standard_error":0.03758118746527316},"median_abs_dev":{"confidence_interval":{"confidence_level":0.95,"lower_bound":0.037485740313876574,"upper_bound":0.23326731462708927},"point_estimate":0.09224172464346114,"standard_error":0.05424571073682038},"slope":{"confidence_interval":{"confidence_level":0.95,"lower_bound":9.868427185402469,"upper_bound":9.952948618531202},"point_estimate":9.905626622456639,"standard_error":0.02156819267165947},"std_dev":{"confidence_interval":{"confidence_level":0.95,"lower_bound":0.37055664416938716,"upper_bound":0.5825012280885289},"point_estimate":0.4723995031270782,"standard_error":0.055377835880004125}}