{"mean":{"confidence_interval":{"confidence_level":0.95,"lower_bound":10.931963459841711,"upper_bound":11.111064494227733},"point_estimate":10.995473509183084,"standard_error":0.05360894090707744},"median":{"confidence_interval":{"confidence_level":0.95,"lower_bound":10.920292686608407,"upper_bound":10.940127861275576},"point_estimate":10.932899349145364,"standard_error":0.005294666017430147},"median_abs_dev":{"confidence_interval":{"confidence_level":0.95,"lower_bound":0.026871477449516075,"upper_bound":0.0501180986003932},"point_estimate":0.03882381252692873,"standard_error":0.005959718685875423},"slope":{"confidence_interval":{"confidence_level":0.95,"lower_bound":10.943364096724059,"upper_bound":10.989083962046152},"point_estimate":10.963960207240925,"standard_error":0.011831116412542673},"std_dev":{"confidence_interval":{"confidence_level":0.95,"lower_bound":0.05660320082887418,"upper_bound":0.9153540527857197},"point_estimate":0.5364325601115671,"standard_error":0.3048180932512609}}