{"mean":{"confidence_interval":{"confidence_level":0.95,"lower_bound":8.925444511462372,"upper_bound":9.046055470306312},"point_estimate":8.97179908960841,"standard_error":0.032174272488559044},"median":{"confidence_interval":{"confidence_level":0.95,"lower_bound":8.904033928949097,"upper_bound":8.91496153880838},"point_estimate":8.910684589879448,"standard_error":0.0027271866832976575},"median_abs_dev":{"confidence_interval":{"confidence_level":0.95,"lower_bound":0.02017329044116342,"upper_bound":0.039705558550829086},"point_estimate":0.028466931677968446,"standard_error":0.004822941225307724},"slope":{"confidence_interval":{"confidence_level":0.95,"lower_bound":8.921371868307828,"upper_bound":9.006435435275291},"point_estimate":8.955757059410324,"standard_error":0.022409863635260364},"std_dev":{"confidence_interval":{"confidence_level":0.95,"lower_bound":0.06518053895373034,"upper_bound":0.5370944207554996},"point_estimate":0.32416150229016877,"standard_error":0.14785260917793278}}