{"mean":{"confidence_interval":{"confidence_level":0.95,"lower_bound":8.895246557412289,"upper_bound":9.034687765643653},"point_estimate":8.944831255408776,"standard_error":0.041576431502974555},"median":{"confidence_interval":{"confidence_level":0.95,"lower_bound":8.887418138519548,"upper_bound":8.895463532593915},"point_estimate":8.891915055543059,"standard_error":0.0018811409751643459},"median_abs_dev":{"confidence_interval":{"confidence_level":0.95,"lower_bound":0.011458376526077459,"upper_bound":0.023685152415356632},"point_estimate":0.016013652557283837,"standard_error":0.0030400832455722286},"slope":{"confidence_interval":{"confidence_level":0.95,"lower_bound":8.894419335830055,"upper_bound":8.927673484052514},"point_estimate":8.908560920109096,"standard_error":0.008609596072746587},"std_dev":{"confidence_interval":{"confidence_level":0.95,"lower_bound":0.04185148669323531,"upper_bound":0.7135603610220236},"point_estimate":0.41842262632442845,"standard_error":0.23621826023676162}}