{"mean":{"confidence_interval":{"confidence_level":0.95,"lower_bound":8.555326091189807,"upper_bound":8.80244773437634},"point_estimate":8.64440203456951,"standard_error":0.07127033432347692},"median":{"confidence_interval":{"confidence_level":0.95,"lower_bound":8.53341273411696,"upper_bound":8.547977325541808},"point_estimate":8.540054129033003,"standard_error":0.0038100210299054356},"median_abs_dev":{"confidence_interval":{"confidence_level":0.95,"lower_bound":0.01883012897494454,"upper_bound":0.03584824860688344},"point_estimate":0.025360035148189172,"standard_error":0.004500607343092159},"slope":{"confidence_interval":{"confidence_level":0.95,"lower_bound":8.552359775957859,"upper_bound":8.615970645185731},"point_estimate":8.579216412425804,"standard_error":0.016598512667310193},"std_dev":{"confidence_interval":{"confidence_level":0.95,"lower_bound":0.07279535327872909,"upper_bound":1.207060743568673},"point_estimate":0.7113154902882418,"standard_error":0.3852013381576308}}