{"mean":{"confidence_interval":{"confidence_level":0.95,"lower_bound":50.30440293283805,"upper_bound":53.54364637481344},"point_estimate":51.77004025769553,"standard_error":0.8285126622250256},"median":{"confidence_interval":{"confidence_level":0.95,"lower_bound":49.1359233245537,"upper_bound":49.573626433052134},"point_estimate":49.376359558590025,"standard_error":0.12184729475411933},"median_abs_dev":{"confidence_interval":{"confidence_level":0.95,"lower_bound":0.3234576903921909,"upper_bound":0.8344547559841498},"point_estimate":0.5591115889780645,"standard_error":0.1355093164330377},"slope":{"confidence_interval":{"confidence_level":0.95,"lower_bound":49.32504038078069,"upper_bound":49.685282746448706},"point_estimate":49.49615116379092,"standard_error":0.09204667755414063},"std_dev":{"confidence_interval":{"confidence_level":0.95,"lower_bound":4.405061284352383,"upper_bound":11.217192666740214},"point_estimate":8.330771096448393,"standard_error":1.7354584044034371}}