{"mean":{"confidence_interval":{"confidence_level":0.95,"lower_bound":50.62730243909066,"upper_bound":53.204816404211996},"point_estimate":51.73915629306953,"standard_error":0.6662010449242373},"median":{"confidence_interval":{"confidence_level":0.95,"lower_bound":49.866016057585824,"upper_bound":50.10180457746479},"point_estimate":49.95928074813944,"standard_error":0.06328152510549437},"median_abs_dev":{"confidence_interval":{"confidence_level":0.95,"lower_bound":0.4480866130305132,"upper_bound":0.8832341214922604},"point_estimate":0.7371917012305439,"standard_error":0.12127034331723671},"slope":{"confidence_interval":{"confidence_level":0.95,"lower_bound":50.08057662971299,"upper_bound":50.64513714841037},"point_estimate":50.33303551549185,"standard_error":0.1446128039806457},"std_dev":{"confidence_interval":{"confidence_level":0.95,"lower_bound":2.1081325666824835,"upper_bound":9.963341332469728},"point_estimate":6.68697241667526,"standard_error":2.0673599835311856}}