{"mean":{"confidence_interval":{"confidence_level":0.95,"lower_bound":45.579069988153876,"upper_bound":47.67237006135569},"point_estimate":46.456180724468105,"standard_error":0.5430354147988999},"median":{"confidence_interval":{"confidence_level":0.95,"lower_bound":45.109939167974886,"upper_bound":45.321685606060605},"point_estimate":45.25398445294313,"standard_error":0.05652856339875142},"median_abs_dev":{"confidence_interval":{"confidence_level":0.95,"lower_bound":0.5026908739105893,"upper_bound":0.8595470998602646},"point_estimate":0.7015565305333589,"standard_error":0.09464941104666016},"slope":{"confidence_interval":{"confidence_level":0.95,"lower_bound":45.00421921097737,"upper_bound":45.27745357224146},"point_estimate":45.13437158268066,"standard_error":0.06949240163421176},"std_dev":{"confidence_interval":{"confidence_level":0.95,"lower_bound":1.6129668817534757,"upper_bound":8.563647794172041},"point_estimate":5.42397502304267,"standard_error":1.8985923692333884}}