{"mean":{"confidence_interval":{"confidence_level":0.95,"lower_bound":50.51267815542497,"upper_bound":53.11882659788966},"point_estimate":51.680243664095485,"standard_error":0.6683168987648909},"median":{"confidence_interval":{"confidence_level":0.95,"lower_bound":49.36790060851927,"upper_bound":49.81859876057446},"point_estimate":49.587974061097796,"standard_error":0.10412772597729208},"median_abs_dev":{"confidence_interval":{"confidence_level":0.95,"lower_bound":0.46008943545033915,"upper_bound":1.0295866020952509},"point_estimate":0.7561435942652417,"standard_error":0.13214466878011527},"slope":{"confidence_interval":{"confidence_level":0.95,"lower_bound":49.58710927026968,"upper_bound":50.25225317447389},"point_estimate":49.88672385017255,"standard_error":0.169603379851799},"std_dev":{"confidence_interval":{"confidence_level":0.95,"lower_bound":3.3621651203839944,"upper_bound":9.353027322533295},"point_estimate":6.731338973617336,"standard_error":1.5176506500080111}}