{"mean":{"confidence_interval":{"confidence_level":0.95,"lower_bound":105.35584962604476,"upper_bound":106.16791570068361},"point_estimate":105.74713316515832,"standard_error":0.2066930643615479},"median":{"confidence_interval":{"confidence_level":0.95,"lower_bound":105.91332970620239,"upper_bound":106.02999410205268},"point_estimate":105.97067874220386,"standard_error":0.0279340440564279},"median_abs_dev":{"confidence_interval":{"confidence_level":0.95,"lower_bound":0.19246798524345046,"upper_bound":0.36933288446730383},"point_estimate":0.2585616214891201,"standard_error":0.04575788390226128},"slope":{"confidence_interval":{"confidence_level":0.95,"lower_bound":105.48460446578189,"upper_bound":105.88347740832397},"point_estimate":105.71090015184423,"standard_error":0.10227617332357526},"std_dev":{"confidence_interval":{"confidence_level":0.95,"lower_bound":1.15069529547892,"upper_bound":3.0086672163925656},"point_estimate":2.0829062888785574,"standard_error":0.4922238177170017}}