{"mean":{"confidence_interval":{"confidence_level":0.95,"lower_bound":274.5180620090066,"upper_bound":274.77915111313564},"point_estimate":274.6400769433122,"standard_error":0.06674917051831024},"median":{"confidence_interval":{"confidence_level":0.95,"lower_bound":274.38853887336177,"upper_bound":274.4763201856413},"point_estimate":274.4368340498678,"standard_error":0.02156523002804267},"median_abs_dev":{"confidence_interval":{"confidence_level":0.95,"lower_bound":0.19704706596266958,"upper_bound":0.36783885822438916},"point_estimate":0.2676109735665928,"standard_error":0.042193322932320095},"slope":{"confidence_interval":{"confidence_level":0.95,"lower_bound":274.29992034402034,"upper_bound":274.3862543925942},"point_estimate":274.3395760867904,"standard_error":0.021960008251365244},"std_dev":{"confidence_interval":{"confidence_level":0.95,"lower_bound":0.43365871068388334,"upper_bound":0.869213960453029},"point_estimate":0.6712365382936213,"standard_error":0.11137264015414397}}