{"mean":{"confidence_interval":{"confidence_level":0.95,"lower_bound":275.4818921858913,"upper_bound":275.761399490067},"point_estimate":275.61338804868154,"standard_error":0.07145091045459137},"median":{"confidence_interval":{"confidence_level":0.95,"lower_bound":275.2781459662903,"upper_bound":275.54686683452894},"point_estimate":275.3703729480226,"standard_error":0.0620142044022201},"median_abs_dev":{"confidence_interval":{"confidence_level":0.95,"lower_bound":0.27732339552909,"upper_bound":0.5292065263612097},"point_estimate":0.40764467649517977,"standard_error":0.060805514206925565},"slope":{"confidence_interval":{"confidence_level":0.95,"lower_bound":275.2148388577632,"upper_bound":275.43247920830015},"point_estimate":275.31019588477653,"standard_error":0.05584649340837538},"std_dev":{"confidence_interval":{"confidence_level":0.95,"lower_bound":0.4894136080568883,"upper_bound":0.9227428870005452},"point_estimate":0.720724973602039,"standard_error":0.11105412540850748}}