{"mean":{"confidence_interval":{"confidence_level":0.95,"lower_bound":99.79170868250662,"upper_bound":100.20966475652737},"point_estimate":99.95613694967719,"standard_error":0.11008615477615682},"median":{"confidence_interval":{"confidence_level":0.95,"lower_bound":99.73693740300051,"upper_bound":99.79234483398994},"point_estimate":99.766838101008,"standard_error":0.013370257318594618},"median_abs_dev":{"confidence_interval":{"confidence_level":0.95,"lower_bound":0.0988259820504453,"upper_bound":0.17436800090953455},"point_estimate":0.14201523683434294,"standard_error":0.019602164764196652},"slope":{"confidence_interval":{"confidence_level":0.95,"lower_bound":99.72288797359165,"upper_bound":99.85541318733563},"point_estimate":99.78137460551346,"standard_error":0.03400780509018349},"std_dev":{"confidence_interval":{"confidence_level":0.95,"lower_bound":0.26355283835733956,"upper_bound":1.8109692619924818},"point_estimate":1.1055178053237513,"standard_error":0.4703491255987842}}