{"mean":{"confidence_interval":{"confidence_level":0.95,"lower_bound":100.3661707679891,"upper_bound":100.73960632112845},"point_estimate":100.51153902342197,"standard_error":0.09950656896851995},"median":{"confidence_interval":{"confidence_level":0.95,"lower_bound":100.31331211018711,"upper_bound":100.40384151321652},"point_estimate":100.36507255464745,"standard_error":0.02254940575058904},"median_abs_dev":{"confidence_interval":{"confidence_level":0.95,"lower_bound":0.11978649270951687,"upper_bound":0.21767005555251606},"point_estimate":0.1493112915279862,"standard_error":0.024977262776122583},"slope":{"confidence_interval":{"confidence_level":0.95,"lower_bound":100.28362303764561,"upper_bound":100.39014398048259},"point_estimate":100.33103720144875,"standard_error":0.027162074343247175},"std_dev":{"confidence_interval":{"confidence_level":0.95,"lower_bound":0.2419303894704193,"upper_bound":1.6515213753453173},"point_estimate":1.0014599322479956,"standard_error":0.44921545356210607}}