{"mean":{"confidence_interval":{"confidence_level":0.95,"lower_bound":294.7878653799922,"upper_bound":296.0038015216677},"point_estimate":295.41785788004876,"standard_error":0.31207852884509607},"median":{"confidence_interval":{"confidence_level":0.95,"lower_bound":296.5446049528302,"upper_bound":296.7165635850695},"point_estimate":296.6313104295069,"standard_error":0.04537399860717962},"median_abs_dev":{"confidence_interval":{"confidence_level":0.95,"lower_bound":0.2885513537498384,"upper_bound":1.069454105712982},"point_estimate":0.4755296370519356,"standard_error":0.1871082013549774},"slope":{"confidence_interval":{"confidence_level":0.95,"lower_bound":292.3396735670084,"upper_bound":294.3240061730554},"point_estimate":293.32155247432394,"standard_error":0.5098442682901411},"std_dev":{"confidence_interval":{"confidence_level":0.95,"lower_bound":2.429904776131037,"upper_bound":3.722446661224584},"point_estimate":3.1354652576721045,"standard_error":0.33238672969066885}}