{"mean":{"confidence_interval":{"confidence_level":0.95,"lower_bound":118.60316242911361,"upper_bound":119.42761267870816},"point_estimate":119.02501486880595,"standard_error":0.20905645321691757},"median":{"confidence_interval":{"confidence_level":0.95,"lower_bound":119.31196211182362,"upper_bound":119.4845191682911},"point_estimate":119.37792806739166,"standard_error":0.03909365487042816},"median_abs_dev":{"confidence_interval":{"confidence_level":0.95,"lower_bound":0.30772061753009083,"upper_bound":0.5560408406181606},"point_estimate":0.45114102311928866,"standard_error":0.06186509145087611},"slope":{"confidence_interval":{"confidence_level":0.95,"lower_bound":119.40544638255656,"upper_bound":119.62020448447507},"point_estimate":119.50989010576016,"standard_error":0.05457449138290928},"std_dev":{"confidence_interval":{"confidence_level":0.95,"lower_bound":1.397212617103432,"upper_bound":2.6917364034374596},"point_estimate":2.097192280987876,"standard_error":0.33128192999399375}}