{"mean":{"confidence_interval":{"confidence_level":0.95,"lower_bound":104.58327881145532,"upper_bound":105.09802104254729},"point_estimate":104.79065812512741,"standard_error":0.13515600213753895},"median":{"confidence_interval":{"confidence_level":0.95,"lower_bound":104.4540680179413,"upper_bound":104.52650639543843},"point_estimate":104.48886577284637,"standard_error":0.018485968984660248},"median_abs_dev":{"confidence_interval":{"confidence_level":0.95,"lower_bound":0.1251441088328648,"upper_bound":0.2531514510647147},"point_estimate":0.19061844622287283,"standard_error":0.03409596196726556},"slope":{"confidence_interval":{"confidence_level":0.95,"lower_bound":104.45266172717506,"upper_bound":104.57486472575914},"point_estimate":104.50734709770065,"standard_error":0.03120057023306656},"std_dev":{"confidence_interval":{"confidence_level":0.95,"lower_bound":0.36980735502719947,"upper_bound":2.208777736750196},"point_estimate":1.3601707468007647,"standard_error":0.5570617678375853}}