{"mean":{"confidence_interval":{"confidence_level":0.95,"lower_bound":105.30926985114382,"upper_bound":105.77271357312169},"point_estimate":105.50723268080074,"standard_error":0.11962293009243202},"median":{"confidence_interval":{"confidence_level":0.95,"lower_bound":105.26224555276812,"upper_bound":105.32754040332978},"point_estimate":105.28845802907502,"standard_error":0.015323399110649305},"median_abs_dev":{"confidence_interval":{"confidence_level":0.95,"lower_bound":0.10382433504498151,"upper_bound":0.1840602732618177},"point_estimate":0.13486457111901126,"standard_error":0.02140417896551745},"slope":{"confidence_interval":{"confidence_level":0.95,"lower_bound":105.28028732381672,"upper_bound":105.41227659668043},"point_estimate":105.33112904293907,"standard_error":0.034552325351297264},"std_dev":{"confidence_interval":{"confidence_level":0.95,"lower_bound":0.24196427018815947,"upper_bound":1.8431735939718312},"point_estimate":1.2051818098902607,"standard_error":0.39873752259486883}}