{"mean":{"confidence_interval":{"confidence_level":0.95,"lower_bound":117.65902168186255,"upper_bound":118.67716805924843},"point_estimate":118.16135183675709,"standard_error":0.25928217698455547},"median":{"confidence_interval":{"confidence_level":0.95,"lower_bound":118.29786039627317,"upper_bound":118.59689922480621},"point_estimate":118.41954644362845,"standard_error":0.07835271877420995},"median_abs_dev":{"confidence_interval":{"confidence_level":0.95,"lower_bound":0.4237237996994709,"upper_bound":0.703263664192858},"point_estimate":0.5660850539370488,"standard_error":0.07208748560347089},"slope":{"confidence_interval":{"confidence_level":0.95,"lower_bound":118.60012915490451,"upper_bound":118.82957032743067},"point_estimate":118.71234397471059,"standard_error":0.05846513173847409},"std_dev":{"confidence_interval":{"confidence_level":0.95,"lower_bound":1.6108380644759226,"upper_bound":3.5158844959565045},"point_estimate":2.6102630633407657,"standard_error":0.4905153591463847}}