{"mean":{"confidence_interval":{"confidence_level":0.95,"lower_bound":206.33176771538862,"upper_bound":206.5448169194621},"point_estimate":206.42417716148688,"standard_error":0.05474141378461002},"median":{"confidence_interval":{"confidence_level":0.95,"lower_bound":206.27630785124893,"upper_bound":206.3479301864549},"point_estimate":206.3077849002849,"standard_error":0.016340474496064634},"median_abs_dev":{"confidence_interval":{"confidence_level":0.95,"lower_bound":0.1232342794727235,"upper_bound":0.20526291096795862},"point_estimate":0.16443532952370846,"standard_error":0.021426505438514213},"slope":{"confidence_interval":{"confidence_level":0.95,"lower_bound":206.3005289791742,"upper_bound":206.40042820806408},"point_estimate":206.34566201109203,"standard_error":0.025546441976708835},"std_dev":{"confidence_interval":{"confidence_level":0.95,"lower_bound":0.2502206935352813,"upper_bound":0.8289704626657187},"point_estimate":0.546617230741678,"standard_error":0.16135378671120026}}