{"mean":{"confidence_interval":{"confidence_level":0.95,"lower_bound":99.43800212064808,"upper_bound":99.79737756057149},"point_estimate":99.57483196570166,"standard_error":0.09728512707526635},"median":{"confidence_interval":{"confidence_level":0.95,"lower_bound":99.36417077175697,"upper_bound":99.44897066392177},"point_estimate":99.41931574370466,"standard_error":0.019480161898875956},"median_abs_dev":{"confidence_interval":{"confidence_level":0.95,"lower_bound":0.11994360430445522,"upper_bound":0.21109407065558342},"point_estimate":0.14902416210980154,"standard_error":0.023960336926499265},"slope":{"confidence_interval":{"confidence_level":0.95,"lower_bound":99.35515053449464,"upper_bound":99.50204818926231},"point_estimate":99.41788796573483,"standard_error":0.037801429915331405},"std_dev":{"confidence_interval":{"confidence_level":0.95,"lower_bound":0.22799074193556776,"upper_bound":1.6325138623562894},"point_estimate":0.9801017424985458,"standard_error":0.46911411185564245}}