{"mean":{"confidence_interval":{"confidence_level":0.95,"lower_bound":104.74054745242194,"upper_bound":105.14832882401033},"point_estimate":104.9182135697919,"standard_error":0.10504465480652023},"median":{"confidence_interval":{"confidence_level":0.95,"lower_bound":104.66905575464622,"upper_bound":104.76352621221837},"point_estimate":104.71428752982592,"standard_error":0.022975071293805174},"median_abs_dev":{"confidence_interval":{"confidence_level":0.95,"lower_bound":0.14330884785115738,"upper_bound":0.26274462126137926},"point_estimate":0.21537229871581298,"standard_error":0.03173614864334432},"slope":{"confidence_interval":{"confidence_level":0.95,"lower_bound":104.70528877458732,"upper_bound":104.82161024763737},"point_estimate":104.75987484672045,"standard_error":0.02962100741882589},"std_dev":{"confidence_interval":{"confidence_level":0.95,"lower_bound":0.371873503257564,"upper_bound":1.5588886676830669},"point_estimate":1.0561729990159037,"standard_error":0.31053065778132943}}