{"mean":{"confidence_interval":{"confidence_level":0.95,"lower_bound":106.11399421766143,"upper_bound":106.55812955637728},"point_estimate":106.29516536449421,"standard_error":0.11574755237126626},"median":{"confidence_interval":{"confidence_level":0.95,"lower_bound":106.04778947368422,"upper_bound":106.12162615996465},"point_estimate":106.0739769515112,"standard_error":0.01689903958631043},"median_abs_dev":{"confidence_interval":{"confidence_level":0.95,"lower_bound":0.12853606463788111,"upper_bound":0.22376049817363802},"point_estimate":0.16897436743389302,"standard_error":0.024395499118229885},"slope":{"confidence_interval":{"confidence_level":0.95,"lower_bound":106.00539802718289,"upper_bound":106.17140949519789},"point_estimate":106.06884345666217,"standard_error":0.04378080493718419},"std_dev":{"confidence_interval":{"confidence_level":0.95,"lower_bound":0.25568623709386346,"upper_bound":1.880906782241916},"point_estimate":1.1661285543314945,"standard_error":0.4535775111536947}}