{"mean":{"confidence_interval":{"confidence_level":0.95,"lower_bound":204.12922295205104,"upper_bound":204.36431622472497},"point_estimate":204.22746255417107,"standard_error":0.06104939726522544},"median":{"confidence_interval":{"confidence_level":0.95,"lower_bound":204.13879162262157,"upper_bound":204.2238122949011},"point_estimate":204.1890888932529,"standard_error":0.021650781019794077},"median_abs_dev":{"confidence_interval":{"confidence_level":0.95,"lower_bound":0.1315074758414179,"upper_bound":0.23667993805255733},"point_estimate":0.19991414069096783,"standard_error":0.026317589884281678},"slope":{"confidence_interval":{"confidence_level":0.95,"lower_bound":204.1470895437498,"upper_bound":204.2278931651161},"point_estimate":204.18569923809457,"standard_error":0.02052440949718454},"std_dev":{"confidence_interval":{"confidence_level":0.95,"lower_bound":0.24670940679389025,"upper_bound":0.9655296065746694},"point_estimate":0.6093061723274457,"standard_error":0.22461471881324033}}