{"mean":{"confidence_interval":{"confidence_level":0.95,"lower_bound":5.023219208258963,"upper_bound":5.205887329128549},"point_estimate":5.093968166876527,"standard_error":0.04884481968813136},"median":{"confidence_interval":{"confidence_level":0.95,"lower_bound":5.00208559432827,"upper_bound":5.011832157597194},"point_estimate":5.005149938413038,"standard_error":0.0024725365433875164},"median_abs_dev":{"confidence_interval":{"confidence_level":0.95,"lower_bound":0.012229566958964261,"upper_bound":0.026565832963482857},"point_estimate":0.018191807443824568,"standard_error":0.0037687715920970816},"slope":{"confidence_interval":{"confidence_level":0.95,"lower_bound":5.011887371443263,"upper_bound":5.033187724468286},"point_estimate":5.021174255812066,"standard_error":0.005451336108347785},"std_dev":{"confidence_interval":{"confidence_level":0.95,"lower_bound":0.061512076131849766,"upper_bound":0.8144059759015202},"point_estimate":0.4926383477079689,"standard_error":0.22303430853012823}}