{"mean":{"confidence_interval":{"confidence_level":0.95,"lower_bound":5.015239319205327,"upper_bound":5.099313041219392},"point_estimate":5.046606989776002,"standard_error":0.023674462733308567},"median":{"confidence_interval":{"confidence_level":0.95,"lower_bound":5.001670536168019,"upper_bound":5.010123820913084},"point_estimate":5.006980636194832,"standard_error":0.002297727640966453},"median_abs_dev":{"confidence_interval":{"confidence_level":0.95,"lower_bound":0.010875094839727267,"upper_bound":0.02221859456097563},"point_estimate":0.017281750998575953,"standard_error":0.0030556485757367697},"slope":{"confidence_interval":{"confidence_level":0.95,"lower_bound":5.01245053750987,"upper_bound":5.036479323979754},"point_estimate":5.023135757914468,"standard_error":0.0061682982208279055},"std_dev":{"confidence_interval":{"confidence_level":0.95,"lower_bound":0.042945368578458,"upper_bound":0.4020782630076227},"point_estimate":0.23868534720435197,"standard_error":0.12280601307333691}}