{"mean":{"confidence_interval":{"confidence_level":0.95,"lower_bound":6.890903180952951,"upper_bound":7.191061853863422},"point_estimate":7.026007645983582,"standard_error":0.07714902068175829},"median":{"confidence_interval":{"confidence_level":0.95,"lower_bound":6.710552860552861,"upper_bound":6.80267897335205},"point_estimate":6.731006295108859,"standard_error":0.02556191193943043},"median_abs_dev":{"confidence_interval":{"confidence_level":0.95,"lower_bound":0.13286534907750985,"upper_bound":0.2884714704919881},"point_estimate":0.1725113577085099,"standard_error":0.040906796156824535},"slope":{"confidence_interval":{"confidence_level":0.95,"lower_bound":6.92161053513641,"upper_bound":7.1777956326585475},"point_estimate":7.044072924932981,"standard_error":0.06542068494894603},"std_dev":{"confidence_interval":{"confidence_level":0.95,"lower_bound":0.4201971234273463,"upper_bound":1.1206494148616395},"point_estimate":0.7751775623305572,"standard_error":0.19086252577432863}}