{"mean":{"confidence_interval":{"confidence_level":0.95,"lower_bound":6.356686391926104,"upper_bound":6.574305167997313},"point_estimate":6.436125410639372,"standard_error":0.061241601984311764},"median":{"confidence_interval":{"confidence_level":0.95,"lower_bound":6.344495860653533,"upper_bound":6.351838959076014},"point_estimate":6.3474112123672315,"standard_error":0.001967803007688692},"median_abs_dev":{"confidence_interval":{"confidence_level":0.95,"lower_bound":0.011407575112477128,"upper_bound":0.020388337666959314},"point_estimate":0.014570684418415629,"standard_error":0.002315643057134372},"slope":{"confidence_interval":{"confidence_level":0.95,"lower_bound":6.3526491508760845,"upper_bound":6.380079637582169},"point_estimate":6.364290689041133,"standard_error":0.00710238169193008},"std_dev":{"confidence_interval":{"confidence_level":0.95,"lower_bound":0.05827697318520982,"upper_bound":1.0450046943379574},"point_estimate":0.6178028552932127,"standard_error":0.3232610570648979}}