{"mean":{"confidence_interval":{"confidence_level":0.95,"lower_bound":5.100491239027052,"upper_bound":5.258231485803794},"point_estimate":5.16051943920848,"standard_error":0.04313182455550223},"median":{"confidence_interval":{"confidence_level":0.95,"lower_bound":5.114918664703889,"upper_bound":5.164175919607965},"point_estimate":5.142527044240701,"standard_error":0.010993051451841129},"median_abs_dev":{"confidence_interval":{"confidence_level":0.95,"lower_bound":0.06990692472634549,"upper_bound":0.12933196415021597},"point_estimate":0.09827157039194837,"standard_error":0.015375297790263621},"slope":{"confidence_interval":{"confidence_level":0.95,"lower_bound":5.1525179205473535,"upper_bound":5.185901828923394},"point_estimate":5.168566858067152,"standard_error":0.00848597916107399},"std_dev":{"confidence_interval":{"confidence_level":0.95,"lower_bound":0.10822967919005876,"upper_bound":0.7280599727102819},"point_estimate":0.4345115379988633,"standard_error":0.21344431144692483}}