{"mean":{"confidence_interval":{"confidence_level":0.95,"lower_bound":4.676867227970035,"upper_bound":4.7648644588695666},"point_estimate":4.7095087632087695,"standard_error":0.02439778443903818},"median":{"confidence_interval":{"confidence_level":0.95,"lower_bound":4.670915670088198,"upper_bound":4.676800121165553},"point_estimate":4.673058659403631,"standard_error":0.0016188743338683299},"median_abs_dev":{"confidence_interval":{"confidence_level":0.95,"lower_bound":0.012966821745556434,"upper_bound":0.02424371346181192},"point_estimate":0.019786030247412514,"standard_error":0.002856098741099303},"slope":{"confidence_interval":{"confidence_level":0.95,"lower_bound":4.675967737707945,"upper_bound":4.69089703683722},"point_estimate":4.68282090031753,"standard_error":0.0038004747745809114},"std_dev":{"confidence_interval":{"confidence_level":0.95,"lower_bound":0.04124612735536978,"upper_bound":0.412952600419126},"point_estimate":0.24556607556904497,"standard_error":0.12435150352543796}}