{"mean":{"confidence_interval":{"confidence_level":0.95,"lower_bound":4.759297808846655,"upper_bound":4.865575533483629},"point_estimate":4.79848104551977,"standard_error":0.029844834048507143},"median":{"confidence_interval":{"confidence_level":0.95,"lower_bound":4.7471365872181845,"upper_bound":4.753429626049704},"point_estimate":4.749932007691001,"standard_error":0.0015439984077980121},"median_abs_dev":{"confidence_interval":{"confidence_level":0.95,"lower_bound":0.008834866210341881,"upper_bound":0.017595537131403393},"point_estimate":0.013400579250888143,"standard_error":0.002242196260188355},"slope":{"confidence_interval":{"confidence_level":0.95,"lower_bound":4.752618691645837,"upper_bound":4.770505287577436},"point_estimate":4.760499578701,"standard_error":0.004593538097396827},"std_dev":{"confidence_interval":{"confidence_level":0.95,"lower_bound":0.04713997059494051,"upper_bound":0.5056542439889047},"point_estimate":0.2999215884712208,"standard_error":0.15536059139798342}}