{"mean":{"confidence_interval":{"confidence_level":0.95,"lower_bound":4.756148733628695,"upper_bound":4.826159383383119},"point_estimate":4.787939097140789,"standard_error":0.017978424870584316},"median":{"confidence_interval":{"confidence_level":0.95,"lower_bound":4.736734480097597,"upper_bound":4.769048546332463},"point_estimate":4.747389974502368,"standard_error":0.009712486407596458},"median_abs_dev":{"confidence_interval":{"confidence_level":0.95,"lower_bound":0.051615724644811935,"upper_bound":0.08347308507073355},"point_estimate":0.0710039650005968,"standard_error":0.008525136083826112},"slope":{"confidence_interval":{"confidence_level":0.95,"lower_bound":4.771497871324958,"upper_bound":4.861060880459971},"point_estimate":4.812332410654122,"standard_error":0.02298815437084149},"std_dev":{"confidence_interval":{"confidence_level":0.95,"lower_bound":0.09849606537922861,"upper_bound":0.2479341992546222},"point_estimate":0.18086386243709698,"standard_error":0.03830995772133898}}