{"mean":{"confidence_interval":{"confidence_level":0.95,"lower_bound":2.7801557611752843,"upper_bound":2.818103735344157},"point_estimate":2.7946240818087063,"standard_error":0.010229319031392606},"median":{"confidence_interval":{"confidence_level":0.95,"lower_bound":2.7775040700040696,"upper_bound":2.781325813658797},"point_estimate":2.7792828282828284,"standard_error":0.0009406822366300201},"median_abs_dev":{"confidence_interval":{"confidence_level":0.95,"lower_bound":0.006679474049332407,"upper_bound":0.012669169775077125},"point_estimate":0.010180981078653823,"standard_error":0.0015260700060929938},"slope":{"confidence_interval":{"confidence_level":0.95,"lower_bound":2.782062463822782,"upper_bound":2.7874732368906985},"point_estimate":2.7846118596237734,"standard_error":0.0013836350709359182},"std_dev":{"confidence_interval":{"confidence_level":0.95,"lower_bound":0.01732026548278207,"upper_bound":0.17165946859386247},"point_estimate":0.10310118442975323,"standard_error":0.048572654798488615}}