{"mean":{"confidence_interval":{"confidence_level":0.95,"lower_bound":13666.656420883775,"upper_bound":13765.975238944582},"point_estimate":13707.705173599104,"standard_error":25.853211346914826},"median":{"confidence_interval":{"confidence_level":0.95,"lower_bound":13656.39827094175,"upper_bound":13681.773354412187},"point_estimate":13671.500612494896,"standard_error":6.73514811049995},"median_abs_dev":{"confidence_interval":{"confidence_level":0.95,"lower_bound":40.81792599419461,"upper_bound":65.81110120068752},"point_estimate":55.890167542122335,"standard_error":6.636065232821347},"slope":{"confidence_interval":{"confidence_level":0.95,"lower_bound":13663.291301198797,"upper_bound":13683.760426813033},"point_estimate":13673.156083092317,"standard_error":5.2065185694581215},"std_dev":{"confidence_interval":{"confidence_level":0.95,"lower_bound":68.73714604089062,"upper_bound":416.25674822705713},"point_estimate":260.3892008879001,"standard_error":97.61020227236716}}