{"mean":{"confidence_interval":{"confidence_level":0.95,"lower_bound":68985408.89125,"upper_bound":70310869.0345},"point_estimate":69628317.9,"standard_error":339734.51705109247},"median":{"confidence_interval":{"confidence_level":0.95,"lower_bound":68750783.5,"upper_bound":69470672.0},"point_estimate":68986475.5,"standard_error":202458.8391590908},"median_abs_dev":{"confidence_interval":{"confidence_level":0.95,"lower_bound":1331719.480857253,"upper_bound":3325292.3463642597},"point_estimate":2322314.205470681,"standard_error":566994.1348721355},"slope":null,"std_dev":{"confidence_interval":{"confidence_level":0.95,"lower_bound":2614091.204889617,"upper_bound":4136572.95993912},"point_estimate":3403124.2729093656,"standard_error":390659.9790975774}}