{"mean":{"confidence_interval":{"confidence_level":0.95,"lower_bound":64941995.61125,"upper_bound":66262853.30075},"point_estimate":65616785.62,"standard_error":336335.35381746275},"median":{"confidence_interval":{"confidence_level":0.95,"lower_bound":65548341.0,"upper_bound":66693836.0},"point_estimate":66349139.5,"standard_error":251559.64452799835},"median_abs_dev":{"confidence_interval":{"confidence_level":0.95,"lower_bound":1470733.2434892654,"upper_bound":2404692.6491081715},"point_estimate":1885711.4935219288,"standard_error":237596.50985676207},"slope":null,"std_dev":{"confidence_interval":{"confidence_level":0.95,"lower_bound":2740583.2758218967,"upper_bound":3958105.512968514},"point_estimate":3386975.2168610753,"standard_error":310442.1634708483}}