{"mean":{"confidence_interval":{"confidence_level":0.95,"lower_bound":33.33494398223273,"upper_bound":34.19972326175236},"point_estimate":33.718268023281084,"standard_error":0.2224958164078154},"median":{"confidence_interval":{"confidence_level":0.95,"lower_bound":32.89206259426848,"upper_bound":33.19675931419079},"point_estimate":33.08025435073628,"standard_error":0.09131091953295002},"median_abs_dev":{"confidence_interval":{"confidence_level":0.95,"lower_bound":0.21528191124209115,"upper_bound":0.5504985152670715},"point_estimate":0.3704795426879255,"standard_error":0.09025309062360956},"slope":{"confidence_interval":{"confidence_level":0.95,"lower_bound":33.21759236206186,"upper_bound":33.67114531214172},"point_estimate":33.41616714693858,"standard_error":0.1167148489185183},"std_dev":{"confidence_interval":{"confidence_level":0.95,"lower_bound":1.0093389697088542,"upper_bound":3.2817245871264222},"point_estimate":2.2382524421606913,"standard_error":0.588296188139722}}