{"mean":{"confidence_interval":{"confidence_level":0.95,"lower_bound":34.707664641541406,"upper_bound":36.80699823664566},"point_estimate":35.66198091153842,"standard_error":0.5385714473214896},"median":{"confidence_interval":{"confidence_level":0.95,"lower_bound":33.71222222222222,"upper_bound":35.20100105374078},"point_estimate":34.81762669385328,"standard_error":0.3845804915932989},"median_abs_dev":{"confidence_interval":{"confidence_level":0.95,"lower_bound":1.9791854340501138,"upper_bound":3.2312237078304675},"point_estimate":3.038870326818767,"standard_error":0.31786788883182626},"slope":{"confidence_interval":{"confidence_level":0.95,"lower_bound":35.76394109719839,"upper_bound":37.09758898352266},"point_estimate":36.355987894098575,"standard_error":0.34212956387294774},"std_dev":{"confidence_interval":{"confidence_level":0.95,"lower_bound":2.774038830993132,"upper_bound":7.4721328518622885},"point_estimate":5.4205683282847605,"standard_error":1.1751303113938423}}