{"mean":{"confidence_interval":{"confidence_level":0.95,"lower_bound":42.04876046662217,"upper_bound":44.93603024029886},"point_estimate":43.36639466913243,"standard_error":0.7398272234701244},"median":{"confidence_interval":{"confidence_level":0.95,"lower_bound":40.818617021276594,"upper_bound":41.20795078577336},"point_estimate":40.94676675663518,"standard_error":0.10581429428137169},"median_abs_dev":{"confidence_interval":{"confidence_level":0.95,"lower_bound":0.4154606272394883,"upper_bound":0.9012788186874466},"point_estimate":0.5625330265277215,"standard_error":0.13038096491936058},"slope":{"confidence_interval":{"confidence_level":0.95,"lower_bound":40.833506389099085,"upper_bound":41.22019353710212},"point_estimate":41.01133338259199,"standard_error":0.09867449485433168},"std_dev":{"confidence_interval":{"confidence_level":0.95,"lower_bound":4.343789413824557,"upper_bound":9.735002500076416},"point_estimate":7.404654789793649,"standard_error":1.3711683794836478}}