{"mean":{"confidence_interval":{"confidence_level":0.95,"lower_bound":33.712102726824625,"upper_bound":34.989800731423976},"point_estimate":34.27527873018018,"standard_error":0.3298754487881072},"median":{"confidence_interval":{"confidence_level":0.95,"lower_bound":33.37023809523809,"upper_bound":33.52334890582739},"point_estimate":33.44616939820192,"standard_error":0.039857843275026054},"median_abs_dev":{"confidence_interval":{"confidence_level":0.95,"lower_bound":0.34854865180521893,"upper_bound":0.6761360457412441},"point_estimate":0.5091825474573807,"standard_error":0.08311741324633824},"slope":{"confidence_interval":{"confidence_level":0.95,"lower_bound":33.28458359849254,"upper_bound":33.82737536273622},"point_estimate":33.51874771826863,"standard_error":0.1403142900003291},"std_dev":{"confidence_interval":{"confidence_level":0.95,"lower_bound":1.3981105612790385,"upper_bound":4.807988515048411},"point_estimate":3.3019850790906613,"standard_error":0.8808863326824388}}