{"mean":{"confidence_interval":{"confidence_level":0.95,"lower_bound":31.176909198475567,"upper_bound":32.937737807874406},"point_estimate":31.926955838630285,"standard_error":0.45490652844532575},"median":{"confidence_interval":{"confidence_level":0.95,"lower_bound":30.8826657213754,"upper_bound":31.08838051349572},"point_estimate":30.938094078775755,"standard_error":0.04331670106013116},"median_abs_dev":{"confidence_interval":{"confidence_level":0.95,"lower_bound":0.2526958953006256,"upper_bound":0.4243083420007783},"point_estimate":0.3158907782456989,"standard_error":0.03885298535378839},"slope":{"confidence_interval":{"confidence_level":0.95,"lower_bound":30.956004647033282,"upper_bound":31.11255399406744},"point_estimate":31.03250201063851,"standard_error":0.0400897334976172},"std_dev":{"confidence_interval":{"confidence_level":0.95,"lower_bound":1.1148525065472434,"upper_bound":7.079353585587194},"point_estimate":4.5712197169029185,"standard_error":1.510659187222023}}