{"mean":{"confidence_interval":{"confidence_level":0.95,"lower_bound":30.04151035820723,"upper_bound":31.147501286335324},"point_estimate":30.5156877103918,"standard_error":0.2859627917489797},"median":{"confidence_interval":{"confidence_level":0.95,"lower_bound":29.980898768283296,"upper_bound":30.07084966969225},"point_estimate":30.041468422789073,"standard_error":0.02467362719622776},"median_abs_dev":{"confidence_interval":{"confidence_level":0.95,"lower_bound":0.2804050272430596,"upper_bound":0.5883397460108979},"point_estimate":0.37654452110498543,"standard_error":0.09196578201867513},"slope":{"confidence_interval":{"confidence_level":0.95,"lower_bound":30.063800647432256,"upper_bound":30.24710812065188},"point_estimate":30.14996958135716,"standard_error":0.0469381189720672},"std_dev":{"confidence_interval":{"confidence_level":0.95,"lower_bound":0.7300658294279326,"upper_bound":4.3573331225789405},"point_estimate":2.8698357689500718,"standard_error":0.9192816971963164}}