{"mean":{"confidence_interval":{"confidence_level":0.95,"lower_bound":31.023138023201046,"upper_bound":33.03006792566454},"point_estimate":31.887691414460036,"standard_error":0.5179621460816319},"median":{"confidence_interval":{"confidence_level":0.95,"lower_bound":30.558749550844414,"upper_bound":31.011141168556602},"point_estimate":30.61994011485144,"standard_error":0.12023465424897203},"median_abs_dev":{"confidence_interval":{"confidence_level":0.95,"lower_bound":0.21930488308645324,"upper_bound":0.7125192631460482},"point_estimate":0.3546432590277758,"standard_error":0.12746720499961336},"slope":{"confidence_interval":{"confidence_level":0.95,"lower_bound":30.83304337935599,"upper_bound":31.047667749553856},"point_estimate":30.931781933960018,"standard_error":0.054598201277863516},"std_dev":{"confidence_interval":{"confidence_level":0.95,"lower_bound":1.1412380664179138,"upper_bound":7.995967122930087},"point_estimate":5.189204348818009,"standard_error":1.6661541711050007}}