{"mean":{"confidence_interval":{"confidence_level":0.95,"lower_bound":2.1335691424282173,"upper_bound":2.143839613724174},"point_estimate":2.138357166726929,"standard_error":0.002622907788789725},"median":{"confidence_interval":{"confidence_level":0.95,"lower_bound":2.1279548394020007,"upper_bound":2.1341033591529195},"point_estimate":2.1302209689021563,"standard_error":0.0015168774673325453},"median_abs_dev":{"confidence_interval":{"confidence_level":0.95,"lower_bound":0.00995416087659445,"upper_bound":0.020280871893509647},"point_estimate":0.014524840209918115,"standard_error":0.0026920152865321585},"slope":{"confidence_interval":{"confidence_level":0.95,"lower_bound":2.1263594506389167,"upper_bound":2.1313746250422145},"point_estimate":2.1287013182753927,"standard_error":0.0012833577351195826},"std_dev":{"confidence_interval":{"confidence_level":0.95,"lower_bound":0.016978262693604626,"upper_bound":0.03579066633368514},"point_estimate":0.026429566509948554,"standard_error":0.004959213603636757}}