{"mean":{"confidence_interval":{"confidence_level":0.95,"lower_bound":1.879118303197429,"upper_bound":1.8938414084803794},"point_estimate":1.8852139477300804,"standard_error":0.003839764812411589},"median":{"confidence_interval":{"confidence_level":0.95,"lower_bound":1.8766699558709194,"upper_bound":1.8818110644155999},"point_estimate":1.8792543533559394,"standard_error":0.0014139842439459059},"median_abs_dev":{"confidence_interval":{"confidence_level":0.95,"lower_bound":0.00598000837038801,"upper_bound":0.009864445235122754},"point_estimate":0.00754132749935622,"standard_error":0.0009847272670556525},"slope":{"confidence_interval":{"confidence_level":0.95,"lower_bound":1.8775810205095875,"upper_bound":1.8842645184886848},"point_estimate":1.8803294417072787,"standard_error":0.0017278981558181215},"std_dev":{"confidence_interval":{"confidence_level":0.95,"lower_bound":0.010909430165085297,"upper_bound":0.06144838101320796},"point_estimate":0.038623298524400294,"standard_error":0.014221953923097134}}