{"mean":{"confidence_interval":{"confidence_level":0.95,"lower_bound":1.8952771722450308,"upper_bound":1.9093474141810651},"point_estimate":1.9018718489584474,"standard_error":0.003596013784946296},"median":{"confidence_interval":{"confidence_level":0.95,"lower_bound":1.886067171295581,"upper_bound":1.8927115389472282},"point_estimate":1.8894334070496988,"standard_error":0.0018776624651403076},"median_abs_dev":{"confidence_interval":{"confidence_level":0.95,"lower_bound":0.008455675871114178,"upper_bound":0.017003433485202796},"point_estimate":0.011649638906412931,"standard_error":0.002230423299767485},"slope":{"confidence_interval":{"confidence_level":0.95,"lower_bound":1.883630829353901,"upper_bound":1.888521564919143},"point_estimate":1.8858065600394933,"standard_error":0.0012487507733872827},"std_dev":{"confidence_interval":{"confidence_level":0.95,"lower_bound":0.02489147600840876,"upper_bound":0.046549028088554205},"point_estimate":0.03620101506011862,"standard_error":0.005536649501132783}}