{"mean":{"confidence_interval":{"confidence_level":0.95,"lower_bound":2.6953289522924733,"upper_bound":2.7158604427824407},"point_estimate":2.7036931427934636,"standard_error":0.005402059013227124},"median":{"confidence_interval":{"confidence_level":0.95,"lower_bound":2.693026448788519,"upper_bound":2.696573607375101},"point_estimate":2.695308279869118,"standard_error":0.0009698042739767807},"median_abs_dev":{"confidence_interval":{"confidence_level":0.95,"lower_bound":0.00621043602838269,"upper_bound":0.009872856173198349},"point_estimate":0.008414968366991625,"standard_error":0.0009210401556400143},"slope":{"confidence_interval":{"confidence_level":0.95,"lower_bound":2.6944989831882986,"upper_bound":2.707173185341943},"point_estimate":2.699150412258529,"standard_error":0.003389769440344752},"std_dev":{"confidence_interval":{"confidence_level":0.95,"lower_bound":0.008749232017422332,"upper_bound":0.08694504504756245},"point_estimate":0.05435967519632927,"standard_error":0.021434976196587435}}