{"mean":{"confidence_interval":{"confidence_level":0.95,"lower_bound":1.8698195197694985,"upper_bound":1.8834943539910158},"point_estimate":1.8755570403088058,"standard_error":0.0035386538883641775},"median":{"confidence_interval":{"confidence_level":0.95,"lower_bound":1.8685467054077796,"upper_bound":1.8712523951884945},"point_estimate":1.8698148785335067,"standard_error":0.0006783639382456988},"median_abs_dev":{"confidence_interval":{"confidence_level":0.95,"lower_bound":0.005737746939515281,"upper_bound":0.00914310717190401},"point_estimate":0.0073426614656246555,"standard_error":0.0008399360682873327},"slope":{"confidence_interval":{"confidence_level":0.95,"lower_bound":1.86726379060772,"upper_bound":1.8709555256930273},"point_estimate":1.8688757299377203,"standard_error":0.0009423548616113156},"std_dev":{"confidence_interval":{"confidence_level":0.95,"lower_bound":0.008805167431814734,"upper_bound":0.055811204315922895},"point_estimate":0.035541234389267436,"standard_error":0.012545026208906008}}