{"mean":{"confidence_interval":{"confidence_level":0.95,"lower_bound":3.192968035365072,"upper_bound":3.2343993874658272},"point_estimate":3.212980960327717,"standard_error":0.01055966194574833},"median":{"confidence_interval":{"confidence_level":0.95,"lower_bound":3.2136444136444138,"upper_bound":3.227479095126154},"point_estimate":3.2190524862938656,"standard_error":0.003957591500047578},"median_abs_dev":{"confidence_interval":{"confidence_level":0.95,"lower_bound":0.02704646063026134,"upper_bound":0.05525750382527818},"point_estimate":0.0395942618288238,"standard_error":0.006709585091361395},"slope":{"confidence_interval":{"confidence_level":0.95,"lower_bound":3.1842870606729683,"upper_bound":3.2222630409411184},"point_estimate":3.203417465276487,"standard_error":0.00959519060465622},"std_dev":{"confidence_interval":{"confidence_level":0.95,"lower_bound":0.07100255219438,"upper_bound":0.14002919536168823},"point_estimate":0.10571172125657684,"standard_error":0.01794763618871976}}