{"mean":{"confidence_interval":{"confidence_level":0.95,"lower_bound":1.8935314969073342,"upper_bound":1.906308777948368},"point_estimate":1.899541709934076,"standard_error":0.0032568004583152918},"median":{"confidence_interval":{"confidence_level":0.95,"lower_bound":1.8853327364965682,"upper_bound":1.8933402591452706},"point_estimate":1.8910067083329825,"standard_error":0.0019571657142654353},"median_abs_dev":{"confidence_interval":{"confidence_level":0.95,"lower_bound":0.01059175043375877,"upper_bound":0.018744458483219928},"point_estimate":0.015366814399620296,"standard_error":0.0018650639880187685},"slope":{"confidence_interval":{"confidence_level":0.95,"lower_bound":1.8825961229501864,"upper_bound":1.8905745191239445},"point_estimate":1.8861035645012327,"standard_error":0.0020577722185080127},"std_dev":{"confidence_interval":{"confidence_level":0.95,"lower_bound":0.022849355600079814,"upper_bound":0.04213769611895001},"point_estimate":0.03265202045701407,"standard_error":0.004995319648281089}}