{"mean":{"confidence_interval":{"confidence_level":0.95,"lower_bound":1.8923718558505662,"upper_bound":1.9131066828884584},"point_estimate":1.9012676527809678,"standard_error":0.005367744336527279},"median":{"confidence_interval":{"confidence_level":0.95,"lower_bound":1.8850346631655377,"upper_bound":1.8921025227594694},"point_estimate":1.8878993794485972,"standard_error":0.001994828733253819},"median_abs_dev":{"confidence_interval":{"confidence_level":0.95,"lower_bound":0.010016229683886727,"upper_bound":0.01873257421334264},"point_estimate":0.013301700909104992,"standard_error":0.0021762752589361205},"slope":{"confidence_interval":{"confidence_level":0.95,"lower_bound":1.8814264191279313,"upper_bound":1.8858012608445576},"point_estimate":1.8835016485026306,"standard_error":0.0011171309706800177},"std_dev":{"confidence_interval":{"confidence_level":0.95,"lower_bound":0.021111656886485548,"upper_bound":0.08309716317296623},"point_estimate":0.05392051244655416,"standard_error":0.01730536540879927}}