{"mean":{"confidence_interval":{"confidence_level":0.95,"lower_bound":1.8895142016460493,"upper_bound":1.896809010738152},"point_estimate":1.8930837022597045,"standard_error":0.0018591539884904135},"median":{"confidence_interval":{"confidence_level":0.95,"lower_bound":1.8838827691316415,"upper_bound":1.890194549374237},"point_estimate":1.8864838914677278,"standard_error":0.0015767320838332806},"median_abs_dev":{"confidence_interval":{"confidence_level":0.95,"lower_bound":0.008781200111296539,"upper_bound":0.017762801127407666},"point_estimate":0.012132735909084503,"standard_error":0.0022915731088934206},"slope":{"confidence_interval":{"confidence_level":0.95,"lower_bound":1.8821336264214314,"upper_bound":1.8869882493523966},"point_estimate":1.884386958101486,"standard_error":0.0012380316610067267},"std_dev":{"confidence_interval":{"confidence_level":0.95,"lower_bound":0.015858878019635814,"upper_bound":0.021270702332024136},"point_estimate":0.01875090636556828,"standard_error":0.0013811011371636474}}