{"mean":{"confidence_interval":{"confidence_level":0.95,"lower_bound":2.6933303340092487,"upper_bound":2.7159528469723946},"point_estimate":2.702820149405064,"standard_error":0.0058638410047964565},"median":{"confidence_interval":{"confidence_level":0.95,"lower_bound":2.6862150632833237,"upper_bound":2.692074182525363},"point_estimate":2.6896172840034644,"standard_error":0.0017685538163200668},"median_abs_dev":{"confidence_interval":{"confidence_level":0.95,"lower_bound":0.00763329403986831,"upper_bound":0.014858227628316583},"point_estimate":0.011540759212157742,"standard_error":0.002035662210980406},"slope":{"confidence_interval":{"confidence_level":0.95,"lower_bound":2.690866219004671,"upper_bound":2.73744314642725},"point_estimate":2.707540642211356,"standard_error":0.013000464603314367},"std_dev":{"confidence_interval":{"confidence_level":0.95,"lower_bound":0.016813983999192175,"upper_bound":0.09014697970164866},"point_estimate":0.05843205979565106,"standard_error":0.019508849344034806}}