{"mean":{"confidence_interval":{"confidence_level":0.95,"lower_bound":1.881394593225732,"upper_bound":1.8946470821302643},"point_estimate":1.8869898348254748,"standard_error":0.0034562009039101585},"median":{"confidence_interval":{"confidence_level":0.95,"lower_bound":1.8793512023024612,"upper_bound":1.8837390708774109},"point_estimate":1.8817009303005832,"standard_error":0.0011199823936673932},"median_abs_dev":{"confidence_interval":{"confidence_level":0.95,"lower_bound":0.006909882513203936,"upper_bound":0.012351184808852214},"point_estimate":0.00966786119605853,"standard_error":0.0014028409518955251},"slope":{"confidence_interval":{"confidence_level":0.95,"lower_bound":1.8791918403842165,"upper_bound":1.8843826263390882},"point_estimate":1.8815685856437943,"standard_error":0.0013237141684027563},"std_dev":{"confidence_interval":{"confidence_level":0.95,"lower_bound":0.011292944753057732,"upper_bound":0.054429476593646026},"point_estimate":0.03466994781186961,"standard_error":0.011951553174473323}}