{"mean":{"confidence_interval":{"confidence_level":0.95,"lower_bound":1.8896012892613818,"upper_bound":1.9022487012683336},"point_estimate":1.8954087739914143,"standard_error":0.003227279517650257},"median":{"confidence_interval":{"confidence_level":0.95,"lower_bound":1.8818936518041176,"upper_bound":1.893751266335731},"point_estimate":1.8863773977112976,"standard_error":0.003149239698113968},"median_abs_dev":{"confidence_interval":{"confidence_level":0.95,"lower_bound":0.010843241720274106,"upper_bound":0.021512975082210003},"point_estimate":0.016008360581384107,"standard_error":0.002667236179216077},"slope":{"confidence_interval":{"confidence_level":0.95,"lower_bound":1.880651839076967,"upper_bound":1.8855634982479597},"point_estimate":1.882918138444333,"standard_error":0.0012507709467978764},"std_dev":{"confidence_interval":{"confidence_level":0.95,"lower_bound":0.019238357057966428,"upper_bound":0.043988872103787914},"point_estimate":0.032475801677977936,"standard_error":0.0063308816076949725}}