{"mean":{"confidence_interval":{"confidence_level":0.95,"lower_bound":1.888449931050008,"upper_bound":1.8974417119013243},"point_estimate":1.8927736497882846,"standard_error":0.002296562699811456},"median":{"confidence_interval":{"confidence_level":0.95,"lower_bound":1.8848723535754082,"upper_bound":1.8891599811064115},"point_estimate":1.8871249260722358,"standard_error":0.001077592921416688},"median_abs_dev":{"confidence_interval":{"confidence_level":0.95,"lower_bound":0.0081244701747256,"upper_bound":0.01620992123633536},"point_estimate":0.012084812542506356,"standard_error":0.002010849389434357},"slope":{"confidence_interval":{"confidence_level":0.95,"lower_bound":1.8830500709315068,"upper_bound":1.887244713035323},"point_estimate":1.885123918246876,"standard_error":0.0010664539724234584},"std_dev":{"confidence_interval":{"confidence_level":0.95,"lower_bound":0.017612232384421625,"upper_bound":0.02821001262289909},"point_estimate":0.023071836404613234,"standard_error":0.002731490507975875}}