{"mean":{"confidence_interval":{"confidence_level":0.95,"lower_bound":1.6585193605440605,"upper_bound":1.6675657559000165},"point_estimate":1.6627866502929072,"standard_error":0.002306757147230181},"median":{"confidence_interval":{"confidence_level":0.95,"lower_bound":1.6526740820551824,"upper_bound":1.6605949973296912},"point_estimate":1.6557040180863423,"standard_error":0.0019169184269544337},"median_abs_dev":{"confidence_interval":{"confidence_level":0.95,"lower_bound":0.011520219139623193,"upper_bound":0.019774589535579937},"point_estimate":0.015076045440227065,"standard_error":0.0020491213571307834},"slope":{"confidence_interval":{"confidence_level":0.95,"lower_bound":1.6509294891384771,"upper_bound":1.655133901528554},"point_estimate":1.65294708035705,"standard_error":0.0010728347925241177},"std_dev":{"confidence_interval":{"confidence_level":0.95,"lower_bound":0.017072541279415005,"upper_bound":0.029507065880296918},"point_estimate":0.02328821016738063,"standard_error":0.003221754765056937}}