{"mean":{"confidence_interval":{"confidence_level":0.95,"lower_bound":1.8854863971344855,"upper_bound":1.8994386355770723},"point_estimate":1.8916037037308544,"standard_error":0.003599654887287167},"median":{"confidence_interval":{"confidence_level":0.95,"lower_bound":1.8838992516687825,"upper_bound":1.8887488093740452},"point_estimate":1.8864649695225868,"standard_error":0.0010812662149243893},"median_abs_dev":{"confidence_interval":{"confidence_level":0.95,"lower_bound":0.007565480252151667,"upper_bound":0.013007718642205679},"point_estimate":0.01059309872511519,"standard_error":0.0013826742186803704},"slope":{"confidence_interval":{"confidence_level":0.95,"lower_bound":1.8818513501233278,"upper_bound":1.8865788261979848},"point_estimate":1.8839773441161023,"standard_error":0.00120658317789915},"std_dev":{"confidence_interval":{"confidence_level":0.95,"lower_bound":0.011977518520764533,"upper_bound":0.05430904869916278},"point_estimate":0.03617439523470438,"standard_error":0.01068930372177638}}