{"mean":{"confidence_interval":{"confidence_level":0.95,"lower_bound":1.892004146685286,"upper_bound":1.9151727441055768},"point_estimate":1.9018235013438292,"standard_error":0.005979040818911678},"median":{"confidence_interval":{"confidence_level":0.95,"lower_bound":1.883079141667336,"upper_bound":1.8886384127741227},"point_estimate":1.8844743019020638,"standard_error":0.0012851581099311117},"median_abs_dev":{"confidence_interval":{"confidence_level":0.95,"lower_bound":0.007984200677923953,"upper_bound":0.015998289061037167},"point_estimate":0.010177155374874616,"standard_error":0.0019604187360647307},"slope":{"confidence_interval":{"confidence_level":0.95,"lower_bound":1.8807282229922753,"upper_bound":1.8849473716088667},"point_estimate":1.88260156813171,"standard_error":0.0010823263093788866},"std_dev":{"confidence_interval":{"confidence_level":0.95,"lower_bound":0.02348918036115576,"upper_bound":0.0938011672682166},"point_estimate":0.060098321067523025,"standard_error":0.020594611437741866}}