{"mean":{"confidence_interval":{"confidence_level":0.95,"lower_bound":2.4185197365950155,"upper_bound":2.434387148425518},"point_estimate":2.424937405543497,"standard_error":0.004165925259633849},"median":{"confidence_interval":{"confidence_level":0.95,"lower_bound":2.41750208855472,"upper_bound":2.4198170864090316},"point_estimate":2.4186260206577126,"standard_error":0.0006099879863244314},"median_abs_dev":{"confidence_interval":{"confidence_level":0.95,"lower_bound":0.004228705985429111,"upper_bound":0.009467889983659432},"point_estimate":0.0066058698780055505,"standard_error":0.00137869760001205},"slope":{"confidence_interval":{"confidence_level":0.95,"lower_bound":2.4204786288269537,"upper_bound":2.43228643452819},"point_estimate":2.4247121504702043,"standard_error":0.003216562048771024},"std_dev":{"confidence_interval":{"confidence_level":0.95,"lower_bound":0.007341293581468804,"upper_bound":0.06697759678229152},"point_estimate":0.041714947521968956,"standard_error":0.0165306982751639}}