{"mean":{"confidence_interval":{"confidence_level":0.95,"lower_bound":2.1334951914151437,"upper_bound":2.1469512707106553},"point_estimate":2.1396944009985863,"standard_error":0.0034510246174861508},"median":{"confidence_interval":{"confidence_level":0.95,"lower_bound":2.126825698692582,"upper_bound":2.132791003646069},"point_estimate":2.1300722671077796,"standard_error":0.0013950441333455883},"median_abs_dev":{"confidence_interval":{"confidence_level":0.95,"lower_bound":0.009910884999031625,"upper_bound":0.018497042577500362},"point_estimate":0.015243215391146408,"standard_error":0.0021944461274121434},"slope":{"confidence_interval":{"confidence_level":0.95,"lower_bound":2.12522095326361,"upper_bound":2.129106808235918},"point_estimate":2.127063508322336,"standard_error":0.0009923490802472355},"std_dev":{"confidence_interval":{"confidence_level":0.95,"lower_bound":0.02073469864943117,"upper_bound":0.046056203789078716},"point_estimate":0.03450683440857532,"standard_error":0.006485675979735545}}