{"mean":{"confidence_interval":{"confidence_level":0.95,"lower_bound":1.892939914946206,"upper_bound":1.9019557951140837},"point_estimate":1.8972652971474997,"standard_error":0.0023021577830311525},"median":{"confidence_interval":{"confidence_level":0.95,"lower_bound":1.8872148892306444,"upper_bound":1.8935693011113275},"point_estimate":1.8892490789846352,"standard_error":0.00166324212908593},"median_abs_dev":{"confidence_interval":{"confidence_level":0.95,"lower_bound":0.009776079545326225,"upper_bound":0.01883612762213354},"point_estimate":0.012632629654953622,"standard_error":0.002206091764683089},"slope":{"confidence_interval":{"confidence_level":0.95,"lower_bound":1.8845724825206323,"upper_bound":1.8889568171735487},"point_estimate":1.8865895041001142,"standard_error":0.0011166111896190407},"std_dev":{"confidence_interval":{"confidence_level":0.95,"lower_bound":0.017441579464177858,"upper_bound":0.028021378687989727},"point_estimate":0.023120543157473458,"standard_error":0.0027033136055685768}}