{"mean":{"confidence_interval":{"confidence_level":0.95,"lower_bound":1.8920630274942087,"upper_bound":1.903112329117705},"point_estimate":1.8973308547345658,"standard_error":0.0028311912867486325},"median":{"confidence_interval":{"confidence_level":0.95,"lower_bound":1.884706845657792,"upper_bound":1.8896128844335156},"point_estimate":1.887512120982481,"standard_error":0.0013431851557892695},"median_abs_dev":{"confidence_interval":{"confidence_level":0.95,"lower_bound":0.007097044743325771,"upper_bound":0.015199117859637377},"point_estimate":0.010376000033777491,"standard_error":0.0021403079186264745},"slope":{"confidence_interval":{"confidence_level":0.95,"lower_bound":1.8823048454798241,"upper_bound":1.8863377254159834},"point_estimate":1.88417658144341,"standard_error":0.001028227444870248},"std_dev":{"confidence_interval":{"confidence_level":0.95,"lower_bound":0.020552817278635137,"upper_bound":0.03518851091103942},"point_estimate":0.028455915532227906,"standard_error":0.003745052591185847}}