{"mean":{"confidence_interval":{"confidence_level":0.95,"lower_bound":4.641894609249587,"upper_bound":4.927776342193548},"point_estimate":4.7698319871327115,"standard_error":0.07316857881160412},"median":{"confidence_interval":{"confidence_level":0.95,"lower_bound":4.57978037526467,"upper_bound":4.71552016330199},"point_estimate":4.6366605733088075,"standard_error":0.034227975132664755},"median_abs_dev":{"confidence_interval":{"confidence_level":0.95,"lower_bound":0.2336748369835474,"upper_bound":0.4339939552611349},"point_estimate":0.2878197422948134,"standard_error":0.05134232159788981},"slope":{"confidence_interval":{"confidence_level":0.95,"lower_bound":4.477123212778663,"upper_bound":4.628703103335059},"point_estimate":4.5495904971265775,"standard_error":0.03853812643905351},"std_dev":{"confidence_interval":{"confidence_level":0.95,"lower_bound":0.36996169574921695,"upper_bound":1.0586766050643648},"point_estimate":0.7378098599010607,"standard_error":0.18151557984138902}}