{"mean":{"confidence_interval":{"confidence_level":0.95,"lower_bound":1.8773731695682991,"upper_bound":1.8921946921541277},"point_estimate":1.883709727970976,"standard_error":0.00381739104120159},"median":{"confidence_interval":{"confidence_level":0.95,"lower_bound":1.8771773820556774,"upper_bound":1.8804793190206581},"point_estimate":1.8788078541624988,"standard_error":0.0007627375912379245},"median_abs_dev":{"confidence_interval":{"confidence_level":0.95,"lower_bound":0.006622949010315297,"upper_bound":0.012067292446218693},"point_estimate":0.008277507750372311,"standard_error":0.001314953725659734},"slope":{"confidence_interval":{"confidence_level":0.95,"lower_bound":1.8767707204372355,"upper_bound":1.881540710531745},"point_estimate":1.8789160108163852,"standard_error":0.0012158928746896277},"std_dev":{"confidence_interval":{"confidence_level":0.95,"lower_bound":0.012190462651913687,"upper_bound":0.058327739246226376},"point_estimate":0.03836486958514807,"standard_error":0.012022503833893616}}