{"mean":{"confidence_interval":{"confidence_level":0.95,"lower_bound":2.509185655025048,"upper_bound":2.5726301439629102},"point_estimate":2.535527698001814,"standard_error":0.016462492936500796},"median":{"confidence_interval":{"confidence_level":0.95,"lower_bound":2.5011737443744613,"upper_bound":2.5085419104170077},"point_estimate":2.5044619017156884,"standard_error":0.002127948555962869},"median_abs_dev":{"confidence_interval":{"confidence_level":0.95,"lower_bound":0.010221125171484166,"upper_bound":0.01665428417811306},"point_estimate":0.013829058568542498,"standard_error":0.0015938709221116534},"slope":{"confidence_interval":{"confidence_level":0.95,"lower_bound":2.5033223187405556,"upper_bound":2.5733496450176885},"point_estimate":2.5265993700315645,"standard_error":0.020069344923170817},"std_dev":{"confidence_interval":{"confidence_level":0.95,"lower_bound":0.033173589807310645,"upper_bound":0.2564883821478288},"point_estimate":0.16478535405836942,"standard_error":0.0591194816398469}}