{"mean":{"confidence_interval":{"confidence_level":0.95,"lower_bound":3.0877399565644224,"upper_bound":3.224984190502293},"point_estimate":3.153094133772401,"standard_error":0.03510535454159194},"median":{"confidence_interval":{"confidence_level":0.95,"lower_bound":2.911054582256322,"upper_bound":3.1571385100218237},"point_estimate":2.930670041859129,"standard_error":0.06690407613330783},"median_abs_dev":{"confidence_interval":{"confidence_level":0.95,"lower_bound":0.029320803765313336,"upper_bound":0.34796291914256033},"point_estimate":0.06460502066639719,"standard_error":0.07676471770197704},"slope":{"confidence_interval":{"confidence_level":0.95,"lower_bound":3.2497212990900413,"upper_bound":3.3525798041178763},"point_estimate":3.306754323026196,"standard_error":0.026296265276117076},"std_dev":{"confidence_interval":{"confidence_level":0.95,"lower_bound":0.2559258382602606,"upper_bound":0.460164691713079},"point_estimate":0.3524357497001535,"standard_error":0.05533392127591709}}