{"mean":{"confidence_interval":{"confidence_level":0.95,"lower_bound":43.03452234841739,"upper_bound":45.70411927502363},"point_estimate":44.2486091502327,"standard_error":0.6847928913141382},"median":{"confidence_interval":{"confidence_level":0.95,"lower_bound":41.794992997198875,"upper_bound":41.96778711484594},"point_estimate":41.856899729201146,"standard_error":0.04302090114743133},"median_abs_dev":{"confidence_interval":{"confidence_level":0.95,"lower_bound":0.26926212049337256,"upper_bound":0.5915562810603988},"point_estimate":0.40789473807350746,"standard_error":0.08089191714361343},"slope":{"confidence_interval":{"confidence_level":0.95,"lower_bound":41.98809267680041,"upper_bound":42.78770774334804},"point_estimate":42.33562961256617,"standard_error":0.20467975470925948},"std_dev":{"confidence_interval":{"confidence_level":0.95,"lower_bound":3.8330798293758916,"upper_bound":9.277129371961554},"point_estimate":6.885147726077967,"standard_error":1.3887943262578017}}