{"mean":{"confidence_interval":{"confidence_level":0.95,"lower_bound":40.99643218451121,"upper_bound":43.858370027185224},"point_estimate":42.1609057789709,"standard_error":0.7456552836457864},"median":{"confidence_interval":{"confidence_level":0.95,"lower_bound":40.35986032560629,"upper_bound":40.53312490260247},"point_estimate":40.44447353721547,"standard_error":0.047384024813353375},"median_abs_dev":{"confidence_interval":{"confidence_level":0.95,"lower_bound":0.24435760318866404,"upper_bound":0.5071910688896178},"point_estimate":0.3604775204819611,"standard_error":0.06903452176769348},"slope":{"confidence_interval":{"confidence_level":0.95,"lower_bound":40.47526966575629,"upper_bound":41.047029182062495},"point_estimate":40.730140720860724,"standard_error":0.14719302997746014},"std_dev":{"confidence_interval":{"confidence_level":0.95,"lower_bound":1.9374763389005691,"upper_bound":12.019848813308329},"point_estimate":7.464307440744944,"standard_error":2.856743938707909}}