{"mean":{"confidence_interval":{"confidence_level":0.95,"lower_bound":2.520521083752464,"upper_bound":2.5780524444389497},"point_estimate":2.5465002626124265,"standard_error":0.014746380057190752},"median":{"confidence_interval":{"confidence_level":0.95,"lower_bound":2.502390945510676,"upper_bound":2.509501814959842},"point_estimate":2.5055758017714176,"standard_error":0.0018073256508572956},"median_abs_dev":{"confidence_interval":{"confidence_level":0.95,"lower_bound":0.010293458523980448,"upper_bound":0.020294025998225197},"point_estimate":0.014808727330254621,"standard_error":0.0026057467024808343},"slope":{"confidence_interval":{"confidence_level":0.95,"lower_bound":2.5021604203591945,"upper_bound":2.5106254577247435},"point_estimate":2.5060784005107615,"standard_error":0.0021664425690488885},"std_dev":{"confidence_interval":{"confidence_level":0.95,"lower_bound":0.07574127395067926,"upper_bound":0.20513577714778983},"point_estimate":0.1482944187706428,"standard_error":0.03272618848995151}}