{"mean":{"confidence_interval":{"confidence_level":0.95,"lower_bound":3.341626361986697,"upper_bound":3.44903787746644},"point_estimate":3.3936445012954466,"standard_error":0.02731132907838824},"median":{"confidence_interval":{"confidence_level":0.95,"lower_bound":3.4455803739497206,"upper_bound":3.451468677076444},"point_estimate":3.447969225001904,"standard_error":0.0013362181946108378},"median_abs_dev":{"confidence_interval":{"confidence_level":0.95,"lower_bound":0.009392396545058454,"upper_bound":0.01758099080995837},"point_estimate":0.013067001299602499,"standard_error":0.001994635390286195},"slope":{"confidence_interval":{"confidence_level":0.95,"lower_bound":3.4471821056783876,"upper_bound":3.4635858917013063},"point_estimate":3.4543583065192363,"standard_error":0.004217154633042114},"std_dev":{"confidence_interval":{"confidence_level":0.95,"lower_bound":0.1849454721228024,"upper_bound":0.37339661146996905},"point_estimate":0.27437910248171615,"standard_error":0.05091378622517223}}