{"mean":{"confidence_interval":{"confidence_level":0.95,"lower_bound":2.1723124613179055,"upper_bound":2.175772543719838},"point_estimate":2.1740003984428258,"standard_error":0.0008856367074485922},"median":{"confidence_interval":{"confidence_level":0.95,"lower_bound":2.171422724264384,"upper_bound":2.1748479687694413},"point_estimate":2.1730129688312125,"standard_error":0.0009005514287932915},"median_abs_dev":{"confidence_interval":{"confidence_level":0.95,"lower_bound":0.006328680389793566,"upper_bound":0.010659243860335451},"point_estimate":0.008863772075084472,"standard_error":0.0011228736802020075},"slope":{"confidence_interval":{"confidence_level":0.95,"lower_bound":2.1714840958811914,"upper_bound":2.174372528188025},"point_estimate":2.172903039922919,"standard_error":0.0007364301341310816},"std_dev":{"confidence_interval":{"confidence_level":0.95,"lower_bound":0.007211310290786832,"upper_bound":0.010546849439182118},"point_estimate":0.008930880234697933,"standard_error":0.0008554323755253245}}