{"mean":{"confidence_interval":{"confidence_level":0.95,"lower_bound":2.170517606071194,"upper_bound":2.1755628206844504},"point_estimate":2.172789308813118,"standard_error":0.0012949242477844382},"median":{"confidence_interval":{"confidence_level":0.95,"lower_bound":2.1681204682791275,"upper_bound":2.1719515078244305},"point_estimate":2.170314789637484,"standard_error":0.0008924422497241352},"median_abs_dev":{"confidence_interval":{"confidence_level":0.95,"lower_bound":0.0055379024541970315,"upper_bound":0.008380224033706498},"point_estimate":0.0069649140212991525,"standard_error":0.0007191618465600738},"slope":{"confidence_interval":{"confidence_level":0.95,"lower_bound":2.169315170268529,"upper_bound":2.1723933604390697},"point_estimate":2.170825810339506,"standard_error":0.0007851180754575907},"std_dev":{"confidence_interval":{"confidence_level":0.95,"lower_bound":0.007361471928417556,"upper_bound":0.018954328238260928},"point_estimate":0.013027912233845666,"standard_error":0.003333124707130113}}