{"mean":{"confidence_interval":{"confidence_level":0.95,"lower_bound":2.14507765135813,"upper_bound":2.160671621840872},"point_estimate":2.1530798281780843,"standard_error":0.003986656720264626},"median":{"confidence_interval":{"confidence_level":0.95,"lower_bound":2.163360305619059,"upper_bound":2.1692391417823296},"point_estimate":2.1657000569217812,"standard_error":0.0016128334672999955},"median_abs_dev":{"confidence_interval":{"confidence_level":0.95,"lower_bound":0.008355375747751763,"upper_bound":0.025306883596730795},"point_estimate":0.015679705302094733,"standard_error":0.004557433425941469},"slope":{"confidence_interval":{"confidence_level":0.95,"lower_bound":2.1165940780812744,"upper_bound":2.1426829965609415},"point_estimate":2.129027269512025,"standard_error":0.006657100369582497},"std_dev":{"confidence_interval":{"confidence_level":0.95,"lower_bound":0.03289310419986471,"upper_bound":0.046018070839703586},"point_estimate":0.040088601898952664,"standard_error":0.003360758399772225}}