{"mean":{"confidence_interval":{"confidence_level":0.95,"lower_bound":2.1723113375142318,"upper_bound":2.1873884266017156},"point_estimate":2.178277482153311,"standard_error":0.003967656107256126},"median":{"confidence_interval":{"confidence_level":0.95,"lower_bound":2.1689943345602267,"upper_bound":2.17447700268651},"point_estimate":2.1709169000736828,"standard_error":0.0015752808019952557},"median_abs_dev":{"confidence_interval":{"confidence_level":0.95,"lower_bound":0.007870484239414577,"upper_bound":0.01279340907224203},"point_estimate":0.010549334382888239,"standard_error":0.0012237278759101096},"slope":{"confidence_interval":{"confidence_level":0.95,"lower_bound":2.171813774846075,"upper_bound":2.1760329085473313},"point_estimate":2.173897404831552,"standard_error":0.001075930008544421},"std_dev":{"confidence_interval":{"confidence_level":0.95,"lower_bound":0.009570207227953412,"upper_bound":0.0650048461968329},"point_estimate":0.03974629891782494,"standard_error":0.016754695408917743}}