{"mean":{"confidence_interval":{"confidence_level":0.95,"lower_bound":2.1823843991412604,"upper_bound":2.188664409700198},"point_estimate":2.1852551838501615,"standard_error":0.0016041200773608654},"median":{"confidence_interval":{"confidence_level":0.95,"lower_bound":2.181233070508766,"upper_bound":2.1848484116912816},"point_estimate":2.182624970227712,"standard_error":0.0010452078860470986},"median_abs_dev":{"confidence_interval":{"confidence_level":0.95,"lower_bound":0.005457505799114688,"upper_bound":0.010021236558819232},"point_estimate":0.007556564279037948,"standard_error":0.0011476637792921585},"slope":{"confidence_interval":{"confidence_level":0.95,"lower_bound":2.1827464896591695,"upper_bound":2.185973853656904},"point_estimate":2.1842814327575453,"standard_error":0.0008244741942706018},"std_dev":{"confidence_interval":{"confidence_level":0.95,"lower_bound":0.009600236443625535,"upper_bound":0.0230282294196309},"point_estimate":0.016149323585659396,"standard_error":0.003695523115457793}}