{"mean":{"confidence_interval":{"confidence_level":0.95,"lower_bound":2.1852332050200656,"upper_bound":2.2029658981314078},"point_estimate":2.1919049990149566,"standard_error":0.004907556585364597},"median":{"confidence_interval":{"confidence_level":0.95,"lower_bound":2.184836330319829,"upper_bound":2.188889401657165},"point_estimate":2.1865456988228518,"standard_error":0.0011293229040153898},"median_abs_dev":{"confidence_interval":{"confidence_level":0.95,"lower_bound":0.007144821997712906,"upper_bound":0.012010414693696103},"point_estimate":0.009275342115378876,"standard_error":0.0012491027175049695},"slope":{"confidence_interval":{"confidence_level":0.95,"lower_bound":2.1855191528518816,"upper_bound":2.189824775592436},"point_estimate":2.187596687408028,"standard_error":0.001097314103252556},"std_dev":{"confidence_interval":{"confidence_level":0.95,"lower_bound":0.010880135141960278,"upper_bound":0.08301049710349633},"point_estimate":0.04940768029222323,"standard_error":0.02475566643248482}}