{"mean":{"confidence_interval":{"confidence_level":0.95,"lower_bound":2.1860048386150623,"upper_bound":2.201770435194317},"point_estimate":2.1927595869588954,"standard_error":0.004092202558888238},"median":{"confidence_interval":{"confidence_level":0.95,"lower_bound":2.1836717819232474,"upper_bound":2.1883033572425976},"point_estimate":2.186412431735117,"standard_error":0.0012845361067559413},"median_abs_dev":{"confidence_interval":{"confidence_level":0.95,"lower_bound":0.007025432229511104,"upper_bound":0.013062827800955534},"point_estimate":0.010318762776243752,"standard_error":0.0015175245616139302},"slope":{"confidence_interval":{"confidence_level":0.95,"lower_bound":2.185696832189346,"upper_bound":2.2168857178549697},"point_estimate":2.1972519857370836,"standard_error":0.008493571687817461},"std_dev":{"confidence_interval":{"confidence_level":0.95,"lower_bound":0.012940998876112077,"upper_bound":0.06317811377473866},"point_estimate":0.04113579741495245,"standard_error":0.013431085184977126}}