{"mean":{"confidence_interval":{"confidence_level":0.95,"lower_bound":2.188609339132346,"upper_bound":2.2376840759983554},"point_estimate":2.2098492855463934,"standard_error":0.01267178925161291},"median":{"confidence_interval":{"confidence_level":0.95,"lower_bound":2.184152119994041,"upper_bound":2.1888852991037235},"point_estimate":2.186583538087878,"standard_error":0.0012482489104113418},"median_abs_dev":{"confidence_interval":{"confidence_level":0.95,"lower_bound":0.009508167153979327,"upper_bound":0.020354440076117156},"point_estimate":0.013506718383046202,"standard_error":0.002798757791244042},"slope":{"confidence_interval":{"confidence_level":0.95,"lower_bound":2.185623660423769,"upper_bound":2.2035100070765776},"point_estimate":2.1930270697016496,"standard_error":0.004642488964536237},"std_dev":{"confidence_interval":{"confidence_level":0.95,"lower_bound":0.02510725221246449,"upper_bound":0.19038266400678094},"point_estimate":0.12712141680452874,"standard_error":0.0405244285617286}}