{"mean":{"confidence_interval":{"confidence_level":0.95,"lower_bound":2.190702670720165,"upper_bound":2.1978716579985966},"point_estimate":2.194163467399429,"standard_error":0.0018298351853264197},"median":{"confidence_interval":{"confidence_level":0.95,"lower_bound":2.189458224543081,"upper_bound":2.193603133159269},"point_estimate":2.1914398014765464,"standard_error":0.0011049910313912828},"median_abs_dev":{"confidence_interval":{"confidence_level":0.95,"lower_bound":0.009595129436321539,"upper_bound":0.016316317834986917},"point_estimate":0.012616969657882376,"standard_error":0.0017792265243817206},"slope":{"confidence_interval":{"confidence_level":0.95,"lower_bound":2.190645930199144,"upper_bound":2.196114534497984},"point_estimate":2.1932060521784225,"standard_error":0.0013910929847071967},"std_dev":{"confidence_interval":{"confidence_level":0.95,"lower_bound":0.014096042844231417,"upper_bound":0.02281159551623688},"point_estimate":0.018357553529550666,"standard_error":0.0022676292805286166}}