{"mean":{"confidence_interval":{"confidence_level":0.95,"lower_bound":2.48821286595428,"upper_bound":2.564638119258394},"point_estimate":2.521785752257935,"standard_error":0.019635876920289147},"median":{"confidence_interval":{"confidence_level":0.95,"lower_bound":2.470347692529713,"upper_bound":2.4738299494582137},"point_estimate":2.471967772984507,"standard_error":0.0009955205982095318},"median_abs_dev":{"confidence_interval":{"confidence_level":0.95,"lower_bound":0.011043977616404048,"upper_bound":0.024980294162394067},"point_estimate":0.018124904717689346,"standard_error":0.0036917583527348048},"slope":{"confidence_interval":{"confidence_level":0.95,"lower_bound":2.5028753711726677,"upper_bound":2.6647078291498345},"point_estimate":2.5747665690363646,"standard_error":0.04181119629476687},"std_dev":{"confidence_interval":{"confidence_level":0.95,"lower_bound":0.07566994220929431,"upper_bound":0.2889478212245739},"point_estimate":0.1970463781699217,"standard_error":0.05460137717838435}}