{"mean":{"confidence_interval":{"confidence_level":0.95,"lower_bound":8.560494940764867,"upper_bound":8.568815895768061},"point_estimate":8.56447078241388,"standard_error":0.0021212342774119693},"median":{"confidence_interval":{"confidence_level":0.95,"lower_bound":8.5573897267784,"upper_bound":8.562176477669436},"point_estimate":8.559375166109321,"standard_error":0.0012775000502700609},"median_abs_dev":{"confidence_interval":{"confidence_level":0.95,"lower_bound":0.010327036483294662,"upper_bound":0.018810896170846973},"point_estimate":0.014851951992698129,"standard_error":0.002178581553433107},"slope":{"confidence_interval":{"confidence_level":0.95,"lower_bound":8.557732593055476,"upper_bound":8.566902676891772},"point_estimate":8.561876526691494,"standard_error":0.002347141919518548},"std_dev":{"confidence_interval":{"confidence_level":0.95,"lower_bound":0.0155240020597768,"upper_bound":0.026533972790136317},"point_estimate":0.021289739567806318,"standard_error":0.0028174979822838775}}