{"mean":{"confidence_interval":{"confidence_level":0.95,"lower_bound":2.1847492356898575,"upper_bound":2.19100459557901},"point_estimate":2.1876824496524936,"standard_error":0.0015938515171082393},"median":{"confidence_interval":{"confidence_level":0.95,"lower_bound":2.1826916494517397,"upper_bound":2.1864888129352273},"point_estimate":2.184190181428998,"standard_error":0.0009612076143490267},"median_abs_dev":{"confidence_interval":{"confidence_level":0.95,"lower_bound":0.0052282559235115504,"upper_bound":0.010302835172588324},"point_estimate":0.007824479247250823,"standard_error":0.0012977988667428608},"slope":{"confidence_interval":{"confidence_level":0.95,"lower_bound":2.182261581012103,"upper_bound":2.18517025596907},"point_estimate":2.1836621959815967,"standard_error":0.0007415326022119875},"std_dev":{"confidence_interval":{"confidence_level":0.95,"lower_bound":0.010781708080265486,"upper_bound":0.021288860870901784},"point_estimate":0.015998475380185076,"standard_error":0.002764752578210768}}