{"mean":{"confidence_interval":{"confidence_level":0.95,"lower_bound":4.029753051277123,"upper_bound":4.159350222926276},"point_estimate":4.084207149550715,"standard_error":0.0334794551348116},"median":{"confidence_interval":{"confidence_level":0.95,"lower_bound":3.9883151934787864,"upper_bound":4.067078646707985},"point_estimate":4.010529599991426,"standard_error":0.02473681769070203},"median_abs_dev":{"confidence_interval":{"confidence_level":0.95,"lower_bound":0.13085797568288332,"upper_bound":0.21009570539523256},"point_estimate":0.16444523213323275,"standard_error":0.02003280892577069},"slope":{"confidence_interval":{"confidence_level":0.95,"lower_bound":4.039885284503487,"upper_bound":4.1043576315141115},"point_estimate":4.071223597965122,"standard_error":0.016438683841206676},"std_dev":{"confidence_interval":{"confidence_level":0.95,"lower_bound":0.14758533309174376,"upper_bound":0.5252492331426},"point_estimate":0.3359170605766272,"standard_error":0.11842820299559274}}