{"mean":{"confidence_interval":{"confidence_level":0.95,"lower_bound":5.002309589439429,"upper_bound":5.140773936353342},"point_estimate":5.050917065567682,"standard_error":0.04199559275780137},"median":{"confidence_interval":{"confidence_level":0.95,"lower_bound":4.996741945100423,"upper_bound":5.001271465555538},"point_estimate":4.998465335944136,"standard_error":0.0010583529063610034},"median_abs_dev":{"confidence_interval":{"confidence_level":0.95,"lower_bound":0.007765873831817467,"upper_bound":0.01388625686924865},"point_estimate":0.010663649612648539,"standard_error":0.0016290813070134968},"slope":{"confidence_interval":{"confidence_level":0.95,"lower_bound":5.000243112215497,"upper_bound":5.02302383209127},"point_estimate":5.0094500191596705,"standard_error":0.006016593859745265},"std_dev":{"confidence_interval":{"confidence_level":0.95,"lower_bound":0.030187217311772496,"upper_bound":0.724550195030591},"point_estimate":0.42407940561942187,"standard_error":0.2450348074934605}}