{"mean":{"confidence_interval":{"confidence_level":0.95,"lower_bound":6.866529619428739,"upper_bound":6.978659221422241},"point_estimate":6.912300487402555,"standard_error":0.029921990570528093},"median":{"confidence_interval":{"confidence_level":0.95,"lower_bound":6.861402470102683,"upper_bound":6.866195807031696},"point_estimate":6.863433822349208,"standard_error":0.0011616404136321427},"median_abs_dev":{"confidence_interval":{"confidence_level":0.95,"lower_bound":0.008350817566015009,"upper_bound":0.015384296484298617},"point_estimate":0.010774052942689712,"standard_error":0.0017686631650495057},"slope":{"confidence_interval":{"confidence_level":0.95,"lower_bound":6.863202875074689,"upper_bound":6.876907402546703},"point_estimate":6.868900663717694,"standard_error":0.00358129461486197},"std_dev":{"confidence_interval":{"confidence_level":0.95,"lower_bound":0.030993621785684523,"upper_bound":0.4717809718090093},"point_estimate":0.30156141617301824,"standard_error":0.11992495224887074}}