{"mean":{"confidence_interval":{"confidence_level":0.95,"lower_bound":3.742524603719863,"upper_bound":3.848966075235574},"point_estimate":3.779502048358903,"standard_error":0.032591664116812635},"median":{"confidence_interval":{"confidence_level":0.95,"lower_bound":3.7411847911913307,"upper_bound":3.7449317696298556},"point_estimate":3.743327504820004,"standard_error":0.0008306332263322092},"median_abs_dev":{"confidence_interval":{"confidence_level":0.95,"lower_bound":0.004735168751184833,"upper_bound":0.008547735345082429},"point_estimate":0.006078351772575532,"standard_error":0.0009630855654462739},"slope":{"confidence_interval":{"confidence_level":0.95,"lower_bound":3.742790827064696,"upper_bound":3.757513032707525},"point_estimate":3.748170852191113,"standard_error":0.004008897684726893},"std_dev":{"confidence_interval":{"confidence_level":0.95,"lower_bound":0.012416951584258054,"upper_bound":0.5613755976677176},"point_estimate":0.3283166693690967,"standard_error":0.1920753256391538}}