{"mean":{"confidence_interval":{"confidence_level":0.95,"lower_bound":4.061230453216606,"upper_bound":4.154873132537582},"point_estimate":4.094062046479937,"standard_error":0.028535188694681426},"median":{"confidence_interval":{"confidence_level":0.95,"lower_bound":4.0574454228581915,"upper_bound":4.061280270130281},"point_estimate":4.058964071559304,"standard_error":0.0009499545319772492},"median_abs_dev":{"confidence_interval":{"confidence_level":0.95,"lower_bound":0.0064145597475378955,"upper_bound":0.014380701520009812},"point_estimate":0.009624026844787406,"standard_error":0.002212365735339467},"slope":{"confidence_interval":{"confidence_level":0.95,"lower_bound":4.061907571282096,"upper_bound":4.070745322103508},"point_estimate":4.066007591119638,"standard_error":0.0022673638786844873},"std_dev":{"confidence_interval":{"confidence_level":0.95,"lower_bound":0.01908086580377989,"upper_bound":0.49046223973629693},"point_estimate":0.28692652104353644,"standard_error":0.16661488623065684}}