{"mean":{"confidence_interval":{"confidence_level":0.95,"lower_bound":4.612782528464142,"upper_bound":4.696391155174652},"point_estimate":4.649483957459756,"standard_error":0.02143692421128643},"median":{"confidence_interval":{"confidence_level":0.95,"lower_bound":4.568280882865994,"upper_bound":4.635273978133428},"point_estimate":4.602567410558833,"standard_error":0.01574564591044299},"median_abs_dev":{"confidence_interval":{"confidence_level":0.95,"lower_bound":0.08006298033171332,"upper_bound":0.13604340120287686},"point_estimate":0.09944969393457646,"standard_error":0.013883155535765468},"slope":{"confidence_interval":{"confidence_level":0.95,"lower_bound":4.615839582037797,"upper_bound":4.660368984723357},"point_estimate":4.63735284707708,"standard_error":0.011373615195301468},"std_dev":{"confidence_interval":{"confidence_level":0.95,"lower_bound":0.11315261103040049,"upper_bound":0.322770971135851},"point_estimate":0.21576082327347235,"standard_error":0.06253027981795747}}