{"mean":{"confidence_interval":{"confidence_level":0.95,"lower_bound":42.74501601441515,"upper_bound":46.1563133666483},"point_estimate":44.268522338625786,"standard_error":0.8790140823873621},"median":{"confidence_interval":{"confidence_level":0.95,"lower_bound":41.61853002070393,"upper_bound":41.77615540056059},"point_estimate":41.697077690662866,"standard_error":0.041462154716070954},"median_abs_dev":{"confidence_interval":{"confidence_level":0.95,"lower_bound":0.3140155223881563,"upper_bound":0.5791171406553459},"point_estimate":0.4451160782440975,"standard_error":0.06911143189346512},"slope":{"confidence_interval":{"confidence_level":0.95,"lower_bound":41.93292006039362,"upper_bound":42.6396293882138},"point_estimate":42.260304718336855,"standard_error":0.18076741032281002},"std_dev":{"confidence_interval":{"confidence_level":0.95,"lower_bound":4.004628255944366,"upper_bound":12.543412287941305},"point_estimate":8.812170900442133,"standard_error":2.1481371244985974}}