{"mean":{"confidence_interval":{"confidence_level":0.95,"lower_bound":46.01268807932917,"upper_bound":51.44089779879895},"point_estimate":48.501113158744474,"standard_error":1.3950252860604846},"median":{"confidence_interval":{"confidence_level":0.95,"lower_bound":43.136054421768705,"upper_bound":43.7581998474447},"point_estimate":43.321345029239765,"standard_error":0.192784777118879},"median_abs_dev":{"confidence_interval":{"confidence_level":0.95,"lower_bound":0.3670073944075527,"upper_bound":1.1444070654201242},"point_estimate":0.6382993070948441,"standard_error":0.21793803791269634},"slope":{"confidence_interval":{"confidence_level":0.95,"lower_bound":43.52411082722411,"upper_bound":44.538105646408766},"point_estimate":43.98184730334778,"standard_error":0.2599999680841316},"std_dev":{"confidence_interval":{"confidence_level":0.95,"lower_bound":8.49782462748036,"upper_bound":18.721180462289446},"point_estimate":13.98933836174893,"standard_error":2.625305189382212}}