{"mean":{"confidence_interval":{"confidence_level":0.95,"lower_bound":45.555692068248504,"upper_bound":48.93520201594828},"point_estimate":47.098110948528785,"standard_error":0.8658533218890377},"median":{"confidence_interval":{"confidence_level":0.95,"lower_bound":44.253226620520586,"upper_bound":44.71449275362319},"point_estimate":44.31436889768212,"standard_error":0.10557558820876989},"median_abs_dev":{"confidence_interval":{"confidence_level":0.95,"lower_bound":0.1550144206782037,"upper_bound":0.7932556333015628},"point_estimate":0.2559190121976609,"standard_error":0.14796858971233617},"slope":{"confidence_interval":{"confidence_level":0.95,"lower_bound":44.45966913876911,"upper_bound":44.96099153595219},"point_estimate":44.6867056880899,"standard_error":0.12874509755440666},"std_dev":{"confidence_interval":{"confidence_level":0.95,"lower_bound":4.9075590540416725,"upper_bound":11.51152048154165},"point_estimate":8.71206902682122,"standard_error":1.678429881861349}}