{"mean":{"confidence_interval":{"confidence_level":0.95,"lower_bound":32.66370304653358,"upper_bound":33.49335150605359},"point_estimate":33.01616865361183,"standard_error":0.21435119413565298},"median":{"confidence_interval":{"confidence_level":0.95,"lower_bound":32.40745192307692,"upper_bound":32.62354504048584},"point_estimate":32.54997086247086,"standard_error":0.0554376153051322},"median_abs_dev":{"confidence_interval":{"confidence_level":0.95,"lower_bound":0.30382632459132664,"upper_bound":0.5529671607458557},"point_estimate":0.44292806535827073,"standard_error":0.06282315451788043},"slope":{"confidence_interval":{"confidence_level":0.95,"lower_bound":32.55606151832855,"upper_bound":32.796168306351305},"point_estimate":32.66472189698878,"standard_error":0.06139606034394639},"std_dev":{"confidence_interval":{"confidence_level":0.95,"lower_bound":0.6203015161503744,"upper_bound":3.292561327011062},"point_estimate":2.1585460797600113,"standard_error":0.7138495108121986}}