{"mean":{"confidence_interval":{"confidence_level":0.95,"lower_bound":25.14751876644676,"upper_bound":25.81308226014648},"point_estimate":25.409161076891756,"standard_error":0.17660505821690878},"median":{"confidence_interval":{"confidence_level":0.95,"lower_bound":25.093735365106813,"upper_bound":25.216699989192694},"point_estimate":25.136261183212028,"standard_error":0.03476937890998557},"median_abs_dev":{"confidence_interval":{"confidence_level":0.95,"lower_bound":0.15176978298102123,"upper_bound":0.24428412534656377},"point_estimate":0.19314954978976387,"standard_error":0.02290695480402835},"slope":{"confidence_interval":{"confidence_level":0.95,"lower_bound":25.135947383175214,"upper_bound":25.26235079851555},"point_estimate":25.18980348906048,"standard_error":0.032947745394523366},"std_dev":{"confidence_interval":{"confidence_level":0.95,"lower_bound":0.24346759058189793,"upper_bound":2.897206110090637},"point_estimate":1.7725084295701063,"standard_error":0.7588580417287598}}