{"mean":{"confidence_interval":{"confidence_level":0.95,"lower_bound":25.833433549137045,"upper_bound":26.46433602245232},"point_estimate":26.069761565140944,"standard_error":0.17113670177450288},"median":{"confidence_interval":{"confidence_level":0.95,"lower_bound":25.81098461630415,"upper_bound":25.82663727567298},"point_estimate":25.816875278768954,"standard_error":0.00418004473024456},"median_abs_dev":{"confidence_interval":{"confidence_level":0.95,"lower_bound":0.025736466704102835,"upper_bound":0.0568174005509984},"point_estimate":0.0457405518618169,"standard_error":0.008453598032114581},"slope":{"confidence_interval":{"confidence_level":0.95,"lower_bound":25.833514099294597,"upper_bound":25.878663155131445},"point_estimate":25.8539398091561,"standard_error":0.011566161430343513},"std_dev":{"confidence_interval":{"confidence_level":0.95,"lower_bound":0.10765663939381638,"upper_bound":2.8887624901286446},"point_estimate":1.7318047919361501,"standard_error":0.8362014305325661}}