{"mean":{"confidence_interval":{"confidence_level":0.95,"lower_bound":105310.35901894268,"upper_bound":107112.50818476046},"point_estimate":106117.78414054622,"standard_error":463.91234965151097},"median":{"confidence_interval":{"confidence_level":0.95,"lower_bound":105073.84415584416,"upper_bound":105701.182486631},"point_estimate":105338.21248246844,"standard_error":179.01265228076386},"median_abs_dev":{"confidence_interval":{"confidence_level":0.95,"lower_bound":1135.5979102738766,"upper_bound":2174.5587861267727},"point_estimate":1583.4580844384195,"standard_error":273.0524290760112},"slope":{"confidence_interval":{"confidence_level":0.95,"lower_bound":104711.34727878285,"upper_bound":105298.36201426982},"point_estimate":105013.528517807,"standard_error":149.81352858726427},"std_dev":{"confidence_interval":{"confidence_level":0.95,"lower_bound":2324.6789128035484,"upper_bound":6791.8083317437995},"point_estimate":4671.476898211433,"standard_error":1184.0242387977373}}