{"mean":{"confidence_interval":{"confidence_level":0.95,"lower_bound":133815.21289350858,"upper_bound":140539.6212174639},"point_estimate":137043.83280571987,"standard_error":1718.2525374166369},"median":{"confidence_interval":{"confidence_level":0.95,"lower_bound":127554.72727272728,"upper_bound":128348.5854054054},"point_estimate":127868.85714285713,"standard_error":223.01298222361348},"median_abs_dev":{"confidence_interval":{"confidence_level":0.95,"lower_bound":594.7000465392517,"upper_bound":1647.8282007806856},"point_estimate":982.1378587690007,"standard_error":286.68721824506923},"slope":{"confidence_interval":{"confidence_level":0.95,"lower_bound":141090.99035864038,"upper_bound":150649.15409525367},"point_estimate":146218.2674065317,"standard_error":2448.448652065508},"std_dev":{"confidence_interval":{"confidence_level":0.95,"lower_bound":13729.91677989221,"upper_bound":20684.235389321297},"point_estimate":17247.298439722017,"standard_error":1779.1725963546}}