{"mean":{"confidence_interval":{"confidence_level":0.95,"lower_bound":126958.44455743553,"upper_bound":127932.17600361397},"point_estimate":127361.07424692558,"standard_error":253.3183485083371},"median":{"confidence_interval":{"confidence_level":0.95,"lower_bound":126816.27777777778,"upper_bound":126966.39285714286},"point_estimate":126917.91025641025,"standard_error":40.104541420098194},"median_abs_dev":{"confidence_interval":{"confidence_level":0.95,"lower_bound":214.4652865094078,"upper_bound":393.7365508807838},"point_estimate":299.9379690868038,"standard_error":43.28100511039637},"slope":{"confidence_interval":{"confidence_level":0.95,"lower_bound":126938.6742205569,"upper_bound":127205.9906503909},"point_estimate":127058.55508792671,"standard_error":68.70618562445541},"std_dev":{"confidence_interval":{"confidence_level":0.95,"lower_bound":475.0038978560185,"upper_bound":3994.8956802939974},"point_estimate":2544.2214209329427,"standard_error":939.188722474737}}