{"mean":{"confidence_interval":{"confidence_level":0.95,"lower_bound":137822.9796129768,"upper_bound":138761.57898490957},"point_estimate":138226.7024874757,"standard_error":242.7274083003418},"median":{"confidence_interval":{"confidence_level":0.95,"lower_bound":137562.7627118644,"upper_bound":137903.8651685393},"point_estimate":137799.09848484848,"standard_error":93.02245576407307},"median_abs_dev":{"confidence_interval":{"confidence_level":0.95,"lower_bound":421.9657549670834,"upper_bound":685.2226741210942},"point_estimate":534.832496754818,"standard_error":64.49386817155006},"slope":{"confidence_interval":{"confidence_level":0.95,"lower_bound":137623.0753211677,"upper_bound":138070.65911448203},"point_estimate":137824.41128712872,"standard_error":114.78977677925776},"std_dev":{"confidence_interval":{"confidence_level":0.95,"lower_bound":745.887382667701,"upper_bound":3709.5516143773343},"point_estimate":2442.757070161786,"standard_error":783.1344994662422}}