{"mean":{"confidence_interval":{"confidence_level":0.95,"lower_bound":126659.02991492896,"upper_bound":128353.92373007006},"point_estimate":127281.37265395613,"standard_error":482.79173485585466},"median":{"confidence_interval":{"confidence_level":0.95,"lower_bound":126543.3875,"upper_bound":126676.57283197832},"point_estimate":126597.78470072239,"standard_error":30.94644734952062},"median_abs_dev":{"confidence_interval":{"confidence_level":0.95,"lower_bound":213.38643134539788,"upper_bound":397.9439321703608},"point_estimate":284.4662216163845,"standard_error":49.155609594164616},"slope":{"confidence_interval":{"confidence_level":0.95,"lower_bound":126647.63486426402,"upper_bound":127118.44921540421},"point_estimate":126833.11844539677,"standard_error":126.67067647579032},"std_dev":{"confidence_interval":{"confidence_level":0.95,"lower_bound":555.4175250517342,"upper_bound":8233.287457019582},"point_estimate":4863.925031244524,"standard_error":2578.009741132979}}