{"mean":{"confidence_interval":{"confidence_level":0.95,"lower_bound":40.31468395591481,"upper_bound":42.30134800830298},"point_estimate":41.19452430790398,"standard_error":0.5112720616259763},"median":{"confidence_interval":{"confidence_level":0.95,"lower_bound":39.63949929971989,"upper_bound":39.85962962962963},"point_estimate":39.74322849807445,"standard_error":0.0559383810831548},"median_abs_dev":{"confidence_interval":{"confidence_level":0.95,"lower_bound":0.30675419789908626,"upper_bound":0.6192183399208814},"point_estimate":0.4433349628894607,"standard_error":0.07952200516016057},"slope":{"confidence_interval":{"confidence_level":0.95,"lower_bound":39.72512484266067,"upper_bound":40.39045528882889},"point_estimate":40.021461652135365,"standard_error":0.1700976938409918},"std_dev":{"confidence_interval":{"confidence_level":0.95,"lower_bound":2.0963012711370164,"upper_bound":7.3993194504637625},"point_estimate":5.158211153797138,"standard_error":1.3406733670170106}}