{"mean":{"confidence_interval":{"confidence_level":0.95,"lower_bound":31.335232787784918,"upper_bound":33.45123748486385},"point_estimate":32.30405693591729,"standard_error":0.544289969662903},"median":{"confidence_interval":{"confidence_level":0.95,"lower_bound":30.345050505050505,"upper_bound":30.45299145299145},"point_estimate":30.388425120772947,"standard_error":0.026191379114092465},"median_abs_dev":{"confidence_interval":{"confidence_level":0.95,"lower_bound":0.15040414547793662,"upper_bound":0.3181390404440328},"point_estimate":0.22116607237955188,"standard_error":0.04374557190722264},"slope":{"confidence_interval":{"confidence_level":0.95,"lower_bound":30.507179459490942,"upper_bound":30.91017252035651},"point_estimate":30.688409398551794,"standard_error":0.10343220669662986},"std_dev":{"confidence_interval":{"confidence_level":0.95,"lower_bound":3.2646624904784014,"upper_bound":7.140346868676177},"point_estimate":5.4642198711532695,"standard_error":0.9909971510873367}}