{"mean":{"confidence_interval":{"confidence_level":0.95,"lower_bound":49.390821700961624,"upper_bound":52.734303831838076},"point_estimate":50.92993265085889,"standard_error":0.8570237712879674},"median":{"confidence_interval":{"confidence_level":0.95,"lower_bound":48.04189472399129,"upper_bound":48.20169491525424},"point_estimate":48.11222204062797,"standard_error":0.04009394248991037},"median_abs_dev":{"confidence_interval":{"confidence_level":0.95,"lower_bound":0.2059657557904253,"upper_bound":0.4438789084010375},"point_estimate":0.26723120163655817,"standard_error":0.06363394757134608},"slope":{"confidence_interval":{"confidence_level":0.95,"lower_bound":48.31743160850789,"upper_bound":49.15464087628926},"point_estimate":48.69768342379393,"standard_error":0.21442785492217545},"std_dev":{"confidence_interval":{"confidence_level":0.95,"lower_bound":5.238378099039751,"upper_bound":11.194486600538518},"point_estimate":8.622222839477589,"standard_error":1.5326748084574646}}