{"mean":{"confidence_interval":{"confidence_level":0.95,"lower_bound":10.059701656114743,"upper_bound":10.07639778323515},"point_estimate":10.067324872416288,"standard_error":0.004274559173132147},"median":{"confidence_interval":{"confidence_level":0.95,"lower_bound":10.052828917000122,"upper_bound":10.065031648687919},"point_estimate":10.057991089379174,"standard_error":0.0028455865305118174},"median_abs_dev":{"confidence_interval":{"confidence_level":0.95,"lower_bound":0.017156452925757126,"upper_bound":0.030240896650009997},"point_estimate":0.025745195005590697,"standard_error":0.0035929575923178587},"slope":{"confidence_interval":{"confidence_level":0.95,"lower_bound":10.056697160042118,"upper_bound":10.065885386102726},"point_estimate":10.061218128581753,"standard_error":0.0023449454537861542},"std_dev":{"confidence_interval":{"confidence_level":0.95,"lower_bound":0.02421450605897058,"upper_bound":0.059448483126281336},"point_estimate":0.042886476817293885,"standard_error":0.009413633816819821}}