{"mean":{"confidence_interval":{"confidence_level":0.95,"lower_bound":10.065281887718376,"upper_bound":10.081847157844928},"point_estimate":10.072766228212467,"standard_error":0.0042291308745556365},"median":{"confidence_interval":{"confidence_level":0.95,"lower_bound":10.060754385964913,"upper_bound":10.070204294494676},"point_estimate":10.065736403508772,"standard_error":0.0019695211677170474},"median_abs_dev":{"confidence_interval":{"confidence_level":0.95,"lower_bound":0.015542831752975713,"upper_bound":0.025115966609169864},"point_estimate":0.019930694456100104,"standard_error":0.0024454167164162524},"slope":{"confidence_interval":{"confidence_level":0.95,"lower_bound":10.066414916542447,"upper_bound":10.079805796001331},"point_estimate":10.07239073703914,"standard_error":0.0034352167111177776},"std_dev":{"confidence_interval":{"confidence_level":0.95,"lower_bound":0.02274882516770848,"upper_bound":0.06153673649653238},"point_estimate":0.04241573307074692,"standard_error":0.010346708131825443}}