{"mean":{"confidence_interval":{"confidence_level":0.95,"lower_bound":13.02952196140515,"upper_bound":13.052951813781256},"point_estimate":13.038568435775929,"standard_error":0.006226477341436083},"median":{"confidence_interval":{"confidence_level":0.95,"lower_bound":13.023452702544292,"upper_bound":13.033115353886059},"point_estimate":13.025639042388347,"standard_error":0.0024771402348341847},"median_abs_dev":{"confidence_interval":{"confidence_level":0.95,"lower_bound":0.011830629873916901,"upper_bound":0.020648303302930052},"point_estimate":0.015925739177304162,"standard_error":0.002222320564251291},"slope":{"confidence_interval":{"confidence_level":0.95,"lower_bound":13.02491259991422,"upper_bound":13.030604766625807},"point_estimate":13.027662600545757,"standard_error":0.0014564975455254885},"std_dev":{"confidence_interval":{"confidence_level":0.95,"lower_bound":0.01805642626184091,"upper_bound":0.1027107164274992},"point_estimate":0.0623585073733194,"standard_error":0.028115739266403785}}