{"mean":{"confidence_interval":{"confidence_level":0.95,"lower_bound":10.564084476594289,"upper_bound":10.60389556154625},"point_estimate":10.582161356164166,"standard_error":0.010184067822969435},"median":{"confidence_interval":{"confidence_level":0.95,"lower_bound":10.553387462731347,"upper_bound":10.576419691242771},"point_estimate":10.564988504747829,"standard_error":0.005816500719812544},"median_abs_dev":{"confidence_interval":{"confidence_level":0.95,"lower_bound":0.03362882461775899,"upper_bound":0.05940874581163094},"point_estimate":0.0434128481313045,"standard_error":0.006561949661049439},"slope":{"confidence_interval":{"confidence_level":0.95,"lower_bound":10.55738531928583,"upper_bound":10.58591249280301},"point_estimate":10.570657288396186,"standard_error":0.007284300067033102},"std_dev":{"confidence_interval":{"confidence_level":0.95,"lower_bound":0.059952518868391244,"upper_bound":0.14554682539069788},"point_estimate":0.10211113638072532,"standard_error":0.02322529980324021}}