{"mean":{"confidence_interval":{"confidence_level":0.95,"lower_bound":10.512320500712857,"upper_bound":10.533992253401024},"point_estimate":10.522292488728423,"standard_error":0.00552190016917337},"median":{"confidence_interval":{"confidence_level":0.95,"lower_bound":10.510551387693473,"upper_bound":10.51874478335087},"point_estimate":10.51338753470044,"standard_error":0.002306359073600261},"median_abs_dev":{"confidence_interval":{"confidence_level":0.95,"lower_bound":0.015562620175572897,"upper_bound":0.027751149851251836},"point_estimate":0.022398148466352567,"standard_error":0.003204002312618223},"slope":{"confidence_interval":{"confidence_level":0.95,"lower_bound":10.508487540527579,"upper_bound":10.522363568103305},"point_estimate":10.514397972075477,"standard_error":0.0035727241220173235},"std_dev":{"confidence_interval":{"confidence_level":0.95,"lower_bound":0.030068844089675584,"upper_bound":0.07612957928858222},"point_estimate":0.055466790559452826,"standard_error":0.011633680009405045}}