{"mean":{"confidence_interval":{"confidence_level":0.95,"lower_bound":39.80353367628778,"upper_bound":40.493654019444996},"point_estimate":40.13842703961027,"standard_error":0.1758280150354154},"median":{"confidence_interval":{"confidence_level":0.95,"lower_bound":39.5695305693541,"upper_bound":40.20445663291578},"point_estimate":39.872825339988424,"standard_error":0.1636928326489964},"median_abs_dev":{"confidence_interval":{"confidence_level":0.95,"lower_bound":0.8922570556535688,"upper_bound":1.5959617452864168},"point_estimate":1.20593580873108,"standard_error":0.17666656374228368},"slope":{"confidence_interval":{"confidence_level":0.95,"lower_bound":39.915397484800536,"upper_bound":40.78510587420262},"point_estimate":40.33677306707661,"standard_error":0.22110557046015827},"std_dev":{"confidence_interval":{"confidence_level":0.95,"lower_bound":1.4130960039158251,"upper_bound":2.0835661073994323},"point_estimate":1.7680476767384614,"standard_error":0.17117493292184005}}