{"mean":{"confidence_interval":{"confidence_level":0.95,"lower_bound":42.87798860679809,"upper_bound":43.02717432680381},"point_estimate":42.95146320814411,"standard_error":0.03777974196329403},"median":{"confidence_interval":{"confidence_level":0.95,"lower_bound":42.92424498742322,"upper_bound":43.00588969212139},"point_estimate":42.96816809531511,"standard_error":0.017870014835191444},"median_abs_dev":{"confidence_interval":{"confidence_level":0.95,"lower_bound":0.10251992865332739,"upper_bound":0.15704930924172827},"point_estimate":0.1290676901955778,"standard_error":0.013758730241294936},"slope":{"confidence_interval":{"confidence_level":0.95,"lower_bound":42.825767892972465,"upper_bound":42.94504382633987},"point_estimate":42.891389663849765,"standard_error":0.030440281345460046},"std_dev":{"confidence_interval":{"confidence_level":0.95,"lower_bound":0.2010423366498123,"upper_bound":0.5353882925081926},"point_estimate":0.3801240708323584,"standard_error":0.085299477754725}}