{"mean":{"confidence_interval":{"confidence_level":0.95,"lower_bound":10.697296787711178,"upper_bound":10.741684928744979},"point_estimate":10.714121914915793,"standard_error":0.012151229305267913},"median":{"confidence_interval":{"confidence_level":0.95,"lower_bound":10.693770997071969,"upper_bound":10.703624315274801},"point_estimate":10.699344091238949,"standard_error":0.00241878905286485},"median_abs_dev":{"confidence_interval":{"confidence_level":0.95,"lower_bound":0.015724869906545827,"upper_bound":0.028835072411149534},"point_estimate":0.02254610512948694,"standard_error":0.0033037118238489842},"slope":{"confidence_interval":{"confidence_level":0.95,"lower_bound":10.69646616326568,"upper_bound":10.704103995282845},"point_estimate":10.700298210134426,"standard_error":0.0019515571484136377},"std_dev":{"confidence_interval":{"confidence_level":0.95,"lower_bound":0.025417849449284654,"upper_bound":0.20479074252712745},"point_estimate":0.12242176767830396,"standard_error":0.0598784444935105}}