{"mean":{"confidence_interval":{"confidence_level":0.95,"lower_bound":9.462892222670284,"upper_bound":9.517019943315155},"point_estimate":9.485492663619768,"standard_error":0.014024625928908884},"median":{"confidence_interval":{"confidence_level":0.95,"lower_bound":9.452960589248134,"upper_bound":9.471229700986957},"point_estimate":9.462955504314642,"standard_error":0.004778344272312313},"median_abs_dev":{"confidence_interval":{"confidence_level":0.95,"lower_bound":0.022502078659139942,"upper_bound":0.03971386349016021},"point_estimate":0.028188596948114007,"standard_error":0.004408900504519478},"slope":{"confidence_interval":{"confidence_level":0.95,"lower_bound":9.461638619575545,"upper_bound":9.476966434837635},"point_estimate":9.468945064741963,"standard_error":0.003914769005977269},"std_dev":{"confidence_interval":{"confidence_level":0.95,"lower_bound":0.05148951533589227,"upper_bound":0.22287412831295847},"point_estimate":0.14146781555259702,"standard_error":0.050588490478902653}}