{"mean":{"confidence_interval":{"confidence_level":0.95,"lower_bound":11.296252962866832,"upper_bound":11.382793327255872},"point_estimate":11.32944500341443,"standard_error":0.023129064075923977},"median":{"confidence_interval":{"confidence_level":0.95,"lower_bound":11.289462418525885,"upper_bound":11.310651098533803},"point_estimate":11.302531964715818,"standard_error":0.006385161732816447},"median_abs_dev":{"confidence_interval":{"confidence_level":0.95,"lower_bound":0.0295546271694868,"upper_bound":0.04897899309501021},"point_estimate":0.03744192938941348,"standard_error":0.0048478479383840326},"slope":{"confidence_interval":{"confidence_level":0.95,"lower_bound":11.29616214053962,"upper_bound":11.315610863746102},"point_estimate":11.30487680576669,"standard_error":0.004971901601194103},"std_dev":{"confidence_interval":{"confidence_level":0.95,"lower_bound":0.05000974734153403,"upper_bound":0.38486814705939976},"point_estimate":0.23201823276144679,"standard_error":0.10719337160803749}}