{"mean":{"confidence_interval":{"confidence_level":0.95,"lower_bound":43.8420048449541,"upper_bound":43.94579967163528},"point_estimate":43.896386908470795,"standard_error":0.02650074376048734},"median":{"confidence_interval":{"confidence_level":0.95,"lower_bound":43.943291760631325,"upper_bound":44.00176760068294},"point_estimate":43.980533112660936,"standard_error":0.013613524751300092},"median_abs_dev":{"confidence_interval":{"confidence_level":0.95,"lower_bound":0.0984855010674851,"upper_bound":0.17527280878860946},"point_estimate":0.13174200263217872,"standard_error":0.018876950918180927},"slope":{"confidence_interval":{"confidence_level":0.95,"lower_bound":43.94001756518753,"upper_bound":44.004329088198254},"point_estimate":43.97539192133385,"standard_error":0.01647082790527585},"std_dev":{"confidence_interval":{"confidence_level":0.95,"lower_bound":0.19835671406230201,"upper_bound":0.3275930365761293},"point_estimate":0.2659309574340633,"standard_error":0.03318871077076027}}