{"mean":{"confidence_interval":{"confidence_level":0.95,"lower_bound":10.043102674426814,"upper_bound":10.067923006266538},"point_estimate":10.054247638458458,"standard_error":0.006376767728374559},"median":{"confidence_interval":{"confidence_level":0.95,"lower_bound":10.037372549666951,"upper_bound":10.047137177765077},"point_estimate":10.041519768613188,"standard_error":0.002466521560318324},"median_abs_dev":{"confidence_interval":{"confidence_level":0.95,"lower_bound":0.01600569875743221,"upper_bound":0.032210004362240675},"point_estimate":0.02476769941730029,"standard_error":0.0042228741608029705},"slope":{"confidence_interval":{"confidence_level":0.95,"lower_bound":10.04079099352197,"upper_bound":10.05541437459967},"point_estimate":10.047347364957993,"standard_error":0.0037592056157242275},"std_dev":{"confidence_interval":{"confidence_level":0.95,"lower_bound":0.0315982206331201,"upper_bound":0.08955443032907556},"point_estimate":0.06393553179097192,"standard_error":0.01474500094633693}}