{"mean":{"confidence_interval":{"confidence_level":0.95,"lower_bound":10.123965966105697,"upper_bound":10.146602421452643},"point_estimate":10.134439335552697,"standard_error":0.005797884151266858},"median":{"confidence_interval":{"confidence_level":0.95,"lower_bound":10.12254941173802,"upper_bound":10.133014769330655},"point_estimate":10.126663333424531,"standard_error":0.002782398287231905},"median_abs_dev":{"confidence_interval":{"confidence_level":0.95,"lower_bound":0.015999775898557736,"upper_bound":0.032233560558245854},"point_estimate":0.021502833661540592,"standard_error":0.004280274838102904},"slope":{"confidence_interval":{"confidence_level":0.95,"lower_bound":10.126041480768368,"upper_bound":10.138630949017951},"point_estimate":10.131958040873705,"standard_error":0.0032362441977250816},"std_dev":{"confidence_interval":{"confidence_level":0.95,"lower_bound":0.03295666354819461,"upper_bound":0.08087606921752058},"point_estimate":0.05840594300946243,"standard_error":0.012457174774738958}}