{"mean":{"confidence_interval":{"confidence_level":0.95,"lower_bound":11.296475314078098,"upper_bound":11.32252747086545},"point_estimate":11.309198266940191,"standard_error":0.006658496056528875},"median":{"confidence_interval":{"confidence_level":0.95,"lower_bound":11.292899602330783,"upper_bound":11.31455202620896},"point_estimate":11.304766032766286,"standard_error":0.004495493524082046},"median_abs_dev":{"confidence_interval":{"confidence_level":0.95,"lower_bound":0.030410004723414392,"upper_bound":0.05297877525336978},"point_estimate":0.039228210023467915,"standard_error":0.005541144493791549},"slope":{"confidence_interval":{"confidence_level":0.95,"lower_bound":11.300284320353796,"upper_bound":11.317003346930068},"point_estimate":11.308470943624567,"standard_error":0.004279113282061503},"std_dev":{"confidence_interval":{"confidence_level":0.95,"lower_bound":0.05073914891581974,"upper_bound":0.08242041573363462},"point_estimate":0.06712610910161551,"standard_error":0.008119420531946834}}