{"mean":{"confidence_interval":{"confidence_level":0.95,"lower_bound":10.277803884232357,"upper_bound":10.347365966568947},"point_estimate":10.306727206062412,"standard_error":0.018054010244169146},"median":{"confidence_interval":{"confidence_level":0.95,"lower_bound":10.266401382271322,"upper_bound":10.278213287328562},"point_estimate":10.272024508296763,"standard_error":0.003220779510296946},"median_abs_dev":{"confidence_interval":{"confidence_level":0.95,"lower_bound":0.019062600400193634,"upper_bound":0.03390073542443036},"point_estimate":0.02610432224703623,"standard_error":0.003740661128079295},"slope":{"confidence_interval":{"confidence_level":0.95,"lower_bound":10.273625481579996,"upper_bound":10.296119894293591},"point_estimate":10.28321978781212,"standard_error":0.005805102856230629},"std_dev":{"confidence_interval":{"confidence_level":0.95,"lower_bound":0.05742635968513097,"upper_bound":0.28669368230189224},"point_estimate":0.18070303326210455,"standard_error":0.0654079600840129}}