{"mean":{"confidence_interval":{"confidence_level":0.95,"lower_bound":10.101759489625499,"upper_bound":10.141759186244299},"point_estimate":10.11954978923048,"standard_error":0.01028507024137192},"median":{"confidence_interval":{"confidence_level":0.95,"lower_bound":10.093775147013309,"upper_bound":10.104127853344426},"point_estimate":10.099010147234381,"standard_error":0.0026237016863240236},"median_abs_dev":{"confidence_interval":{"confidence_level":0.95,"lower_bound":0.01506220051476977,"upper_bound":0.03127296583726273},"point_estimate":0.02085636599953408,"standard_error":0.004168727776556365},"slope":{"confidence_interval":{"confidence_level":0.95,"lower_bound":10.098268660282923,"upper_bound":10.107778430949553},"point_estimate":10.102630739542587,"standard_error":0.002421108637994913},"std_dev":{"confidence_interval":{"confidence_level":0.95,"lower_bound":0.04826752007950476,"upper_bound":0.14976165467645203},"point_estimate":0.10304447596854951,"standard_error":0.02623777816623898}}