{"mean":{"confidence_interval":{"confidence_level":0.95,"lower_bound":36.28147379224968,"upper_bound":36.36473674526247},"point_estimate":36.31762236765603,"standard_error":0.021507300323086915},"median":{"confidence_interval":{"confidence_level":0.95,"lower_bound":36.26792616848505,"upper_bound":36.32534086482275},"point_estimate":36.30882333100243,"standard_error":0.01505962719472558},"median_abs_dev":{"confidence_interval":{"confidence_level":0.95,"lower_bound":0.06965808531084015,"upper_bound":0.11464219198203494},"point_estimate":0.09505056972583648,"standard_error":0.011810741943682758},"slope":{"confidence_interval":{"confidence_level":0.95,"lower_bound":36.33046283913261,"upper_bound":36.38729651423287},"point_estimate":36.35399981797132,"standard_error":0.014984180165708077},"std_dev":{"confidence_interval":{"confidence_level":0.95,"lower_bound":0.08377372466394387,"upper_bound":0.33350899963069985},"point_estimate":0.21660124851333662,"standard_error":0.06843654256644478}}