{"mean":{"confidence_interval":{"confidence_level":0.95,"lower_bound":36.07606322416718,"upper_bound":36.10933355526221},"point_estimate":36.09053742567205,"standard_error":0.008584518348738787},"median":{"confidence_interval":{"confidence_level":0.95,"lower_bound":36.068841987867316,"upper_bound":36.08736737230251},"point_estimate":36.07617099271934,"standard_error":0.004518471930840435},"median_abs_dev":{"confidence_interval":{"confidence_level":0.95,"lower_bound":0.02923594529334847,"upper_bound":0.05084235925480442},"point_estimate":0.03915480916732061,"standard_error":0.005362446058403253},"slope":{"confidence_interval":{"confidence_level":0.95,"lower_bound":36.06902746980746,"upper_bound":36.09541004117732},"point_estimate":36.080816427795725,"standard_error":0.006759448452823183},"std_dev":{"confidence_interval":{"confidence_level":0.95,"lower_bound":0.040954325374930906,"upper_bound":0.13194755325863716},"point_estimate":0.0865897651440718,"standard_error":0.02689995628646373}}