{"mean":{"confidence_interval":{"confidence_level":0.95,"lower_bound":10.114918291309879,"upper_bound":10.143220620417315},"point_estimate":10.128301170174748,"standard_error":0.007245470151770938},"median":{"confidence_interval":{"confidence_level":0.95,"lower_bound":10.106850884408221,"upper_bound":10.11972423941739},"point_estimate":10.111166088983989,"standard_error":0.003287818090481878},"median_abs_dev":{"confidence_interval":{"confidence_level":0.95,"lower_bound":0.0222688029479248,"upper_bound":0.04682144015744876},"point_estimate":0.027832568454894024,"standard_error":0.006010188498491354},"slope":{"confidence_interval":{"confidence_level":0.95,"lower_bound":10.11573199823751,"upper_bound":10.14026401471939},"point_estimate":10.127091459782658,"standard_error":0.006294313026231176},"std_dev":{"confidence_interval":{"confidence_level":0.95,"lower_bound":0.051411635409892215,"upper_bound":0.09480419135275142},"point_estimate":0.07253683386668483,"standard_error":0.011446932253015962}}