{"mean":{"confidence_interval":{"confidence_level":0.95,"lower_bound":11.29771844678671,"upper_bound":11.356568178332004},"point_estimate":11.323211702407018,"standard_error":0.015195803073769047},"median":{"confidence_interval":{"confidence_level":0.95,"lower_bound":11.295741149265133,"upper_bound":11.31121339511287},"point_estimate":11.300290976222453,"standard_error":0.004119586039907622},"median_abs_dev":{"confidence_interval":{"confidence_level":0.95,"lower_bound":0.03142720253258852,"upper_bound":0.053125200723089364},"point_estimate":0.04299107446081955,"standard_error":0.005482001843690616},"slope":{"confidence_interval":{"confidence_level":0.95,"lower_bound":11.30250343423946,"upper_bound":11.354765161081938},"point_estimate":11.322470604568691,"standard_error":0.013882741372332513},"std_dev":{"confidence_interval":{"confidence_level":0.95,"lower_bound":0.05353618573911259,"upper_bound":0.22715611212851758},"point_estimate":0.1522024871897472,"standard_error":0.04674326517210694}}