{"mean":{"confidence_interval":{"confidence_level":0.95,"lower_bound":10.511667483516563,"upper_bound":10.572564412384834},"point_estimate":10.534418104155446,"standard_error":0.01690068677756399},"median":{"confidence_interval":{"confidence_level":0.95,"lower_bound":10.510756493221841,"upper_bound":10.522835607769355},"point_estimate":10.516435097233419,"standard_error":0.0029090599240405557},"median_abs_dev":{"confidence_interval":{"confidence_level":0.95,"lower_bound":0.01718819808688357,"upper_bound":0.03403915230336031},"point_estimate":0.020767488321387393,"standard_error":0.004311869599753662},"slope":{"confidence_interval":{"confidence_level":0.95,"lower_bound":10.512028245603847,"upper_bound":10.522438856662877},"point_estimate":10.517348809973026,"standard_error":0.0026414381097980056},"std_dev":{"confidence_interval":{"confidence_level":0.95,"lower_bound":0.03406535901910891,"upper_bound":0.28648368787539474},"point_estimate":0.17006199159932897,"standard_error":0.08634777780251174}}