{"mean":{"confidence_interval":{"confidence_level":0.95,"lower_bound":10.699301157507277,"upper_bound":10.711441226576449},"point_estimate":10.704981920374404,"standard_error":0.0031030032339248686},"median":{"confidence_interval":{"confidence_level":0.95,"lower_bound":10.697960998643143,"upper_bound":10.704504658764499},"point_estimate":10.702151343256093,"standard_error":0.001991728330987983},"median_abs_dev":{"confidence_interval":{"confidence_level":0.95,"lower_bound":0.012165022861140424,"upper_bound":0.025124292409789292},"point_estimate":0.017547638736450002,"standard_error":0.0031847037847281064},"slope":{"confidence_interval":{"confidence_level":0.95,"lower_bound":10.696619568206664,"upper_bound":10.703571889819774},"point_estimate":10.70009422331714,"standard_error":0.001775735727306757},"std_dev":{"confidence_interval":{"confidence_level":0.95,"lower_bound":0.019952211303891344,"upper_bound":0.04206495336936855},"point_estimate":0.0312084341607279,"standard_error":0.005772903786109524}}