{"mean":{"confidence_interval":{"confidence_level":0.95,"lower_bound":11.078726845332984,"upper_bound":11.101944048861307},"point_estimate":11.090151580540676,"standard_error":0.0059084240709213875},"median":{"confidence_interval":{"confidence_level":0.95,"lower_bound":11.079403267411866,"upper_bound":11.092882214888323},"point_estimate":11.086181715962455,"standard_error":0.003706207525327734},"median_abs_dev":{"confidence_interval":{"confidence_level":0.95,"lower_bound":0.02587106374172171,"upper_bound":0.04770593988699469},"point_estimate":0.036006756345699366,"standard_error":0.005775768509120931},"slope":{"confidence_interval":{"confidence_level":0.95,"lower_bound":11.082466333871217,"upper_bound":11.095876467369536},"point_estimate":11.089103490829313,"standard_error":0.0034167967691390516},"std_dev":{"confidence_interval":{"confidence_level":0.95,"lower_bound":0.04615922025524867,"upper_bound":0.071814174364874},"point_estimate":0.05925494140021983,"standard_error":0.006600628646740847}}