{"mean":{"confidence_interval":{"confidence_level":0.95,"lower_bound":10.453257061978176,"upper_bound":10.504560600796799},"point_estimate":10.475850082619047,"standard_error":0.013189156707818148},"median":{"confidence_interval":{"confidence_level":0.95,"lower_bound":10.444638793864062,"upper_bound":10.469896036023979},"point_estimate":10.456254784237373,"standard_error":0.007679566752358513},"median_abs_dev":{"confidence_interval":{"confidence_level":0.95,"lower_bound":0.032872509588158245,"upper_bound":0.054456189922179654},"point_estimate":0.04363436481146603,"standard_error":0.005563733890436082},"slope":{"confidence_interval":{"confidence_level":0.95,"lower_bound":10.451977063464907,"upper_bound":10.480385248280964},"point_estimate":10.46368122903713,"standard_error":0.007365911436322504},"std_dev":{"confidence_interval":{"confidence_level":0.95,"lower_bound":0.05115406187812923,"upper_bound":0.20075111973554338},"point_estimate":0.1332510081657263,"standard_error":0.03869734136380397}}