{"mean":{"confidence_interval":{"confidence_level":0.95,"lower_bound":10.623782767381954,"upper_bound":10.640069617413427},"point_estimate":10.631045414544587,"standard_error":0.00417730612773617},"median":{"confidence_interval":{"confidence_level":0.95,"lower_bound":10.61903418460943,"upper_bound":10.628926304423292},"point_estimate":10.62376304513727,"standard_error":0.002434170426494904},"median_abs_dev":{"confidence_interval":{"confidence_level":0.95,"lower_bound":0.015310095521256215,"upper_bound":0.025534600181451924},"point_estimate":0.019167270565595786,"standard_error":0.002557214306954501},"slope":{"confidence_interval":{"confidence_level":0.95,"lower_bound":10.619623364848968,"upper_bound":10.627518873229288},"point_estimate":10.623518955435369,"standard_error":0.0020126374750331676},"std_dev":{"confidence_interval":{"confidence_level":0.95,"lower_bound":0.021753651280846865,"upper_bound":0.06189106507863657},"point_estimate":0.041986552334894206,"standard_error":0.011076032811751867}}