{"mean":{"confidence_interval":{"confidence_level":0.95,"lower_bound":39.540484398011756,"upper_bound":41.87153579849065},"point_estimate":40.6136186193515,"standard_error":0.5963496768319916},"median":{"confidence_interval":{"confidence_level":0.95,"lower_bound":38.302926829268294,"upper_bound":39.07057362240289},"point_estimate":38.64639227642276,"standard_error":0.21189160487457975},"median_abs_dev":{"confidence_interval":{"confidence_level":0.95,"lower_bound":1.0928901330363423,"upper_bound":2.82356073950642},"point_estimate":1.779650573711419,"standard_error":0.4686325412687442},"slope":{"confidence_interval":{"confidence_level":0.95,"lower_bound":40.22061938093467,"upper_bound":41.75901404102278},"point_estimate":41.03844636993732,"standard_error":0.3931089573795098},"std_dev":{"confidence_interval":{"confidence_level":0.95,"lower_bound":3.5554613416252767,"upper_bound":8.039992969526722},"point_estimate":5.99447877976198,"standard_error":1.1474651219523897}}