{"mean":{"confidence_interval":{"confidence_level":0.95,"lower_bound":43.02964260822972,"upper_bound":46.55805006204778},"point_estimate":44.56274220013165,"standard_error":0.9082122910128948},"median":{"confidence_interval":{"confidence_level":0.95,"lower_bound":41.942626346313176,"upper_bound":42.29581447963801},"point_estimate":42.08159033408084,"standard_error":0.08239181912290242},"median_abs_dev":{"confidence_interval":{"confidence_level":0.95,"lower_bound":0.2544096106448852,"upper_bound":0.6995878233794364},"point_estimate":0.4236117791076544,"standard_error":0.11333856573752288},"slope":{"confidence_interval":{"confidence_level":0.95,"lower_bound":42.1781841900093,"upper_bound":42.55660460177204},"point_estimate":42.357918618903156,"standard_error":0.09667067316641023},"std_dev":{"confidence_interval":{"confidence_level":0.95,"lower_bound":3.7568619969813817,"upper_bound":13.587719391319284},"point_estimate":9.130645246567896,"standard_error":2.55064011576621}}