{"mean":{"confidence_interval":{"confidence_level":0.95,"lower_bound":43.00110997891743,"upper_bound":47.75315963917688},"point_estimate":45.17359835425757,"standard_error":1.2140721866944613},"median":{"confidence_interval":{"confidence_level":0.95,"lower_bound":40.98412698412698,"upper_bound":41.16364121989122},"point_estimate":41.08537157287157,"standard_error":0.04494687798465948},"median_abs_dev":{"confidence_interval":{"confidence_level":0.95,"lower_bound":0.2292492796196127,"upper_bound":0.49703213640147814},"point_estimate":0.3418803893280301,"standard_error":0.06940566955666018},"slope":{"confidence_interval":{"confidence_level":0.95,"lower_bound":41.152689390657315,"upper_bound":41.56980224539283},"point_estimate":41.34793049603468,"standard_error":0.10693098983175442},"std_dev":{"confidence_interval":{"confidence_level":0.95,"lower_bound":7.30853990063919,"upper_bound":16.478694884676337},"point_estimate":12.225417469461176,"standard_error":2.3549380439449337}}