{"mean":{"confidence_interval":{"confidence_level":0.95,"lower_bound":40.753355835698535,"upper_bound":43.306561015358106},"point_estimate":41.812855485852964,"standard_error":0.6647763109674507},"median":{"confidence_interval":{"confidence_level":0.95,"lower_bound":40.13194444444444,"upper_bound":40.65574074074074},"point_estimate":40.58534090909091,"standard_error":0.13867811325918009},"median_abs_dev":{"confidence_interval":{"confidence_level":0.95,"lower_bound":0.6014884400224838,"upper_bound":1.125966653496398},"point_estimate":1.0044313096329511,"standard_error":0.1488145079716854},"slope":{"confidence_interval":{"confidence_level":0.95,"lower_bound":40.38038671813245,"upper_bound":40.93913042631901},"point_estimate":40.63479606915916,"standard_error":0.14311124043397216},"std_dev":{"confidence_interval":{"confidence_level":0.95,"lower_bound":1.6656348686137146,"upper_bound":10.645780675105643},"point_estimate":6.686716695361422,"standard_error":2.4670805735889747}}