{"mean":{"confidence_interval":{"confidence_level":0.95,"lower_bound":43.57899607819921,"upper_bound":45.48772626876578},"point_estimate":44.40476165696515,"standard_error":0.4931889763631581},"median":{"confidence_interval":{"confidence_level":0.95,"lower_bound":42.90900621118013,"upper_bound":43.14010989010989},"point_estimate":43.01881773399015,"standard_error":0.058768549216226616},"median_abs_dev":{"confidence_interval":{"confidence_level":0.95,"lower_bound":0.21791188649350948,"upper_bound":0.5198522088158947},"point_estimate":0.3617340575733607,"standard_error":0.0749118476785275},"slope":{"confidence_interval":{"confidence_level":0.95,"lower_bound":43.13586414628708,"upper_bound":43.64387104237432},"point_estimate":43.37246152547024,"standard_error":0.12984687252518054},"std_dev":{"confidence_interval":{"confidence_level":0.95,"lower_bound":1.720334018922444,"upper_bound":7.448506003901167},"point_estimate":4.966361908993221,"standard_error":1.4889669084154138}}