{"mean":{"confidence_interval":{"confidence_level":0.95,"lower_bound":44.55238442636533,"upper_bound":47.666151393171},"point_estimate":45.956108978435125,"standard_error":0.8009151785359994},"median":{"confidence_interval":{"confidence_level":0.95,"lower_bound":43.236060049019606,"upper_bound":43.517463235294116},"point_estimate":43.274702313875736,"standard_error":0.07994878165406592},"median_abs_dev":{"confidence_interval":{"confidence_level":0.95,"lower_bound":0.15333884289429098,"upper_bound":0.5766570500490887},"point_estimate":0.2772108177773108,"standard_error":0.11196839734023843},"slope":{"confidence_interval":{"confidence_level":0.95,"lower_bound":43.659465820162204,"upper_bound":44.34586769961648},"point_estimate":43.97801397786837,"standard_error":0.17597642175086045},"std_dev":{"confidence_interval":{"confidence_level":0.95,"lower_bound":4.190108484728994,"upper_bound":11.04017466416864},"point_estimate":8.093805930002247,"standard_error":1.767141824259307}}