{"mean":{"confidence_interval":{"confidence_level":0.95,"lower_bound":47.32620513713395,"upper_bound":51.23758108427834},"point_estimate":49.09985606776218,"standard_error":1.0055928760151653},"median":{"confidence_interval":{"confidence_level":0.95,"lower_bound":45.8186638388123,"upper_bound":46.17408304645331},"point_estimate":45.98027009222662,"standard_error":0.08733492587494994},"median_abs_dev":{"confidence_interval":{"confidence_level":0.95,"lower_bound":0.18932633268678767,"upper_bound":0.6798383822165669},"point_estimate":0.40504540124115723,"standard_error":0.12163687604337896},"slope":{"confidence_interval":{"confidence_level":0.95,"lower_bound":46.13042242305874,"upper_bound":46.818370463661786},"point_estimate":46.439865331114554,"standard_error":0.1760623348678824},"std_dev":{"confidence_interval":{"confidence_level":0.95,"lower_bound":5.493510784128265,"upper_bound":13.642192015322872},"point_estimate":10.124487070255489,"standard_error":2.0775457171955183}}