{"mean":{"confidence_interval":{"confidence_level":0.95,"lower_bound":47.62178539336979,"upper_bound":54.49026280390898},"point_estimate":50.394370764321465,"standard_error":1.7941488266682861},"median":{"confidence_interval":{"confidence_level":0.95,"lower_bound":46.521554900515845,"upper_bound":46.76570289132602},"point_estimate":46.67090549005158,"standard_error":0.06212174514897871},"median_abs_dev":{"confidence_interval":{"confidence_level":0.95,"lower_bound":0.40352595556482723,"upper_bound":0.7792379676757732},"point_estimate":0.5782769511242007,"standard_error":0.10030076812329733},"slope":{"confidence_interval":{"confidence_level":0.95,"lower_bound":46.771033282101484,"upper_bound":47.22458776100279},"point_estimate":46.98919522207723,"standard_error":0.11590734136087288},"std_dev":{"confidence_interval":{"confidence_level":0.95,"lower_bound":4.634188179755771,"upper_bound":29.159768981383767},"point_estimate":18.031308658612986,"standard_error":7.231830988489173}}