{"mean":{"confidence_interval":{"confidence_level":0.95,"lower_bound":34.259581047930816,"upper_bound":36.585762414183954},"point_estimate":35.322975342101174,"standard_error":0.5954318903893638},"median":{"confidence_interval":{"confidence_level":0.95,"lower_bound":33.18371943371943,"upper_bound":33.409527027027025},"point_estimate":33.30928680523275,"standard_error":0.0531298901652048},"median_abs_dev":{"confidence_interval":{"confidence_level":0.95,"lower_bound":0.19288720878019294,"upper_bound":0.46591382782253665},"point_estimate":0.3392188925645067,"standard_error":0.07259804518212751},"slope":{"confidence_interval":{"confidence_level":0.95,"lower_bound":33.4376053131,"upper_bound":34.06575660697844},"point_estimate":33.72293147588256,"standard_error":0.16151800358305057},"std_dev":{"confidence_interval":{"confidence_level":0.95,"lower_bound":3.575544544266294,"upper_bound":7.860598333122679},"point_estimate":5.986058498700469,"standard_error":1.0921874261395494}}