{"mean":{"confidence_interval":{"confidence_level":0.95,"lower_bound":36.08574350197622,"upper_bound":37.59015057563856},"point_estimate":36.739545724341006,"standard_error":0.3886778373281774},"median":{"confidence_interval":{"confidence_level":0.95,"lower_bound":35.68613995226899,"upper_bound":35.95371063310145},"point_estimate":35.82911645411646,"standard_error":0.07313244855044165},"median_abs_dev":{"confidence_interval":{"confidence_level":0.95,"lower_bound":0.3166503584753134,"upper_bound":0.5895152107253534},"point_estimate":0.42172609543398043,"standard_error":0.07725483043907888},"slope":{"confidence_interval":{"confidence_level":0.95,"lower_bound":35.83413898955505,"upper_bound":36.12357343591768},"point_estimate":35.966842839588516,"standard_error":0.0743772222659334},"std_dev":{"confidence_interval":{"confidence_level":0.95,"lower_bound":1.0120214613777456,"upper_bound":5.763402719175064},"point_estimate":3.9014351146197437,"standard_error":1.1598592380948696}}