{"mean":{"confidence_interval":{"confidence_level":0.95,"lower_bound":35.599512165781235,"upper_bound":36.47063759871773},"point_estimate":35.942089362474974,"standard_error":0.23219682163467698},"median":{"confidence_interval":{"confidence_level":0.95,"lower_bound":35.34358620689655,"upper_bound":35.731918367346935},"point_estimate":35.453830212234706,"standard_error":0.11049688287014542},"median_abs_dev":{"confidence_interval":{"confidence_level":0.95,"lower_bound":0.36145816258869096,"upper_bound":0.6632484791340685},"point_estimate":0.5436304773512849,"standard_error":0.08150993509758588},"slope":{"confidence_interval":{"confidence_level":0.95,"lower_bound":35.63170815079427,"upper_bound":35.8312558490297},"point_estimate":35.72846862716122,"standard_error":0.05086842308053509},"std_dev":{"confidence_interval":{"confidence_level":0.95,"lower_bound":0.5959282028784589,"upper_bound":3.8496871934549546},"point_estimate":2.339602037250665,"standard_error":1.0332752682104895}}