{"mean":{"confidence_interval":{"confidence_level":0.95,"lower_bound":38.416714646745135,"upper_bound":39.32198301860902},"point_estimate":38.829016949475545,"standard_error":0.23122119921497974},"median":{"confidence_interval":{"confidence_level":0.95,"lower_bound":37.5740793878527,"upper_bound":38.875802310654684},"point_estimate":37.83935343545508,"standard_error":0.3285358682401013},"median_abs_dev":{"confidence_interval":{"confidence_level":0.95,"lower_bound":0.7517400347644104,"upper_bound":2.0968428253673057},"point_estimate":1.184714516206464,"standard_error":0.3591506598758457},"slope":{"confidence_interval":{"confidence_level":0.95,"lower_bound":38.12740336969364,"upper_bound":38.78606222308689},"point_estimate":38.43709713927345,"standard_error":0.16790138971749916},"std_dev":{"confidence_interval":{"confidence_level":0.95,"lower_bound":1.4674762644491015,"upper_bound":3.325435229561494},"point_estimate":2.340308864492323,"standard_error":0.552992299415634}}