{"mean":{"confidence_interval":{"confidence_level":0.95,"lower_bound":49.343657985023576,"upper_bound":52.83212334117859},"point_estimate":50.90943876331291,"standard_error":0.8946637131895586},"median":{"confidence_interval":{"confidence_level":0.95,"lower_bound":48.12408088235294,"upper_bound":48.320772058823536},"point_estimate":48.18947766552131,"standard_error":0.04627303207287623},"median_abs_dev":{"confidence_interval":{"confidence_level":0.95,"lower_bound":0.2397934427980527,"upper_bound":0.6136948236850746},"point_estimate":0.3471597713014438,"standard_error":0.09698282658737523},"slope":{"confidence_interval":{"confidence_level":0.95,"lower_bound":48.40776836254652,"upper_bound":49.104672502933155},"point_estimate":48.722830170637785,"standard_error":0.1785603840502628},"std_dev":{"confidence_interval":{"confidence_level":0.95,"lower_bound":4.609929231506449,"upper_bound":12.362303352163808},"point_estimate":8.983924804356747,"standard_error":2.0212376506498346}}