{"mean":{"confidence_interval":{"confidence_level":0.95,"lower_bound":51.60761309449955,"upper_bound":54.1010618427588},"point_estimate":52.68801316789371,"standard_error":0.6452318913892864},"median":{"confidence_interval":{"confidence_level":0.95,"lower_bound":50.753042596348884,"upper_bound":51.204765062523684},"point_estimate":50.920868307622506,"standard_error":0.1315699164798678},"median_abs_dev":{"confidence_interval":{"confidence_level":0.95,"lower_bound":0.28710857176417753,"upper_bound":0.899705134586272},"point_estimate":0.5161769803387144,"standard_error":0.16700881967210768},"slope":{"confidence_interval":{"confidence_level":0.95,"lower_bound":50.94153324290174,"upper_bound":51.49472026687058},"point_estimate":51.190465239524464,"standard_error":0.14184081373588248},"std_dev":{"confidence_interval":{"confidence_level":0.95,"lower_bound":1.9501294011545776,"upper_bound":9.650861390905131},"point_estimate":6.476190675164874,"standard_error":1.987787835531685}}