{"mean":{"confidence_interval":{"confidence_level":0.95,"lower_bound":52.386906259088875,"upper_bound":56.2075880385921},"point_estimate":54.133622411905684,"standard_error":0.9800615574432545},"median":{"confidence_interval":{"confidence_level":0.95,"lower_bound":50.77726926010679,"upper_bound":51.35287081339713},"point_estimate":51.06483478733263,"standard_error":0.14578427763270366},"median_abs_dev":{"confidence_interval":{"confidence_level":0.95,"lower_bound":0.5777046169366751,"upper_bound":1.147418879150775},"point_estimate":0.7461086554845731,"standard_error":0.149905647540001},"slope":{"confidence_interval":{"confidence_level":0.95,"lower_bound":50.82801809699548,"upper_bound":51.4441028164468},"point_estimate":51.09638529603157,"standard_error":0.1578651512560543},"std_dev":{"confidence_interval":{"confidence_level":0.95,"lower_bound":5.7042307888252,"upper_bound":13.122058527159261},"point_estimate":9.891960721640817,"standard_error":1.8962943862876736}}