{"mean":{"confidence_interval":{"confidence_level":0.95,"lower_bound":45.93251870086342,"upper_bound":49.84984461687966},"point_estimate":47.73244182353822,"standard_error":1.0076530249680171},"median":{"confidence_interval":{"confidence_level":0.95,"lower_bound":44.449038461538464,"upper_bound":44.7169946332737},"point_estimate":44.518702574021724,"standard_error":0.07133448951471894},"median_abs_dev":{"confidence_interval":{"confidence_level":0.95,"lower_bound":0.2893463600255089,"upper_bound":0.6312137708449982},"point_estimate":0.38544726059880136,"standard_error":0.08991544477870148},"slope":{"confidence_interval":{"confidence_level":0.95,"lower_bound":44.5768216427795,"upper_bound":45.03071902385658},"point_estimate":44.785776039831305,"standard_error":0.1157743073568727},"std_dev":{"confidence_interval":{"confidence_level":0.95,"lower_bound":6.08878926269719,"upper_bound":13.29700077664706},"point_estimate":10.162432161423617,"standard_error":1.8462406167497962}}