{"mean":{"confidence_interval":{"confidence_level":0.95,"lower_bound":46.689341451568815,"upper_bound":49.85697656541049},"point_estimate":48.14786184159259,"standard_error":0.8118862638147563},"median":{"confidence_interval":{"confidence_level":0.95,"lower_bound":45.022525027808676,"upper_bound":45.559444158517756},"point_estimate":45.13411910669976,"standard_error":0.11868640696971915},"median_abs_dev":{"confidence_interval":{"confidence_level":0.95,"lower_bound":0.4322272309617598,"upper_bound":1.067949690191624},"point_estimate":0.6321355411877109,"standard_error":0.15295392365556587},"slope":{"confidence_interval":{"confidence_level":0.95,"lower_bound":45.197002459045876,"upper_bound":45.88392701134606},"point_estimate":45.502214397456214,"standard_error":0.17615140936235088},"std_dev":{"confidence_interval":{"confidence_level":0.95,"lower_bound":5.059260097027835,"upper_bound":10.5490720997137},"point_estimate":8.138099282688824,"standard_error":1.399519826239254}}