{"mean":{"confidence_interval":{"confidence_level":0.95,"lower_bound":47.03450561559637,"upper_bound":49.37688020396947},"point_estimate":48.05341897657331,"standard_error":0.6056572498646038},"median":{"confidence_interval":{"confidence_level":0.95,"lower_bound":46.280080213903744,"upper_bound":46.519751082251084},"point_estimate":46.37996158770807,"standard_error":0.06553925301431618},"median_abs_dev":{"confidence_interval":{"confidence_level":0.95,"lower_bound":0.23828586047508454,"upper_bound":0.6219335575994306},"point_estimate":0.3913397926617689,"standard_error":0.10092691232153089},"slope":{"confidence_interval":{"confidence_level":0.95,"lower_bound":46.447535433205125,"upper_bound":47.03458752747079},"point_estimate":46.697279354801154,"standard_error":0.15082500542542476},"std_dev":{"confidence_interval":{"confidence_level":0.95,"lower_bound":2.010609575275842,"upper_bound":9.031242897979709},"point_estimate":6.093590703914996,"standard_error":1.838806192337624}}