{"mean":{"confidence_interval":{"confidence_level":0.95,"lower_bound":11053.233692801557,"upper_bound":11325.474411306019},"point_estimate":11170.687113146203,"standard_error":70.09409356402053},"median":{"confidence_interval":{"confidence_level":0.95,"lower_bound":11000.946581196582,"upper_bound":11020.928721174005},"point_estimate":11012.450282323667,"standard_error":5.190101377834272},"median_abs_dev":{"confidence_interval":{"confidence_level":0.95,"lower_bound":26.34733119890758,"upper_bound":43.879124915435554},"point_estimate":33.20705499447554,"standard_error":4.281291236320898},"slope":{"confidence_interval":{"confidence_level":0.95,"lower_bound":11017.587308172157,"upper_bound":11062.477600996765},"point_estimate":11037.413397369588,"standard_error":11.447104854607465},"std_dev":{"confidence_interval":{"confidence_level":0.95,"lower_bound":207.0030639982014,"upper_bound":1054.7295236410457},"point_estimate":706.4410190917124,"standard_error":217.53552335094832}}