{"mean":{"confidence_interval":{"confidence_level":0.95,"lower_bound":11017.165367813159,"upper_bound":11137.888425545862},"point_estimate":11062.811839621723,"standard_error":32.41584895102922},"median":{"confidence_interval":{"confidence_level":0.95,"lower_bound":11002.420952380951,"upper_bound":11013.389511812478},"point_estimate":11006.781369248036,"standard_error":2.557874441338864},"median_abs_dev":{"confidence_interval":{"confidence_level":0.95,"lower_bound":14.820468025620238,"upper_bound":29.582707830699068},"point_estimate":19.081728398024886,"standard_error":3.934839184510746},"slope":{"confidence_interval":{"confidence_level":0.95,"lower_bound":11004.62141219738,"upper_bound":11027.732194815557},"point_estimate":11015.002720719833,"standard_error":5.9478582294779665},"std_dev":{"confidence_interval":{"confidence_level":0.95,"lower_bound":53.176902674398804,"upper_bound":541.5063554094504},"point_estimate":325.0320664609724,"standard_error":153.13732743693012}}