{"mean":{"confidence_interval":{"confidence_level":0.95,"lower_bound":13903.331451457238,"upper_bound":14047.799595322454},"point_estimate":13960.176039294398,"standard_error":38.555412193435515},"median":{"confidence_interval":{"confidence_level":0.95,"lower_bound":13898.172757475084,"upper_bound":13916.394779945877},"point_estimate":13908.279805194805,"standard_error":4.974657687041967},"median_abs_dev":{"confidence_interval":{"confidence_level":0.95,"lower_bound":27.068006138832132,"upper_bound":44.37724706460107},"point_estimate":34.402368646240554,"standard_error":4.4816634735021275},"slope":{"confidence_interval":{"confidence_level":0.95,"lower_bound":13908.709495370571,"upper_bound":13925.585575980784},"point_estimate":13916.847332643712,"standard_error":4.311691205233879},"std_dev":{"confidence_interval":{"confidence_level":0.95,"lower_bound":44.46825676938202,"upper_bound":628.6576617288991},"point_estimate":385.6448988212708,"standard_error":164.84653565916733}}