{"mean":{"confidence_interval":{"confidence_level":0.95,"lower_bound":33.1459724716822,"upper_bound":34.05670247507282},"point_estimate":33.5432158921999,"standard_error":0.2345296966680974},"median":{"confidence_interval":{"confidence_level":0.95,"lower_bound":32.85137494543867,"upper_bound":33.351161823260234},"point_estimate":33.25909757001466,"standard_error":0.16046417054746745},"median_abs_dev":{"confidence_interval":{"confidence_level":0.95,"lower_bound":0.493841230823839,"upper_bound":0.894785131538866},"point_estimate":0.7555379957741828,"standard_error":0.12179224007700565},"slope":{"confidence_interval":{"confidence_level":0.95,"lower_bound":33.2079892786453,"upper_bound":33.42451035834672},"point_estimate":33.31429070963019,"standard_error":0.05516250695165363},"std_dev":{"confidence_interval":{"confidence_level":0.95,"lower_bound":0.6698428630982979,"upper_bound":3.5240045632615282},"point_estimate":2.3637158770378566,"standard_error":0.7062884875115921}}