{"mean":{"confidence_interval":{"confidence_level":0.95,"lower_bound":33.571437803033454,"upper_bound":35.140580293455464},"point_estimate":34.258025166040056,"standard_error":0.4039631350395756},"median":{"confidence_interval":{"confidence_level":0.95,"lower_bound":33.26474144345238,"upper_bound":33.49444364439324},"point_estimate":33.33974977724978,"standard_error":0.06152819313686297},"median_abs_dev":{"confidence_interval":{"confidence_level":0.95,"lower_bound":0.3075520439058019,"upper_bound":0.49974367217944815},"point_estimate":0.3897292921554394,"standard_error":0.04663528549515025},"slope":{"confidence_interval":{"confidence_level":0.95,"lower_bound":33.27234888024837,"upper_bound":33.72545971636329},"point_estimate":33.44712847537419,"standard_error":0.12173463025997541},"std_dev":{"confidence_interval":{"confidence_level":0.95,"lower_bound":1.2976234570080079,"upper_bound":5.839966162381267},"point_estimate":4.0717626485064775,"standard_error":1.0917494241147838}}