{"mean":{"confidence_interval":{"confidence_level":0.95,"lower_bound":33.088035266461965,"upper_bound":34.43161223788662},"point_estimate":33.671661156156325,"standard_error":0.3455536400133806},"median":{"confidence_interval":{"confidence_level":0.95,"lower_bound":32.732744259465605,"upper_bound":33.076892722250406},"point_estimate":32.87598954899519,"standard_error":0.10669999662765706},"median_abs_dev":{"confidence_interval":{"confidence_level":0.95,"lower_bound":0.18457504828845955,"upper_bound":0.5512232138294976},"point_estimate":0.35592194063536065,"standard_error":0.09809323141719195},"slope":{"confidence_interval":{"confidence_level":0.95,"lower_bound":32.912823663100454,"upper_bound":33.112129780828305},"point_estimate":33.007482848877814,"standard_error":0.05089027156968082},"std_dev":{"confidence_interval":{"confidence_level":0.95,"lower_bound":0.7284117238400931,"upper_bound":5.1609515233151315},"point_estimate":3.4731923519689887,"standard_error":1.0745346364793538}}