{"mean":{"confidence_interval":{"confidence_level":0.95,"lower_bound":31.705408066202384,"upper_bound":32.61650991437461},"point_estimate":32.065607827299225,"standard_error":0.24126060854544784},"median":{"confidence_interval":{"confidence_level":0.95,"lower_bound":31.394331983805667,"upper_bound":31.742968631318526},"point_estimate":31.64162955465587,"standard_error":0.1144582904791107},"median_abs_dev":{"confidence_interval":{"confidence_level":0.95,"lower_bound":0.3043366273326317,"upper_bound":0.5785013124852099},"point_estimate":0.4470759212126147,"standard_error":0.07752614995434276},"slope":{"confidence_interval":{"confidence_level":0.95,"lower_bound":31.64839603298533,"upper_bound":31.97594945896943},"point_estimate":31.786245838191892,"standard_error":0.08440966777538511},"std_dev":{"confidence_interval":{"confidence_level":0.95,"lower_bound":0.6389869099395389,"upper_bound":3.9709922251319636},"point_estimate":2.4253710291350346,"standard_error":1.0456631058263586}}