{"mean":{"confidence_interval":{"confidence_level":0.95,"lower_bound":3.5253946620183743,"upper_bound":3.783602845280463},"point_estimate":3.639405154901952,"standard_error":0.0665630873304937},"median":{"confidence_interval":{"confidence_level":0.95,"lower_bound":3.4114972572715456,"upper_bound":3.4695531642489077},"point_estimate":3.4391350216879437,"standard_error":0.014302815961549467},"median_abs_dev":{"confidence_interval":{"confidence_level":0.95,"lower_bound":0.05890627867359628,"upper_bound":0.1371881240506107},"point_estimate":0.09431832384868266,"standard_error":0.019970054215759946},"slope":{"confidence_interval":{"confidence_level":0.95,"lower_bound":3.4824797776401333,"upper_bound":3.6430359931629317},"point_estimate":3.552182382033549,"standard_error":0.04149480532769895},"std_dev":{"confidence_interval":{"confidence_level":0.95,"lower_bound":0.29301149621594486,"upper_bound":0.9830090389677831},"point_estimate":0.6704332840315218,"standard_error":0.17762272126632078}}