{"mean":{"confidence_interval":{"confidence_level":0.95,"lower_bound":1.3228968493698363,"upper_bound":1.3657165836113048},"point_estimate":1.341604386401236,"standard_error":0.011037533649026302},"median":{"confidence_interval":{"confidence_level":0.95,"lower_bound":1.3086666509271736,"upper_bound":1.3213838745561959},"point_estimate":1.3164405930651046,"standard_error":0.0034921999922086387},"median_abs_dev":{"confidence_interval":{"confidence_level":0.95,"lower_bound":0.01866845038908177,"upper_bound":0.035661550052918184},"point_estimate":0.025980310257104004,"standard_error":0.004361346800009955},"slope":{"confidence_interval":{"confidence_level":0.95,"lower_bound":1.3074441469647164,"upper_bound":1.3211385486064957},"point_estimate":1.313538432682771,"standard_error":0.003506102190691775},"std_dev":{"confidence_interval":{"confidence_level":0.95,"lower_bound":0.03538853293743479,"upper_bound":0.1642306518323694},"point_estimate":0.11134735852258414,"standard_error":0.03209160049757975}}