{"mean":{"confidence_interval":{"confidence_level":0.95,"lower_bound":1.5162023596780838,"upper_bound":1.551831030395096},"point_estimate":1.5318849971267476,"standard_error":0.00918277341344442},"median":{"confidence_interval":{"confidence_level":0.95,"lower_bound":1.5085429520645468,"upper_bound":1.515614789899782},"point_estimate":1.5128879310033454,"standard_error":0.0016420561050168284},"median_abs_dev":{"confidence_interval":{"confidence_level":0.95,"lower_bound":0.015046331058216234,"upper_bound":0.02580073526996966},"point_estimate":0.02011063141523489,"standard_error":0.00274118367104507},"slope":{"confidence_interval":{"confidence_level":0.95,"lower_bound":1.5036634542896326,"upper_bound":1.515927183987164},"point_estimate":1.5090631946223374,"standard_error":0.0031422380893796164},"std_dev":{"confidence_interval":{"confidence_level":0.95,"lower_bound":0.031173108721764684,"upper_bound":0.13334255192267555},"point_estimate":0.09208517050269201,"standard_error":0.024892004964198033}}