{"mean":{"confidence_interval":{"confidence_level":0.95,"lower_bound":2.7559664562480606,"upper_bound":2.8083679760746283},"point_estimate":2.779622345398189,"standard_error":0.013501797456235306},"median":{"confidence_interval":{"confidence_level":0.95,"lower_bound":2.736670164977907,"upper_bound":2.7557027949502584},"point_estimate":2.745124782943928,"standard_error":0.004663690421463012},"median_abs_dev":{"confidence_interval":{"confidence_level":0.95,"lower_bound":0.023200080096081294,"upper_bound":0.03775647339958722},"point_estimate":0.029795263689761858,"standard_error":0.003629150465209078},"slope":{"confidence_interval":{"confidence_level":0.95,"lower_bound":2.728823023282785,"upper_bound":2.746440533631257},"point_estimate":2.735840916560412,"standard_error":0.004559151611490621},"std_dev":{"confidence_interval":{"confidence_level":0.95,"lower_bound":0.06706581179160104,"upper_bound":0.1888925910647961},"point_estimate":0.13595754888725436,"standard_error":0.030943603552207485}}