{"mean":{"confidence_interval":{"confidence_level":0.95,"lower_bound":2.7106059601059562,"upper_bound":2.857574031129239},"point_estimate":2.7823334284470658,"standard_error":0.037569592631881144},"median":{"confidence_interval":{"confidence_level":0.95,"lower_bound":2.5348262244481092,"upper_bound":2.6069750565362675},"point_estimate":2.5649044362198015,"standard_error":0.019914772174914046},"median_abs_dev":{"confidence_interval":{"confidence_level":0.95,"lower_bound":0.05154905921025417,"upper_bound":0.15810245814316254},"point_estimate":0.09294541484307862,"standard_error":0.029552885759522397},"slope":{"confidence_interval":{"confidence_level":0.95,"lower_bound":2.7958289619444323,"upper_bound":3.0286972672246764},"point_estimate":2.9136589522508536,"standard_error":0.059389026216234854},"std_dev":{"confidence_interval":{"confidence_level":0.95,"lower_bound":0.3283221253006467,"upper_bound":0.4118238577989431},"point_estimate":0.37768429687192195,"standard_error":0.02148357211923748}}