{"mean":{"confidence_interval":{"confidence_level":0.95,"lower_bound":1.4582446618982325,"upper_bound":1.4942623027071784},"point_estimate":1.4741426854572375,"standard_error":0.009313487390234744},"median":{"confidence_interval":{"confidence_level":0.95,"lower_bound":1.4503498377387758,"upper_bound":1.4572550118820176},"point_estimate":1.453181954774247,"standard_error":0.0017973126095891074},"median_abs_dev":{"confidence_interval":{"confidence_level":0.95,"lower_bound":0.01301556257290561,"upper_bound":0.022613513545571784},"point_estimate":0.01920952663427833,"standard_error":0.0024956116478215633},"slope":{"confidence_interval":{"confidence_level":0.95,"lower_bound":1.4467449333895597,"upper_bound":1.4533936055558734},"point_estimate":1.4498470438760749,"standard_error":0.001691412262957002},"std_dev":{"confidence_interval":{"confidence_level":0.95,"lower_bound":0.034256845825877735,"upper_bound":0.13512437751861744},"point_estimate":0.09364612804982324,"standard_error":0.02508444294217748}}