{"mean":{"confidence_interval":{"confidence_level":0.95,"lower_bound":4.053902710292634,"upper_bound":4.0881622230624135},"point_estimate":4.069183194290087,"standard_error":0.008819965131189196},"median":{"confidence_interval":{"confidence_level":0.95,"lower_bound":4.045104532153987,"upper_bound":4.062797542140131},"point_estimate":4.05431965430131,"standard_error":0.005002460427043421},"median_abs_dev":{"confidence_interval":{"confidence_level":0.95,"lower_bound":0.026517370883910943,"upper_bound":0.048969802181635026},"point_estimate":0.038053765474089944,"standard_error":0.00565361713703674},"slope":{"confidence_interval":{"confidence_level":0.95,"lower_bound":4.04235852459689,"upper_bound":4.05772407214487},"point_estimate":4.049508740862835,"standard_error":0.00392257676098545},"std_dev":{"confidence_interval":{"confidence_level":0.95,"lower_bound":0.04068308673654423,"upper_bound":0.12972770708017003},"point_estimate":0.08857878672929981,"standard_error":0.02344389283744037}}