{"mean":{"confidence_interval":{"confidence_level":0.95,"lower_bound":2.775719784476409,"upper_bound":3.0575666859270667},"point_estimate":2.879775735076096,"standard_error":0.07819035131520063},"median":{"confidence_interval":{"confidence_level":0.95,"lower_bound":2.743525371859654,"upper_bound":2.7518224427341216},"point_estimate":2.746942062735554,"standard_error":0.002054299394391293},"median_abs_dev":{"confidence_interval":{"confidence_level":0.95,"lower_bound":0.01554088769561289,"upper_bound":0.02824858672365334},"point_estimate":0.01996369394376884,"standard_error":0.00314938152354777},"slope":{"confidence_interval":{"confidence_level":0.95,"lower_bound":2.744669576631671,"upper_bound":2.7846041262064203},"point_estimate":2.7598442686728495,"standard_error":0.010509559529305133},"std_dev":{"confidence_interval":{"confidence_level":0.95,"lower_bound":0.10172936521061098,"upper_bound":1.3239941197229415},"point_estimate":0.7857604167470487,"standard_error":0.4010283926425401}}