{"mean":{"confidence_interval":{"confidence_level":0.95,"lower_bound":2.7839929034153,"upper_bound":2.8339398302739904},"point_estimate":2.806562787907806,"standard_error":0.01276420734425014},"median":{"confidence_interval":{"confidence_level":0.95,"lower_bound":2.7516804477444032,"upper_bound":2.7803183710203623},"point_estimate":2.7662309719233322,"standard_error":0.00700251772806308},"median_abs_dev":{"confidence_interval":{"confidence_level":0.95,"lower_bound":0.03398928331253361,"upper_bound":0.06629960752908796},"point_estimate":0.051907910816073405,"standard_error":0.008136968312670674},"slope":{"confidence_interval":{"confidence_level":0.95,"lower_bound":2.74706517017937,"upper_bound":2.772723738956637},"point_estimate":2.758711286797551,"standard_error":0.006556845010444447},"std_dev":{"confidence_interval":{"confidence_level":0.95,"lower_bound":0.07233755944273074,"upper_bound":0.18347357994873015},"point_estimate":0.12813787904822785,"standard_error":0.029753860949193613}}