{"mean":{"confidence_interval":{"confidence_level":0.95,"lower_bound":2.4601430293476865,"upper_bound":2.502075986636046},"point_estimate":2.478776092126807,"standard_error":0.010805298161116118},"median":{"confidence_interval":{"confidence_level":0.95,"lower_bound":2.448197723981389,"upper_bound":2.4567317433447275},"point_estimate":2.4528466990324325,"standard_error":0.0023548668333476077},"median_abs_dev":{"confidence_interval":{"confidence_level":0.95,"lower_bound":0.012128583473387921,"upper_bound":0.019972173511577703},"point_estimate":0.015826851950831545,"standard_error":0.0019096322178208433},"slope":{"confidence_interval":{"confidence_level":0.95,"lower_bound":2.4438035452788456,"upper_bound":2.4548692798710676},"point_estimate":2.4479633567437857,"standard_error":0.0029213171662843484},"std_dev":{"confidence_interval":{"confidence_level":0.95,"lower_bound":0.04272118002666778,"upper_bound":0.15463190066879307},"point_estimate":0.10827168943856144,"standard_error":0.027909020446954723}}