{"mean":{"confidence_interval":{"confidence_level":0.95,"lower_bound":4.0761663739589284,"upper_bound":4.13455147719698},"point_estimate":4.101111384842671,"standard_error":0.01511808830926997},"median":{"confidence_interval":{"confidence_level":0.95,"lower_bound":4.059960645415191,"upper_bound":4.080620678023275},"point_estimate":4.067962071155851,"standard_error":0.005598115958651107},"median_abs_dev":{"confidence_interval":{"confidence_level":0.95,"lower_bound":0.03216867113023158,"upper_bound":0.060568685162563515},"point_estimate":0.04634786496007902,"standard_error":0.0074469751722727245},"slope":{"confidence_interval":{"confidence_level":0.95,"lower_bound":4.049376384064688,"upper_bound":4.064516762780632},"point_estimate":4.056480303661302,"standard_error":0.0038521805443278447},"std_dev":{"confidence_interval":{"confidence_level":0.95,"lower_bound":0.05326497703478801,"upper_bound":0.23552235073377828},"point_estimate":0.15138098195432373,"standard_error":0.049861395431515756}}