{"mean":{"confidence_interval":{"confidence_level":0.95,"lower_bound":4.366694763459961,"upper_bound":4.423470578809707},"point_estimate":4.396427310494917,"standard_error":0.014448602765990142},"median":{"confidence_interval":{"confidence_level":0.95,"lower_bound":4.405262325715107,"upper_bound":4.427104786545925},"point_estimate":4.415114057783527,"standard_error":0.006101611266556885},"median_abs_dev":{"confidence_interval":{"confidence_level":0.95,"lower_bound":0.037010843559985705,"upper_bound":0.06914747121123427},"point_estimate":0.051571974302311446,"standard_error":0.008400744238722205},"slope":{"confidence_interval":{"confidence_level":0.95,"lower_bound":4.417985127216528,"upper_bound":4.445146151752923},"point_estimate":4.4305756621577475,"standard_error":0.0069369325870840695},"std_dev":{"confidence_interval":{"confidence_level":0.95,"lower_bound":0.09856088946246322,"upper_bound":0.1845464400227},"point_estimate":0.14487506842354783,"standard_error":0.021994311418279903}}