{"mean":{"confidence_interval":{"confidence_level":0.95,"lower_bound":2.859884821194326,"upper_bound":2.9056739413317634},"point_estimate":2.878910257934152,"standard_error":0.011888803354168724},"median":{"confidence_interval":{"confidence_level":0.95,"lower_bound":2.848539953742057,"upper_bound":2.8614896787563033},"point_estimate":2.8530872800008744,"standard_error":0.003422287959214568},"median_abs_dev":{"confidence_interval":{"confidence_level":0.95,"lower_bound":0.01459772599054529,"upper_bound":0.02656278579845294},"point_estimate":0.020079451254165184,"standard_error":0.0029469121212941252},"slope":{"confidence_interval":{"confidence_level":0.95,"lower_bound":2.854243598723395,"upper_bound":2.8790180502537748},"point_estimate":2.863834520383612,"standard_error":0.006514979096141617},"std_dev":{"confidence_interval":{"confidence_level":0.95,"lower_bound":0.028092725143741032,"upper_bound":0.1882778694637428},"point_estimate":0.11939607118008429,"standard_error":0.043320874742497927}}