{"mean":{"confidence_interval":{"confidence_level":0.95,"lower_bound":1.4653154099786427,"upper_bound":1.5055422783748162},"point_estimate":1.4834216793247625,"standard_error":0.01034744956325261},"median":{"confidence_interval":{"confidence_level":0.95,"lower_bound":1.4485727614714365,"upper_bound":1.4622919000081662},"point_estimate":1.4564745181684056,"standard_error":0.003778796713820287},"median_abs_dev":{"confidence_interval":{"confidence_level":0.95,"lower_bound":0.016028756748131617,"upper_bound":0.030470938949272636},"point_estimate":0.02189419161103281,"standard_error":0.0037545364311596797},"slope":{"confidence_interval":{"confidence_level":0.95,"lower_bound":1.4501187056009275,"upper_bound":1.4988019953626068},"point_estimate":1.470849476087774,"standard_error":0.012629215842443588},"std_dev":{"confidence_interval":{"confidence_level":0.95,"lower_bound":0.05096566651999322,"upper_bound":0.1447526365296231},"point_estimate":0.10408509768544058,"standard_error":0.023695370633470863}}