{"mean":{"confidence_interval":{"confidence_level":0.95,"lower_bound":3.9967444017933706,"upper_bound":4.072840838864617},"point_estimate":4.031347278461143,"standard_error":0.019545046950451988},"median":{"confidence_interval":{"confidence_level":0.95,"lower_bound":3.9673475037142936,"upper_bound":3.984374561993665},"point_estimate":3.9726520057186105,"standard_error":0.004631389642518045},"median_abs_dev":{"confidence_interval":{"confidence_level":0.95,"lower_bound":0.030531762252681362,"upper_bound":0.05759311587085884},"point_estimate":0.04526862363978082,"standard_error":0.0071816700900650555},"slope":{"confidence_interval":{"confidence_level":0.95,"lower_bound":3.9563159090924973,"upper_bound":3.9747972480661202},"point_estimate":3.965083279421595,"standard_error":0.004687523252016221},"std_dev":{"confidence_interval":{"confidence_level":0.95,"lower_bound":0.10912239207656785,"upper_bound":0.26698930280014516},"point_estimate":0.1963247985484715,"standard_error":0.040330467673681904}}