{"mean":{"confidence_interval":{"confidence_level":0.95,"lower_bound":1.351151699733023,"upper_bound":1.3872933298600416},"point_estimate":1.366850678575922,"standard_error":0.009342727136561887},"median":{"confidence_interval":{"confidence_level":0.95,"lower_bound":1.340548468460044,"upper_bound":1.3504224689319675},"point_estimate":1.3453606205936246,"standard_error":0.0022029854475882496},"median_abs_dev":{"confidence_interval":{"confidence_level":0.95,"lower_bound":0.012499755437546455,"upper_bound":0.024737721923797598},"point_estimate":0.017286284325572252,"standard_error":0.003084394135760788},"slope":{"confidence_interval":{"confidence_level":0.95,"lower_bound":1.3389757851691122,"upper_bound":1.3499312127824143},"point_estimate":1.3437707119613784,"standard_error":0.002814998026118037},"std_dev":{"confidence_interval":{"confidence_level":0.95,"lower_bound":0.0250908518888039,"upper_bound":0.13973412232467966},"point_estimate":0.09362450818730572,"standard_error":0.028361340326670145}}