{"mean":{"confidence_interval":{"confidence_level":0.95,"lower_bound":3.966430079447291,"upper_bound":4.030511217842935},"point_estimate":3.9961115346152134,"standard_error":0.01645889629588174},"median":{"confidence_interval":{"confidence_level":0.95,"lower_bound":3.9369354814059556,"upper_bound":3.9768388493369438},"point_estimate":3.9605443922980905,"standard_error":0.009799167245948412},"median_abs_dev":{"confidence_interval":{"confidence_level":0.95,"lower_bound":0.05703898146820518,"upper_bound":0.09243928909318257},"point_estimate":0.0743515068094819,"standard_error":0.008958107315330137},"slope":{"confidence_interval":{"confidence_level":0.95,"lower_bound":3.958513280495761,"upper_bound":4.039542598657837},"point_estimate":3.993704521329944,"standard_error":0.020848415522054166},"std_dev":{"confidence_interval":{"confidence_level":0.95,"lower_bound":0.10391917407831601,"upper_bound":0.21994045483115116},"point_estimate":0.165325804487194,"standard_error":0.029722062548951694}}