{"mean":{"confidence_interval":{"confidence_level":0.95,"lower_bound":1.5111263204636547,"upper_bound":1.546808432156592},"point_estimate":1.5266590833360865,"standard_error":0.009190174899386973},"median":{"confidence_interval":{"confidence_level":0.95,"lower_bound":1.502209323417377,"upper_bound":1.5132237136465325},"point_estimate":1.508341845410847,"standard_error":0.0027267946606426554},"median_abs_dev":{"confidence_interval":{"confidence_level":0.95,"lower_bound":0.015534330609395214,"upper_bound":0.028450510551703327},"point_estimate":0.021550134579455493,"standard_error":0.0033014376076639135},"slope":{"confidence_interval":{"confidence_level":0.95,"lower_bound":1.4995035141534008,"upper_bound":1.511507201527881},"point_estimate":1.5050241438167657,"standard_error":0.0030702057619499176},"std_dev":{"confidence_interval":{"confidence_level":0.95,"lower_bound":0.025528646220364427,"upper_bound":0.13640226190603663},"point_estimate":0.09244928433864547,"standard_error":0.02703415346806869}}