{"mean":{"confidence_interval":{"confidence_level":0.95,"lower_bound":1.3196908780618313,"upper_bound":1.3724014777994642},"point_estimate":1.3422862331798107,"standard_error":0.013669610499728644},"median":{"confidence_interval":{"confidence_level":0.95,"lower_bound":1.3072071595933972,"upper_bound":1.3174161819643448},"point_estimate":1.3120263196154265,"standard_error":0.0021976199597472977},"median_abs_dev":{"confidence_interval":{"confidence_level":0.95,"lower_bound":0.013288036837906901,"upper_bound":0.022877382284575424},"point_estimate":0.01778309416949538,"standard_error":0.0023999408942638493},"slope":{"confidence_interval":{"confidence_level":0.95,"lower_bound":1.3056745199589033,"upper_bound":1.3209603990724221},"point_estimate":1.311612265680042,"standard_error":0.0040486635460117515},"std_dev":{"confidence_interval":{"confidence_level":0.95,"lower_bound":0.03746711768459106,"upper_bound":0.20923635531463108},"point_estimate":0.13678424719268012,"standard_error":0.044498164763096565}}