{"mean":{"confidence_interval":{"confidence_level":0.95,"lower_bound":2.0344361992100737,"upper_bound":2.0685065299015992},"point_estimate":2.046834967407627,"standard_error":0.009665131186935875},"median":{"confidence_interval":{"confidence_level":0.95,"lower_bound":2.0325582137360487,"upper_bound":2.035406010230179},"point_estimate":2.033360970735024,"standard_error":0.0006258006053519754},"median_abs_dev":{"confidence_interval":{"confidence_level":0.95,"lower_bound":0.004108930371030663,"upper_bound":0.007183383911218112},"point_estimate":0.005198322573267935,"standard_error":0.000799495442661519},"slope":{"confidence_interval":{"confidence_level":0.95,"lower_bound":2.032700769676193,"upper_bound":2.0359520736496735},"point_estimate":2.0342282811373247,"standard_error":0.0008329127045775592},"std_dev":{"confidence_interval":{"confidence_level":0.95,"lower_bound":0.009356489172215883,"upper_bound":0.16476301731790505},"point_estimate":0.09729410940090828,"standard_error":0.05141216179135188}}