{"mean":{"confidence_interval":{"confidence_level":0.95,"lower_bound":1.98074615953526,"upper_bound":2.0083259087138177},"point_estimate":1.9926754674335174,"standard_error":0.007142284026441426},"median":{"confidence_interval":{"confidence_level":0.95,"lower_bound":1.9717398785425102,"upper_bound":1.9873768197088466},"point_estimate":1.9783704205366357,"standard_error":0.003804546901090028},"median_abs_dev":{"confidence_interval":{"confidence_level":0.95,"lower_bound":0.021170166834649517,"upper_bound":0.035843988025553},"point_estimate":0.02803606776586804,"standard_error":0.0037015662514470558},"slope":{"confidence_interval":{"confidence_level":0.95,"lower_bound":1.9826345093629787,"upper_bound":1.9957162179058667},"point_estimate":1.9891508507812683,"standard_error":0.0033441467053585217},"std_dev":{"confidence_interval":{"confidence_level":0.95,"lower_bound":0.024751840478710176,"upper_bound":0.10823456386150695},"point_estimate":0.07211835683474156,"standard_error":0.02272030637114214}}