{"mean":{"confidence_interval":{"confidence_level":0.95,"lower_bound":2.0361232594766903,"upper_bound":2.0731360535616306},"point_estimate":2.049744158992552,"standard_error":0.010356932315888138},"median":{"confidence_interval":{"confidence_level":0.95,"lower_bound":2.033018136721113,"upper_bound":2.0354721586575133},"point_estimate":2.034009839202083,"standard_error":0.0006275890956872364},"median_abs_dev":{"confidence_interval":{"confidence_level":0.95,"lower_bound":0.003644315279260038,"upper_bound":0.006197756572583377},"point_estimate":0.004738657513906878,"standard_error":0.0006374950670421706},"slope":{"confidence_interval":{"confidence_level":0.95,"lower_bound":2.0338031002871673,"upper_bound":2.0389810080490536},"point_estimate":2.0360477977802494,"standard_error":0.0013215848159407785},"std_dev":{"confidence_interval":{"confidence_level":0.95,"lower_bound":0.013621315029957582,"upper_bound":0.17545859683368228},"point_estimate":0.10394575952582132,"standard_error":0.05376343828239941}}