{"mean":{"confidence_interval":{"confidence_level":0.95,"lower_bound":1.9281397615031144,"upper_bound":1.9713986567833202},"point_estimate":1.9465586816675526,"standard_error":0.011112549843878706},"median":{"confidence_interval":{"confidence_level":0.95,"lower_bound":1.9248336170174443,"upper_bound":1.9272715449954139},"point_estimate":1.926312182288123,"standard_error":0.0005629238444242757},"median_abs_dev":{"confidence_interval":{"confidence_level":0.95,"lower_bound":0.00459853414817836,"upper_bound":0.00971549230354296},"point_estimate":0.0065096001817380325,"standard_error":0.0012016166275338992},"slope":{"confidence_interval":{"confidence_level":0.95,"lower_bound":1.9256084324720897,"upper_bound":1.9292077741490585},"point_estimate":1.9273321013651736,"standard_error":0.000920003949245021},"std_dev":{"confidence_interval":{"confidence_level":0.95,"lower_bound":0.0161572915024289,"upper_bound":0.17110376003185895},"point_estimate":0.11142700585354587,"standard_error":0.03819728057342258}}