{"mean":{"confidence_interval":{"confidence_level":0.95,"lower_bound":1.7187793224037886,"upper_bound":1.7397645051547623},"point_estimate":1.7264329742684976,"standard_error":0.005887566934684981},"median":{"confidence_interval":{"confidence_level":0.95,"lower_bound":1.7172663417648288,"upper_bound":1.7202530365480047},"point_estimate":1.7184343194404517,"standard_error":0.0008009908530380384},"median_abs_dev":{"confidence_interval":{"confidence_level":0.95,"lower_bound":0.003878405558952209,"upper_bound":0.007032011431699922},"point_estimate":0.005766148395613516,"standard_error":0.000828742262248202},"slope":{"confidence_interval":{"confidence_level":0.95,"lower_bound":1.7183668216815429,"upper_bound":1.7210605487169064},"point_estimate":1.7196350979840147,"standard_error":0.0006845663462359526},"std_dev":{"confidence_interval":{"confidence_level":0.95,"lower_bound":0.00717053787950133,"upper_bound":0.09940671777218296},"point_estimate":0.0588028413110557,"standard_error":0.03057954432571448}}