{"mean":{"confidence_interval":{"confidence_level":0.95,"lower_bound":3.4466534772041655,"upper_bound":3.508983329897182},"point_estimate":3.470695485099009,"standard_error":0.016567740454427472},"median":{"confidence_interval":{"confidence_level":0.95,"lower_bound":3.442368385437813,"upper_bound":3.4467830558938966},"point_estimate":3.444641277970981,"standard_error":0.0012130249173818955},"median_abs_dev":{"confidence_interval":{"confidence_level":0.95,"lower_bound":0.007533095710265616,"upper_bound":0.013804407133062942},"point_estimate":0.010098313086325986,"standard_error":0.001611772968703418},"slope":{"confidence_interval":{"confidence_level":0.95,"lower_bound":3.4447819561945603,"upper_bound":3.457070208959851},"point_estimate":3.4500106408059317,"standard_error":0.003165547830935756},"std_dev":{"confidence_interval":{"confidence_level":0.95,"lower_bound":0.028361000170283517,"upper_bound":0.27536126634478914},"point_estimate":0.16638183667880438,"standard_error":0.07491541229584663}}