{"mean":{"confidence_interval":{"confidence_level":0.95,"lower_bound":3.145621528981128,"upper_bound":3.191176205906964},"point_estimate":3.163358153807999,"standard_error":0.012081228491461008},"median":{"confidence_interval":{"confidence_level":0.95,"lower_bound":3.134484094842622,"upper_bound":3.1413849056704484},"point_estimate":3.1386549498661585,"standard_error":0.0018044091309805958},"median_abs_dev":{"confidence_interval":{"confidence_level":0.95,"lower_bound":0.008847819724198494,"upper_bound":0.018453769901755915},"point_estimate":0.012893036305260406,"standard_error":0.002529216640255683},"slope":{"confidence_interval":{"confidence_level":0.95,"lower_bound":3.1346386597986293,"upper_bound":3.1481702512607854},"point_estimate":3.140578581849092,"standard_error":0.003480383127979057},"std_dev":{"confidence_interval":{"confidence_level":0.95,"lower_bound":0.030323331070587538,"upper_bound":0.20019021829500228},"point_estimate":0.12156887607670393,"standard_error":0.0540406993607162}}