{"mean":{"confidence_interval":{"confidence_level":0.95,"lower_bound":3.289954651215929,"upper_bound":3.4076106426377923},"point_estimate":3.3460719230982674,"standard_error":0.029933735539068473},"median":{"confidence_interval":{"confidence_level":0.95,"lower_bound":3.43471201452475,"upper_bound":3.439068570428333},"point_estimate":3.4372133728312066,"standard_error":0.0011946522012519177},"median_abs_dev":{"confidence_interval":{"confidence_level":0.95,"lower_bound":0.008192739196254673,"upper_bound":0.020258240982555714},"point_estimate":0.012725871447657057,"standard_error":0.0032979252851493435},"slope":{"confidence_interval":{"confidence_level":0.95,"lower_bound":3.421191249595102,"upper_bound":3.4350765211566014},"point_estimate":3.4290454042846856,"standard_error":0.003537387686461017},"std_dev":{"confidence_interval":{"confidence_level":0.95,"lower_bound":0.1994105003756354,"upper_bound":0.39923853855702723},"point_estimate":0.299991817496436,"standard_error":0.05287465603031404}}