{"mean":{"confidence_interval":{"confidence_level":0.95,"lower_bound":29.124923992372672,"upper_bound":30.307269071996668},"point_estimate":29.642472614189934,"standard_error":0.3025556230585422},"median":{"confidence_interval":{"confidence_level":0.95,"lower_bound":28.803627450980393,"upper_bound":29.20823593073593},"point_estimate":28.868563661700918,"standard_error":0.1574213474404096},"median_abs_dev":{"confidence_interval":{"confidence_level":0.95,"lower_bound":0.26182073565774844,"upper_bound":0.6434835311513027},"point_estimate":0.42437351715184285,"standard_error":0.11284215089669156},"slope":{"confidence_interval":{"confidence_level":0.95,"lower_bound":29.068147369156296,"upper_bound":29.27512672169929},"point_estimate":29.167851772007754,"standard_error":0.05276132414941402},"std_dev":{"confidence_interval":{"confidence_level":0.95,"lower_bound":0.662436972868173,"upper_bound":4.4287943171722235},"point_estimate":3.037526230603019,"standard_error":0.8848070319769652}}