{"mean":{"confidence_interval":{"confidence_level":0.95,"lower_bound":30.0798699696358,"upper_bound":32.01384939141929},"point_estimate":30.8936675795904,"standard_error":0.5052492583948718},"median":{"confidence_interval":{"confidence_level":0.95,"lower_bound":29.91178058524997,"upper_bound":30.0420538078245},"point_estimate":30.00294661342798,"standard_error":0.03274890037682851},"median_abs_dev":{"confidence_interval":{"confidence_level":0.95,"lower_bound":0.2488722277493542,"upper_bound":0.4275197964713072},"point_estimate":0.3494768431770645,"standard_error":0.045925033539708573},"slope":{"confidence_interval":{"confidence_level":0.95,"lower_bound":29.96986333148942,"upper_bound":30.13440856226014},"point_estimate":30.050244544101076,"standard_error":0.04188083761774202},"std_dev":{"confidence_interval":{"confidence_level":0.95,"lower_bound":0.5897959568899794,"upper_bound":7.827562140739007},"point_estimate":5.094941045023807,"standard_error":1.869983561271729}}