{"mean":{"confidence_interval":{"confidence_level":0.95,"lower_bound":24.703502746940107,"upper_bound":25.67362997837601},"point_estimate":25.138267224971923,"standard_error":0.24847197687667832},"median":{"confidence_interval":{"confidence_level":0.95,"lower_bound":24.345533921107933,"upper_bound":24.554901368760063},"point_estimate":24.425246685168055,"standard_error":0.051427609778071676},"median_abs_dev":{"confidence_interval":{"confidence_level":0.95,"lower_bound":0.2338075156165525,"upper_bound":0.5315945237384312},"point_estimate":0.3764656481178579,"standard_error":0.07748903332156966},"slope":{"confidence_interval":{"confidence_level":0.95,"lower_bound":24.516907259131354,"upper_bound":24.771248151810273},"point_estimate":24.635076347349205,"standard_error":0.06494641472019252},"std_dev":{"confidence_interval":{"confidence_level":0.95,"lower_bound":1.1034832383741358,"upper_bound":3.5256568564251727},"point_estimate":2.504809791108654,"standard_error":0.606271214814182}}