{"mean":{"confidence_interval":{"confidence_level":0.95,"lower_bound":23.06207467450731,"upper_bound":24.20750641454736},"point_estimate":23.571486633377507,"standard_error":0.2938136170862293},"median":{"confidence_interval":{"confidence_level":0.95,"lower_bound":22.665098566308245,"upper_bound":22.82230255839822},"point_estimate":22.73996496861772,"standard_error":0.03856145526002219},"median_abs_dev":{"confidence_interval":{"confidence_level":0.95,"lower_bound":0.20003448700729715,"upper_bound":0.396418703352093},"point_estimate":0.3035961445790728,"standard_error":0.052006563233846025},"slope":{"confidence_interval":{"confidence_level":0.95,"lower_bound":22.758837951675535,"upper_bound":23.191463373814376},"point_estimate":22.924735933872636,"standard_error":0.11395122627457038},"std_dev":{"confidence_interval":{"confidence_level":0.95,"lower_bound":1.5019498939803424,"upper_bound":4.08537600364043},"point_estimate":2.9471673419800966,"standard_error":0.684143354929}}