{"mean":{"confidence_interval":{"confidence_level":0.95,"lower_bound":211.87319658925648,"upper_bound":218.69358518904923},"point_estimate":215.24185482179283,"standard_error":1.7393903126944228},"median":{"confidence_interval":{"confidence_level":0.95,"lower_bound":210.7762977531438,"upper_bound":217.3316163136093},"point_estimate":214.28879064780796,"standard_error":1.5513779336350486},"median_abs_dev":{"confidence_interval":{"confidence_level":0.95,"lower_bound":12.391395433211757,"upper_bound":20.415589902051263},"point_estimate":16.31808221600178,"standard_error":2.166542352022884},"slope":{"confidence_interval":{"confidence_level":0.95,"lower_bound":211.78126847464173,"upper_bound":217.78970140793865},"point_estimate":214.6411065701493,"standard_error":1.5239809467384293},"std_dev":{"confidence_interval":{"confidence_level":0.95,"lower_bound":15.025232870587445,"upper_bound":19.616337901377264},"point_estimate":17.477864225719657,"standard_error":1.1719933557331366}}