{"mean":{"confidence_interval":{"confidence_level":0.95,"lower_bound":209.66235279274377,"upper_bound":219.80296419391968},"point_estimate":214.6964618755306,"standard_error":2.5973059328683274},"median":{"confidence_interval":{"confidence_level":0.95,"lower_bound":206.47071502570432,"upper_bound":220.03594501201923},"point_estimate":214.94535764265078,"standard_error":3.3619459876713274},"median_abs_dev":{"confidence_interval":{"confidence_level":0.95,"lower_bound":22.92548496136345,"upper_bound":32.62302264798903},"point_estimate":28.093654413096914,"standard_error":2.5024241905169147},"slope":{"confidence_interval":{"confidence_level":0.95,"lower_bound":214.1065777203893,"upper_bound":227.59970407555372},"point_estimate":220.81595787603302,"standard_error":3.4379524245193496},"std_dev":{"confidence_interval":{"confidence_level":0.95,"lower_bound":22.298322008387448,"upper_bound":29.71019477956891},"point_estimate":26.155126283463503,"standard_error":1.8971174804184494}}