{"mean":{"confidence_interval":{"confidence_level":0.95,"lower_bound":272.1503229839581,"upper_bound":272.8023580112536},"point_estimate":272.43188341537154,"standard_error":0.16783790043755667},"median":{"confidence_interval":{"confidence_level":0.95,"lower_bound":272.0338919646865,"upper_bound":272.22424686384034},"point_estimate":272.10666763389156,"standard_error":0.05664432154610692},"median_abs_dev":{"confidence_interval":{"confidence_level":0.95,"lower_bound":0.2886094330641964,"upper_bound":0.49002550544764933},"point_estimate":0.3720834449132738,"standard_error":0.05061209215058366},"slope":{"confidence_interval":{"confidence_level":0.95,"lower_bound":272.25405184717465,"upper_bound":273.53995693865295},"point_estimate":272.74930485910966,"standard_error":0.345691469802591},"std_dev":{"confidence_interval":{"confidence_level":0.95,"lower_bound":0.6291963317033005,"upper_bound":2.568145395876721},"point_estimate":1.6852888824936416,"standard_error":0.5055859073276457}}