{"mean":{"confidence_interval":{"confidence_level":0.95,"lower_bound":226.45313022895846,"upper_bound":239.51526501378922},"point_estimate":232.3735524436098,"standard_error":3.3512396979393486},"median":{"confidence_interval":{"confidence_level":0.95,"lower_bound":218.58642965028466,"upper_bound":224.50832993765925},"point_estimate":220.64242267666108,"standard_error":1.4591678330487026},"median_abs_dev":{"confidence_interval":{"confidence_level":0.95,"lower_bound":5.192866319200934,"upper_bound":12.316528136104882},"point_estimate":7.782080484505473,"standard_error":1.7476621000326589},"slope":{"confidence_interval":{"confidence_level":0.95,"lower_bound":225.27660149955804,"upper_bound":241.66760367393007},"point_estimate":232.29235637301005,"standard_error":4.225851433682858},"std_dev":{"confidence_interval":{"confidence_level":0.95,"lower_bound":18.0967247096731,"upper_bound":46.36433996498038},"point_estimate":33.64203031855412,"standard_error":7.192141267602512}}