{"mean":{"confidence_interval":{"confidence_level":0.95,"lower_bound":271.6558266937738,"upper_bound":272.0473529852935},"point_estimate":271.8268173265212,"standard_error":0.10121101349650109},"median":{"confidence_interval":{"confidence_level":0.95,"lower_bound":271.6333213224034,"upper_bound":271.7572741194487},"point_estimate":271.7074489535477,"standard_error":0.038882601348638766},"median_abs_dev":{"confidence_interval":{"confidence_level":0.95,"lower_bound":0.2210081669280893,"upper_bound":0.40343344246980045},"point_estimate":0.30214673174661855,"standard_error":0.047061775636969366},"slope":{"confidence_interval":{"confidence_level":0.95,"lower_bound":271.7773322938117,"upper_bound":271.9010066994466},"point_estimate":271.8379116562201,"standard_error":0.03159643700464083},"std_dev":{"confidence_interval":{"confidence_level":0.95,"lower_bound":0.3801406020604436,"upper_bound":1.5136544194552717},"point_estimate":1.0203842131689946,"standard_error":0.30373450783179073}}