{"mean":{"confidence_interval":{"confidence_level":0.95,"lower_bound":4.619660957130081,"upper_bound":4.6836163139990505},"point_estimate":4.643552135521434,"standard_error":0.0175711960977663},"median":{"confidence_interval":{"confidence_level":0.95,"lower_bound":4.611691202249459,"upper_bound":4.616839988423038},"point_estimate":4.613916384614151,"standard_error":0.001508064443773997},"median_abs_dev":{"confidence_interval":{"confidence_level":0.95,"lower_bound":0.008252798600643462,"upper_bound":0.015368390405568715},"point_estimate":0.010997753073849011,"standard_error":0.0018449074279815912},"slope":{"confidence_interval":{"confidence_level":0.95,"lower_bound":4.619832876575885,"upper_bound":4.63829682703019},"point_estimate":4.628148628104758,"standard_error":0.0047415392634074125},"std_dev":{"confidence_interval":{"confidence_level":0.95,"lower_bound":0.03463882395274741,"upper_bound":0.2965111181450445},"point_estimate":0.1769471767096758,"standard_error":0.08776879646720608}}