{"mean":{"confidence_interval":{"confidence_level":0.95,"lower_bound":5.387838278510666,"upper_bound":5.469811656413266},"point_estimate":5.419367795499802,"standard_error":0.021905219991620484},"median":{"confidence_interval":{"confidence_level":0.95,"lower_bound":5.3752873456320724,"upper_bound":5.382403492350397},"point_estimate":5.377703591429968,"standard_error":0.0019453624843481108},"median_abs_dev":{"confidence_interval":{"confidence_level":0.95,"lower_bound":0.009884538326854939,"upper_bound":0.020154202751055277},"point_estimate":0.012690604123531483,"standard_error":0.002793214774257693},"slope":{"confidence_interval":{"confidence_level":0.95,"lower_bound":5.3816265599529824,"upper_bound":5.39717010502756},"point_estimate":5.388288898199202,"standard_error":0.003990923747809603},"std_dev":{"confidence_interval":{"confidence_level":0.95,"lower_bound":0.045802732485089995,"upper_bound":0.36566066385713264},"point_estimate":0.22067825010126668,"standard_error":0.1011019056709517}}