{"mean":{"confidence_interval":{"confidence_level":0.95,"lower_bound":6.071195007560299,"upper_bound":6.1460476456292605},"point_estimate":6.100948082760424,"standard_error":0.019916823959294123},"median":{"confidence_interval":{"confidence_level":0.95,"lower_bound":6.0581888814599845,"upper_bound":6.075140028288543},"point_estimate":6.061950816087247,"standard_error":0.004248002849839164},"median_abs_dev":{"confidence_interval":{"confidence_level":0.95,"lower_bound":0.023609961920872977,"upper_bound":0.041904203682376406},"point_estimate":0.03545452908589495,"standard_error":0.004517728962168877},"slope":{"confidence_interval":{"confidence_level":0.95,"lower_bound":6.0717728816248355,"upper_bound":6.09522527937886},"point_estimate":6.082202487778175,"standard_error":0.005992616215409325},"std_dev":{"confidence_interval":{"confidence_level":0.95,"lower_bound":0.052969395119947714,"upper_bound":0.3292436859909786},"point_estimate":0.20112181607135862,"standard_error":0.08729341511067612}}