{"mean":{"confidence_interval":{"confidence_level":0.95,"lower_bound":5.556901897691726,"upper_bound":5.6026364480260265},"point_estimate":5.574431261329411,"standard_error":0.012218032297445417},"median":{"confidence_interval":{"confidence_level":0.95,"lower_bound":5.551369216810393,"upper_bound":5.559978490601328},"point_estimate":5.5549526850627,"standard_error":0.002031747809997168},"median_abs_dev":{"confidence_interval":{"confidence_level":0.95,"lower_bound":0.011432995596094314,"upper_bound":0.01895026562020369},"point_estimate":0.015423967134755271,"standard_error":0.0018428908757418343},"slope":{"confidence_interval":{"confidence_level":0.95,"lower_bound":5.552347382819382,"upper_bound":5.562639128516902},"point_estimate":5.55680064387095,"standard_error":0.0026384489328238974},"std_dev":{"confidence_interval":{"confidence_level":0.95,"lower_bound":0.021533560988044258,"upper_bound":0.20423587119188644},"point_estimate":0.1230673686005592,"standard_error":0.056869379710426}}