{"mean":{"confidence_interval":{"confidence_level":0.95,"lower_bound":5.882047126657871,"upper_bound":5.969492606349302},"point_estimate":5.919321519463194,"standard_error":0.022618252033060192},"median":{"confidence_interval":{"confidence_level":0.95,"lower_bound":5.854332938735505,"upper_bound":5.86402815412643},"point_estimate":5.86041072639574,"standard_error":0.0025862735186068394},"median_abs_dev":{"confidence_interval":{"confidence_level":0.95,"lower_bound":0.016120517477648956,"upper_bound":0.030396862672081585},"point_estimate":0.020931039490889005,"standard_error":0.003515042349366319},"slope":{"confidence_interval":{"confidence_level":0.95,"lower_bound":5.8711989634078865,"upper_bound":5.909238893682293},"point_estimate":5.8878962877171475,"standard_error":0.009721241413603685},"std_dev":{"confidence_interval":{"confidence_level":0.95,"lower_bound":0.08704024334122325,"upper_bound":0.35408036386248365},"point_estimate":0.22782243747264835,"standard_error":0.07477382274736762}}