{"mean":{"confidence_interval":{"confidence_level":0.95,"lower_bound":5.094474989543496,"upper_bound":5.202462606491939},"point_estimate":5.136585675174737,"standard_error":0.028729637472381924},"median":{"confidence_interval":{"confidence_level":0.95,"lower_bound":5.086388749835114,"upper_bound":5.091512480181953},"point_estimate":5.088864311293344,"standard_error":0.001294641480267947},"median_abs_dev":{"confidence_interval":{"confidence_level":0.95,"lower_bound":0.0087838847482195,"upper_bound":0.016675946417484665},"point_estimate":0.011856232809476315,"standard_error":0.0019940998125072273},"slope":{"confidence_interval":{"confidence_level":0.95,"lower_bound":5.08993553358651,"upper_bound":5.106234008386849},"point_estimate":5.097017098430996,"standard_error":0.004208024925737603},"std_dev":{"confidence_interval":{"confidence_level":0.95,"lower_bound":0.03792821026579047,"upper_bound":0.4774854572685392},"point_estimate":0.28968043569807056,"standard_error":0.1291867927995741}}