{"mean":{"confidence_interval":{"confidence_level":0.95,"lower_bound":5.404762845590277,"upper_bound":5.629095450685367},"point_estimate":5.499425059467886,"standard_error":0.05761499584264399},"median":{"confidence_interval":{"confidence_level":0.95,"lower_bound":5.379775859978172,"upper_bound":5.3893225222622885},"point_estimate":5.385244881706257,"standard_error":0.002869309787157195},"median_abs_dev":{"confidence_interval":{"confidence_level":0.95,"lower_bound":0.012699981263088462,"upper_bound":0.025652866460393248},"point_estimate":0.01701177083767086,"standard_error":0.003296863997700177},"slope":{"confidence_interval":{"confidence_level":0.95,"lower_bound":5.39490949630863,"upper_bound":5.4648028852621735},"point_estimate":5.424539621937347,"standard_error":0.01812122087146217},"std_dev":{"confidence_interval":{"confidence_level":0.95,"lower_bound":0.08001932761693055,"upper_bound":0.9083362042565216},"point_estimate":0.5774996134998565,"standard_error":0.20547887117036276}}