{"mean":{"confidence_interval":{"confidence_level":0.95,"lower_bound":5.956932462638594,"upper_bound":6.11465359601495},"point_estimate":6.022239859930527,"standard_error":0.041520925529093464},"median":{"confidence_interval":{"confidence_level":0.95,"lower_bound":5.9482908847184985,"upper_bound":5.953137453807695},"point_estimate":5.951262516950348,"standard_error":0.001095339088559597},"median_abs_dev":{"confidence_interval":{"confidence_level":0.95,"lower_bound":0.008358141076365727,"upper_bound":0.022308647796239457},"point_estimate":0.014471058818517011,"standard_error":0.0035898721695492384},"slope":{"confidence_interval":{"confidence_level":0.95,"lower_bound":5.956369524445382,"upper_bound":5.973734922871366},"point_estimate":5.963993075652102,"standard_error":0.004457130093293461},"std_dev":{"confidence_interval":{"confidence_level":0.95,"lower_bound":0.045597646539221826,"upper_bound":0.6537828529444188},"point_estimate":0.41818321818972715,"standard_error":0.15979979807663147}}