{"mean":{"confidence_interval":{"confidence_level":0.95,"lower_bound":5.296626857474941,"upper_bound":5.3751054323226715},"point_estimate":5.326226238066099,"standard_error":0.021280994103892725},"median":{"confidence_interval":{"confidence_level":0.95,"lower_bound":5.287834158812648,"upper_bound":5.295146860421427},"point_estimate":5.291368370227518,"standard_error":0.0017915724910128898},"median_abs_dev":{"confidence_interval":{"confidence_level":0.95,"lower_bound":0.014044732034287013,"upper_bound":0.023909959667303797},"point_estimate":0.018378990292563322,"standard_error":0.002327186101517418},"slope":{"confidence_interval":{"confidence_level":0.95,"lower_bound":5.293727861736482,"upper_bound":5.310445366560836},"point_estimate":5.301208408356934,"standard_error":0.004290498920734197},"std_dev":{"confidence_interval":{"confidence_level":0.95,"lower_bound":0.04027779210448234,"upper_bound":0.35706605514438694},"point_estimate":0.21379024614464237,"standard_error":0.10311361688187558}}