{"mean":{"confidence_interval":{"confidence_level":0.95,"lower_bound":5.351817291761205,"upper_bound":5.517495060240631},"point_estimate":5.414382711775331,"standard_error":0.044909902768268666},"median":{"confidence_interval":{"confidence_level":0.95,"lower_bound":5.327218629702626,"upper_bound":5.367137099553672},"point_estimate":5.343961708904584,"standard_error":0.009501727841499167},"median_abs_dev":{"confidence_interval":{"confidence_level":0.95,"lower_bound":0.06660499672863451,"upper_bound":0.1138378750938675},"point_estimate":0.08785977087226388,"standard_error":0.012133891000315849},"slope":{"confidence_interval":{"confidence_level":0.95,"lower_bound":5.3486324575067306,"upper_bound":5.394667513705598},"point_estimate":5.3692979083345005,"standard_error":0.011772517213859648},"std_dev":{"confidence_interval":{"confidence_level":0.95,"lower_bound":0.09864003411471801,"upper_bound":0.7506832319962378},"point_estimate":0.44953878310588713,"standard_error":0.21747303874354543}}