{"mean":{"confidence_interval":{"confidence_level":0.95,"lower_bound":5.185914858786676,"upper_bound":5.292024672171246},"point_estimate":5.224985603139949,"standard_error":0.02913199097448425},"median":{"confidence_interval":{"confidence_level":0.95,"lower_bound":5.175889774866429,"upper_bound":5.180476530941266},"point_estimate":5.1782079868152975,"standard_error":0.0012077908885528745},"median_abs_dev":{"confidence_interval":{"confidence_level":0.95,"lower_bound":0.007841807355140807,"upper_bound":0.01427058971580491},"point_estimate":0.010837321158564473,"standard_error":0.0016618874717399294},"slope":{"confidence_interval":{"confidence_level":0.95,"lower_bound":5.178888773135851,"upper_bound":5.19741420578624},"point_estimate":5.186608527872688,"standard_error":0.0047995702026721},"std_dev":{"confidence_interval":{"confidence_level":0.95,"lower_bound":0.04027605281900087,"upper_bound":0.4910134781315759},"point_estimate":0.29185774184823277,"standard_error":0.14670215446402612}}