{"mean":{"confidence_interval":{"confidence_level":0.95,"lower_bound":3.0395132032403778,"upper_bound":3.112082602932704},"point_estimate":3.0650541901007147,"standard_error":0.022051808413753603},"median":{"confidence_interval":{"confidence_level":0.95,"lower_bound":3.034776412382206,"upper_bound":3.042064248839876},"point_estimate":3.0389772490202738,"standard_error":0.0018954164996370963},"median_abs_dev":{"confidence_interval":{"confidence_level":0.95,"lower_bound":0.01221628125905295,"upper_bound":0.01831296705149269},"point_estimate":0.01551657621614647,"standard_error":0.0015290113720749854},"slope":{"confidence_interval":{"confidence_level":0.95,"lower_bound":3.032648766163806,"upper_bound":3.043654038569668},"point_estimate":3.037605825106358,"standard_error":0.0028129459403732665},"std_dev":{"confidence_interval":{"confidence_level":0.95,"lower_bound":0.019673804284645477,"upper_bound":0.3784877186210104},"point_estimate":0.22143920231664962,"standard_error":0.1281568647581524}}