{"mean":{"confidence_interval":{"confidence_level":0.95,"lower_bound":3.097537245815077,"upper_bound":3.143601603825097},"point_estimate":3.1175611053639964,"standard_error":0.01184896908313947},"median":{"confidence_interval":{"confidence_level":0.95,"lower_bound":3.1352460782709315,"upper_bound":3.139730335452046},"point_estimate":3.137683716261466,"standard_error":0.0014711565935257812},"median_abs_dev":{"confidence_interval":{"confidence_level":0.95,"lower_bound":0.009732703299632953,"upper_bound":0.05624952536968046},"point_estimate":0.025412312680697026,"standard_error":0.012644332864249984},"slope":{"confidence_interval":{"confidence_level":0.95,"lower_bound":3.1290075581428676,"upper_bound":3.140555253427186},"point_estimate":3.135133289597875,"standard_error":0.002938604111406483},"std_dev":{"confidence_interval":{"confidence_level":0.95,"lower_bound":0.06017607052359685,"upper_bound":0.18410452287366727},"point_estimate":0.11902376242422744,"standard_error":0.039803799223987496}}