{"mean":{"confidence_interval":{"confidence_level":0.95,"lower_bound":2.5514009240096174,"upper_bound":2.682740020280714},"point_estimate":2.6116436362687914,"standard_error":0.03361920283303801},"median":{"confidence_interval":{"confidence_level":0.95,"lower_bound":2.50014028148422,"upper_bound":2.5058694156559205},"point_estimate":2.5032904062591097,"standard_error":0.0013600449387456619},"median_abs_dev":{"confidence_interval":{"confidence_level":0.95,"lower_bound":0.008949430147923333,"upper_bound":0.01879476248927142},"point_estimate":0.012356790304213024,"standard_error":0.0024079215865719004},"slope":{"confidence_interval":{"confidence_level":0.95,"lower_bound":2.5098061203457673,"upper_bound":2.604816671537146},"point_estimate":2.5499630251689935,"standard_error":0.02456258659799927},"std_dev":{"confidence_interval":{"confidence_level":0.95,"lower_bound":0.19633379116450544,"upper_bound":0.45220622463515947},"point_estimate":0.338097875082438,"standard_error":0.06515893906928448}}