{"mean":{"confidence_interval":{"confidence_level":0.95,"lower_bound":3.9608140979541493,"upper_bound":4.084071666886125},"point_estimate":4.011688271560608,"standard_error":0.03209520772000414},"median":{"confidence_interval":{"confidence_level":0.95,"lower_bound":3.9500355143980177,"upper_bound":3.9590782500368276},"point_estimate":3.953472781704325,"standard_error":0.0027474500522257517},"median_abs_dev":{"confidence_interval":{"confidence_level":0.95,"lower_bound":0.013532360180157616,"upper_bound":0.02316905893196032},"point_estimate":0.01806653376285735,"standard_error":0.0024212680160580974},"slope":{"confidence_interval":{"confidence_level":0.95,"lower_bound":3.9534609676149666,"upper_bound":3.967954997597103},"point_estimate":3.959605945579273,"standard_error":0.00371507183229756},"std_dev":{"confidence_interval":{"confidence_level":0.95,"lower_bound":0.04483502701743416,"upper_bound":0.5090401122960275},"point_estimate":0.32243522049053625,"standard_error":0.12263353454491767}}