{"mean":{"confidence_interval":{"confidence_level":0.95,"lower_bound":2.8851187820803417,"upper_bound":2.953122781116393},"point_estimate":2.9128444660586434,"standard_error":0.017779932721934556},"median":{"confidence_interval":{"confidence_level":0.95,"lower_bound":2.8582089259825243,"upper_bound":2.869354332724652},"point_estimate":2.8630690598820343,"standard_error":0.0028118076261408206},"median_abs_dev":{"confidence_interval":{"confidence_level":0.95,"lower_bound":0.016740264044891755,"upper_bound":0.03842901302208534},"point_estimate":0.026201937807878765,"standard_error":0.0051623621879227114},"slope":{"confidence_interval":{"confidence_level":0.95,"lower_bound":2.8670982097566062,"upper_bound":2.881112909218826},"point_estimate":2.873586256937707,"standard_error":0.0035686907036538034},"std_dev":{"confidence_interval":{"confidence_level":0.95,"lower_bound":0.06661269727849618,"upper_bound":0.28474542794825825},"point_estimate":0.17806508612132302,"standard_error":0.07056189968700277}}