{"mean":{"confidence_interval":{"confidence_level":0.95,"lower_bound":3.1319623607919027,"upper_bound":3.1976271908264793},"point_estimate":3.1569996854513533,"standard_error":0.01777013520665437},"median":{"confidence_interval":{"confidence_level":0.95,"lower_bound":3.1336155775012777,"upper_bound":3.1374439968150973},"point_estimate":3.1361272175296326,"standard_error":0.0009725638994342187},"median_abs_dev":{"confidence_interval":{"confidence_level":0.95,"lower_bound":0.007154147565632585,"upper_bound":0.013543770426507921},"point_estimate":0.011156074116036132,"standard_error":0.0016560976630857686},"slope":{"confidence_interval":{"confidence_level":0.95,"lower_bound":3.1354437983983643,"upper_bound":3.145123895603858},"point_estimate":3.1398157220971865,"standard_error":0.0024901996329751474},"std_dev":{"confidence_interval":{"confidence_level":0.95,"lower_bound":0.036547895033686446,"upper_bound":0.2986087771351819},"point_estimate":0.17911789161050118,"standard_error":0.08520303477255028}}