{"mean":{"confidence_interval":{"confidence_level":0.95,"lower_bound":3.117238483237362,"upper_bound":3.163127716822169},"point_estimate":3.1364000098916027,"standard_error":0.011823044408694642},"median":{"confidence_interval":{"confidence_level":0.95,"lower_bound":3.1348383508244497,"upper_bound":3.1380511677768723},"point_estimate":3.1363008333985447,"standard_error":0.001041696987816995},"median_abs_dev":{"confidence_interval":{"confidence_level":0.95,"lower_bound":0.00669922220590337,"upper_bound":0.016419669728681113},"point_estimate":0.010752353740471603,"standard_error":0.0024848962830605436},"slope":{"confidence_interval":{"confidence_level":0.95,"lower_bound":3.136145704861198,"upper_bound":3.146560322400886},"point_estimate":3.1408289447611386,"standard_error":0.00266893281540473},"std_dev":{"confidence_interval":{"confidence_level":0.95,"lower_bound":0.04582701554041746,"upper_bound":0.18955545338840954},"point_estimate":0.11888395395527965,"standard_error":0.04461283855720379}}