{"mean":{"confidence_interval":{"confidence_level":0.95,"lower_bound":2.4474427205785765,"upper_bound":2.495669934195905},"point_estimate":2.4655537333520745,"standard_error":0.013103619620023854},"median":{"confidence_interval":{"confidence_level":0.95,"lower_bound":2.4414529206919364,"upper_bound":2.4462076140463074},"point_estimate":2.4439736085652393,"standard_error":0.0014244036399762572},"median_abs_dev":{"confidence_interval":{"confidence_level":0.95,"lower_bound":0.006945649990471776,"upper_bound":0.013744080172970513},"point_estimate":0.010123852761442375,"standard_error":0.0017127680602445077},"slope":{"confidence_interval":{"confidence_level":0.95,"lower_bound":2.441584816198659,"upper_bound":2.4486889763300836},"point_estimate":2.44485899618671,"standard_error":0.0018118142841233806},"std_dev":{"confidence_interval":{"confidence_level":0.95,"lower_bound":0.024506963400776897,"upper_bound":0.22001889865005744},"point_estimate":0.13164716720631295,"standard_error":0.06386809952360838}}