{"mean":{"confidence_interval":{"confidence_level":0.95,"lower_bound":3.0056936683576874,"upper_bound":3.0625889348259796},"point_estimate":3.0282635613623547,"standard_error":0.014959904749419238},"median":{"confidence_interval":{"confidence_level":0.95,"lower_bound":2.988729316993624,"upper_bound":2.9978946923728977},"point_estimate":2.992433877439198,"standard_error":0.0022185760904486324},"median_abs_dev":{"confidence_interval":{"confidence_level":0.95,"lower_bound":0.015433062044732807,"upper_bound":0.030312973669785304},"point_estimate":0.020923646500523103,"standard_error":0.003810291753221054},"slope":{"confidence_interval":{"confidence_level":0.95,"lower_bound":2.9840241887908285,"upper_bound":2.9928906500983756},"point_estimate":2.9878976082577466,"standard_error":0.0022707290512590517},"std_dev":{"confidence_interval":{"confidence_level":0.95,"lower_bound":0.04644760197027711,"upper_bound":0.24471782014655138},"point_estimate":0.1503229282088229,"standard_error":0.06348272254212203}}