{"mean":{"confidence_interval":{"confidence_level":0.95,"lower_bound":3.2316104055059247,"upper_bound":3.2811173319696},"point_estimate":3.2514146503216224,"standard_error":0.013028145365583855},"median":{"confidence_interval":{"confidence_level":0.95,"lower_bound":3.2227893849577103,"upper_bound":3.231753001885482},"point_estimate":3.226914112947364,"standard_error":0.001949681132771066},"median_abs_dev":{"confidence_interval":{"confidence_level":0.95,"lower_bound":0.012470456353884996,"upper_bound":0.02085953237218056},"point_estimate":0.016943270648227385,"standard_error":0.00195335659317815},"slope":{"confidence_interval":{"confidence_level":0.95,"lower_bound":3.2252654147194604,"upper_bound":3.23819274692298},"point_estimate":3.2309664021244444,"standard_error":0.0033039551543650233},"std_dev":{"confidence_interval":{"confidence_level":0.95,"lower_bound":0.03772341150402808,"upper_bound":0.21194111341872032},"point_estimate":0.13049620465924744,"standard_error":0.05421287256211146}}