{"mean":{"confidence_interval":{"confidence_level":0.95,"lower_bound":2.515179696458383,"upper_bound":2.5877133239129724},"point_estimate":2.5468381832318743,"standard_error":0.01864907515400689},"median":{"confidence_interval":{"confidence_level":0.95,"lower_bound":2.491789951881562,"upper_bound":2.5222400929276683},"point_estimate":2.5147044319239735,"standard_error":0.007246720103487118},"median_abs_dev":{"confidence_interval":{"confidence_level":0.95,"lower_bound":0.053056561645148964,"upper_bound":0.09128528233738951},"point_estimate":0.07448778603066465,"standard_error":0.009873879803448293},"slope":{"confidence_interval":{"confidence_level":0.95,"lower_bound":2.472388203588692,"upper_bound":2.4901449411222383},"point_estimate":2.4804541187694555,"standard_error":0.004536124387158839},"std_dev":{"confidence_interval":{"confidence_level":0.95,"lower_bound":0.07108227822418017,"upper_bound":0.27978198444115465},"point_estimate":0.18777960353319964,"standard_error":0.05551242537142182}}