{"mean":{"confidence_interval":{"confidence_level":0.95,"lower_bound":3.073046091368361,"upper_bound":3.1152791046618518},"point_estimate":3.0929121485471085,"standard_error":0.010790241754219419},"median":{"confidence_interval":{"confidence_level":0.95,"lower_bound":3.0545361411496867,"upper_bound":3.133943450080276},"point_estimate":3.1006118972386316,"standard_error":0.02115239828903409},"median_abs_dev":{"confidence_interval":{"confidence_level":0.95,"lower_bound":0.03345613020260654,"upper_bound":0.11037367903229771},"point_estimate":0.07612485358737912,"standard_error":0.020717390291593557},"slope":{"confidence_interval":{"confidence_level":0.95,"lower_bound":3.0504822371675613,"upper_bound":3.0937672316138096},"point_estimate":3.071337829294614,"standard_error":0.011063957046384387},"std_dev":{"confidence_interval":{"confidence_level":0.95,"lower_bound":0.07343884909222909,"upper_bound":0.14704336101393195},"point_estimate":0.1086961920360156,"standard_error":0.01994183382980648}}