{"mean":{"confidence_interval":{"confidence_level":0.95,"lower_bound":3.290038730833187,"upper_bound":3.3937942130335887},"point_estimate":3.3419165447664994,"standard_error":0.026478034345392875},"median":{"confidence_interval":{"confidence_level":0.95,"lower_bound":3.4426056984089537,"upper_bound":3.4497667854467498},"point_estimate":3.445599498650119,"standard_error":0.0016988957220254624},"median_abs_dev":{"confidence_interval":{"confidence_level":0.95,"lower_bound":0.011989901378906934,"upper_bound":0.03002917460435192},"point_estimate":0.01781688986271471,"standard_error":0.004546012005587753},"slope":{"confidence_interval":{"confidence_level":0.95,"lower_bound":3.436466524750392,"upper_bound":3.451821655178372},"point_estimate":3.4445579587482045,"standard_error":0.003875284407846421},"std_dev":{"confidence_interval":{"confidence_level":0.95,"lower_bound":0.2128920103359646,"upper_bound":0.32417888281144697},"point_estimate":0.2663903070721767,"standard_error":0.028828807589168826}}