{"mean":{"confidence_interval":{"confidence_level":0.95,"lower_bound":3030885.62915625,"upper_bound":3105432.34703125},"point_estimate":3067624.404375,"standard_error":19022.52358406857},"median":{"confidence_interval":{"confidence_level":0.95,"lower_bound":2995609.0625,"upper_bound":3118993.375},"point_estimate":3075674.71875,"standard_error":32790.98188444226},"median_abs_dev":{"confidence_interval":{"confidence_level":0.95,"lower_bound":161140.1309704408,"upper_bound":249504.8963204022},"point_estimate":214861.0290667042,"standard_error":21798.326226261455},"slope":null,"std_dev":{"confidence_interval":{"confidence_level":0.95,"lower_bound":162430.60997874697,"upper_bound":221136.53902566925},"point_estimate":192405.33641478847,"standard_error":15006.7455354186}}