{"mean":{"confidence_interval":{"confidence_level":0.95,"lower_bound":2660165.9065394728,"upper_bound":2686189.5902105253},"point_estimate":2672614.943157895,"standard_error":6669.228219278164},"median":{"confidence_interval":{"confidence_level":0.95,"lower_bound":2646551.0526315793,"upper_bound":2674577.4736842103},"point_estimate":2660385.4736842103,"standard_error":7646.503654759763},"median_abs_dev":{"confidence_interval":{"confidence_level":0.95,"lower_bound":35925.89437271416,"upper_bound":61559.26760184105},"point_estimate":46366.67551366894,"standard_error":6381.551808253358},"slope":null,"std_dev":{"confidence_interval":{"confidence_level":0.95,"lower_bound":52010.760744198815,"upper_bound":79840.3993442862},"point_estimate":66887.83717515535,"standard_error":7104.943969757899}}