{"mean":{"confidence_interval":{"confidence_level":0.95,"lower_bound":4.809853912886928,"upper_bound":4.890596135284403},"point_estimate":4.8431693162069385,"standard_error":0.021142376559123297},"median":{"confidence_interval":{"confidence_level":0.95,"lower_bound":4.803996332233824,"upper_bound":4.8078509388654735},"point_estimate":4.8061359303756115,"standard_error":0.0012587376664367615},"median_abs_dev":{"confidence_interval":{"confidence_level":0.95,"lower_bound":0.008998192560033286,"upper_bound":0.018155062207408288},"point_estimate":0.014407830707323814,"standard_error":0.0022984595421977243},"slope":{"confidence_interval":{"confidence_level":0.95,"lower_bound":4.801147981914364,"upper_bound":4.815155742633869},"point_estimate":4.807392233554388,"standard_error":0.0035824221306854608},"std_dev":{"confidence_interval":{"confidence_level":0.95,"lower_bound":0.035320592204600314,"upper_bound":0.33202106451406316},"point_estimate":0.21211523388365472,"standard_error":0.07953306288400422}}