{"mean":{"confidence_interval":{"confidence_level":0.95,"lower_bound":4.39948180562318,"upper_bound":4.558169124892622},"point_estimate":4.472002596391173,"standard_error":0.04064975450290703},"median":{"confidence_interval":{"confidence_level":0.95,"lower_bound":4.174410290411427,"upper_bound":4.690572716990555},"point_estimate":4.681666413812156,"standard_error":0.19663398922203587},"median_abs_dev":{"confidence_interval":{"confidence_level":0.95,"lower_bound":0.04454680717857978,"upper_bound":0.4902166374557323},"point_estimate":0.43364275608816955,"standard_error":0.14617713799583182},"slope":{"confidence_interval":{"confidence_level":0.95,"lower_bound":4.6066688636390545,"upper_bound":4.6661269000392105},"point_estimate":4.640035377091656,"standard_error":0.015140551162839714},"std_dev":{"confidence_interval":{"confidence_level":0.95,"lower_bound":0.26927530243974385,"upper_bound":0.5872067012139789},"point_estimate":0.40837385410714827,"standard_error":0.10334018707795643}}