{"mean":{"confidence_interval":{"confidence_level":0.95,"lower_bound":5.254228299805186,"upper_bound":5.320185548879157},"point_estimate":5.281619267683901,"standard_error":0.017176173368978642},"median":{"confidence_interval":{"confidence_level":0.95,"lower_bound":5.239351432093772,"upper_bound":5.2504752502847385},"point_estimate":5.243600873470848,"standard_error":0.0030446845648526956},"median_abs_dev":{"confidence_interval":{"confidence_level":0.95,"lower_bound":0.01563746510938428,"upper_bound":0.02965629084687175},"point_estimate":0.02274224604305883,"standard_error":0.0036023734885732637},"slope":{"confidence_interval":{"confidence_level":0.95,"lower_bound":5.252378876747035,"upper_bound":5.278738230992479},"point_estimate":5.264410238789196,"standard_error":0.006772630575451593},"std_dev":{"confidence_interval":{"confidence_level":0.95,"lower_bound":0.05556784936796987,"upper_bound":0.273957597838137},"point_estimate":0.17245746675469834,"standard_error":0.06313138576736417}}