{"mean":{"confidence_interval":{"confidence_level":0.95,"lower_bound":3.1528449764465525,"upper_bound":3.2102186935791974},"point_estimate":3.17729984294879,"standard_error":0.014914099409925798},"median":{"confidence_interval":{"confidence_level":0.95,"lower_bound":3.1448960524204477,"upper_bound":3.1505906199183085},"point_estimate":3.147076331891558,"standard_error":0.0013501067622550273},"median_abs_dev":{"confidence_interval":{"confidence_level":0.95,"lower_bound":0.009003721964661253,"upper_bound":0.016652773305023155},"point_estimate":0.012774339106697953,"standard_error":0.0021975334961494702},"slope":{"confidence_interval":{"confidence_level":0.95,"lower_bound":3.145615740738442,"upper_bound":3.1556852058562974},"point_estimate":3.149961409313691,"standard_error":0.0025773685524266496},"std_dev":{"confidence_interval":{"confidence_level":0.95,"lower_bound":0.031885778605545964,"upper_bound":0.22993553282988513},"point_estimate":0.1496031006533352,"standard_error":0.05123799648756138}}