{"mean":{"confidence_interval":{"confidence_level":0.95,"lower_bound":3.1355795140476483,"upper_bound":3.2257637258332883},"point_estimate":3.1736739921861568,"standard_error":0.023361425989228003},"median":{"confidence_interval":{"confidence_level":0.95,"lower_bound":3.126378801692983,"upper_bound":3.132570217816085},"point_estimate":3.128924873474749,"standard_error":0.0016627562809832404},"median_abs_dev":{"confidence_interval":{"confidence_level":0.95,"lower_bound":0.010222883745411401,"upper_bound":0.02703204983927999},"point_estimate":0.019241769434955376,"standard_error":0.0041358965842541355},"slope":{"confidence_interval":{"confidence_level":0.95,"lower_bound":3.1346415465880266,"upper_bound":3.1497732680363493},"point_estimate":3.141471244156249,"standard_error":0.003887108092097509},"std_dev":{"confidence_interval":{"confidence_level":0.95,"lower_bound":0.05494617297547897,"upper_bound":0.3593207564238168},"point_estimate":0.23425121277528527,"standard_error":0.07986410832036048}}