{"mean":{"confidence_interval":{"confidence_level":0.95,"lower_bound":3.1884289148789193,"upper_bound":3.338599615281877},"point_estimate":3.2569000252828495,"standard_error":0.03852353322488691},"median":{"confidence_interval":{"confidence_level":0.95,"lower_bound":3.1374692692751993,"upper_bound":3.14343600181105},"point_estimate":3.140173499007731,"standard_error":0.0014193210016862218},"median_abs_dev":{"confidence_interval":{"confidence_level":0.95,"lower_bound":0.012800262986021603,"upper_bound":0.024324203168629165},"point_estimate":0.01678024689539976,"standard_error":0.003069158600022389},"slope":{"confidence_interval":{"confidence_level":0.95,"lower_bound":3.163956877420934,"upper_bound":3.2625721767698033},"point_estimate":3.2077284335400775,"standard_error":0.0254243173591378},"std_dev":{"confidence_interval":{"confidence_level":0.95,"lower_bound":0.21676806920498226,"upper_bound":0.5205170991902331},"point_estimate":0.38681699225950206,"standard_error":0.07741337280936939}}