{"mean":{"confidence_interval":{"confidence_level":0.95,"lower_bound":3.108923661981442,"upper_bound":3.1713466416560574},"point_estimate":3.136063125380969,"standard_error":0.016094600976290317},"median":{"confidence_interval":{"confidence_level":0.95,"lower_bound":3.135336207636586,"upper_bound":3.1388519596348714},"point_estimate":3.136844443936365,"standard_error":0.0008749403745030487},"median_abs_dev":{"confidence_interval":{"confidence_level":0.95,"lower_bound":0.006793799424681466,"upper_bound":0.013580124491934093},"point_estimate":0.009673440111449516,"standard_error":0.0017779087337635175},"slope":{"confidence_interval":{"confidence_level":0.95,"lower_bound":3.1349097180199585,"upper_bound":3.141900213753023},"point_estimate":3.1381136803757332,"standard_error":0.001786632379804635},"std_dev":{"confidence_interval":{"confidence_level":0.95,"lower_bound":0.06723552234151373,"upper_bound":0.2502705285422802},"point_estimate":0.16193658322044893,"standard_error":0.05191465324586853}}