{"mean":{"confidence_interval":{"confidence_level":0.95,"lower_bound":10.514309071891484,"upper_bound":10.612827265807667},"point_estimate":10.55049114624055,"standard_error":0.02804494168192095},"median":{"confidence_interval":{"confidence_level":0.95,"lower_bound":10.506186386269277,"upper_bound":10.523991596638655},"point_estimate":10.517833441735828,"standard_error":0.004662702944819081},"median_abs_dev":{"confidence_interval":{"confidence_level":0.95,"lower_bound":0.030623647760170243,"upper_bound":0.056121439993606935},"point_estimate":0.043070848136438945,"standard_error":0.0065359154052571375},"slope":{"confidence_interval":{"confidence_level":0.95,"lower_bound":10.506963945484996,"upper_bound":10.521044974828454},"point_estimate":10.513813754590059,"standard_error":0.003578518154252465},"std_dev":{"confidence_interval":{"confidence_level":0.95,"lower_bound":0.045745371198993835,"upper_bound":0.47609468977235064},"point_estimate":0.2812348379720916,"standard_error":0.14865410056210698}}