{"mean":{"confidence_interval":{"confidence_level":0.95,"lower_bound":35.753325628719445,"upper_bound":35.84236238924538},"point_estimate":35.78732357206786,"standard_error":0.0241987252392273},"median":{"confidence_interval":{"confidence_level":0.95,"lower_bound":35.74544360674498,"upper_bound":35.76936414713409},"point_estimate":35.7570694324226,"standard_error":0.006071819846374131},"median_abs_dev":{"confidence_interval":{"confidence_level":0.95,"lower_bound":0.04382307352961492,"upper_bound":0.0768887329513667},"point_estimate":0.05955201027045109,"standard_error":0.008315411869370945},"slope":{"confidence_interval":{"confidence_level":0.95,"lower_bound":35.76564910275648,"upper_bound":35.790952503083425},"point_estimate":35.778150677924216,"standard_error":0.00643076532246957},"std_dev":{"confidence_interval":{"confidence_level":0.95,"lower_bound":0.06317136354347579,"upper_bound":0.4054927642041794},"point_estimate":0.243474144404684,"standard_error":0.11624417044549817}}