{"mean":{"confidence_interval":{"confidence_level":0.95,"lower_bound":10.425075578845403,"upper_bound":10.483561662929391},"point_estimate":10.451586461082043,"standard_error":0.014927901070769254},"median":{"confidence_interval":{"confidence_level":0.95,"lower_bound":10.418240692084623,"upper_bound":10.435125566043105},"point_estimate":10.425221793678311,"standard_error":0.0042830305816563274},"median_abs_dev":{"confidence_interval":{"confidence_level":0.95,"lower_bound":0.03530738495999992,"upper_bound":0.06661887918923146},"point_estimate":0.05045288874247521,"standard_error":0.007805782229624854},"slope":{"confidence_interval":{"confidence_level":0.95,"lower_bound":10.421420659495682,"upper_bound":10.455400408811379},"point_estimate":10.435822906205727,"standard_error":0.008745358700401945},"std_dev":{"confidence_interval":{"confidence_level":0.95,"lower_bound":0.07969525916998553,"upper_bound":0.20548894835549097},"point_estimate":0.14979835534148395,"standard_error":0.0318407720593236}}