{"mean":{"confidence_interval":{"confidence_level":0.95,"lower_bound":10.572762411140625,"upper_bound":11.309897531972467},"point_estimate":10.926483190831028,"standard_error":0.1885788259119284},"median":{"confidence_interval":{"confidence_level":0.95,"lower_bound":10.116961120389089,"upper_bound":10.131512198797072},"point_estimate":10.125977631301065,"standard_error":0.004295401816993024},"median_abs_dev":{"confidence_interval":{"confidence_level":0.95,"lower_bound":0.023135987719582553,"upper_bound":0.04780786198166006},"point_estimate":0.03592926109714573,"standard_error":0.0060042248977497615},"slope":{"confidence_interval":{"confidence_level":0.95,"lower_bound":10.942535963186359,"upper_bound":12.232967992636159},"point_estimate":11.577641128423398,"standard_error":0.3298325575788841},"std_dev":{"confidence_interval":{"confidence_level":0.95,"lower_bound":1.4692847021928372,"upper_bound":2.2124493226554964},"point_estimate":1.8978696789970784,"standard_error":0.19005734616278455}}