{"mean":{"confidence_interval":{"confidence_level":0.95,"lower_bound":10.406821460619135,"upper_bound":10.438316929924156},"point_estimate":10.421433637466475,"standard_error":0.008031759774046264},"median":{"confidence_interval":{"confidence_level":0.95,"lower_bound":10.404240770992153,"upper_bound":10.425568303458476},"point_estimate":10.413585389950617,"standard_error":0.004863842532936154},"median_abs_dev":{"confidence_interval":{"confidence_level":0.95,"lower_bound":0.03171267441672839,"upper_bound":0.05427848284670566},"point_estimate":0.0415644763074971,"standard_error":0.005667891450148088},"slope":{"confidence_interval":{"confidence_level":0.95,"lower_bound":10.411395469333916,"upper_bound":10.426209597710159},"point_estimate":10.41880002968807,"standard_error":0.003776379590143364},"std_dev":{"confidence_interval":{"confidence_level":0.95,"lower_bound":0.04758828590457079,"upper_bound":0.11048226599460016},"point_estimate":0.0806453592745655,"standard_error":0.016506294353891216}}