{"mean":{"confidence_interval":{"confidence_level":0.95,"lower_bound":10.120791341978453,"upper_bound":10.144206452635459},"point_estimate":10.131821185578687,"standard_error":0.005951495623896616},"median":{"confidence_interval":{"confidence_level":0.95,"lower_bound":10.114429641780458,"upper_bound":10.122603864948474},"point_estimate":10.116940988604679,"standard_error":0.0020432568115698723},"median_abs_dev":{"confidence_interval":{"confidence_level":0.95,"lower_bound":0.012989333517551684,"upper_bound":0.03332881132218206},"point_estimate":0.021007530606108223,"standard_error":0.005612557731358433},"slope":{"confidence_interval":{"confidence_level":0.95,"lower_bound":10.11680973304674,"upper_bound":10.126215537478613},"point_estimate":10.12112577407132,"standard_error":0.0023888077421103633},"std_dev":{"confidence_interval":{"confidence_level":0.95,"lower_bound":0.040839682578523835,"upper_bound":0.07741446328709643},"point_estimate":0.05975186438770263,"standard_error":0.009407313549257983}}