{"mean":{"confidence_interval":{"confidence_level":0.95,"lower_bound":37.76234303084213,"upper_bound":39.57978545500667},"point_estimate":38.63167890617185,"standard_error":0.4632500542640255},"median":{"confidence_interval":{"confidence_level":0.95,"lower_bound":36.758887287935465,"upper_bound":38.2774714515718},"point_estimate":37.81039284969768,"standard_error":0.37393007058852795},"median_abs_dev":{"confidence_interval":{"confidence_level":0.95,"lower_bound":2.123956110641676,"upper_bound":3.407987886926984},"point_estimate":2.666440552184609,"standard_error":0.3239728449543629},"slope":{"confidence_interval":{"confidence_level":0.95,"lower_bound":37.852170406274205,"upper_bound":39.89598578118368},"point_estimate":38.79626607615094,"standard_error":0.5243800945272249},"std_dev":{"confidence_interval":{"confidence_level":0.95,"lower_bound":3.53297576093632,"upper_bound":5.640420361377855},"point_estimate":4.669566899339301,"standard_error":0.5338034814810858}}