{"mean":{"confidence_interval":{"confidence_level":0.95,"lower_bound":10.016219375103793,"upper_bound":10.081549771223827},"point_estimate":10.050153205536057,"standard_error":0.016681762551339362},"median":{"confidence_interval":{"confidence_level":0.95,"lower_bound":10.099311725382135,"upper_bound":10.118212280418048},"point_estimate":10.108990081393124,"standard_error":0.004523112623490231},"median_abs_dev":{"confidence_interval":{"confidence_level":0.95,"lower_bound":0.03348792334887256,"upper_bound":0.08268959786019481},"point_estimate":0.046862674618268756,"standard_error":0.012540145661599467},"slope":{"confidence_interval":{"confidence_level":0.95,"lower_bound":10.007039901783822,"upper_bound":10.090478160845286},"point_estimate":10.051385723317493,"standard_error":0.021376757861897806},"std_dev":{"confidence_interval":{"confidence_level":0.95,"lower_bound":0.13253961213128457,"upper_bound":0.19748947181902932},"point_estimate":0.1677839766901231,"standard_error":0.016602621275149287}}