{"mean":{"confidence_interval":{"confidence_level":0.95,"lower_bound":10.25262091458021,"upper_bound":10.33310658940043},"point_estimate":10.282391699420106,"standard_error":0.022389965826362532},"median":{"confidence_interval":{"confidence_level":0.95,"lower_bound":10.251131287771688,"upper_bound":10.261708646058601},"point_estimate":10.255552728660476,"standard_error":0.002825755000726049},"median_abs_dev":{"confidence_interval":{"confidence_level":0.95,"lower_bound":0.01748349148902346,"upper_bound":0.03255336908934929},"point_estimate":0.023953483383355203,"standard_error":0.003973794764955438},"slope":{"confidence_interval":{"confidence_level":0.95,"lower_bound":10.250115487639677,"upper_bound":10.258693245349617},"point_estimate":10.25442566269891,"standard_error":0.002176197690054643},"std_dev":{"confidence_interval":{"confidence_level":0.95,"lower_bound":0.04100385612600463,"upper_bound":0.37891578869081743},"point_estimate":0.22486596186225996,"standard_error":0.11497819838209392}}