{"mean":{"confidence_interval":{"confidence_level":0.95,"lower_bound":10.249876236587896,"upper_bound":10.278472723452255},"point_estimate":10.262371822897762,"standard_error":0.007360209528497995},"median":{"confidence_interval":{"confidence_level":0.95,"lower_bound":10.248977252532432,"upper_bound":10.256234008729924},"point_estimate":10.253701768718653,"standard_error":0.0018461567597432636},"median_abs_dev":{"confidence_interval":{"confidence_level":0.95,"lower_bound":0.015407571175803238,"upper_bound":0.025767345234200205},"point_estimate":0.020699705872030703,"standard_error":0.0025502572145080097},"slope":{"confidence_interval":{"confidence_level":0.95,"lower_bound":10.24945603911853,"upper_bound":10.256540386927282},"point_estimate":10.253066239010131,"standard_error":0.00181070591528794},"std_dev":{"confidence_interval":{"confidence_level":0.95,"lower_bound":0.031116006990235767,"upper_bound":0.11247309077018736},"point_estimate":0.07407119609778326,"standard_error":0.021725590859114307}}