{"mean":{"confidence_interval":{"confidence_level":0.95,"lower_bound":10.07180963491845,"upper_bound":10.106778431696087},"point_estimate":10.08668283124322,"standard_error":0.009072282312769348},"median":{"confidence_interval":{"confidence_level":0.95,"lower_bound":10.067631935515724,"upper_bound":10.078175501932062},"point_estimate":10.070571169911545,"standard_error":0.002960208677792677},"median_abs_dev":{"confidence_interval":{"confidence_level":0.95,"lower_bound":0.016226633137172403,"upper_bound":0.03248055430199271},"point_estimate":0.023735737131124125,"standard_error":0.004226594851517118},"slope":{"confidence_interval":{"confidence_level":0.95,"lower_bound":10.063468270959564,"upper_bound":10.071994225590892},"point_estimate":10.067793232792361,"standard_error":0.0021644068887567113},"std_dev":{"confidence_interval":{"confidence_level":0.95,"lower_bound":0.03493250494402827,"upper_bound":0.14181842302565484},"point_estimate":0.0908566272035726,"standard_error":0.03063001461833879}}