{"mean":{"confidence_interval":{"confidence_level":0.95,"lower_bound":8.59518375455063,"upper_bound":8.65545083678039},"point_estimate":8.617827117264333,"standard_error":0.01649254577914471},"median":{"confidence_interval":{"confidence_level":0.95,"lower_bound":8.593100709362108,"upper_bound":8.609207716350573},"point_estimate":8.600004815978249,"standard_error":0.004077104319024881},"median_abs_dev":{"confidence_interval":{"confidence_level":0.95,"lower_bound":0.023476193663427593,"upper_bound":0.03966256107932125},"point_estimate":0.027953583735453782,"standard_error":0.004197619926979495},"slope":{"confidence_interval":{"confidence_level":0.95,"lower_bound":8.598499251989054,"upper_bound":8.609585340001324},"point_estimate":8.604013679751294,"standard_error":0.0028382525426663024},"std_dev":{"confidence_interval":{"confidence_level":0.95,"lower_bound":0.035064667961466026,"upper_bound":0.27753886807867395},"point_estimate":0.16545875430446597,"standard_error":0.08168511170835291}}