{"mean":{"confidence_interval":{"confidence_level":0.95,"lower_bound":10.26029419553513,"upper_bound":10.288182097690056},"point_estimate":10.272615257795282,"standard_error":0.007138724189636164},"median":{"confidence_interval":{"confidence_level":0.95,"lower_bound":10.25786372242432,"upper_bound":10.26581790444067},"point_estimate":10.260787908908089,"standard_error":0.0020733499329074266},"median_abs_dev":{"confidence_interval":{"confidence_level":0.95,"lower_bound":0.01636774534224156,"upper_bound":0.0326059991869889},"point_estimate":0.02259090087499209,"standard_error":0.004058544583134942},"slope":{"confidence_interval":{"confidence_level":0.95,"lower_bound":10.260049694526305,"upper_bound":10.271232208562449},"point_estimate":10.265347021581375,"standard_error":0.002844206909055014},"std_dev":{"confidence_interval":{"confidence_level":0.95,"lower_bound":0.03455837350363296,"upper_bound":0.10718007505135076},"point_estimate":0.0718152875548946,"standard_error":0.01993689613031724}}