{"mean":{"confidence_interval":{"confidence_level":0.95,"lower_bound":9.046209290005892,"upper_bound":9.139949811395189},"point_estimate":9.090133519435323,"standard_error":0.023934071965842494},"median":{"confidence_interval":{"confidence_level":0.95,"lower_bound":8.998524675947376,"upper_bound":9.013401884993034},"point_estimate":9.004413074598379,"standard_error":0.0038000924239302413},"median_abs_dev":{"confidence_interval":{"confidence_level":0.95,"lower_bound":0.03390799489638381,"upper_bound":0.07520370172445855},"point_estimate":0.04856782244428699,"standard_error":0.011102199271554702},"slope":{"confidence_interval":{"confidence_level":0.95,"lower_bound":9.04605322212322,"upper_bound":9.16389418938586},"point_estimate":9.101623542463404,"standard_error":0.03023613731675977},"std_dev":{"confidence_interval":{"confidence_level":0.95,"lower_bound":0.16281761308075823,"upper_bound":0.30536273874715086},"point_estimate":0.24120092512747024,"standard_error":0.036337710653692}}