{"mean":{"confidence_interval":{"confidence_level":0.95,"lower_bound":10.090606038055837,"upper_bound":10.120566441166195},"point_estimate":10.10473553184727,"standard_error":0.007674775565275666},"median":{"confidence_interval":{"confidence_level":0.95,"lower_bound":10.068654530970468,"upper_bound":10.09957312230005},"point_estimate":10.083486563331562,"standard_error":0.007360373879978989},"median_abs_dev":{"confidence_interval":{"confidence_level":0.95,"lower_bound":0.03264038217550324,"upper_bound":0.06152518821201304},"point_estimate":0.049563674859852434,"standard_error":0.007326504499974577},"slope":{"confidence_interval":{"confidence_level":0.95,"lower_bound":10.079730058552991,"upper_bound":10.107539534002502},"point_estimate":10.092441010418883,"standard_error":0.007136900803672477},"std_dev":{"confidence_interval":{"confidence_level":0.95,"lower_bound":0.05284747057251652,"upper_bound":0.10024210519220014},"point_estimate":0.07680931346128875,"standard_error":0.012275395866340584}}