{"mean":{"confidence_interval":{"confidence_level":0.95,"lower_bound":10.10582684539154,"upper_bound":10.125254285674886},"point_estimate":10.115208666160004,"standard_error":0.004974138273349338},"median":{"confidence_interval":{"confidence_level":0.95,"lower_bound":10.107277191842448,"upper_bound":10.11338844024984},"point_estimate":10.11010905061815,"standard_error":0.001722604292090304},"median_abs_dev":{"confidence_interval":{"confidence_level":0.95,"lower_bound":0.013539014442425047,"upper_bound":0.025459592127944238},"point_estimate":0.01761282627481675,"standard_error":0.0031858840425333028},"slope":{"confidence_interval":{"confidence_level":0.95,"lower_bound":10.10567174732212,"upper_bound":10.114667277859636},"point_estimate":10.110191539220663,"standard_error":0.0022834181172755475},"std_dev":{"confidence_interval":{"confidence_level":0.95,"lower_bound":0.034824864808136645,"upper_bound":0.06431421876952391},"point_estimate":0.049872922426828996,"standard_error":0.007616084714053556}}