{"mean":{"confidence_interval":{"confidence_level":0.95,"lower_bound":10.093472989549545,"upper_bound":10.110880037437877},"point_estimate":10.101828101788199,"standard_error":0.004447666769931197},"median":{"confidence_interval":{"confidence_level":0.95,"lower_bound":10.096698495912126,"upper_bound":10.104047226983006},"point_estimate":10.099581594652346,"standard_error":0.0021758908457559937},"median_abs_dev":{"confidence_interval":{"confidence_level":0.95,"lower_bound":0.011211321299033655,"upper_bound":0.023229942021385286},"point_estimate":0.015560887014964676,"standard_error":0.0029770923433213065},"slope":{"confidence_interval":{"confidence_level":0.95,"lower_bound":10.093817878172633,"upper_bound":10.102521798973969},"point_estimate":10.098074688907047,"standard_error":0.0022076918367723228},"std_dev":{"confidence_interval":{"confidence_level":0.95,"lower_bound":0.03055743507173208,"upper_bound":0.05854479614547106},"point_estimate":0.044694464048350396,"standard_error":0.007252251001423565}}