{"mean":{"confidence_interval":{"confidence_level":0.95,"lower_bound":3.8219989602611126,"upper_bound":4.192836966110719},"point_estimate":3.977904695948018,"standard_error":0.09640254399184914},"median":{"confidence_interval":{"confidence_level":0.95,"lower_bound":3.706106655903978,"upper_bound":3.8841893337248075},"point_estimate":3.791884387265859,"standard_error":0.04323895259177815},"median_abs_dev":{"confidence_interval":{"confidence_level":0.95,"lower_bound":0.2344648519314513,"upper_bound":0.38294359829792934},"point_estimate":0.3078747839266416,"standard_error":0.03788849938791761},"slope":{"confidence_interval":{"confidence_level":0.95,"lower_bound":3.840083287920396,"upper_bound":4.030791594576507},"point_estimate":3.9308023493202877,"standard_error":0.048668759145394605},"std_dev":{"confidence_interval":{"confidence_level":0.95,"lower_bound":0.3553898082882754,"upper_bound":1.5277513502870625},"point_estimate":0.968979080549089,"standard_error":0.34510838165449725}}