{"mean":{"confidence_interval":{"confidence_level":0.95,"lower_bound":4.076277248631858,"upper_bound":4.1144401869274585},"point_estimate":4.093904090886003,"standard_error":0.009781733030754886},"median":{"confidence_interval":{"confidence_level":0.95,"lower_bound":4.062534449263577,"upper_bound":4.0866574048974424},"point_estimate":4.074747294953737,"standard_error":0.006044873093951271},"median_abs_dev":{"confidence_interval":{"confidence_level":0.95,"lower_bound":0.02986287845464776,"upper_bound":0.048708041180600764},"point_estimate":0.03679242690800608,"standard_error":0.004849631290988663},"slope":{"confidence_interval":{"confidence_level":0.95,"lower_bound":4.058714879784471,"upper_bound":4.090881137785059},"point_estimate":4.072125405157129,"standard_error":0.008382389456584247},"std_dev":{"confidence_interval":{"confidence_level":0.95,"lower_bound":0.0583506644212598,"upper_bound":0.13201927631936036},"point_estimate":0.09848097468213675,"standard_error":0.018837776701950148}}