{"mean":{"confidence_interval":{"confidence_level":0.95,"lower_bound":4.010302086736287,"upper_bound":4.169179050326265},"point_estimate":4.069411681704708,"standard_error":0.04421836449949342},"median":{"confidence_interval":{"confidence_level":0.95,"lower_bound":4.010532747421597,"upper_bound":4.029862252173347},"point_estimate":4.022413118521343,"standard_error":0.00467421230687174},"median_abs_dev":{"confidence_interval":{"confidence_level":0.95,"lower_bound":0.0294646927895282,"upper_bound":0.05210616081919514},"point_estimate":0.04031234794025205,"standard_error":0.005833863745008853},"slope":{"confidence_interval":{"confidence_level":0.95,"lower_bound":4.015800299097331,"upper_bound":4.03627654801473},"point_estimate":4.024416714111788,"standard_error":0.005257581361576475},"std_dev":{"confidence_interval":{"confidence_level":0.95,"lower_bound":0.06889211654813188,"upper_bound":0.7488648116976809},"point_estimate":0.4448461365715005,"standard_error":0.22628085384362243}}