{"mean":{"confidence_interval":{"confidence_level":0.95,"lower_bound":1.320183246152242,"upper_bound":1.3562096865476816},"point_estimate":1.3362565644813487,"standard_error":0.009252980451615152},"median":{"confidence_interval":{"confidence_level":0.95,"lower_bound":1.307316878558539,"upper_bound":1.317565077864214},"point_estimate":1.3122720128294294,"standard_error":0.0032219025175191426},"median_abs_dev":{"confidence_interval":{"confidence_level":0.95,"lower_bound":0.015020987736396459,"upper_bound":0.028431640337026602},"point_estimate":0.02280677432828189,"standard_error":0.0032364077640518445},"slope":{"confidence_interval":{"confidence_level":0.95,"lower_bound":1.3059108875166607,"upper_bound":1.3156303018073443},"point_estimate":1.310294113769994,"standard_error":0.0024906313807587935},"std_dev":{"confidence_interval":{"confidence_level":0.95,"lower_bound":0.0438148443406876,"upper_bound":0.13065667863043537},"point_estimate":0.0929533946770515,"standard_error":0.022545028656252852}}