{"mean":{"confidence_interval":{"confidence_level":0.95,"lower_bound":2.744198542330064,"upper_bound":2.7732296285671265},"point_estimate":2.7574372999267083,"standard_error":0.007414659208352876},"median":{"confidence_interval":{"confidence_level":0.95,"lower_bound":2.7261961909222183,"upper_bound":2.741782543306516},"point_estimate":2.732785499486485,"standard_error":0.004077670161301336},"median_abs_dev":{"confidence_interval":{"confidence_level":0.95,"lower_bound":0.019663707300192575,"upper_bound":0.038591840431617015},"point_estimate":0.02697213411087005,"standard_error":0.004643832992296118},"slope":{"confidence_interval":{"confidence_level":0.95,"lower_bound":2.7207868040172762,"upper_bound":2.7315783204258133},"point_estimate":2.7258961994134396,"standard_error":0.0027441382181487514},"std_dev":{"confidence_interval":{"confidence_level":0.95,"lower_bound":0.045665819266337934,"upper_bound":0.10299058160004565},"point_estimate":0.07457339331753755,"standard_error":0.015147682132625255}}