{"mean":{"confidence_interval":{"confidence_level":0.95,"lower_bound":3.052572257303451,"upper_bound":3.090998545746078},"point_estimate":3.0687519604497884,"standard_error":0.00999495976397977},"median":{"confidence_interval":{"confidence_level":0.95,"lower_bound":3.04664253968254,"upper_bound":3.0516197333333333},"point_estimate":3.0482082105263157,"standard_error":0.001367610186699529},"median_abs_dev":{"confidence_interval":{"confidence_level":0.95,"lower_bound":0.009743105094164182,"upper_bound":0.01708847518251222},"point_estimate":0.013733198648494852,"standard_error":0.0019768860833272736},"slope":{"confidence_interval":{"confidence_level":0.95,"lower_bound":3.048717584986584,"upper_bound":3.066462991645663},"point_estimate":3.055995410196542,"standard_error":0.004598659259509245},"std_dev":{"confidence_interval":{"confidence_level":0.95,"lower_bound":0.02100244390644023,"upper_bound":0.15838343890094153},"point_estimate":0.10107780797342146,"standard_error":0.03621046896053437}}