{"mean":{"confidence_interval":{"confidence_level":0.95,"lower_bound":1.3461185203665478,"upper_bound":1.3843345207330089},"point_estimate":1.3628184256409772,"standard_error":0.009838933288306938},"median":{"confidence_interval":{"confidence_level":0.95,"lower_bound":1.3339521703144612,"upper_bound":1.345093705665411},"point_estimate":1.3400465747787582,"standard_error":0.0023727167794057166},"median_abs_dev":{"confidence_interval":{"confidence_level":0.95,"lower_bound":0.01450216322351405,"upper_bound":0.025238691072114162},"point_estimate":0.019155770114300554,"standard_error":0.0028350615419632146},"slope":{"confidence_interval":{"confidence_level":0.95,"lower_bound":1.3319661987974112,"upper_bound":1.3408221455354443},"point_estimate":1.3358847873598667,"standard_error":0.002274848183434657},"std_dev":{"confidence_interval":{"confidence_level":0.95,"lower_bound":0.03214554190456266,"upper_bound":0.14647584644707087},"point_estimate":0.09916209890944613,"standard_error":0.028763163040821885}}