{"mean":{"confidence_interval":{"confidence_level":0.95,"lower_bound":2.3905723174989775,"upper_bound":2.4309001249665445},"point_estimate":2.407082886087347,"standard_error":0.01050435010691621},"median":{"confidence_interval":{"confidence_level":0.95,"lower_bound":2.384468576958228,"upper_bound":2.392861485758757},"point_estimate":2.3878990544747873,"standard_error":0.002246380965352358},"median_abs_dev":{"confidence_interval":{"confidence_level":0.95,"lower_bound":0.012901179076249086,"upper_bound":0.02212150415253476},"point_estimate":0.015735227226656313,"standard_error":0.0022560622618006867},"slope":{"confidence_interval":{"confidence_level":0.95,"lower_bound":2.382618151788098,"upper_bound":2.3939227889394963},"point_estimate":2.387081865888249,"standard_error":0.002930624654325532},"std_dev":{"confidence_interval":{"confidence_level":0.95,"lower_bound":0.02053596565813402,"upper_bound":0.16708365998707406},"point_estimate":0.10499465515229137,"standard_error":0.03973121082681236}}