{"mean":{"confidence_interval":{"confidence_level":0.95,"lower_bound":1.4686719129312547,"upper_bound":1.5033760747376543},"point_estimate":1.4841314336999032,"standard_error":0.008909106826131908},"median":{"confidence_interval":{"confidence_level":0.95,"lower_bound":1.4497779795828898,"upper_bound":1.4664581637126572},"point_estimate":1.4565686039253714,"standard_error":0.0041385978846433715},"median_abs_dev":{"confidence_interval":{"confidence_level":0.95,"lower_bound":0.014611782097255138,"upper_bound":0.03310462315453261},"point_estimate":0.023428468186609253,"standard_error":0.004592218919961764},"slope":{"confidence_interval":{"confidence_level":0.95,"lower_bound":1.4479982477203772,"upper_bound":1.4596206299145225},"point_estimate":1.4529937635800467,"standard_error":0.002999299676427415},"std_dev":{"confidence_interval":{"confidence_level":0.95,"lower_bound":0.04391012461765554,"upper_bound":0.13015597843589818},"point_estimate":0.08965228170781174,"standard_error":0.02256880251087858}}