{"mean":{"confidence_interval":{"confidence_level":0.95,"lower_bound":3.9915913417284807,"upper_bound":4.0326801601200515},"point_estimate":4.010559572643062,"standard_error":0.010533351142325198},"median":{"confidence_interval":{"confidence_level":0.95,"lower_bound":3.973567551490817,"upper_bound":3.9932262621756265},"point_estimate":3.983457134359432,"standard_error":0.004985678761908787},"median_abs_dev":{"confidence_interval":{"confidence_level":0.95,"lower_bound":0.038498512884287545,"upper_bound":0.0663456620797455},"point_estimate":0.05367372074996515,"standard_error":0.007036418070966381},"slope":{"confidence_interval":{"confidence_level":0.95,"lower_bound":3.9660204913093877,"upper_bound":3.989288693495552},"point_estimate":3.977459762099475,"standard_error":0.005916239706796993},"std_dev":{"confidence_interval":{"confidence_level":0.95,"lower_bound":0.062218187261765485,"upper_bound":0.14510341836496207},"point_estimate":0.10615228089271413,"standard_error":0.021468840669552878}}