{"mean":{"confidence_interval":{"confidence_level":0.95,"lower_bound":4.055394603133051,"upper_bound":4.091363249826935},"point_estimate":4.072277443076872,"standard_error":0.009167602433523108},"median":{"confidence_interval":{"confidence_level":0.95,"lower_bound":4.042132739978648,"upper_bound":4.0721169185011945},"point_estimate":4.0509700141322895,"standard_error":0.008973160292405268},"median_abs_dev":{"confidence_interval":{"confidence_level":0.95,"lower_bound":0.040894697197588516,"upper_bound":0.06928495097446499},"point_estimate":0.05297570882817873,"standard_error":0.0072855355826506795},"slope":{"confidence_interval":{"confidence_level":0.95,"lower_bound":4.037300096044891,"upper_bound":4.060796243943385},"point_estimate":4.048815094494807,"standard_error":0.006000349073539654},"std_dev":{"confidence_interval":{"confidence_level":0.95,"lower_bound":0.059217161204348744,"upper_bound":0.12672505338310022},"point_estimate":0.0923339060017375,"standard_error":0.017910492758089792}}