{"mean":{"confidence_interval":{"confidence_level":0.95,"lower_bound":2.7447028147966708,"upper_bound":2.79138096049232},"point_estimate":2.765187878222104,"standard_error":0.011935154944830046},"median":{"confidence_interval":{"confidence_level":0.95,"lower_bound":2.722223578420566,"upper_bound":2.7440022805413506},"point_estimate":2.734235003266331,"standard_error":0.007106416764932572},"median_abs_dev":{"confidence_interval":{"confidence_level":0.95,"lower_bound":0.025720869051191444,"upper_bound":0.050107371469623775},"point_estimate":0.03851062100008664,"standard_error":0.007091132499093738},"slope":{"confidence_interval":{"confidence_level":0.95,"lower_bound":2.741121261970704,"upper_bound":2.773868031586896},"point_estimate":2.7563524127721126,"standard_error":0.008371081411530657},"std_dev":{"confidence_interval":{"confidence_level":0.95,"lower_bound":0.05052756995824955,"upper_bound":0.17450887376398846},"point_estimate":0.11975519141185176,"standard_error":0.03185357788944715}}