{"mean":{"confidence_interval":{"confidence_level":0.95,"lower_bound":4.4263223424575875,"upper_bound":4.480266281673163},"point_estimate":4.450112926840648,"standard_error":0.013794599068495348},"median":{"confidence_interval":{"confidence_level":0.95,"lower_bound":4.417808770726199,"upper_bound":4.429923052509538},"point_estimate":4.425901647849495,"standard_error":0.003388620637699904},"median_abs_dev":{"confidence_interval":{"confidence_level":0.95,"lower_bound":0.028021916822876202,"upper_bound":0.047981984299364816},"point_estimate":0.037874302070323794,"standard_error":0.004945686464230649},"slope":{"confidence_interval":{"confidence_level":0.95,"lower_bound":4.425995085395982,"upper_bound":4.4655631617633205},"point_estimate":4.4436728888661055,"standard_error":0.010146229543444515},"std_dev":{"confidence_interval":{"confidence_level":0.95,"lower_bound":0.06057867355661619,"upper_bound":0.20494303123286314},"point_estimate":0.13883876799552322,"standard_error":0.037392348823518655}}