{"mean":{"confidence_interval":{"confidence_level":0.95,"lower_bound":2.799670208267045,"upper_bound":2.8437827380912517},"point_estimate":2.818539054523452,"standard_error":0.011382169937453524},"median":{"confidence_interval":{"confidence_level":0.95,"lower_bound":2.799702936922955,"upper_bound":2.814921343038272},"point_estimate":2.8100702355222196,"standard_error":0.004397466102266844},"median_abs_dev":{"confidence_interval":{"confidence_level":0.95,"lower_bound":0.025059269806341728,"upper_bound":0.04568990507441739},"point_estimate":0.03623111795054907,"standard_error":0.005598218465006432},"slope":{"confidence_interval":{"confidence_level":0.95,"lower_bound":2.778229825287218,"upper_bound":2.801983494192064},"point_estimate":2.7887802750340183,"standard_error":0.006040817924522313},"std_dev":{"confidence_interval":{"confidence_level":0.95,"lower_bound":0.03730622683247468,"upper_bound":0.1761908230696747},"point_estimate":0.1145564700112651,"standard_error":0.03722651407308433}}