{"mean":{"confidence_interval":{"confidence_level":0.95,"lower_bound":1.3310646670429662,"upper_bound":1.3641287330521947},"point_estimate":1.3459324184911572,"standard_error":0.008497157367645605},"median":{"confidence_interval":{"confidence_level":0.95,"lower_bound":1.3118647855574341,"upper_bound":1.32496480062497},"point_estimate":1.3171026091308673,"standard_error":0.003504763489250403},"median_abs_dev":{"confidence_interval":{"confidence_level":0.95,"lower_bound":0.019446626168673663,"upper_bound":0.03872176257077253},"point_estimate":0.026944782814415077,"standard_error":0.005489910062726847},"slope":{"confidence_interval":{"confidence_level":0.95,"lower_bound":1.3063762695209415,"upper_bound":1.315608240533283},"point_estimate":1.3103962879792452,"standard_error":0.002372433288557903},"std_dev":{"confidence_interval":{"confidence_level":0.95,"lower_bound":0.04382056898005967,"upper_bound":0.1250362814413878},"point_estimate":0.08611426078811484,"standard_error":0.021598775741913052}}