{"mean":{"confidence_interval":{"confidence_level":0.95,"lower_bound":1.3520736403639075,"upper_bound":1.3950015378412215},"point_estimate":1.3711367826755494,"standard_error":0.01104718684757185},"median":{"confidence_interval":{"confidence_level":0.95,"lower_bound":1.338971163876846,"upper_bound":1.350446898221465},"point_estimate":1.3422930403342561,"standard_error":0.0032479579324225685},"median_abs_dev":{"confidence_interval":{"confidence_level":0.95,"lower_bound":0.013352904987026255,"upper_bound":0.02288522222411218},"point_estimate":0.01776201408348406,"standard_error":0.0024511754959345745},"slope":{"confidence_interval":{"confidence_level":0.95,"lower_bound":1.3354571278891822,"upper_bound":1.3442003576398311},"point_estimate":1.3393259163494486,"standard_error":0.0022418859259551492},"std_dev":{"confidence_interval":{"confidence_level":0.95,"lower_bound":0.04652288412804219,"upper_bound":0.15755364188492654},"point_estimate":0.11117921978381912,"standard_error":0.027629397897053758}}