{"mean":{"confidence_interval":{"confidence_level":0.95,"lower_bound":3.9696739061758564,"upper_bound":4.014788835188738},"point_estimate":3.990747523975038,"standard_error":0.011516249540646319},"median":{"confidence_interval":{"confidence_level":0.95,"lower_bound":3.962745857757669,"upper_bound":3.9784372201850235},"point_estimate":3.971976337553266,"standard_error":0.0037956679929827025},"median_abs_dev":{"confidence_interval":{"confidence_level":0.95,"lower_bound":0.0258545978035774,"upper_bound":0.049327360280429895},"point_estimate":0.03579860490051992,"standard_error":0.0061759521355378025},"slope":{"confidence_interval":{"confidence_level":0.95,"lower_bound":3.9586841417509313,"upper_bound":3.997768845245025},"point_estimate":3.975193267938284,"standard_error":0.010128584262262558},"std_dev":{"confidence_interval":{"confidence_level":0.95,"lower_bound":0.07069826775941801,"upper_bound":0.15315027967838027},"point_estimate":0.11545995891379686,"standard_error":0.021074135977772024}}