{"mean":{"confidence_interval":{"confidence_level":0.95,"lower_bound":2.936797452878402,"upper_bound":3.10835721115249},"point_estimate":3.0227185379773216,"standard_error":0.043888244800962234},"median":{"confidence_interval":{"confidence_level":0.95,"lower_bound":2.5780370647203656,"upper_bound":3.4233618672041994},"point_estimate":3.4169340730301863,"standard_error":0.2351361229713435},"median_abs_dev":{"confidence_interval":{"confidence_level":0.95,"lower_bound":0.0281087848886148,"upper_bound":0.6778514556511288},"point_estimate":0.06717917267946395,"standard_error":0.22433576153706392},"slope":{"confidence_interval":{"confidence_level":0.95,"lower_bound":3.2067362453354096,"upper_bound":3.3458470153506603},"point_estimate":3.2838647504719813,"standard_error":0.03570702463304021},"std_dev":{"confidence_interval":{"confidence_level":0.95,"lower_bound":0.42070622862405604,"upper_bound":0.45270531657172836},"point_estimate":0.4416250169032105,"standard_error":0.00817383064786106}}