{"mean":{"confidence_interval":{"confidence_level":0.95,"lower_bound":4.042566654524682,"upper_bound":4.079065775077414},"point_estimate":4.059305307290451,"standard_error":0.00933654416889704},"median":{"confidence_interval":{"confidence_level":0.95,"lower_bound":4.035673252106991,"upper_bound":4.051547246244372},"point_estimate":4.045507649715178,"standard_error":0.004126680871698269},"median_abs_dev":{"confidence_interval":{"confidence_level":0.95,"lower_bound":0.026117008368933926,"upper_bound":0.05491098774710725},"point_estimate":0.039747509144660034,"standard_error":0.007802663649542533},"slope":{"confidence_interval":{"confidence_level":0.95,"lower_bound":4.032982632720779,"upper_bound":4.054293240426899},"point_estimate":4.0434951326186415,"standard_error":0.0054387856769657905},"std_dev":{"confidence_interval":{"confidence_level":0.95,"lower_bound":0.05220504995809205,"upper_bound":0.12786554416696286},"point_estimate":0.09386296596723716,"standard_error":0.01924640551002297}}