{"mean":{"confidence_interval":{"confidence_level":0.95,"lower_bound":4.010312930870069,"upper_bound":4.0601257897518135},"point_estimate":4.032710730891514,"standard_error":0.012832167497747996},"median":{"confidence_interval":{"confidence_level":0.95,"lower_bound":3.9980517906336086,"upper_bound":4.025204427622652},"point_estimate":4.011822068965517,"standard_error":0.007082633987458978},"median_abs_dev":{"confidence_interval":{"confidence_level":0.95,"lower_bound":0.03817781247041776,"upper_bound":0.06005028800056103},"point_estimate":0.048197977326133234,"standard_error":0.005708415264657544},"slope":{"confidence_interval":{"confidence_level":0.95,"lower_bound":4.003575452110122,"upper_bound":4.025422770125746},"point_estimate":4.014279948305278,"standard_error":0.005552570995224631},"std_dev":{"confidence_interval":{"confidence_level":0.95,"lower_bound":0.06603024635503985,"upper_bound":0.18387985319100317},"point_estimate":0.12925240603102423,"standard_error":0.030837812651530957}}