{"mean":{"confidence_interval":{"confidence_level":0.95,"lower_bound":69.35540776388947,"upper_bound":69.69683900784678},"point_estimate":69.52310712071775,"standard_error":0.08747923025015716},"median":{"confidence_interval":{"confidence_level":0.95,"lower_bound":69.00413328341445,"upper_bound":69.62679635976154},"point_estimate":69.23549027185662,"standard_error":0.1452551991087941},"median_abs_dev":{"confidence_interval":{"confidence_level":0.95,"lower_bound":0.411755141487147,"upper_bound":1.0598478638589108},"point_estimate":0.7766248874312957,"standard_error":0.1735201597122747},"slope":{"confidence_interval":{"confidence_level":0.95,"lower_bound":69.4787274371868,"upper_bound":69.8276765079788},"point_estimate":69.65240885290382,"standard_error":0.08874062069543455},"std_dev":{"confidence_interval":{"confidence_level":0.95,"lower_bound":0.7501980272065845,"upper_bound":1.003829055932458},"point_estimate":0.8790852087766226,"standard_error":0.06492572919886423}}