{"mean":{"confidence_interval":{"confidence_level":0.95,"lower_bound":68.8372682952946,"upper_bound":69.09525792367472},"point_estimate":68.9396946829063,"standard_error":0.06827312950933792},"median":{"confidence_interval":{"confidence_level":0.95,"lower_bound":68.8800640716165,"upper_bound":68.93250299421835},"point_estimate":68.90097499540758,"standard_error":0.01271321109187197},"median_abs_dev":{"confidence_interval":{"confidence_level":0.95,"lower_bound":0.09638198770581101,"upper_bound":0.16057007609593063},"point_estimate":0.12781046922153544,"standard_error":0.016198616722966047},"slope":{"confidence_interval":{"confidence_level":0.95,"lower_bound":68.89801870145445,"upper_bound":68.93946611092682},"point_estimate":68.9183319416257,"standard_error":0.010547176747889249},"std_dev":{"confidence_interval":{"confidence_level":0.95,"lower_bound":0.1959213308219204,"upper_bound":1.133905919382338},"point_estimate":0.6858943382249159,"standard_error":0.3062901642127845}}