{"mean":{"confidence_interval":{"confidence_level":0.95,"lower_bound":68.66527956417801,"upper_bound":69.1503460201026},"point_estimate":68.88506904185407,"standard_error":0.12442780560641069},"median":{"confidence_interval":{"confidence_level":0.95,"lower_bound":68.60048267876995,"upper_bound":68.76126407777107},"point_estimate":68.69543253356812,"standard_error":0.041269360593945766},"median_abs_dev":{"confidence_interval":{"confidence_level":0.95,"lower_bound":0.25804220139734124,"upper_bound":0.4839974944554812},"point_estimate":0.35073158097797386,"standard_error":0.058345769348187},"slope":{"confidence_interval":{"confidence_level":0.95,"lower_bound":68.78427359479323,"upper_bound":69.54819747258978},"point_estimate":69.12276125337982,"standard_error":0.19747341082286615},"std_dev":{"confidence_interval":{"confidence_level":0.95,"lower_bound":0.7039740116455272,"upper_bound":1.6876501007327418},"point_estimate":1.2540303510381436,"standard_error":0.25505150185041825}}