{"mean":{"confidence_interval":{"confidence_level":0.95,"lower_bound":111.3841930712042,"upper_bound":111.62101786477723},"point_estimate":111.48082687133018,"standard_error":0.062056779262117605},"median":{"confidence_interval":{"confidence_level":0.95,"lower_bound":111.37138239466461,"upper_bound":111.4131518404908},"point_estimate":111.38881763659313,"standard_error":0.009345667336794573},"median_abs_dev":{"confidence_interval":{"confidence_level":0.95,"lower_bound":0.07763288560598147,"upper_bound":0.15653474095663006},"point_estimate":0.10057645108668553,"standard_error":0.018734404644411593},"slope":{"confidence_interval":{"confidence_level":0.95,"lower_bound":111.393074990902,"upper_bound":111.55730460836067},"point_estimate":111.454904771532,"standard_error":0.043895412804122305},"std_dev":{"confidence_interval":{"confidence_level":0.95,"lower_bound":0.16373787242657845,"upper_bound":1.0044784407045015},"point_estimate":0.6218661060630777,"standard_error":0.24654682619295318}}