{"mean":{"confidence_interval":{"confidence_level":0.95,"lower_bound":68.35052488887985,"upper_bound":68.6898386893274},"point_estimate":68.48702328810289,"standard_error":0.08893973043450552},"median":{"confidence_interval":{"confidence_level":0.95,"lower_bound":68.28697571743929,"upper_bound":68.3653413565186},"point_estimate":68.31924616240559,"standard_error":0.020626545404457144},"median_abs_dev":{"confidence_interval":{"confidence_level":0.95,"lower_bound":0.10541990549896288,"upper_bound":0.1942404933135445},"point_estimate":0.15638709357099712,"standard_error":0.02367057388360929},"slope":{"confidence_interval":{"confidence_level":0.95,"lower_bound":68.34933005744642,"upper_bound":68.45163214461},"point_estimate":68.39582562783312,"standard_error":0.026280985146722093},"std_dev":{"confidence_interval":{"confidence_level":0.95,"lower_bound":0.21328223013319852,"upper_bound":1.4517461085912027},"point_estimate":0.8941936618969752,"standard_error":0.3630278699233926}}