{"mean":{"confidence_interval":{"confidence_level":0.95,"lower_bound":68.68439229625994,"upper_bound":68.8589723523663},"point_estimate":68.766587003651,"standard_error":0.04458676614887055},"median":{"confidence_interval":{"confidence_level":0.95,"lower_bound":68.66657559731736,"upper_bound":68.80299097762946},"point_estimate":68.76137816947605,"standard_error":0.04032693311231823},"median_abs_dev":{"confidence_interval":{"confidence_level":0.95,"lower_bound":0.1747128143575465,"upper_bound":0.2683515463419835},"point_estimate":0.2233089930653657,"standard_error":0.02356358779208875},"slope":{"confidence_interval":{"confidence_level":0.95,"lower_bound":68.71007554106792,"upper_bound":68.93090416779626},"point_estimate":68.79930496527813,"standard_error":0.058285766302044545},"std_dev":{"confidence_interval":{"confidence_level":0.95,"lower_bound":0.27601665533072683,"upper_bound":0.5994493107234145},"point_estimate":0.44948007205494395,"standard_error":0.08236147182350355}}