{"mean":{"confidence_interval":{"confidence_level":0.95,"lower_bound":68.42418365526217,"upper_bound":68.6243842324306},"point_estimate":68.50312729077979,"standard_error":0.05302018431589599},"median":{"confidence_interval":{"confidence_level":0.95,"lower_bound":68.46995212599185,"upper_bound":68.51409143518518},"point_estimate":68.4885600373245,"standard_error":0.011732971256050788},"median_abs_dev":{"confidence_interval":{"confidence_level":0.95,"lower_bound":0.07343573252867885,"upper_bound":0.13115643825397585},"point_estimate":0.09950361936846924,"standard_error":0.014648062713142508},"slope":{"confidence_interval":{"confidence_level":0.95,"lower_bound":68.50180905479023,"upper_bound":68.54162453210523},"point_estimate":68.5211286627038,"standard_error":0.010157775455023117},"std_dev":{"confidence_interval":{"confidence_level":0.95,"lower_bound":0.16033844812636594,"upper_bound":0.8792245342843942},"point_estimate":0.5327905490884632,"standard_error":0.23830881190287553}}