{"mean":{"confidence_interval":{"confidence_level":0.95,"lower_bound":190.90288109364633,"upper_bound":191.11014821538586},"point_estimate":190.99553891821012,"standard_error":0.05304381026713757},"median":{"confidence_interval":{"confidence_level":0.95,"lower_bound":190.8462735681252,"upper_bound":190.93332580677477},"point_estimate":190.87947930230723,"standard_error":0.020932132378300636},"median_abs_dev":{"confidence_interval":{"confidence_level":0.95,"lower_bound":0.12411412582912869,"upper_bound":0.20785829126634633},"point_estimate":0.15029330655904957,"standard_error":0.021353180441583408},"slope":{"confidence_interval":{"confidence_level":0.95,"lower_bound":190.86660168893758,"upper_bound":190.99019514633693},"point_estimate":190.91520905253208,"standard_error":0.03250603669555225},"std_dev":{"confidence_interval":{"confidence_level":0.95,"lower_bound":0.2718600125845082,"upper_bound":0.7697222398026746},"point_estimate":0.5305518774679476,"standard_error":0.1311285548364726}}