{"mean":{"confidence_interval":{"confidence_level":0.95,"lower_bound":121.932206461039,"upper_bound":122.39467516907139},"point_estimate":122.16901263123509,"standard_error":0.11768712141175867},"median":{"confidence_interval":{"confidence_level":0.95,"lower_bound":121.94395918014357,"upper_bound":122.6038873994638},"point_estimate":122.20816751008034,"standard_error":0.1712589945705348},"median_abs_dev":{"confidence_interval":{"confidence_level":0.95,"lower_bound":0.801954327023045,"upper_bound":1.1851554799487476},"point_estimate":1.031399106865256,"standard_error":0.09549987331146972},"slope":{"confidence_interval":{"confidence_level":0.95,"lower_bound":122.14244342620655,"upper_bound":122.50270520757398},"point_estimate":122.32568288940455,"standard_error":0.09181093534007913},"std_dev":{"confidence_interval":{"confidence_level":0.95,"lower_bound":0.9362287190297007,"upper_bound":1.4140236062112315},"point_estimate":1.1882614381434116,"standard_error":0.12227324389422181}}