{"mean":{"confidence_interval":{"confidence_level":0.95,"lower_bound":151.19863084464248,"upper_bound":155.63188626461402},"point_estimate":153.36622690631813,"standard_error":1.1326349890052596},"median":{"confidence_interval":{"confidence_level":0.95,"lower_bound":149.73321513002364,"upper_bound":154.06948758411784},"point_estimate":152.16035318791387,"standard_error":1.3303637612325827},"median_abs_dev":{"confidence_interval":{"confidence_level":0.95,"lower_bound":7.8509403916068194,"upper_bound":13.326926383530527},"point_estimate":10.961513120611631,"standard_error":1.4561811873559565},"slope":{"confidence_interval":{"confidence_level":0.95,"lower_bound":151.21532791268797,"upper_bound":155.5811082594892},"point_estimate":153.2910918101627,"standard_error":1.1217120770636764},"std_dev":{"confidence_interval":{"confidence_level":0.95,"lower_bound":9.623110531703821,"upper_bound":12.8654599838732},"point_estimate":11.361928083382967,"standard_error":0.8286824299798524}}