{"mean":{"confidence_interval":{"confidence_level":0.95,"lower_bound":68.12711025649178,"upper_bound":68.3052727989148},"point_estimate":68.2099231041433,"standard_error":0.04546090102730231},"median":{"confidence_interval":{"confidence_level":0.95,"lower_bound":68.15055209224626,"upper_bound":68.24730473047305},"point_estimate":68.1923825749715,"standard_error":0.022427559708359236},"median_abs_dev":{"confidence_interval":{"confidence_level":0.95,"lower_bound":0.16516325707948146,"upper_bound":0.2713997867397872},"point_estimate":0.20501178359505529,"standard_error":0.02737880679448769},"slope":{"confidence_interval":{"confidence_level":0.95,"lower_bound":68.19116492521255,"upper_bound":68.28167982927722},"point_estimate":68.23551467791476,"standard_error":0.023106988336959212},"std_dev":{"confidence_interval":{"confidence_level":0.95,"lower_bound":0.2687463054494583,"upper_bound":0.6617939173322867},"point_estimate":0.4564991271004873,"standard_error":0.1102882254304419}}