{"mean":{"confidence_interval":{"confidence_level":0.95,"lower_bound":226.7554444497578,"upper_bound":228.74911297785252},"point_estimate":227.78704439215852,"standard_error":0.5083036591265752},"median":{"confidence_interval":{"confidence_level":0.95,"lower_bound":228.33026600163328,"upper_bound":229.96778312361215},"point_estimate":228.86966873605184,"standard_error":0.4466598758981814},"median_abs_dev":{"confidence_interval":{"confidence_level":0.95,"lower_bound":2.750024179818882,"upper_bound":5.151358876835229},"point_estimate":4.09026065689495,"standard_error":0.6635915932231518},"slope":{"confidence_interval":{"confidence_level":0.95,"lower_bound":225.08094155997952,"upper_bound":228.0955720833112},"point_estimate":226.63857719686592,"standard_error":0.7703853956073923},"std_dev":{"confidence_interval":{"confidence_level":0.95,"lower_bound":4.0441690672954245,"upper_bound":6.089594961117826},"point_estimate":5.112459543813854,"standard_error":0.5223019383678242}}