{"mean":{"confidence_interval":{"confidence_level":0.95,"lower_bound":67.54574762548188,"upper_bound":67.74105475127894},"point_estimate":67.6440552346966,"standard_error":0.049475619652350505},"median":{"confidence_interval":{"confidence_level":0.95,"lower_bound":67.70297582404697,"upper_bound":67.77777046488369},"point_estimate":67.73799121683933,"standard_error":0.018475691726489264},"median_abs_dev":{"confidence_interval":{"confidence_level":0.95,"lower_bound":0.12805107292122725,"upper_bound":0.22429510589135587},"point_estimate":0.19300945571367198,"standard_error":0.02571388045724448},"slope":{"confidence_interval":{"confidence_level":0.95,"lower_bound":67.77269578871194,"upper_bound":67.84175978228579},"point_estimate":67.80649800070975,"standard_error":0.017664337503299887},"std_dev":{"confidence_interval":{"confidence_level":0.95,"lower_bound":0.3195508374205985,"upper_bound":0.6562737598043101},"point_estimate":0.4979195593615045,"standard_error":0.08587962924399054}}