{"mean":{"confidence_interval":{"confidence_level":0.95,"lower_bound":192.02151445414975,"upper_bound":192.4086374615259},"point_estimate":192.18866111469902,"standard_error":0.09963059785569205},"median":{"confidence_interval":{"confidence_level":0.95,"lower_bound":191.975234270415,"upper_bound":192.27090831621598},"point_estimate":192.23169568225052,"standard_error":0.0713303793656283},"median_abs_dev":{"confidence_interval":{"confidence_level":0.95,"lower_bound":0.1661196412692243,"upper_bound":0.6408442695306177},"point_estimate":0.4041964902011594,"standard_error":0.1420824685626009},"slope":{"confidence_interval":{"confidence_level":0.95,"lower_bound":192.14404289282908,"upper_bound":192.24181513148437},"point_estimate":192.19836882195682,"standard_error":0.024868143916081335},"std_dev":{"confidence_interval":{"confidence_level":0.95,"lower_bound":0.4258675401671965,"upper_bound":1.5453266600789863},"point_estimate":1.002996550505236,"standard_error":0.32143925393467954}}