{"mean":{"confidence_interval":{"confidence_level":0.95,"lower_bound":192.4897251575685,"upper_bound":192.65581308499364},"point_estimate":192.56393192540492,"standard_error":0.042671453114775305},"median":{"confidence_interval":{"confidence_level":0.95,"lower_bound":192.4601344928951,"upper_bound":192.5090206185567},"point_estimate":192.47737573099414,"standard_error":0.012650649681822175},"median_abs_dev":{"confidence_interval":{"confidence_level":0.95,"lower_bound":0.0795157820811335,"upper_bound":0.1682269413966513},"point_estimate":0.11410616889395533,"standard_error":0.02298295758835688},"slope":{"confidence_interval":{"confidence_level":0.95,"lower_bound":192.46114268472476,"upper_bound":192.5080748262761},"point_estimate":192.48374805557933,"standard_error":0.011952169271591984},"std_dev":{"confidence_interval":{"confidence_level":0.95,"lower_bound":0.21282284102499685,"upper_bound":0.6273965400716616},"point_estimate":0.4295202431355754,"standard_error":0.1099530192650679}}