{"mean":{"confidence_interval":{"confidence_level":0.95,"lower_bound":232.45380336470632,"upper_bound":232.61702739709887},"point_estimate":232.53160989229917,"standard_error":0.04163963192628954},"median":{"confidence_interval":{"confidence_level":0.95,"lower_bound":232.4102698506156,"upper_bound":232.49900012985327},"point_estimate":232.45321309844775,"standard_error":0.02453988263269937},"median_abs_dev":{"confidence_interval":{"confidence_level":0.95,"lower_bound":0.20921885021868927,"upper_bound":0.3806798639146441},"point_estimate":0.30837674441709406,"standard_error":0.043288926992684294},"slope":{"confidence_interval":{"confidence_level":0.95,"lower_bound":232.36538754579524,"upper_bound":232.51431640830722},"point_estimate":232.4374548554193,"standard_error":0.038043242754314865},"std_dev":{"confidence_interval":{"confidence_level":0.95,"lower_bound":0.30770735623079337,"upper_bound":0.5309707939518912},"point_estimate":0.41763785773905376,"standard_error":0.057993094894281255}}