{"mean":{"confidence_interval":{"confidence_level":0.95,"lower_bound":222.35161670518406,"upper_bound":224.16303300867722},"point_estimate":223.26234505688913,"standard_error":0.4611255084356472},"median":{"confidence_interval":{"confidence_level":0.95,"lower_bound":221.99511644457533,"upper_bound":224.48044853364001},"point_estimate":223.28514730156087,"standard_error":0.6952668142232971},"median_abs_dev":{"confidence_interval":{"confidence_level":0.95,"lower_bound":3.4016267494740515,"upper_bound":6.122983097575103},"point_estimate":4.641368185842935,"standard_error":0.7023088152166007},"slope":{"confidence_interval":{"confidence_level":0.95,"lower_bound":223.0317937694083,"upper_bound":224.73846122776126},"point_estimate":223.86994950278657,"standard_error":0.4354790744435212},"std_dev":{"confidence_interval":{"confidence_level":0.95,"lower_bound":4.033667254305561,"upper_bound":5.124641363653047},"point_estimate":4.618540926826681,"standard_error":0.27861547594274455}}