{"mean":{"confidence_interval":{"confidence_level":0.95,"lower_bound":163.09455500356327,"upper_bound":166.34689787777342},"point_estimate":164.48731739374043,"standard_error":0.8409653867601387},"median":{"confidence_interval":{"confidence_level":0.95,"lower_bound":161.57949044679185,"upper_bound":163.36464329769737},"point_estimate":162.29511311848958,"standard_error":0.40242645567579743},"median_abs_dev":{"confidence_interval":{"confidence_level":0.95,"lower_bound":2.4462788192501557,"upper_bound":4.591831610379585},"point_estimate":3.2287670996603564,"standard_error":0.5651505536674689},"slope":{"confidence_interval":{"confidence_level":0.95,"lower_bound":162.98432530914332,"upper_bound":165.15945232345032},"point_estimate":163.9864805045395,"standard_error":0.5570176424249834},"std_dev":{"confidence_interval":{"confidence_level":0.95,"lower_bound":3.912724665202721,"upper_bound":13.003896332026285},"point_estimate":8.475888613257407,"standard_error":2.718641293411877}}