{"mean":{"confidence_interval":{"confidence_level":0.95,"lower_bound":68.5808380781334,"upper_bound":69.23765083253463},"point_estimate":68.82063010470262,"standard_error":0.18630767435533416},"median":{"confidence_interval":{"confidence_level":0.95,"lower_bound":68.58712184446051,"upper_bound":68.63312871825354},"point_estimate":68.61510324248542,"standard_error":0.011029763858720171},"median_abs_dev":{"confidence_interval":{"confidence_level":0.95,"lower_bound":0.0916797225626992,"upper_bound":0.15936521117497549},"point_estimate":0.1285302362682461,"standard_error":0.016707494000143236},"slope":{"confidence_interval":{"confidence_level":0.95,"lower_bound":68.61214432245127,"upper_bound":68.73256521160968},"point_estimate":68.66562296290712,"standard_error":0.031030373983657062},"std_dev":{"confidence_interval":{"confidence_level":0.95,"lower_bound":0.2344475231378497,"upper_bound":3.1632753338113004},"point_estimate":1.8682775815293209,"standard_error":0.9854846997421358}}