{"mean":{"confidence_interval":{"confidence_level":0.95,"lower_bound":171.32488961586523,"upper_bound":171.62662981618368},"point_estimate":171.45565625747236,"standard_error":0.07786402619243701},"median":{"confidence_interval":{"confidence_level":0.95,"lower_bound":171.22917760488758,"upper_bound":171.33181818181816},"point_estimate":171.24990975056443,"standard_error":0.030761747550170086},"median_abs_dev":{"confidence_interval":{"confidence_level":0.95,"lower_bound":0.15023641664852141,"upper_bound":0.2506378178709874},"point_estimate":0.18304690052225422,"standard_error":0.025093113380540766},"slope":{"confidence_interval":{"confidence_level":0.95,"lower_bound":171.1722128178352,"upper_bound":171.25216353816356},"point_estimate":171.21180575007585,"standard_error":0.02037165352445291},"std_dev":{"confidence_interval":{"confidence_level":0.95,"lower_bound":0.3148090158893533,"upper_bound":1.1918660076212306},"point_estimate":0.7827850830302472,"standard_error":0.2349098768338721}}