{"mean":{"confidence_interval":{"confidence_level":0.95,"lower_bound":69.48860496535913,"upper_bound":69.62320457774102},"point_estimate":69.54525430220617,"standard_error":0.03465514117942393},"median":{"confidence_interval":{"confidence_level":0.95,"lower_bound":69.52872134275489,"upper_bound":69.62463386544371},"point_estimate":69.60002450994006,"standard_error":0.02455346722837107},"median_abs_dev":{"confidence_interval":{"confidence_level":0.95,"lower_bound":0.08010044775039686,"upper_bound":0.21597073450937543},"point_estimate":0.1282194117605857,"standard_error":0.035230848202505737},"slope":{"confidence_interval":{"confidence_level":0.95,"lower_bound":69.61130301035438,"upper_bound":69.6417941890661},"point_estimate":69.62762965086648,"standard_error":0.007782561316665351},"std_dev":{"confidence_interval":{"confidence_level":0.95,"lower_bound":0.16097982848574213,"upper_bound":0.5487205079420152},"point_estimate":0.3479808527679404,"standard_error":0.12601613458387181}}