{"mean":{"confidence_interval":{"confidence_level":0.95,"lower_bound":123.86741859616126,"upper_bound":124.13097036862722},"point_estimate":123.99849779607614,"standard_error":0.06754325515009181},"median":{"confidence_interval":{"confidence_level":0.95,"lower_bound":123.80628324204176,"upper_bound":124.18465355307461},"point_estimate":124.02849009849947,"standard_error":0.09705019519302878},"median_abs_dev":{"confidence_interval":{"confidence_level":0.95,"lower_bound":0.49480320973226805,"upper_bound":0.7817327574905664},"point_estimate":0.5879657019304408,"standard_error":0.0751696621515988},"slope":{"confidence_interval":{"confidence_level":0.95,"lower_bound":123.89762763609436,"upper_bound":124.15872973056304},"point_estimate":124.03048169183346,"standard_error":0.06667754832138878},"std_dev":{"confidence_interval":{"confidence_level":0.95,"lower_bound":0.5562374756400202,"upper_bound":0.801253708785288},"point_estimate":0.6785151102167972,"standard_error":0.06292450461524886}}