{"mean":{"confidence_interval":{"confidence_level":0.95,"lower_bound":68.1223645638802,"upper_bound":68.26601338354416},"point_estimate":68.18923608329122,"standard_error":0.036565064533464184},"median":{"confidence_interval":{"confidence_level":0.95,"lower_bound":68.17683737944796,"upper_bound":68.23127749266862},"point_estimate":68.20033595530356,"standard_error":0.01679822002650914},"median_abs_dev":{"confidence_interval":{"confidence_level":0.95,"lower_bound":0.07179871757991856,"upper_bound":0.14990000557325822},"point_estimate":0.09665256713495038,"standard_error":0.019610160105540404},"slope":{"confidence_interval":{"confidence_level":0.95,"lower_bound":68.20658788005174,"upper_bound":68.25085581090802},"point_estimate":68.2263234584171,"standard_error":0.011258842459618447},"std_dev":{"confidence_interval":{"confidence_level":0.95,"lower_bound":0.19746126503012093,"upper_bound":0.5217505678335537},"point_estimate":0.3676649322516392,"standard_error":0.08476170156601023}}