{"mean":{"confidence_interval":{"confidence_level":0.95,"lower_bound":67.99175333359915,"upper_bound":68.16091789430702},"point_estimate":68.06786134489826,"standard_error":0.04340010781085799},"median":{"confidence_interval":{"confidence_level":0.95,"lower_bound":67.95542652808393,"upper_bound":68.03686782268164},"point_estimate":68.01762809965987,"standard_error":0.023689778820820614},"median_abs_dev":{"confidence_interval":{"confidence_level":0.95,"lower_bound":0.149183832732753,"upper_bound":0.26223925813707916},"point_estimate":0.2298338429567071,"standard_error":0.032013943367610945},"slope":{"confidence_interval":{"confidence_level":0.95,"lower_bound":68.03947104194155,"upper_bound":68.16404324822484},"point_estimate":68.09973790427709,"standard_error":0.03188261806100884},"std_dev":{"confidence_interval":{"confidence_level":0.95,"lower_bound":0.24005847688476148,"upper_bound":0.6405478682326063},"point_estimate":0.43632606374024013,"standard_error":0.1148135200828528}}