{"mean":{"confidence_interval":{"confidence_level":0.95,"lower_bound":78.1205404674545,"upper_bound":79.76227031536173},"point_estimate":78.90875564003245,"standard_error":0.41962940604353993},"median":{"confidence_interval":{"confidence_level":0.95,"lower_bound":76.57732941580971,"upper_bound":77.04207023506089},"point_estimate":76.63941554583266,"standard_error":0.12210333170157754},"median_abs_dev":{"confidence_interval":{"confidence_level":0.95,"lower_bound":0.3389878645224403,"upper_bound":1.055569458342582},"point_estimate":0.5368664464347557,"standard_error":0.18714204148138522},"slope":{"confidence_interval":{"confidence_level":0.95,"lower_bound":78.0345331283703,"upper_bound":80.04503696935994},"point_estimate":78.98461194117738,"standard_error":0.5135525559538187},"std_dev":{"confidence_interval":{"confidence_level":0.95,"lower_bound":3.3660783868028066,"upper_bound":4.8771625106369765},"point_estimate":4.209741924624374,"standard_error":0.38611444862853966}}