{"mean":{"confidence_interval":{"confidence_level":0.95,"lower_bound":68.58679709298397,"upper_bound":68.80709210490026},"point_estimate":68.68728356617457,"standard_error":0.056420688783955376},"median":{"confidence_interval":{"confidence_level":0.95,"lower_bound":68.56310457729728,"upper_bound":68.71150546211342},"point_estimate":68.62972377026529,"standard_error":0.034179679231111204},"median_abs_dev":{"confidence_interval":{"confidence_level":0.95,"lower_bound":0.243317299435343,"upper_bound":0.3620681652468981},"point_estimate":0.2996465809943261,"standard_error":0.030588252517118004},"slope":{"confidence_interval":{"confidence_level":0.95,"lower_bound":68.6178767362266,"upper_bound":68.73715154946382},"point_estimate":68.67762082754761,"standard_error":0.030446721852694602},"std_dev":{"confidence_interval":{"confidence_level":0.95,"lower_bound":0.30575264406475716,"upper_bound":0.7962698698791755},"point_estimate":0.5649984888355806,"standard_error":0.12790229315986398}}