{"mean":{"confidence_interval":{"confidence_level":0.95,"lower_bound":79.23548063784739,"upper_bound":82.07135881956293},"point_estimate":80.52356151640555,"standard_error":0.7279821373170374},"median":{"confidence_interval":{"confidence_level":0.95,"lower_bound":77.76248313090419,"upper_bound":78.59429824561404},"point_estimate":78.11476608187135,"standard_error":0.22169905684155847},"median_abs_dev":{"confidence_interval":{"confidence_level":0.95,"lower_bound":0.7072530704436404,"upper_bound":1.6212590269444458},"point_estimate":1.1523145604784817,"standard_error":0.24317389736824435},"slope":{"confidence_interval":{"confidence_level":0.95,"lower_bound":78.24955412609808,"upper_bound":79.08124175279842},"point_estimate":78.62718948249892,"standard_error":0.21324537169228155},"std_dev":{"confidence_interval":{"confidence_level":0.95,"lower_bound":4.090536027236336,"upper_bound":9.989632255038444},"point_estimate":7.316734810776563,"standard_error":1.508823492895036}}