{"mean":{"confidence_interval":{"confidence_level":0.95,"lower_bound":38.954947720328775,"upper_bound":41.799313208895015},"point_estimate":40.252737503380274,"standard_error":0.7280042109733849},"median":{"confidence_interval":{"confidence_level":0.95,"lower_bound":37.67045682730924,"upper_bound":38.045611015490536},"point_estimate":37.76601141407736,"standard_error":0.10497134456811608},"median_abs_dev":{"confidence_interval":{"confidence_level":0.95,"lower_bound":1.2742160804266984,"upper_bound":2.0269709463216734},"point_estimate":1.6357251929004644,"standard_error":0.19323694623478754},"slope":{"confidence_interval":{"confidence_level":0.95,"lower_bound":38.25355520249664,"upper_bound":39.24896754165307},"point_estimate":38.77264983682328,"standard_error":0.2543669373210492},"std_dev":{"confidence_interval":{"confidence_level":0.95,"lower_bound":4.314231774987,"upper_bound":9.737921379074871},"point_estimate":7.31553923162749,"standard_error":1.385716935684946}}