{"mean":{"confidence_interval":{"confidence_level":0.95,"lower_bound":45.385627446255995,"upper_bound":48.476914366013574},"point_estimate":46.81830929968834,"standard_error":0.7928457554103332},"median":{"confidence_interval":{"confidence_level":0.95,"lower_bound":44.16294298921417,"upper_bound":44.38267455697424},"point_estimate":44.291183722600806,"standard_error":0.06896852276969574},"median_abs_dev":{"confidence_interval":{"confidence_level":0.95,"lower_bound":1.146550422930189,"upper_bound":1.6440958243720332},"point_estimate":1.414582816489943,"standard_error":0.12580337440939243},"slope":{"confidence_interval":{"confidence_level":0.95,"lower_bound":44.24237432065704,"upper_bound":45.04244935551334},"point_estimate":44.60633583216657,"standard_error":0.20495935974282029},"std_dev":{"confidence_interval":{"confidence_level":0.95,"lower_bound":5.12867154367572,"upper_bound":10.218027531742457},"point_estimate":7.9925876830294404,"standard_error":1.3007355653824733}}