{"mean":{"confidence_interval":{"confidence_level":0.95,"lower_bound":45.31493339745149,"upper_bound":48.64754469134411},"point_estimate":46.818932671466285,"standard_error":0.8557049689986012},"median":{"confidence_interval":{"confidence_level":0.95,"lower_bound":44.485570175438596,"upper_bound":44.875351068809486},"point_estimate":44.70156332803391,"standard_error":0.09104582210586284},"median_abs_dev":{"confidence_interval":{"confidence_level":0.95,"lower_bound":0.5180735608339507,"upper_bound":0.9203137978457037},"point_estimate":0.6854844584184515,"standard_error":0.09450689827204584},"slope":{"confidence_interval":{"confidence_level":0.95,"lower_bound":44.37065567587304,"upper_bound":44.81885207260408},"point_estimate":44.55898949052061,"standard_error":0.11577069183971003},"std_dev":{"confidence_interval":{"confidence_level":0.95,"lower_bound":4.3185313195390345,"upper_bound":11.881035312820037},"point_estimate":8.61678741755507,"standard_error":1.9997268879514094}}