{"mean":{"confidence_interval":{"confidence_level":0.95,"lower_bound":49.940115010657834,"upper_bound":53.21421646738883},"point_estimate":51.40144349314161,"standard_error":0.841194677016673},"median":{"confidence_interval":{"confidence_level":0.95,"lower_bound":48.965059410861116,"upper_bound":49.36902755173216},"point_estimate":49.093811274509804,"standard_error":0.10915152217056447},"median_abs_dev":{"confidence_interval":{"confidence_level":0.95,"lower_bound":0.4258693461359568,"upper_bound":0.9585923027551906},"point_estimate":0.6388434690504174,"standard_error":0.14372191199110526},"slope":{"confidence_interval":{"confidence_level":0.95,"lower_bound":49.04393640367438,"upper_bound":49.461332556701784},"point_estimate":49.24379601700293,"standard_error":0.10651229442520684},"std_dev":{"confidence_interval":{"confidence_level":0.95,"lower_bound":3.755943390764477,"upper_bound":11.85948730575598},"point_estimate":8.452782999861038,"standard_error":2.0000250489983875}}