{"mean":{"confidence_interval":{"confidence_level":0.95,"lower_bound":50.903921844445286,"upper_bound":54.90767023605075},"point_estimate":52.689346061958005,"standard_error":1.0314271462382247},"median":{"confidence_interval":{"confidence_level":0.95,"lower_bound":49.647395833333334,"upper_bound":50.045170454545456},"point_estimate":49.7707727920228,"standard_error":0.11553109211334868},"median_abs_dev":{"confidence_interval":{"confidence_level":0.95,"lower_bound":0.4497695112457717,"upper_bound":1.0147057073774692},"point_estimate":0.6319862297635177,"standard_error":0.16096015305765912},"slope":{"confidence_interval":{"confidence_level":0.95,"lower_bound":49.76305803226156,"upper_bound":50.30803150508424},"point_estimate":50.011291512733365,"standard_error":0.13903402318704172},"std_dev":{"confidence_interval":{"confidence_level":0.95,"lower_bound":4.777042757758998,"upper_bound":14.72346519696704},"point_estimate":10.340808169698121,"standard_error":2.5450457946897678}}