{"mean":{"confidence_interval":{"confidence_level":0.95,"lower_bound":44.50883704615573,"upper_bound":47.67465761500314},"point_estimate":45.95796942049294,"standard_error":0.813181250582062},"median":{"confidence_interval":{"confidence_level":0.95,"lower_bound":42.92745098039216,"upper_bound":43.05185758513932},"point_estimate":42.9828431372549,"standard_error":0.03217869363177706},"median_abs_dev":{"confidence_interval":{"confidence_level":0.95,"lower_bound":0.17629737353043595,"upper_bound":0.4293628055907008},"point_estimate":0.2528082930230668,"standard_error":0.06662354508461732},"slope":{"confidence_interval":{"confidence_level":0.95,"lower_bound":43.38087538654117,"upper_bound":44.3806082894104},"point_estimate":43.83389998174532,"standard_error":0.2561404955994764},"std_dev":{"confidence_interval":{"confidence_level":0.95,"lower_bound":4.7290971369975985,"upper_bound":10.811163692630068},"point_estimate":8.158744756886955,"standard_error":1.5512358142586211}}