{"mean":{"confidence_interval":{"confidence_level":0.95,"lower_bound":4.0936541230676795,"upper_bound":4.181452369588186},"point_estimate":4.126064793820426,"standard_error":0.02469192915986182},"median":{"confidence_interval":{"confidence_level":0.95,"lower_bound":4.0860476571506235,"upper_bound":4.0945779137064715},"point_estimate":4.088620635157602,"standard_error":0.002833888028163454},"median_abs_dev":{"confidence_interval":{"confidence_level":0.95,"lower_bound":0.01836203908877447,"upper_bound":0.029716092231879206},"point_estimate":0.022771081055488775,"standard_error":0.0029296599924510834},"slope":{"confidence_interval":{"confidence_level":0.95,"lower_bound":4.09323118689063,"upper_bound":4.111464424810407},"point_estimate":4.101012632784567,"standard_error":0.004723311477125741},"std_dev":{"confidence_interval":{"confidence_level":0.95,"lower_bound":0.04243019493563568,"upper_bound":0.4203718050537372},"point_estimate":0.2492310696317784,"standard_error":0.12906925064057112}}