{"mean":{"confidence_interval":{"confidence_level":0.95,"lower_bound":4.684773998224369,"upper_bound":4.75232235156944},"point_estimate":4.708984370140707,"standard_error":0.019927561621789932},"median":{"confidence_interval":{"confidence_level":0.95,"lower_bound":4.682263052295508,"upper_bound":4.6861990735866925},"point_estimate":4.684103777195964,"standard_error":0.0009813788070942907},"median_abs_dev":{"confidence_interval":{"confidence_level":0.95,"lower_bound":0.005715926712479628,"upper_bound":0.013087040692365777},"point_estimate":0.009243677135256331,"standard_error":0.001921130665664861},"slope":{"confidence_interval":{"confidence_level":0.95,"lower_bound":4.682931949286751,"upper_bound":4.691172584867982},"point_estimate":4.686557587882673,"standard_error":0.0021116550481429693},"std_dev":{"confidence_interval":{"confidence_level":0.95,"lower_bound":0.01927022804006621,"upper_bound":0.34170460556927323},"point_estimate":0.20062312843165592,"standard_error":0.11169473573676922}}