{"mean":{"confidence_interval":{"confidence_level":0.95,"lower_bound":129286.77769512532,"upper_bound":132460.65166556084},"point_estimate":130779.30530537803,"standard_error":813.7600460964078},"median":{"confidence_interval":{"confidence_level":0.95,"lower_bound":127112.0782778865,"upper_bound":127380.69756097562},"point_estimate":127199.16343635411,"standard_error":75.07476350699515},"median_abs_dev":{"confidence_interval":{"confidence_level":0.95,"lower_bound":350.22621186920793,"upper_bound":826.3536884704201},"point_estimate":544.8749222959063,"standard_error":127.87446411842255},"slope":{"confidence_interval":{"confidence_level":0.95,"lower_bound":129036.37314256388,"upper_bound":132715.15135614277},"point_estimate":130697.61421309295,"standard_error":940.7802038905439},"std_dev":{"confidence_interval":{"confidence_level":0.95,"lower_bound":5987.737904933715,"upper_bound":9887.729320641669},"point_estimate":8182.788737708233,"standard_error":997.3488159753196}}