{"mean":{"confidence_interval":{"confidence_level":0.95,"lower_bound":0.255026325574772,"upper_bound":0.2873016374019761},"point_estimate":0.2716730657757347,"standard_error":0.008244682337252025},"median":{"confidence_interval":{"confidence_level":0.95,"lower_bound":0.25482471506182214,"upper_bound":0.2793338704089219},"point_estimate":0.27018668640337373,"standard_error":0.0065006856395532706}}