{"mean":{"confidence_interval":{"confidence_level":0.95,"lower_bound":-0.4350288426652293,"upper_bound":-0.41453811072880664},"point_estimate":-0.42470123986599806,"standard_error":0.00523575085514303},"median":{"confidence_interval":{"confidence_level":0.95,"lower_bound":-0.4348089830620473,"upper_bound":-0.40677603052903916},"point_estimate":-0.415565312826196,"standard_error":0.008249667454770022}}