{"mean":{"confidence_interval":{"confidence_level":0.95,"lower_bound":13.727090195009225,"upper_bound":14.061562420323897},"point_estimate":13.850690850553843,"standard_error":0.09548439458791505},"median":{"confidence_interval":{"confidence_level":0.95,"lower_bound":13.723794832727982,"upper_bound":13.821958470968973},"point_estimate":13.782429554068726,"standard_error":0.023950271254193814},"median_abs_dev":{"confidence_interval":{"confidence_level":0.95,"lower_bound":0.16392283961185053,"upper_bound":0.2747390112637078},"point_estimate":0.2218627237066138,"standard_error":0.02661017209088202},"slope":{"confidence_interval":{"confidence_level":0.95,"lower_bound":13.810959043609008,"upper_bound":13.86934123632566},"point_estimate":13.84193716680333,"standard_error":0.014905862088292001},"std_dev":{"confidence_interval":{"confidence_level":0.95,"lower_bound":0.17681814257655842,"upper_bound":1.6312779969519298},"point_estimate":0.9623586854280248,"standard_error":0.5111681466261807}}