{"mean":{"confidence_interval":{"confidence_level":0.95,"lower_bound":19.411206697082804,"upper_bound":19.810625449707384},"point_estimate":19.607436646823775,"standard_error":0.10157751721582588},"median":{"confidence_interval":{"confidence_level":0.95,"lower_bound":19.497462051163506,"upper_bound":19.834936675379637},"point_estimate":19.644181499460625,"standard_error":0.08664926066446364},"median_abs_dev":{"confidence_interval":{"confidence_level":0.95,"lower_bound":0.6057014561302909,"upper_bound":1.0736029997504177},"point_estimate":0.7790787046836039,"standard_error":0.12730317966637036},"slope":{"confidence_interval":{"confidence_level":0.95,"lower_bound":19.574951243188174,"upper_bound":19.850323928589546},"point_estimate":19.714915084411643,"standard_error":0.07032637274446116},"std_dev":{"confidence_interval":{"confidence_level":0.95,"lower_bound":0.7314401679137107,"upper_bound":1.3458442727875484},"point_estimate":1.0217824274408716,"standard_error":0.1623098354547692}}