{"mean":{"confidence_interval":{"confidence_level":0.95,"lower_bound":13.329702408124955,"upper_bound":13.49552681560224},"point_estimate":13.404838037670077,"standard_error":0.04231050527127359},"median":{"confidence_interval":{"confidence_level":0.95,"lower_bound":13.317056375356481,"upper_bound":13.430764921254987},"point_estimate":13.351932263192877,"standard_error":0.02910698525704626},"median_abs_dev":{"confidence_interval":{"confidence_level":0.95,"lower_bound":0.17664976696187323,"upper_bound":0.2874518200454582},"point_estimate":0.2292815334891845,"standard_error":0.026933773572990503},"slope":{"confidence_interval":{"confidence_level":0.95,"lower_bound":13.323118681482141,"upper_bound":13.393552247533512},"point_estimate":13.357626800931886,"standard_error":0.01791925326965087},"std_dev":{"confidence_interval":{"confidence_level":0.95,"lower_bound":0.2251875840873312,"upper_bound":0.6053874060973006},"point_estimate":0.42361788804543826,"standard_error":0.10112106156042568}}