{"mean":{"confidence_interval":{"confidence_level":0.95,"lower_bound":14.685707483854584,"upper_bound":15.159066774332025},"point_estimate":14.860228064188515,"standard_error":0.13182629334637966},"median":{"confidence_interval":{"confidence_level":0.95,"lower_bound":14.660171265534913,"upper_bound":14.676745658008},"point_estimate":14.670501153107868,"standard_error":0.003866686123624683},"median_abs_dev":{"confidence_interval":{"confidence_level":0.95,"lower_bound":0.024144728818129246,"upper_bound":0.04132670315877739},"point_estimate":0.031994671544263754,"standard_error":0.004206213238519089},"slope":{"confidence_interval":{"confidence_level":0.95,"lower_bound":14.685720369326056,"upper_bound":14.739172689862876},"point_estimate":14.709308204399377,"standard_error":0.013729012866326568},"std_dev":{"confidence_interval":{"confidence_level":0.95,"lower_bound":0.10309168252460285,"upper_bound":2.2415825186440843},"point_estimate":1.3291956543087906,"standard_error":0.6829228884606963}}