{"mean":{"confidence_interval":{"confidence_level":0.95,"lower_bound":0.1090088586366636,"upper_bound":0.1729504486030251},"point_estimate":0.14280684260592702,"standard_error":0.016340200005496106},"median":{"confidence_interval":{"confidence_level":0.95,"lower_bound":0.14409302954400705,"upper_bound":0.19322171210458228},"point_estimate":0.16510988566808416,"standard_error":0.011663921778251398}}