{"mean":{"confidence_interval":{"confidence_level":0.95,"lower_bound":1.3086776475717365,"upper_bound":1.3861073248664564},"point_estimate":1.3308885736694238,"standard_error":0.02027954617278656},"median":{"confidence_interval":{"confidence_level":0.95,"lower_bound":1.3073690996957836,"upper_bound":1.3134284652467083},"point_estimate":1.3092648121893729,"standard_error":0.00153771779139603}}