{"mean":{"confidence_interval":{"confidence_level":0.95,"lower_bound":0.1578935356222002,"upper_bound":0.2341656548911221},"point_estimate":0.19546859754504098,"standard_error":0.01946873272112341},"median":{"confidence_interval":{"confidence_level":0.95,"lower_bound":0.1794171706136909,"upper_bound":0.23171212741623637},"point_estimate":0.20116159111244514,"standard_error":0.01252820946506543}}