{"mean":{"confidence_interval":{"confidence_level":0.95,"lower_bound":44.56267034468815,"upper_bound":47.70291670305261},"point_estimate":45.970715229273736,"standard_error":0.805760195390582},"median":{"confidence_interval":{"confidence_level":0.95,"lower_bound":43.38533988533989,"upper_bound":43.56194295900178},"point_estimate":43.45664457070707,"standard_error":0.05364766488044738},"median_abs_dev":{"confidence_interval":{"confidence_level":0.95,"lower_bound":0.23106777787116992,"upper_bound":0.5750542035473141},"point_estimate":0.3400155073660814,"standard_error":0.0959554292255074},"slope":{"confidence_interval":{"confidence_level":0.95,"lower_bound":43.577612250991464,"upper_bound":44.124268859246676},"point_estimate":43.823988742157795,"standard_error":0.14002439403812295},"std_dev":{"confidence_interval":{"confidence_level":0.95,"lower_bound":3.971706143787951,"upper_bound":11.354276804647805},"point_estimate":8.112252843093161,"standard_error":1.881512399706386}}