{"mean":{"confidence_interval":{"confidence_level":0.95,"lower_bound":47.21942044685773,"upper_bound":49.380235036557394},"point_estimate":48.17740349024751,"standard_error":0.5551899230493446},"median":{"confidence_interval":{"confidence_level":0.95,"lower_bound":46.19960474308301,"upper_bound":46.95887445887446},"point_estimate":46.63509988376179,"standard_error":0.1910435231576343},"median_abs_dev":{"confidence_interval":{"confidence_level":0.95,"lower_bound":0.41418036697838045,"upper_bound":1.191194857129966},"point_estimate":0.8970477472595692,"standard_error":0.19182770341620706},"slope":{"confidence_interval":{"confidence_level":0.95,"lower_bound":46.387233906213744,"upper_bound":46.981027958834865},"point_estimate":46.65122680924809,"standard_error":0.15145971478808806},"std_dev":{"confidence_interval":{"confidence_level":0.95,"lower_bound":2.5479505392080166,"upper_bound":8.15166699413119},"point_estimate":5.589818445557473,"standard_error":1.4523374552118185}}