{"mean":{"confidence_interval":{"confidence_level":0.95,"lower_bound":46.12261466932922,"upper_bound":48.147272192319235},"point_estimate":46.993617621004375,"standard_error":0.5240781881693062},"median":{"confidence_interval":{"confidence_level":0.95,"lower_bound":45.477886977886975,"upper_bound":45.77478077478078},"point_estimate":45.64411905617439,"standard_error":0.0767880453225251},"median_abs_dev":{"confidence_interval":{"confidence_level":0.95,"lower_bound":0.299022930571829,"upper_bound":0.7177775015548041},"point_estimate":0.5166823295706394,"standard_error":0.11308423843864192},"slope":{"confidence_interval":{"confidence_level":0.95,"lower_bound":45.6889167008163,"upper_bound":46.10999366631683},"point_estimate":45.89155102077372,"standard_error":0.1075126252085429},"std_dev":{"confidence_interval":{"confidence_level":0.95,"lower_bound":1.3271616619037614,"upper_bound":7.903332280132721},"point_estimate":5.259636433526947,"standard_error":1.6955730308558312}}