{"mean":{"confidence_interval":{"confidence_level":0.95,"lower_bound":234.10950568453612,"upper_bound":236.50315264591333},"point_estimate":235.13731963977764,"standard_error":0.6172786932166512},"median":{"confidence_interval":{"confidence_level":0.95,"lower_bound":233.74189488823635,"upper_bound":234.60069473862578},"point_estimate":234.21669135361543,"standard_error":0.20750404922200638},"median_abs_dev":{"confidence_interval":{"confidence_level":0.95,"lower_bound":1.2267467622592731,"upper_bound":1.9525050721690582},"point_estimate":1.5878521175367888,"standard_error":0.18731038110414372},"slope":{"confidence_interval":{"confidence_level":0.95,"lower_bound":234.8587290641642,"upper_bound":237.77736608856583},"point_estimate":235.9952858593645,"standard_error":0.7777302340992012},"std_dev":{"confidence_interval":{"confidence_level":0.95,"lower_bound":2.3831188698353456,"upper_bound":9.581095493465986},"point_estimate":6.197117364752007,"standard_error":2.0011776785716604}}