{"mean":{"confidence_interval":{"confidence_level":0.95,"lower_bound":304.8581299875376,"upper_bound":305.321725413394},"point_estimate":305.08868859136925,"standard_error":0.11802524759323987},"median":{"confidence_interval":{"confidence_level":0.95,"lower_bound":305.19308443252106,"upper_bound":305.6067761407153},"point_estimate":305.48796906735924,"standard_error":0.1040553976042382},"median_abs_dev":{"confidence_interval":{"confidence_level":0.95,"lower_bound":0.5342606944370318,"upper_bound":1.2530341969545264},"point_estimate":0.7522846257287885,"standard_error":0.17953759163417007},"slope":{"confidence_interval":{"confidence_level":0.95,"lower_bound":305.4585760688976,"upper_bound":305.67950139842424},"point_estimate":305.5731570335928,"standard_error":0.05614639149955344},"std_dev":{"confidence_interval":{"confidence_level":0.95,"lower_bound":0.9944177571335906,"upper_bound":1.3850531185785},"point_estimate":1.186503641074683,"standard_error":0.10039597939012722}}