{"mean":{"confidence_interval":{"confidence_level":0.95,"lower_bound":306.72880489642864,"upper_bound":318.24963458443625},"point_estimate":311.35476001206536,"standard_error":3.024371664337397},"median":{"confidence_interval":{"confidence_level":0.95,"lower_bound":306.73935416281506,"upper_bound":309.80919779864246},"point_estimate":308.8813435446539,"standard_error":0.6531739107983168},"median_abs_dev":{"confidence_interval":{"confidence_level":0.95,"lower_bound":5.270376861117246,"upper_bound":9.664830886350613},"point_estimate":7.893566835139525,"standard_error":1.1134763097515583},"slope":{"confidence_interval":{"confidence_level":0.95,"lower_bound":307.602971079968,"upper_bound":311.1953543893214},"point_estimate":309.3266712417386,"standard_error":0.9178041984015557},"std_dev":{"confidence_interval":{"confidence_level":0.95,"lower_bound":10.125061113674978,"upper_bound":49.19060447252246},"point_estimate":30.231569979889496,"standard_error":12.657782139933403}}