{"mean":{"confidence_interval":{"confidence_level":0.95,"lower_bound":186.4623027954872,"upper_bound":187.82482078266943},"point_estimate":186.97872548710228,"standard_error":0.37820300627393677},"median":{"confidence_interval":{"confidence_level":0.95,"lower_bound":186.59473307912296,"upper_bound":186.77636537269194},"point_estimate":186.67542230545064,"standard_error":0.039180230356607317},"median_abs_dev":{"confidence_interval":{"confidence_level":0.95,"lower_bound":0.2670538955697893,"upper_bound":0.443831050673839},"point_estimate":0.33519337961071854,"standard_error":0.04636960701986232},"slope":{"confidence_interval":{"confidence_level":0.95,"lower_bound":186.6165407067891,"upper_bound":186.76574968372861},"point_estimate":186.68754524388882,"standard_error":0.038200183183169985},"std_dev":{"confidence_interval":{"confidence_level":0.95,"lower_bound":0.5947683808625642,"upper_bound":6.441962398716452},"point_estimate":3.8033509370769614,"standard_error":1.954299143082184}}