{"mean":{"confidence_interval":{"confidence_level":0.95,"lower_bound":186.39399675339854,"upper_bound":187.45046191145212},"point_estimate":186.84340069526854,"standard_error":0.2732006487656232},"median":{"confidence_interval":{"confidence_level":0.95,"lower_bound":186.26068126106497,"upper_bound":186.49113441372737},"point_estimate":186.38259437935827,"standard_error":0.05972562148927873},"median_abs_dev":{"confidence_interval":{"confidence_level":0.95,"lower_bound":0.32790493656061337,"upper_bound":0.5442135614552429},"point_estimate":0.43729139963751235,"standard_error":0.05614701984250247},"slope":{"confidence_interval":{"confidence_level":0.95,"lower_bound":186.44655257045082,"upper_bound":187.48638705673608},"point_estimate":186.85435712451346,"standard_error":0.2784055781715061},"std_dev":{"confidence_interval":{"confidence_level":0.95,"lower_bound":0.6563655067466213,"upper_bound":4.289281487820158},"point_estimate":2.74871575237444,"standard_error":0.9157913827312202}}