{"mean":{"confidence_interval":{"confidence_level":0.95,"lower_bound":187.1696355296537,"upper_bound":188.07069963694093},"point_estimate":187.6292155948851,"standard_error":0.229896779446378},"median":{"confidence_interval":{"confidence_level":0.95,"lower_bound":187.75673197528852,"upper_bound":188.093033758609},"point_estimate":187.86032485414944,"standard_error":0.0781682146281463},"median_abs_dev":{"confidence_interval":{"confidence_level":0.95,"lower_bound":0.5113211851628141,"upper_bound":0.7904633166653596},"point_estimate":0.6681992311588888,"standard_error":0.06789637380485652},"slope":{"confidence_interval":{"confidence_level":0.95,"lower_bound":187.9970062684558,"upper_bound":188.2098648096047},"point_estimate":188.1026229922961,"standard_error":0.05424455453538613},"std_dev":{"confidence_interval":{"confidence_level":0.95,"lower_bound":1.2294145387657691,"upper_bound":3.191612216455503},"point_estimate":2.3116004127975818,"standard_error":0.4943578516966571}}