{"mean":{"confidence_interval":{"confidence_level":0.95,"lower_bound":187.7074856812378,"upper_bound":188.48970989940383},"point_estimate":188.01473840476567,"standard_error":0.20839755292074402},"median":{"confidence_interval":{"confidence_level":0.95,"lower_bound":187.6597919879945,"upper_bound":187.89486747286054},"point_estimate":187.75744442187892,"standard_error":0.06277802258624669},"median_abs_dev":{"confidence_interval":{"confidence_level":0.95,"lower_bound":0.319993740505673,"upper_bound":0.5810163638029189},"point_estimate":0.48573459108886297,"standard_error":0.06755666960463556},"slope":{"confidence_interval":{"confidence_level":0.95,"lower_bound":187.80646375489837,"upper_bound":188.12604663917696},"point_estimate":187.94610126040294,"standard_error":0.08211305898232227},"std_dev":{"confidence_interval":{"confidence_level":0.95,"lower_bound":0.5374301674598874,"upper_bound":3.473371636590868},"point_estimate":2.0965075378666898,"standard_error":0.9526816758783698}}