{"mean":{"confidence_interval":{"confidence_level":0.95,"lower_bound":187.4378499063995,"upper_bound":188.3315465508095},"point_estimate":187.779916960913,"standard_error":0.24319718008958793},"median":{"confidence_interval":{"confidence_level":0.95,"lower_bound":187.4974673035019,"upper_bound":187.63766229741873},"point_estimate":187.5706325218872,"standard_error":0.03809551518760085},"median_abs_dev":{"confidence_interval":{"confidence_level":0.95,"lower_bound":0.23233321292365133,"upper_bound":0.5887385438225344},"point_estimate":0.4150933339529472,"standard_error":0.09746482457578448},"slope":{"confidence_interval":{"confidence_level":0.95,"lower_bound":187.51908476011374,"upper_bound":187.69998799163457},"point_estimate":187.6051415476616,"standard_error":0.046257586972027115},"std_dev":{"confidence_interval":{"confidence_level":0.95,"lower_bound":0.5507504307762904,"upper_bound":4.081421840445333},"point_estimate":2.4326739271595508,"standard_error":1.1839936488117617}}