{"mean":{"confidence_interval":{"confidence_level":0.95,"lower_bound":284.6467701752951,"upper_bound":285.0450318651475},"point_estimate":284.82140379260096,"standard_error":0.10313464223880846},"median":{"confidence_interval":{"confidence_level":0.95,"lower_bound":284.51230871590155,"upper_bound":284.6977045908184},"point_estimate":284.60410798468854,"standard_error":0.05098594704895899},"median_abs_dev":{"confidence_interval":{"confidence_level":0.95,"lower_bound":0.23715217515358356,"upper_bound":0.4071713494960201},"point_estimate":0.3104795399424263,"standard_error":0.04391231163287699},"slope":{"confidence_interval":{"confidence_level":0.95,"lower_bound":284.43127840668666,"upper_bound":284.5553740580715},"point_estimate":284.49154531634235,"standard_error":0.03177152055102491},"std_dev":{"confidence_interval":{"confidence_level":0.95,"lower_bound":0.3805219458365799,"upper_bound":1.5692381326469922},"point_estimate":1.0408517646735642,"standard_error":0.314137463805501}}