{"mean":{"confidence_interval":{"confidence_level":0.95,"lower_bound":187.63332662250423,"upper_bound":190.990375530746},"point_estimate":189.14436284276874,"standard_error":0.859240404680448},"median":{"confidence_interval":{"confidence_level":0.95,"lower_bound":185.91684420622997,"upper_bound":188.80324967165117},"point_estimate":187.4741837454786,"standard_error":0.6230133567720691},"median_abs_dev":{"confidence_interval":{"confidence_level":0.95,"lower_bound":3.6037784927260974,"upper_bound":7.5492300713253115},"point_estimate":5.421852102715285,"standard_error":1.0211285448193501},"slope":{"confidence_interval":{"confidence_level":0.95,"lower_bound":189.7753832988213,"upper_bound":191.97670011691724},"point_estimate":190.906738618507,"standard_error":0.5636398039343622},"std_dev":{"confidence_interval":{"confidence_level":0.95,"lower_bound":4.862402990120605,"upper_bound":12.61376159457459},"point_estimate":8.650982899038265,"standard_error":2.1695846700777675}}