{"mean":{"confidence_interval":{"confidence_level":0.95,"lower_bound":263.48050989000467,"upper_bound":263.6897967354773},"point_estimate":263.58041801528344,"standard_error":0.05334588778786715},"median":{"confidence_interval":{"confidence_level":0.95,"lower_bound":263.4416551246537,"upper_bound":263.6039636127355},"point_estimate":263.5335121860378,"standard_error":0.03824466588486949},"median_abs_dev":{"confidence_interval":{"confidence_level":0.95,"lower_bound":0.21234656767515195,"upper_bound":0.3864787944788715},"point_estimate":0.26795982049762923,"standard_error":0.045645168274902545},"slope":{"confidence_interval":{"confidence_level":0.95,"lower_bound":263.4889334882843,"upper_bound":263.6040315466564},"point_estimate":263.54298618397,"standard_error":0.029185962683165572},"std_dev":{"confidence_interval":{"confidence_level":0.95,"lower_bound":0.3747495543117919,"upper_bound":0.693395341467504},"point_estimate":0.5378108864467036,"standard_error":0.08274323609426659}}