{"mean":{"confidence_interval":{"confidence_level":0.95,"lower_bound":245.76908759453565,"upper_bound":255.38067771118554},"point_estimate":250.51091697252622,"standard_error":2.4568252042632213},"median":{"confidence_interval":{"confidence_level":0.95,"lower_bound":239.88796281476738,"upper_bound":252.59124802289674},"point_estimate":248.47311631035063,"standard_error":2.8727810301347567},"median_abs_dev":{"confidence_interval":{"confidence_level":0.95,"lower_bound":17.907804938154854,"upper_bound":27.154840121983682},"point_estimate":21.80216969683261,"standard_error":2.3139202943211297},"slope":{"confidence_interval":{"confidence_level":0.95,"lower_bound":239.87825114309157,"upper_bound":250.8429903694831},"point_estimate":245.22548461909466,"standard_error":2.8090280029796983},"std_dev":{"confidence_interval":{"confidence_level":0.95,"lower_bound":20.105004644720857,"upper_bound":29.046118941409237},"point_estimate":24.616008729398555,"standard_error":2.3006297885491978}}