{"mean":{"confidence_interval":{"confidence_level":0.95,"lower_bound":194.12034584408747,"upper_bound":195.46402301476886},"point_estimate":194.68974421535492,"standard_error":0.3471934407700735},"median":{"confidence_interval":{"confidence_level":0.95,"lower_bound":194.06534630944452,"upper_bound":194.29658257053453},"point_estimate":194.20788954603375,"standard_error":0.06341895237094569},"median_abs_dev":{"confidence_interval":{"confidence_level":0.95,"lower_bound":0.3238806303380797,"upper_bound":0.55922096036328},"point_estimate":0.4518848664233821,"standard_error":0.06079370249492367},"slope":{"confidence_interval":{"confidence_level":0.95,"lower_bound":194.13477978903958,"upper_bound":194.49875234893156},"point_estimate":194.2908233875027,"standard_error":0.09349003060186202},"std_dev":{"confidence_interval":{"confidence_level":0.95,"lower_bound":0.8747168768376594,"upper_bound":5.451361207557863},"point_estimate":3.484888918227308,"standard_error":1.181344667982968}}