{"mean":{"confidence_interval":{"confidence_level":0.95,"lower_bound":286.00019133560244,"upper_bound":308.7196387595109},"point_estimate":295.04095976913595,"standard_error":6.000279537271119},"median":{"confidence_interval":{"confidence_level":0.95,"lower_bound":280.16094934184287,"upper_bound":282.80449107578147},"point_estimate":281.7976894325518,"standard_error":0.6894919183813439},"median_abs_dev":{"confidence_interval":{"confidence_level":0.95,"lower_bound":4.902135013496519,"upper_bound":10.25994339523859},"point_estimate":7.288503076215722,"standard_error":1.277154784118984},"slope":{"confidence_interval":{"confidence_level":0.95,"lower_bound":283.64576488031435,"upper_bound":291.23411195172883},"point_estimate":287.1868379647769,"standard_error":1.944562065076174},"std_dev":{"confidence_interval":{"confidence_level":0.95,"lower_bound":14.585944065785867,"upper_bound":98.71126471560586},"point_estimate":60.462322984034515,"standard_error":25.4460949695674}}