{"mean":{"confidence_interval":{"confidence_level":0.95,"lower_bound":185.9788431024068,"upper_bound":187.61144266170143},"point_estimate":186.5758212117413,"standard_error":0.47180040439362875},"median":{"confidence_interval":{"confidence_level":0.95,"lower_bound":186.080654083597,"upper_bound":186.25512275986543},"point_estimate":186.16059778293976,"standard_error":0.05013445066735676},"median_abs_dev":{"confidence_interval":{"confidence_level":0.95,"lower_bound":0.334327202759705,"upper_bound":0.5688031476086738},"point_estimate":0.4470993077324446,"standard_error":0.06215382933328513},"slope":{"confidence_interval":{"confidence_level":0.95,"lower_bound":186.09919834505394,"upper_bound":186.2543249755274},"point_estimate":186.17334860492312,"standard_error":0.039543050302872286},"std_dev":{"confidence_interval":{"confidence_level":0.95,"lower_bound":0.5639920603395757,"upper_bound":8.10501534387145},"point_estimate":4.755787970407134,"standard_error":2.600044380502091}}