{"mean":{"confidence_interval":{"confidence_level":0.95,"lower_bound":182.53900462862418,"upper_bound":183.45073358815736},"point_estimate":182.9969857276231,"standard_error":0.23261888486441792},"median":{"confidence_interval":{"confidence_level":0.95,"lower_bound":183.19281518161966,"upper_bound":183.33471812740106},"point_estimate":183.27507426516573,"standard_error":0.034524591176547485},"median_abs_dev":{"confidence_interval":{"confidence_level":0.95,"lower_bound":0.2839353011164186,"upper_bound":0.5815012752118456},"point_estimate":0.4005776254996089,"standard_error":0.07308465302245075},"slope":{"confidence_interval":{"confidence_level":0.95,"lower_bound":183.3709377092273,"upper_bound":183.56711573193752},"point_estimate":183.4689889988691,"standard_error":0.049984342434101214},"std_dev":{"confidence_interval":{"confidence_level":0.95,"lower_bound":1.4565531417122488,"upper_bound":3.085197286988288},"point_estimate":2.34220401102479,"standard_error":0.415723837111083}}