{"mean":{"confidence_interval":{"confidence_level":0.95,"lower_bound":317.283385501816,"upper_bound":318.06695150706474},"point_estimate":317.6556610212587,"standard_error":0.19874938340419177},"median":{"confidence_interval":{"confidence_level":0.95,"lower_bound":317.4389490411549,"upper_bound":317.87154861944776},"point_estimate":317.65351375844455,"standard_error":0.10997167984110862},"median_abs_dev":{"confidence_interval":{"confidence_level":0.95,"lower_bound":0.5685223687994623,"upper_bound":1.0099400972489088},"point_estimate":0.7352358679517776,"standard_error":0.11245949178048978},"slope":{"confidence_interval":{"confidence_level":0.95,"lower_bound":316.8685644829489,"upper_bound":317.60303532231865},"point_estimate":317.24742445853764,"standard_error":0.18750670384614804},"std_dev":{"confidence_interval":{"confidence_level":0.95,"lower_bound":1.2091123120905019,"upper_bound":2.8504836938064573},"point_estimate":1.9964244622180358,"standard_error":0.44864733365718384}}