{"mean":{"confidence_interval":{"confidence_level":0.95,"lower_bound":187.85538392080122,"upper_bound":188.8877815091531},"point_estimate":188.28303554471742,"standard_error":0.26895861530695975},"median":{"confidence_interval":{"confidence_level":0.95,"lower_bound":187.9304491377489,"upper_bound":188.06847538517405},"point_estimate":187.97512418521225,"standard_error":0.03553459121357601},"median_abs_dev":{"confidence_interval":{"confidence_level":0.95,"lower_bound":0.2798471949064898,"upper_bound":0.4726477905455903},"point_estimate":0.35422453373452123,"standard_error":0.049461486100577136},"slope":{"confidence_interval":{"confidence_level":0.95,"lower_bound":187.96227969290806,"upper_bound":188.5375142617079},"point_estimate":188.1722417274529,"standard_error":0.15512839977872642},"std_dev":{"confidence_interval":{"confidence_level":0.95,"lower_bound":0.5760826903543634,"upper_bound":4.242867020892392},"point_estimate":2.7072751692540407,"standard_error":0.985000653287847}}