{"mean":{"confidence_interval":{"confidence_level":0.95,"lower_bound":154.4548302569781,"upper_bound":155.4188441859788},"point_estimate":154.94646226836323,"standard_error":0.24571917126462905},"median":{"confidence_interval":{"confidence_level":0.95,"lower_bound":155.2302210298534,"upper_bound":155.35659992341152},"point_estimate":155.29475993911424,"standard_error":0.03221616010648419},"median_abs_dev":{"confidence_interval":{"confidence_level":0.95,"lower_bound":0.25003120560941766,"upper_bound":0.4214352471705987},"point_estimate":0.32208974659498957,"standard_error":0.04280005959487973},"slope":{"confidence_interval":{"confidence_level":0.95,"lower_bound":155.31780236507913,"upper_bound":155.48311877636834},"point_estimate":155.39603054945172,"standard_error":0.04207540923027626},"std_dev":{"confidence_interval":{"confidence_level":0.95,"lower_bound":1.4244676459394305,"upper_bound":3.3143706704590024},"point_estimate":2.466010287692963,"standard_error":0.48043597530407844}}