{"mean":{"confidence_interval":{"confidence_level":0.95,"lower_bound":255.96458667562462,"upper_bound":256.2921985658763},"point_estimate":256.1105731080849,"standard_error":0.08395145165270605},"median":{"confidence_interval":{"confidence_level":0.95,"lower_bound":255.92452046035805,"upper_bound":256.09121960090033},"point_estimate":255.9985104735368,"standard_error":0.04043351615392942},"median_abs_dev":{"confidence_interval":{"confidence_level":0.95,"lower_bound":0.2731927383563842,"upper_bound":0.48124100720358814},"point_estimate":0.3853709466183071,"standard_error":0.05248377168342704},"slope":{"confidence_interval":{"confidence_level":0.95,"lower_bound":255.85741405707847,"upper_bound":255.99314202219182},"point_estimate":255.92308560645975,"standard_error":0.034574503460654354},"std_dev":{"confidence_interval":{"confidence_level":0.95,"lower_bound":0.43481283426292666,"upper_bound":1.2608821024279708},"point_estimate":0.8502019594089635,"standard_error":0.23259359289178433}}