{"mean":{"confidence_interval":{"confidence_level":0.95,"lower_bound":189.85050875509387,"upper_bound":191.4691187809892},"point_estimate":190.46565194406253,"standard_error":0.4354078722923224},"median":{"confidence_interval":{"confidence_level":0.95,"lower_bound":189.69299480770923,"upper_bound":190.07042871963552},"point_estimate":189.86149987476222,"standard_error":0.09736752198644628},"median_abs_dev":{"confidence_interval":{"confidence_level":0.95,"lower_bound":0.47454423997500134,"upper_bound":0.851482380121107},"point_estimate":0.644911852054893,"standard_error":0.0956325800160609},"slope":{"confidence_interval":{"confidence_level":0.95,"lower_bound":189.72365826211995,"upper_bound":190.01636538174714},"point_estimate":189.8692868714997,"standard_error":0.07478067728978154},"std_dev":{"confidence_interval":{"confidence_level":0.95,"lower_bound":0.6839401740813807,"upper_bound":7.28562761345999},"point_estimate":4.365228538425649,"standard_error":2.0590208446158855}}