{"mean":{"confidence_interval":{"confidence_level":0.95,"lower_bound":40.97947502599361,"upper_bound":42.222091713508846},"point_estimate":41.53046468768908,"standard_error":0.31868021824962905},"median":{"confidence_interval":{"confidence_level":0.95,"lower_bound":40.489177489177486,"upper_bound":41.02018252018252},"point_estimate":40.71844843163665,"standard_error":0.1397181374719364},"median_abs_dev":{"confidence_interval":{"confidence_level":0.95,"lower_bound":0.5412532858453756,"upper_bound":1.090455550788531},"point_estimate":0.8184541571587365,"standard_error":0.14527971733633377},"slope":{"confidence_interval":{"confidence_level":0.95,"lower_bound":40.87777638492714,"upper_bound":41.35239723600032},"point_estimate":41.115084932800315,"standard_error":0.12078868535029341},"std_dev":{"confidence_interval":{"confidence_level":0.95,"lower_bound":1.362482658106773,"upper_bound":4.547421107725506},"point_estimate":3.2054611017418977,"standard_error":0.7882505525671238}}