{"mean":{"confidence_interval":{"confidence_level":0.95,"lower_bound":47.571578010210935,"upper_bound":51.58096855173635},"point_estimate":49.40778224871789,"standard_error":1.0284564766105555},"median":{"confidence_interval":{"confidence_level":0.95,"lower_bound":45.82525252525252,"upper_bound":46.14437282229965},"point_estimate":45.909387755102046,"standard_error":0.08039631902715023},"median_abs_dev":{"confidence_interval":{"confidence_level":0.95,"lower_bound":0.3408559995744805,"upper_bound":0.8133036540039501},"point_estimate":0.4662011718474948,"standard_error":0.11903710506579135},"slope":{"confidence_interval":{"confidence_level":0.95,"lower_bound":46.026048633795675,"upper_bound":46.59580262321966},"point_estimate":46.28717279233254,"standard_error":0.1455359281791349},"std_dev":{"confidence_interval":{"confidence_level":0.95,"lower_bound":6.17651061090354,"upper_bound":13.646373069841397},"point_estimate":10.328263798796831,"standard_error":1.9079390785477857}}