{"mean":{"confidence_interval":{"confidence_level":0.95,"lower_bound":43.319362441457535,"upper_bound":46.23170850180964},"point_estimate":44.63894718839821,"standard_error":0.7480731852817764},"median":{"confidence_interval":{"confidence_level":0.95,"lower_bound":42.154319837721474,"upper_bound":42.35445281346921},"point_estimate":42.242209087642344,"standard_error":0.054087023081444245},"median_abs_dev":{"confidence_interval":{"confidence_level":0.95,"lower_bound":0.24670576406271688,"upper_bound":0.5571650205168283},"point_estimate":0.38381080207599233,"standard_error":0.08195517975486225},"slope":{"confidence_interval":{"confidence_level":0.95,"lower_bound":42.41002436859126,"upper_bound":43.16925800625975},"point_estimate":42.75309910438071,"standard_error":0.19461363673160662},"std_dev":{"confidence_interval":{"confidence_level":0.95,"lower_bound":3.836141837778615,"upper_bound":10.35829565933298},"point_estimate":7.514212440868999,"standard_error":1.639861100701579}}