{"mean":{"confidence_interval":{"confidence_level":0.95,"lower_bound":44.419228733840775,"upper_bound":46.80112793255893},"point_estimate":45.44166529591873,"standard_error":0.6152810270374093},"median":{"confidence_interval":{"confidence_level":0.95,"lower_bound":43.56282225237449,"upper_bound":44.16971208033061},"point_estimate":43.680730828615545,"standard_error":0.14261098506333475},"median_abs_dev":{"confidence_interval":{"confidence_level":0.95,"lower_bound":0.17434017154394094,"upper_bound":0.9652435320097852},"point_estimate":0.34421710258228316,"standard_error":0.19681406113400107},"slope":{"confidence_interval":{"confidence_level":0.95,"lower_bound":43.863640600168694,"upper_bound":44.537231099133535},"point_estimate":44.16364684630637,"standard_error":0.1725965952773223},"std_dev":{"confidence_interval":{"confidence_level":0.95,"lower_bound":1.8603746383337867,"upper_bound":9.279061200815239},"point_estimate":6.164029303426926,"standard_error":1.9406052607685762}}