{"mean":{"confidence_interval":{"confidence_level":0.95,"lower_bound":26.699043744670185,"upper_bound":27.981587744093748},"point_estimate":27.26744655526134,"standard_error":0.32989105156214005},"median":{"confidence_interval":{"confidence_level":0.95,"lower_bound":26.360643877735576,"upper_bound":26.49669596079094},"point_estimate":26.452018900343642,"standard_error":0.042289770297711735},"median_abs_dev":{"confidence_interval":{"confidence_level":0.95,"lower_bound":0.21964777050920697,"upper_bound":0.47709649096495177},"point_estimate":0.31472795581835744,"standard_error":0.06862069973554835},"slope":{"confidence_interval":{"confidence_level":0.95,"lower_bound":26.275636709556697,"upper_bound":26.534369766066572},"point_estimate":26.388060920263438,"standard_error":0.06646908580251261},"std_dev":{"confidence_interval":{"confidence_level":0.95,"lower_bound":1.5019597260257982,"upper_bound":4.820611232834498},"point_estimate":3.3101397310938125,"standard_error":0.8612335201784898}}