{"mean":{"confidence_interval":{"confidence_level":0.95,"lower_bound":270.1263512634713,"upper_bound":270.34784930978867},"point_estimate":270.22474546653615,"standard_error":0.0568867382939952},"median":{"confidence_interval":{"confidence_level":0.95,"lower_bound":270.1004633869218,"upper_bound":270.2788684116809},"point_estimate":270.15180367018604,"standard_error":0.03740775430998466},"median_abs_dev":{"confidence_interval":{"confidence_level":0.95,"lower_bound":0.2502085506963616,"upper_bound":0.42151148780216385},"point_estimate":0.33463635519106627,"standard_error":0.042943989338111485},"slope":{"confidence_interval":{"confidence_level":0.95,"lower_bound":270.2289945980449,"upper_bound":270.3269753453583},"point_estimate":270.28015017575234,"standard_error":0.025042769806936878},"std_dev":{"confidence_interval":{"confidence_level":0.95,"lower_bound":0.3027653488584515,"upper_bound":0.8616020169431078},"point_estimate":0.5726833698679246,"standard_error":0.16824100035985354}}