{"mean":{"confidence_interval":{"confidence_level":0.95,"lower_bound":431.0332354267502,"upper_bound":431.9169043127662},"point_estimate":431.3957654096256,"standard_error":0.2314583383412012},"median":{"confidence_interval":{"confidence_level":0.95,"lower_bound":430.70248630425624,"upper_bound":430.90937397574567},"point_estimate":430.78547408343866,"standard_error":0.04937239524251778},"median_abs_dev":{"confidence_interval":{"confidence_level":0.95,"lower_bound":0.30675523945172956,"upper_bound":0.6082932824492793},"point_estimate":0.43013536753112547,"standard_error":0.08357058493177721},"slope":{"confidence_interval":{"confidence_level":0.95,"lower_bound":430.72046977517147,"upper_bound":431.6135040049463},"point_estimate":431.08888174783664,"standard_error":0.23359156835899905},"std_dev":{"confidence_interval":{"confidence_level":0.95,"lower_bound":0.8000125481753445,"upper_bound":3.721845601860151},"point_estimate":2.3198461252451414,"standard_error":0.9105484657406566}}