{"mean":{"confidence_interval":{"confidence_level":0.95,"lower_bound":149.30384091235302,"upper_bound":151.4485287722172},"point_estimate":150.45238138656168,"standard_error":0.5496182524608506},"median":{"confidence_interval":{"confidence_level":0.95,"lower_bound":152.1647342995169,"upper_bound":152.38579349797257},"point_estimate":152.25548748353097,"standard_error":0.05431383448692129},"median_abs_dev":{"confidence_interval":{"confidence_level":0.95,"lower_bound":0.35421083636783357,"upper_bound":0.6112536570894916},"point_estimate":0.4622015667411006,"standard_error":0.06780638975931849},"slope":{"confidence_interval":{"confidence_level":0.95,"lower_bound":152.2798679927239,"upper_bound":152.42985560480085},"point_estimate":152.3557506386033,"standard_error":0.038303172382933695},"std_dev":{"confidence_interval":{"confidence_level":0.95,"lower_bound":3.571363362857897,"upper_bound":7.079949106766855},"point_estimate":5.548071267819548,"standard_error":0.8984625419132117}}