{"mean":{"confidence_interval":{"confidence_level":0.95,"lower_bound":137.29570791523054,"upper_bound":137.73456110103766},"point_estimate":137.47552112044775,"standard_error":0.11386929411537088},"median":{"confidence_interval":{"confidence_level":0.95,"lower_bound":137.36252306001492,"upper_bound":137.46132890509682},"point_estimate":137.416261472354,"standard_error":0.026428185131884937},"median_abs_dev":{"confidence_interval":{"confidence_level":0.95,"lower_bound":0.20847230478118411,"upper_bound":0.3740238733820711},"point_estimate":0.285670884247172,"standard_error":0.043851096737077266},"slope":{"confidence_interval":{"confidence_level":0.95,"lower_bound":137.35598956339967,"upper_bound":137.4848099392019},"point_estimate":137.41936467976439,"standard_error":0.032896036388862133},"std_dev":{"confidence_interval":{"confidence_level":0.95,"lower_bound":0.3918685996863299,"upper_bound":1.8423880450343113},"point_estimate":1.1442577087540597,"standard_error":0.4491731341733064}}