{"mean":{"confidence_interval":{"confidence_level":0.95,"lower_bound":137.25989114223475,"upper_bound":137.4946043201182},"point_estimate":137.38691155714707,"standard_error":0.05963318936226083},"median":{"confidence_interval":{"confidence_level":0.95,"lower_bound":137.3986131037781,"upper_bound":137.5162291080512},"point_estimate":137.4635632301701,"standard_error":0.030389111978056042},"median_abs_dev":{"confidence_interval":{"confidence_level":0.95,"lower_bound":0.2003683847078481,"upper_bound":0.3326762075031231},"point_estimate":0.2769234666540021,"standard_error":0.03230230066973991},"slope":{"confidence_interval":{"confidence_level":0.95,"lower_bound":137.44600363008948,"upper_bound":137.5441601776545},"point_estimate":137.49393013058773,"standard_error":0.025050159605451823},"std_dev":{"confidence_interval":{"confidence_level":0.95,"lower_bound":0.3169342749620687,"upper_bound":0.8821985368484275},"point_estimate":0.5967997110781386,"standard_error":0.15282245496839394}}