{"mean":{"confidence_interval":{"confidence_level":0.95,"lower_bound":126.1069214538667,"upper_bound":126.4197893639222},"point_estimate":126.25833149979704,"standard_error":0.08017686590702139},"median":{"confidence_interval":{"confidence_level":0.95,"lower_bound":126.11690886773503,"upper_bound":126.19904617498024},"point_estimate":126.16077171537606,"standard_error":0.019761878856042005},"median_abs_dev":{"confidence_interval":{"confidence_level":0.95,"lower_bound":0.1355964964210175,"upper_bound":0.24607759957898542},"point_estimate":0.17567023043068836,"standard_error":0.028559084455230397},"slope":{"confidence_interval":{"confidence_level":0.95,"lower_bound":126.23681286047965,"upper_bound":126.54133524054102},"point_estimate":126.37456463762997,"standard_error":0.07786336378182106},"std_dev":{"confidence_interval":{"confidence_level":0.95,"lower_bound":0.5618089414755401,"upper_bound":1.0159656053305612},"point_estimate":0.8074507393449077,"standard_error":0.11612473298986023}}