{"mean":{"confidence_interval":{"confidence_level":0.95,"lower_bound":137.28131194568314,"upper_bound":137.60403199997666},"point_estimate":137.4302913093828,"standard_error":0.08197068543352742},"median":{"confidence_interval":{"confidence_level":0.95,"lower_bound":137.35993969980993,"upper_bound":137.51285289450033},"point_estimate":137.45485825757996,"standard_error":0.041161426440072625},"median_abs_dev":{"confidence_interval":{"confidence_level":0.95,"lower_bound":0.2192785252059224,"upper_bound":0.34665410635546556},"point_estimate":0.27809327417244495,"standard_error":0.03184413445346608},"slope":{"confidence_interval":{"confidence_level":0.95,"lower_bound":137.37785890095086,"upper_bound":137.49177191524927},"point_estimate":137.4374495103203,"standard_error":0.02907827947638995},"std_dev":{"confidence_interval":{"confidence_level":0.95,"lower_bound":0.3909551322171497,"upper_bound":1.2416569898081402},"point_estimate":0.8221459119554938,"standard_error":0.22957524115764985}}