{"mean":{"confidence_interval":{"confidence_level":0.95,"lower_bound":511.46601881252747,"upper_bound":513.5567317274662},"point_estimate":512.5428771876449,"standard_error":0.5344991999922721},"median":{"confidence_interval":{"confidence_level":0.95,"lower_bound":513.6845546558704,"upper_bound":515.2961622807018},"point_estimate":514.6155194119558,"standard_error":0.48116911648550387},"median_abs_dev":{"confidence_interval":{"confidence_level":0.95,"lower_bound":1.6533950928447176,"upper_bound":4.834440508424664},"point_estimate":2.8239399440299335,"standard_error":0.8096703091068516},"slope":{"confidence_interval":{"confidence_level":0.95,"lower_bound":510.8814757719315,"upper_bound":513.1925831252336},"point_estimate":512.1153873985985,"standard_error":0.5916627572477128},"std_dev":{"confidence_interval":{"confidence_level":0.95,"lower_bound":4.314506241022763,"upper_bound":6.332273333968123},"point_estimate":5.364838676870843,"standard_error":0.5167246998648183}}