{"mean":{"confidence_interval":{"confidence_level":0.95,"lower_bound":450.5425992946602,"upper_bound":466.49786469306423},"point_estimate":457.85049386660916,"standard_error":4.077628366008796},"median":{"confidence_interval":{"confidence_level":0.95,"lower_bound":446.4194464525457,"upper_bound":453.2740579058869},"point_estimate":449.513432304038,"standard_error":1.4500980144835631},"median_abs_dev":{"confidence_interval":{"confidence_level":0.95,"lower_bound":10.86188284676788,"upper_bound":26.723378734236643},"point_estimate":15.870862948639662,"standard_error":3.731514927783693},"slope":{"confidence_interval":{"confidence_level":0.95,"lower_bound":450.69288176293696,"upper_bound":461.01385928098574},"point_estimate":455.58889576950037,"standard_error":2.6320991856179647},"std_dev":{"confidence_interval":{"confidence_level":0.95,"lower_bound":25.318523871197176,"upper_bound":58.468139211409955},"point_estimate":41.260165366746804,"standard_error":9.260417618687883}}