{"mean":{"confidence_interval":{"confidence_level":0.95,"lower_bound":137.35334892010238,"upper_bound":137.5063231719248},"point_estimate":137.43249336037223,"standard_error":0.039024932597274846},"median":{"confidence_interval":{"confidence_level":0.95,"lower_bound":137.42747780130958,"upper_bound":137.52968729188711},"point_estimate":137.4872223554927,"standard_error":0.022141038901596518},"median_abs_dev":{"confidence_interval":{"confidence_level":0.95,"lower_bound":0.18557486859068176,"upper_bound":0.3070121564718241},"point_estimate":0.25732748932573746,"standard_error":0.031340399386892134},"slope":{"confidence_interval":{"confidence_level":0.95,"lower_bound":137.4353093836639,"upper_bound":137.52112851159703},"point_estimate":137.47934221313588,"standard_error":0.021897206201501353},"std_dev":{"confidence_interval":{"confidence_level":0.95,"lower_bound":0.26675201432750983,"upper_bound":0.525476296469415},"point_estimate":0.39362860634905367,"standard_error":0.06799047163701667}}