{"mean":{"confidence_interval":{"confidence_level":0.95,"lower_bound":283.4885097470463,"upper_bound":298.5384028993613},"point_estimate":290.5559503870701,"standard_error":3.852581916585963},"median":{"confidence_interval":{"confidence_level":0.95,"lower_bound":269.7647461030116,"upper_bound":270.02617878678046},"point_estimate":269.8201031686127,"standard_error":0.3336068973444425},"median_abs_dev":{"confidence_interval":{"confidence_level":0.95,"lower_bound":0.33597580214064116,"upper_bound":3.9009366668626564},"point_estimate":0.5964414465967038,"standard_error":1.1602388418145113},"slope":{"confidence_interval":{"confidence_level":0.95,"lower_bound":273.22987911360894,"upper_bound":277.76471249582033},"point_estimate":275.1720795459421,"standard_error":1.156357617211162},"std_dev":{"confidence_interval":{"confidence_level":0.95,"lower_bound":27.678686495008932,"upper_bound":48.0862153082005},"point_estimate":38.723791603213414,"standard_error":5.206921592110896}}