{"mean":{"confidence_interval":{"confidence_level":0.95,"lower_bound":137.07879127967004,"upper_bound":137.46543988878298},"point_estimate":137.2428726167318,"standard_error":0.09976309479001057},"median":{"confidence_interval":{"confidence_level":0.95,"lower_bound":137.11272801803648,"upper_bound":137.21714985405433},"point_estimate":137.15472715579082,"standard_error":0.02779117051661994},"median_abs_dev":{"confidence_interval":{"confidence_level":0.95,"lower_bound":0.17778674903744887,"upper_bound":0.2849723428320809},"point_estimate":0.2232331117212744,"standard_error":0.026645907306053918},"slope":{"confidence_interval":{"confidence_level":0.95,"lower_bound":137.10991631373574,"upper_bound":137.2128502487779},"point_estimate":137.16148903054935,"standard_error":0.026231788227387816},"std_dev":{"confidence_interval":{"confidence_level":0.95,"lower_bound":0.3628340599063919,"upper_bound":1.5851444338366423},"point_estimate":1.0034765325729922,"standard_error":0.35452147067339945}}