{"mean":{"confidence_interval":{"confidence_level":0.95,"lower_bound":136.29675530072706,"upper_bound":136.52280538747175},"point_estimate":136.41050362240105,"standard_error":0.0576802904733418},"median":{"confidence_interval":{"confidence_level":0.95,"lower_bound":136.346606432965,"upper_bound":136.55950933306082},"point_estimate":136.45960849102613,"standard_error":0.05927161760985412},"median_abs_dev":{"confidence_interval":{"confidence_level":0.95,"lower_bound":0.3409767157231824,"upper_bound":0.5586777785394578},"point_estimate":0.4193871448769201,"standard_error":0.054965353990475634},"slope":{"confidence_interval":{"confidence_level":0.95,"lower_bound":136.58976191922997,"upper_bound":136.77391120551061},"point_estimate":136.68704447422513,"standard_error":0.04695624484909438},"std_dev":{"confidence_interval":{"confidence_level":0.95,"lower_bound":0.44960700242152457,"upper_bound":0.7041524137674939},"point_estimate":0.5767780908283483,"standard_error":0.06531639703613146}}