{"mean":{"confidence_interval":{"confidence_level":0.95,"lower_bound":430.10277478845654,"upper_bound":430.53488115376797},"point_estimate":430.3038284978374,"standard_error":0.11024425238019155},"median":{"confidence_interval":{"confidence_level":0.95,"lower_bound":429.85975765306125,"upper_bound":430.0286592188054},"point_estimate":429.95307683620325,"standard_error":0.05251829521850961},"median_abs_dev":{"confidence_interval":{"confidence_level":0.95,"lower_bound":0.2559037815144763,"upper_bound":0.448223762101904},"point_estimate":0.3511907987994717,"standard_error":0.04657723627576157},"slope":{"confidence_interval":{"confidence_level":0.95,"lower_bound":429.8774867055391,"upper_bound":429.9946110070904},"point_estimate":429.93629413487724,"standard_error":0.0299165750926959},"std_dev":{"confidence_interval":{"confidence_level":0.95,"lower_bound":0.7477195647394562,"upper_bound":1.4167553201882512},"point_estimate":1.108013531101906,"standard_error":0.1713342093268369}}