{"mean":{"confidence_interval":{"confidence_level":0.95,"lower_bound":515.8937326255713,"upper_bound":516.5593950111524},"point_estimate":516.2096467096876,"standard_error":0.1704607201759292},"median":{"confidence_interval":{"confidence_level":0.95,"lower_bound":515.3103420261597,"upper_bound":515.6309368440087},"point_estimate":515.4790189956188,"standard_error":0.08223175286329042},"median_abs_dev":{"confidence_interval":{"confidence_level":0.95,"lower_bound":0.4502884475641498,"upper_bound":0.9790937526651962},"point_estimate":0.7123867698807842,"standard_error":0.1402785338171332},"slope":{"confidence_interval":{"confidence_level":0.95,"lower_bound":515.2124757092811,"upper_bound":515.4148337634268},"point_estimate":515.3013023064541,"standard_error":0.05190410251602651},"std_dev":{"confidence_interval":{"confidence_level":0.95,"lower_bound":1.2675854060910696,"upper_bound":2.133151442752098},"point_estimate":1.7055532927031358,"standard_error":0.2242077456713238}}