{"mean":{"confidence_interval":{"confidence_level":0.95,"lower_bound":135.6903569343382,"upper_bound":136.168913080796},"point_estimate":135.91479336794862,"standard_error":0.12133220041872476},"median":{"confidence_interval":{"confidence_level":0.95,"lower_bound":135.88530498081542,"upper_bound":136.0699968907621},"point_estimate":135.99316904467105,"standard_error":0.0446977654170704},"median_abs_dev":{"confidence_interval":{"confidence_level":0.95,"lower_bound":0.31032269940870233,"upper_bound":0.5246069249576958},"point_estimate":0.3982445938333642,"standard_error":0.05277860554681979},"slope":{"confidence_interval":{"confidence_level":0.95,"lower_bound":136.01171151761025,"upper_bound":136.16384167341255},"point_estimate":136.08603790014112,"standard_error":0.03881937974272095},"std_dev":{"confidence_interval":{"confidence_level":0.95,"lower_bound":0.637110029543831,"upper_bound":1.7757259192416208},"point_estimate":1.2207854020392062,"standard_error":0.30062293309464144}}