{"mean":{"confidence_interval":{"confidence_level":0.95,"lower_bound":136.82023738530683,"upper_bound":140.6106123863557},"point_estimate":138.35008901269057,"standard_error":1.0156325915357478},"median":{"confidence_interval":{"confidence_level":0.95,"lower_bound":136.7848071931776,"upper_bound":137.0241109913793},"point_estimate":136.92063770999115,"standard_error":0.05411856792174102},"median_abs_dev":{"confidence_interval":{"confidence_level":0.95,"lower_bound":0.2209331099704568,"upper_bound":0.41051696105412266},"point_estimate":0.30422955371368676,"standard_error":0.04811568633677879},"slope":{"confidence_interval":{"confidence_level":0.95,"lower_bound":136.86001159984468,"upper_bound":147.39166066706795},"point_estimate":141.21820185730616,"standard_error":2.7966561648058548},"std_dev":{"confidence_interval":{"confidence_level":0.95,"lower_bound":0.4545315980489294,"upper_bound":16.122516655294962},"point_estimate":10.231903430832048,"standard_error":4.192936112256036}}