{"mean":{"confidence_interval":{"confidence_level":0.95,"lower_bound":430.28772574108035,"upper_bound":430.5934847934737},"point_estimate":430.42836089875885,"standard_error":0.07818247184036646},"median":{"confidence_interval":{"confidence_level":0.95,"lower_bound":430.0841165413534,"upper_bound":430.3218253968254},"point_estimate":430.2280633320744,"standard_error":0.06420021715940127},"median_abs_dev":{"confidence_interval":{"confidence_level":0.95,"lower_bound":0.2698511126333697,"upper_bound":0.4646883480232724},"point_estimate":0.34845257636547916,"standard_error":0.052051599910619195},"slope":{"confidence_interval":{"confidence_level":0.95,"lower_bound":430.1161163462002,"upper_bound":430.26222915363735},"point_estimate":430.18667634687245,"standard_error":0.037062090942706974},"std_dev":{"confidence_interval":{"confidence_level":0.95,"lower_bound":0.49481925060212767,"upper_bound":1.0555555402912413},"point_estimate":0.7865739875211684,"standard_error":0.14499886514508897}}