{"mean":{"confidence_interval":{"confidence_level":0.95,"lower_bound":268.4752106866187,"upper_bound":268.826839606691},"point_estimate":268.65452989106285,"standard_error":0.0895135329348037},"median":{"confidence_interval":{"confidence_level":0.95,"lower_bound":268.7431586270872,"upper_bound":268.9520387700535},"point_estimate":268.8614609306557,"standard_error":0.05534210348532246},"median_abs_dev":{"confidence_interval":{"confidence_level":0.95,"lower_bound":0.2209139344192151,"upper_bound":0.44851748130327335},"point_estimate":0.3235287893018926,"standard_error":0.05613553186275408},"slope":{"confidence_interval":{"confidence_level":0.95,"lower_bound":268.93197750193946,"upper_bound":269.0526578687192},"point_estimate":268.9870638719656,"standard_error":0.031003623442694653},"std_dev":{"confidence_interval":{"confidence_level":0.95,"lower_bound":0.6205832787885213,"upper_bound":1.15662705245225},"point_estimate":0.9044181583372087,"standard_error":0.13722124763455437}}