{"mean":{"confidence_interval":{"confidence_level":0.95,"lower_bound":1552642.200914222,"upper_bound":1602072.60289949},"point_estimate":1577023.8431867787,"standard_error":12638.1850839011},"median":{"confidence_interval":{"confidence_level":0.95,"lower_bound":1530044.3516042782,"upper_bound":1591285.0},"point_estimate":1552156.4464535464,"standard_error":17805.32045286124},"median_abs_dev":{"confidence_interval":{"confidence_level":0.95,"lower_bound":97643.55866540513,"upper_bound":164007.82307199662},"point_estimate":131246.85534411875,"standard_error":17544.210736875335},"slope":{"confidence_interval":{"confidence_level":0.95,"lower_bound":1496564.9990628057,"upper_bound":1536469.9805448526},"point_estimate":1516058.264870696,"standard_error":10187.688880453308},"std_dev":{"confidence_interval":{"confidence_level":0.95,"lower_bound":108966.4149365778,"upper_bound":144218.02555449982},"point_estimate":127113.18497884074,"standard_error":9019.879590609928}}