{"mean":{"confidence_interval":{"confidence_level":0.95,"lower_bound":1754579.5236148795,"upper_bound":1757316.8998629877},"point_estimate":1756054.927271515,"standard_error":697.5051003402059},"median":{"confidence_interval":{"confidence_level":0.95,"lower_bound":1756232.6530612244,"upper_bound":1758434.63377193},"point_estimate":1757329.0840480274,"standard_error":529.6858963110647},"median_abs_dev":{"confidence_interval":{"confidence_level":0.95,"lower_bound":2579.7816353987005,"upper_bound":4299.514074639477},"point_estimate":3441.6581588983995,"standard_error":439.3808875111766},"slope":{"confidence_interval":{"confidence_level":0.95,"lower_bound":1755649.0424451733,"upper_bound":1757682.8431137532},"point_estimate":1756711.2401861977,"standard_error":517.2509373541361},"std_dev":{"confidence_interval":{"confidence_level":0.95,"lower_bound":4094.499214504296,"upper_bound":9395.599179214929},"point_estimate":7009.016000853265,"standard_error":1332.0491708597203}}