{"mean":{"confidence_interval":{"confidence_level":0.95,"lower_bound":1744019.9434536279,"upper_bound":1761559.7915703054},"point_estimate":1752487.6164431155,"standard_error":4464.862933074924},"median":{"confidence_interval":{"confidence_level":0.95,"lower_bound":1735845.5080091534,"upper_bound":1746746.3333333333},"point_estimate":1740531.3178603007,"standard_error":2947.9888919229616},"median_abs_dev":{"confidence_interval":{"confidence_level":0.95,"lower_bound":20329.372238674885,"upper_bound":35627.13076611936},"point_estimate":27728.56470269532,"standard_error":3772.8558070832682},"slope":{"confidence_interval":{"confidence_level":0.95,"lower_bound":1744285.2453745443,"upper_bound":1762132.9557371326},"point_estimate":1752796.2832303827,"standard_error":4559.972877224881},"std_dev":{"confidence_interval":{"confidence_level":0.95,"lower_bound":36050.88624027257,"upper_bound":52636.477499280045},"point_estimate":44951.147223569635,"standard_error":4223.511299030287}}