{"mean":{"confidence_interval":{"confidence_level":0.95,"lower_bound":1720475.9779878655,"upper_bound":1754751.5829721903},"point_estimate":1737319.271883473,"standard_error":8729.030975028427},"median":{"confidence_interval":{"confidence_level":0.95,"lower_bound":1702430.8666666667,"upper_bound":1738196.380952381},"point_estimate":1719729.8744827586,"standard_error":9215.815924580133},"median_abs_dev":{"confidence_interval":{"confidence_level":0.95,"lower_bound":55619.30957304362,"upper_bound":98881.61926148886},"point_estimate":80863.44605098624,"standard_error":10834.622781876267},"slope":{"confidence_interval":{"confidence_level":0.95,"lower_bound":1722878.859308632,"upper_bound":1770950.6715850148},"point_estimate":1746683.3134091916,"standard_error":12292.557832765357},"std_dev":{"confidence_interval":{"confidence_level":0.95,"lower_bound":74748.60493301351,"upper_bound":99000.8083486441},"point_estimate":87726.32041174828,"standard_error":6185.402768575059}}