{"mean":{"confidence_interval":{"confidence_level":0.95,"lower_bound":505.52795388327127,"upper_bound":510.40398256376767},"point_estimate":507.99785491838185,"standard_error":1.2454892190759141},"median":{"confidence_interval":{"confidence_level":0.95,"lower_bound":508.0771455399061,"upper_bound":513.4306031746032},"point_estimate":510.1480707070707,"standard_error":1.3417953558324311},"median_abs_dev":{"confidence_interval":{"confidence_level":0.95,"lower_bound":7.887439935133314,"upper_bound":13.445607642774267},"point_estimate":10.909351476262986,"standard_error":1.5078453127410576},"slope":{"confidence_interval":{"confidence_level":0.95,"lower_bound":500.1255606693013,"upper_bound":505.9522583445533},"point_estimate":503.1096058479878,"standard_error":1.4917280549149212},"std_dev":{"confidence_interval":{"confidence_level":0.95,"lower_bound":10.343670721829493,"upper_bound":14.492181666958386},"point_estimate":12.521146032855567,"standard_error":1.0586463363009888}}