{"mean":{"confidence_interval":{"confidence_level":0.95,"lower_bound":525.4376072571391,"upper_bound":535.580407813095},"point_estimate":530.027196471217,"standard_error":2.610760794130086},"median":{"confidence_interval":{"confidence_level":0.95,"lower_bound":522.2584688346883,"upper_bound":525.1502559470039},"point_estimate":523.5688336379487,"standard_error":0.7347124416923411},"median_abs_dev":{"confidence_interval":{"confidence_level":0.95,"lower_bound":4.436628803286184,"upper_bound":8.180203528364558},"point_estimate":6.092892613937451,"standard_error":0.916027092030418},"slope":{"confidence_interval":{"confidence_level":0.95,"lower_bound":524.950685037741,"upper_bound":532.6985242985188},"point_estimate":528.3741750396372,"standard_error":1.9845619093785998},"std_dev":{"confidence_interval":{"confidence_level":0.95,"lower_bound":14.065047203025351,"upper_bound":37.269857331991844},"point_estimate":26.184860328488657,"standard_error":6.079777851815187}}