{"mean":{"confidence_interval":{"confidence_level":0.95,"lower_bound":501.2556223287478,"upper_bound":554.7604140642019},"point_estimate":526.6822674244684,"standard_error":13.633264771267234},"median":{"confidence_interval":{"confidence_level":0.95,"lower_bound":446.20666666666665,"upper_bound":492.2624708624709},"point_estimate":458.53230769230765,"standard_error":14.373996006414531},"median_abs_dev":{"confidence_interval":{"confidence_level":0.95,"lower_bound":19.95166826117166,"upper_bound":84.06448849494214},"point_estimate":43.83516024138347,"standard_error":18.26707866978308},"slope":{"confidence_interval":{"confidence_level":0.95,"lower_bound":522.0980259080034,"upper_bound":588.3252809233709},"point_estimate":551.96787236703,"standard_error":16.99900434803365},"std_dev":{"confidence_interval":{"confidence_level":0.95,"lower_bound":101.75975555388884,"upper_bound":166.34061658525633},"point_estimate":136.10589862166543,"standard_error":16.60559365815316}}