{"mean":{"confidence_interval":{"confidence_level":0.95,"lower_bound":431.6069935398878,"upper_bound":432.6127043908942},"point_estimate":432.05955272613835,"standard_error":0.2567553181265166},"median":{"confidence_interval":{"confidence_level":0.95,"lower_bound":431.078988125968,"upper_bound":431.3807284251915},"point_estimate":431.1946534172693,"standard_error":0.09204090679521776},"median_abs_dev":{"confidence_interval":{"confidence_level":0.95,"lower_bound":0.374955104861063,"upper_bound":0.8417560702461364},"point_estimate":0.5701971055844683,"standard_error":0.11626332236882075},"slope":{"confidence_interval":{"confidence_level":0.95,"lower_bound":430.86564156653674,"upper_bound":431.3128117125566},"point_estimate":431.05387117175104,"standard_error":0.1159481290226332},"std_dev":{"confidence_interval":{"confidence_level":0.95,"lower_bound":1.4421386937413545,"upper_bound":3.6474408829064626},"point_estimate":2.582486279111713,"standard_error":0.5739241801397624}}