{"mean":{"confidence_interval":{"confidence_level":0.95,"lower_bound":494.1214933583955,"upper_bound":506.8599195644863},"point_estimate":500.32308700307607,"standard_error":3.251843179498185},"median":{"confidence_interval":{"confidence_level":0.95,"lower_bound":489.61986367127497,"upper_bound":501.9439990281827},"point_estimate":495.48554178536403,"standard_error":3.7309945745275006},"median_abs_dev":{"confidence_interval":{"confidence_level":0.95,"lower_bound":19.10029634558238,"upper_bound":33.53170435599197},"point_estimate":25.0212754154021,"standard_error":3.7641413561798314},"slope":{"confidence_interval":{"confidence_level":0.95,"lower_bound":489.4190667673667,"upper_bound":504.4816848789396},"point_estimate":496.5091591924194,"standard_error":3.83089037025005},"std_dev":{"confidence_interval":{"confidence_level":0.95,"lower_bound":25.90477427322462,"upper_bound":38.246755473428706},"point_estimate":32.481414534790105,"standard_error":3.1548801650485854}}