{"mean":{"confidence_interval":{"confidence_level":0.95,"lower_bound":409.2005873698383,"upper_bound":411.68297603535825},"point_estimate":410.22232659428147,"standard_error":0.6454635082497456},"median":{"confidence_interval":{"confidence_level":0.95,"lower_bound":409.360101010101,"upper_bound":409.6971544715447},"point_estimate":409.5518092892253,"standard_error":0.09921550715303422},"median_abs_dev":{"confidence_interval":{"confidence_level":0.95,"lower_bound":0.4224056344669559,"upper_bound":0.7444807421019735},"point_estimate":0.5426741205601499,"standard_error":0.08047048354211654},"slope":{"confidence_interval":{"confidence_level":0.95,"lower_bound":409.5473563805671,"upper_bound":409.989361828921},"point_estimate":409.74871358553764,"standard_error":0.11305755411110349},"std_dev":{"confidence_interval":{"confidence_level":0.95,"lower_bound":1.9667437113069008,"upper_bound":10.464730850260823},"point_estimate":6.485736330839179,"standard_error":2.5489327819401746}}