{"mean":{"confidence_interval":{"confidence_level":0.95,"lower_bound":384.71211828606016,"upper_bound":387.5825192517399},"point_estimate":385.9832272505026,"standard_error":0.7397881450345426},"median":{"confidence_interval":{"confidence_level":0.95,"lower_bound":384.5868074767681,"upper_bound":384.8705244965324},"point_estimate":384.6996462398722,"standard_error":0.07048821873889059},"median_abs_dev":{"confidence_interval":{"confidence_level":0.95,"lower_bound":0.6164037315721234,"upper_bound":1.112959875254144},"point_estimate":0.8342077486041901,"standard_error":0.12936924526124619},"slope":{"confidence_interval":{"confidence_level":0.95,"lower_bound":385.0981362987585,"upper_bound":390.5498666938636},"point_estimate":387.6375270331123,"standard_error":1.3780879815457303},"std_dev":{"confidence_interval":{"confidence_level":0.95,"lower_bound":3.449673200025879,"upper_bound":10.701184348913257},"point_estimate":7.419687750439716,"standard_error":1.891829943345732}}