{"mean":{"confidence_interval":{"confidence_level":0.95,"lower_bound":419.11994214003914,"upper_bound":425.3349981612228},"point_estimate":421.98650054159936,"standard_error":1.590201772816326},"median":{"confidence_interval":{"confidence_level":0.95,"lower_bound":421.09850117554856,"upper_bound":421.5940295511889},"point_estimate":421.2856950431035,"standard_error":0.13490187429063888},"median_abs_dev":{"confidence_interval":{"confidence_level":0.95,"lower_bound":0.9531137581672559,"upper_bound":2.1117116809202114},"point_estimate":1.4021688211956769,"standard_error":0.2958965465018099},"slope":{"confidence_interval":{"confidence_level":0.95,"lower_bound":422.1031087634321,"upper_bound":432.95152927284266},"point_estimate":426.25377614742945,"standard_error":2.943826942803268},"std_dev":{"confidence_interval":{"confidence_level":0.95,"lower_bound":8.248597778831602,"upper_bound":23.54807909353112},"point_estimate":15.963927919739234,"standard_error":4.138756965974281}}