{"mean":{"confidence_interval":{"confidence_level":0.95,"lower_bound":14.663558944936575,"upper_bound":15.133600331682702},"point_estimate":14.828352120839941,"standard_error":0.14243195965038222},"median":{"confidence_interval":{"confidence_level":0.95,"lower_bound":14.63962177825225,"upper_bound":14.662921347144128},"point_estimate":14.651348795924669,"standard_error":0.006726755322711792},"median_abs_dev":{"confidence_interval":{"confidence_level":0.95,"lower_bound":0.030177947507063176,"upper_bound":0.05355080500616833},"point_estimate":0.04203123713387275,"standard_error":0.005924398483558876},"slope":{"confidence_interval":{"confidence_level":0.95,"lower_bound":14.672839297478955,"upper_bound":14.772414236115507},"point_estimate":14.71259687321189,"standard_error":0.02629505973072222},"std_dev":{"confidence_interval":{"confidence_level":0.95,"lower_bound":0.08930840479388931,"upper_bound":2.4408547604996733},"point_estimate":1.4289943680397028,"standard_error":0.8254848226751449}}