{"mean":{"confidence_interval":{"confidence_level":0.95,"lower_bound":12.349754073333537,"upper_bound":12.665387848432482},"point_estimate":12.459320088841814,"standard_error":0.09803316640049436},"median":{"confidence_interval":{"confidence_level":0.95,"lower_bound":12.340968247411865,"upper_bound":12.349447373745036},"point_estimate":12.346284059806365,"standard_error":0.0024416499321623483},"median_abs_dev":{"confidence_interval":{"confidence_level":0.95,"lower_bound":0.023176353596098345,"upper_bound":0.04589218061720031},"point_estimate":0.035080972509226815,"standard_error":0.00579913379183848},"slope":{"confidence_interval":{"confidence_level":0.95,"lower_bound":12.354403875989192,"upper_bound":12.394627650921379},"point_estimate":12.372912094643173,"standard_error":0.010309849761920842},"std_dev":{"confidence_interval":{"confidence_level":0.95,"lower_bound":0.06262212845180114,"upper_bound":1.6827688632518694},"point_estimate":0.982871439821171,"standard_error":0.5824327849631339}}