{"mean":{"confidence_interval":{"confidence_level":0.95,"lower_bound":12.382149526406428,"upper_bound":12.642919169632636},"point_estimate":12.474735755404684,"standard_error":0.07588453068696176},"median":{"confidence_interval":{"confidence_level":0.95,"lower_bound":12.367720421501934,"upper_bound":12.380804818491757},"point_estimate":12.376141702472236,"standard_error":0.003445369895125311},"median_abs_dev":{"confidence_interval":{"confidence_level":0.95,"lower_bound":0.01957126918599522,"upper_bound":0.03606692819747461},"point_estimate":0.027640312149495316,"standard_error":0.004165045758566137},"slope":{"confidence_interval":{"confidence_level":0.95,"lower_bound":12.37991090520835,"upper_bound":12.414534319876925},"point_estimate":12.39495770132101,"standard_error":0.008879519296588248},"std_dev":{"confidence_interval":{"confidence_level":0.95,"lower_bound":0.060312914429002204,"upper_bound":1.2940410329310748},"point_estimate":0.7602152227983907,"standard_error":0.42063465215045787}}