{"mean":{"confidence_interval":{"confidence_level":0.95,"lower_bound":29.45066449646022,"upper_bound":30.58451044016966},"point_estimate":29.993394636203842,"standard_error":0.2891777619907435},"median":{"confidence_interval":{"confidence_level":0.95,"lower_bound":28.554043415118855,"upper_bound":28.851591760299627},"point_estimate":28.714179725819612,"standard_error":0.07801092705767886},"median_abs_dev":{"confidence_interval":{"confidence_level":0.95,"lower_bound":0.5084205004221477,"upper_bound":0.9516588444727996},"point_estimate":0.7876297271012911,"standard_error":0.11753010139011168},"slope":{"confidence_interval":{"confidence_level":0.95,"lower_bound":29.458569764592614,"upper_bound":30.876046374655424},"point_estimate":30.133876130527693,"standard_error":0.36149026830547326},"std_dev":{"confidence_interval":{"confidence_level":0.95,"lower_bound":2.271354389778176,"upper_bound":3.502814658871758},"point_estimate":2.9106193982006494,"standard_error":0.31335474804574537}}