{"mean":{"confidence_interval":{"confidence_level":0.95,"lower_bound":35.789896009897134,"upper_bound":37.059612278968295},"point_estimate":36.34175303392022,"standard_error":0.32680576475152956},"median":{"confidence_interval":{"confidence_level":0.95,"lower_bound":35.46104266949498,"upper_bound":35.679611650485434},"point_estimate":35.60463596073024,"standard_error":0.05463495748908716},"median_abs_dev":{"confidence_interval":{"confidence_level":0.95,"lower_bound":0.4359035844941753,"upper_bound":0.6951608531861767},"point_estimate":0.6008479090905077,"standard_error":0.06533370820467149},"slope":{"confidence_interval":{"confidence_level":0.95,"lower_bound":35.53327304838271,"upper_bound":35.708461349058204},"point_estimate":35.61660743671817,"standard_error":0.04470099027989793},"std_dev":{"confidence_interval":{"confidence_level":0.95,"lower_bound":1.107770834399612,"upper_bound":4.935188694891793},"point_estimate":3.268750751338809,"standard_error":0.9711073002631858}}