{"mean":{"confidence_interval":{"confidence_level":0.95,"lower_bound":32.79281827027784,"upper_bound":34.25929626378125},"point_estimate":33.447997410669494,"standard_error":0.37620029095487806},"median":{"confidence_interval":{"confidence_level":0.95,"lower_bound":32.36558062792942,"upper_bound":32.6901700087184},"point_estimate":32.571918485135996,"standard_error":0.105175137771406},"median_abs_dev":{"confidence_interval":{"confidence_level":0.95,"lower_bound":0.3478358889259311,"upper_bound":0.6115980371154943},"point_estimate":0.46278253014491033,"standard_error":0.07885021162489719},"slope":{"confidence_interval":{"confidence_level":0.95,"lower_bound":32.56570503735953,"upper_bound":32.864815911602314},"point_estimate":32.685333604255945,"standard_error":0.07769011017265655},"std_dev":{"confidence_interval":{"confidence_level":0.95,"lower_bound":1.868010838547728,"upper_bound":5.225306287254606},"point_estimate":3.7811297705104536,"standard_error":0.8741140526105925}}