{"mean":{"confidence_interval":{"confidence_level":0.95,"lower_bound":35.300759882360154,"upper_bound":36.63389401149681},"point_estimate":35.889999376286475,"standard_error":0.34353379887072183},"median":{"confidence_interval":{"confidence_level":0.95,"lower_bound":34.91672748503868,"upper_bound":35.19424382178907},"point_estimate":35.071303531266665,"standard_error":0.0836775268115244},"median_abs_dev":{"confidence_interval":{"confidence_level":0.95,"lower_bound":0.2995903262105835,"upper_bound":0.5960435358237938},"point_estimate":0.4230014309279449,"standard_error":0.08450129327463013},"slope":{"confidence_interval":{"confidence_level":0.95,"lower_bound":35.045570449457834,"upper_bound":35.22609775950568},"point_estimate":35.13310046693195,"standard_error":0.04619172038678171},"std_dev":{"confidence_interval":{"confidence_level":0.95,"lower_bound":1.4187724061093518,"upper_bound":4.964994921031591},"point_estimate":3.456687594366964,"standard_error":0.9017338796528884}}