{"mean":{"confidence_interval":{"confidence_level":0.95,"lower_bound":14.846781141250867,"upper_bound":15.571251219954972},"point_estimate":15.173488302835898,"standard_error":0.18603594510484744},"median":{"confidence_interval":{"confidence_level":0.95,"lower_bound":14.63085276131203,"upper_bound":14.64349886860268},"point_estimate":14.638598809284659,"standard_error":0.0026253558365450123},"median_abs_dev":{"confidence_interval":{"confidence_level":0.95,"lower_bound":0.018724455310939445,"upper_bound":0.038136571381714},"point_estimate":0.027431315602699027,"standard_error":0.004914738115228692},"slope":{"confidence_interval":{"confidence_level":0.95,"lower_bound":14.772322035800597,"upper_bound":15.432645002459493},"point_estimate":15.067868269443355,"standard_error":0.16954650566721136},"std_dev":{"confidence_interval":{"confidence_level":0.95,"lower_bound":1.0244501908619152,"upper_bound":2.5440157699101618},"point_estimate":1.8672861773449436,"standard_error":0.38753444553962907}}