{"mean":{"confidence_interval":{"confidence_level":0.95,"lower_bound":12.127326841156107,"upper_bound":12.292197627152094},"point_estimate":12.186895464246032,"standard_error":0.04737634939814188},"median":{"confidence_interval":{"confidence_level":0.95,"lower_bound":12.122487819932903,"upper_bound":12.137954139408567},"point_estimate":12.128271031358015,"standard_error":0.00407666419362685},"median_abs_dev":{"confidence_interval":{"confidence_level":0.95,"lower_bound":0.024014167544933778,"upper_bound":0.04847485355566716},"point_estimate":0.036104443016005475,"standard_error":0.006431269423622854},"slope":{"confidence_interval":{"confidence_level":0.95,"lower_bound":12.133605316599924,"upper_bound":12.16766036582602},"point_estimate":12.148165569605265,"standard_error":0.008785653376452205},"std_dev":{"confidence_interval":{"confidence_level":0.95,"lower_bound":0.0608926913284469,"upper_bound":0.8025135540204683},"point_estimate":0.4730760354280138,"standard_error":0.25500928404106993}}