{"mean":{"confidence_interval":{"confidence_level":0.95,"lower_bound":14.587612303896934,"upper_bound":14.915838294484534},"point_estimate":14.744784976739878,"standard_error":0.08378550790806302},"median":{"confidence_interval":{"confidence_level":0.95,"lower_bound":14.281656679477095,"upper_bound":14.338756203094825},"point_estimate":14.297083526861744,"standard_error":0.014476402654457704},"median_abs_dev":{"confidence_interval":{"confidence_level":0.95,"lower_bound":0.02734579631046178,"upper_bound":0.11530365150278378},"point_estimate":0.05220900680828779,"standard_error":0.02321033260745581},"slope":{"confidence_interval":{"confidence_level":0.95,"lower_bound":14.879842702406735,"upper_bound":15.448550822475928},"point_estimate":15.167223660591791,"standard_error":0.14614504928718683},"std_dev":{"confidence_interval":{"confidence_level":0.95,"lower_bound":0.6610516735740275,"upper_bound":0.9841554522222282},"point_estimate":0.8412243469471431,"standard_error":0.08248477054231232}}