{"mean":{"confidence_interval":{"confidence_level":0.95,"lower_bound":12.039820768688987,"upper_bound":12.290654349044303},"point_estimate":12.13362386016686,"standard_error":0.06784010392160554},"median":{"confidence_interval":{"confidence_level":0.95,"lower_bound":12.020598056441473,"upper_bound":12.034308035266001},"point_estimate":12.029563640434963,"standard_error":0.0036138641093991872},"median_abs_dev":{"confidence_interval":{"confidence_level":0.95,"lower_bound":0.01642046539642672,"upper_bound":0.03275918917998329},"point_estimate":0.023838083612645524,"standard_error":0.0040018093335311205},"slope":{"confidence_interval":{"confidence_level":0.95,"lower_bound":12.028365149999443,"upper_bound":12.053127582263208},"point_estimate":12.039478050626565,"standard_error":0.006365008142439606},"std_dev":{"confidence_interval":{"confidence_level":0.95,"lower_bound":0.04934516710766205,"upper_bound":1.1397587685529562},"point_estimate":0.6837352972157533,"standard_error":0.32873513577589997}}