{"mean":{"confidence_interval":{"confidence_level":0.95,"lower_bound":13.657034735949605,"upper_bound":13.831594060332396},"point_estimate":13.7283159370674,"standard_error":0.04582494706224226},"median":{"confidence_interval":{"confidence_level":0.95,"lower_bound":13.636363636363637,"upper_bound":13.650188486057324},"point_estimate":13.642594027600015,"standard_error":0.0030029862342338992},"median_abs_dev":{"confidence_interval":{"confidence_level":0.95,"lower_bound":0.02140893070507769,"upper_bound":0.0364430831523091},"point_estimate":0.027967176504388562,"standard_error":0.00388884298317575},"slope":{"confidence_interval":{"confidence_level":0.95,"lower_bound":13.653554117135933,"upper_bound":13.7682426536079},"point_estimate":13.698062362838293,"standard_error":0.03061704624791289},"std_dev":{"confidence_interval":{"confidence_level":0.95,"lower_bound":0.11493848318793565,"upper_bound":0.7452287025420428},"point_estimate":0.46168340378485384,"standard_error":0.18441547478394896}}