{"mean":{"confidence_interval":{"confidence_level":0.95,"lower_bound":12.359181262336945,"upper_bound":12.720417728237257},"point_estimate":12.503536102171683,"standard_error":0.09513752890806632},"median":{"confidence_interval":{"confidence_level":0.95,"lower_bound":12.336152260100484,"upper_bound":12.346528110364044},"point_estimate":12.34070280905798,"standard_error":0.0024312758172945893},"median_abs_dev":{"confidence_interval":{"confidence_level":0.95,"lower_bound":0.019857217241322653,"upper_bound":0.04874015237968843},"point_estimate":0.03450139112207379,"standard_error":0.00785027682660906},"slope":{"confidence_interval":{"confidence_level":0.95,"lower_bound":12.34445205000016,"upper_bound":12.379935882052155},"point_estimate":12.360832598043467,"standard_error":0.009063656053319146},"std_dev":{"confidence_interval":{"confidence_level":0.95,"lower_bound":0.09854314088092922,"upper_bound":1.539426776709236},"point_estimate":0.9525111123029937,"standard_error":0.392124527384456}}