{"mean":{"confidence_interval":{"confidence_level":0.95,"lower_bound":370.14446312158276,"upper_bound":380.77067118872657},"point_estimate":374.944902737683,"standard_error":2.7115361836669774},"median":{"confidence_interval":{"confidence_level":0.95,"lower_bound":366.1326845844918,"upper_bound":372.4014138746768},"point_estimate":368.40715720022945,"standard_error":1.5970518540492655},"median_abs_dev":{"confidence_interval":{"confidence_level":0.95,"lower_bound":11.888644022535443,"upper_bound":19.657707958463565},"point_estimate":16.030732076228304,"standard_error":2.023208079549088},"slope":{"confidence_interval":{"confidence_level":0.95,"lower_bound":365.06016042679465,"upper_bound":373.88783224756656},"point_estimate":369.2038277537518,"standard_error":2.2518338901126422},"std_dev":{"confidence_interval":{"confidence_level":0.95,"lower_bound":16.763648641709153,"upper_bound":38.66680072994194},"point_estimate":27.215175352768394,"standard_error":6.339014393334321}}