{"mean":{"confidence_interval":{"confidence_level":0.95,"lower_bound":431.6930811832167,"upper_bound":432.5018127758574},"point_estimate":432.0565799689884,"standard_error":0.20867298150609465},"median":{"confidence_interval":{"confidence_level":0.95,"lower_bound":431.3228471254983,"upper_bound":431.47774208186917},"point_estimate":431.4033693920827,"standard_error":0.03923376169924223},"median_abs_dev":{"confidence_interval":{"confidence_level":0.95,"lower_bound":0.2615583680510469,"upper_bound":0.47345254635019285},"point_estimate":0.3706313147983707,"standard_error":0.0527260601314029},"slope":{"confidence_interval":{"confidence_level":0.95,"lower_bound":431.28654286640256,"upper_bound":431.39192289168875},"point_estimate":431.3378678095565,"standard_error":0.027015312694000364},"std_dev":{"confidence_interval":{"confidence_level":0.95,"lower_bound":1.0516213484615469,"upper_bound":3.0501956692028744},"point_estimate":2.097074871591506,"standard_error":0.5319679716649021}}