{"mean":{"confidence_interval":{"confidence_level":0.95,"lower_bound":431.294528281343,"upper_bound":432.236360561556},"point_estimate":431.71842064037793,"standard_error":0.24316516822297676},"median":{"confidence_interval":{"confidence_level":0.95,"lower_bound":430.8025511622734,"upper_bound":430.9997153004467},"point_estimate":430.9242665125018,"standard_error":0.046955289447356434},"median_abs_dev":{"confidence_interval":{"confidence_level":0.95,"lower_bound":0.3788006946970733,"upper_bound":0.7019077974438608},"point_estimate":0.5383037892420005,"standard_error":0.08241982349009558},"slope":{"confidence_interval":{"confidence_level":0.95,"lower_bound":430.70843988928755,"upper_bound":431.06460275443135},"point_estimate":430.84698785973796,"standard_error":0.09314321968221421},"std_dev":{"confidence_interval":{"confidence_level":0.95,"lower_bound":1.354443734418309,"upper_bound":3.4726030687483895},"point_estimate":2.437715038154165,"standard_error":0.5681140378489993}}