{"mean":{"confidence_interval":{"confidence_level":0.95,"lower_bound":429.87883450619904,"upper_bound":430.91443141466186},"point_estimate":430.3351155238437,"standard_error":0.26636575600095086},"median":{"confidence_interval":{"confidence_level":0.95,"lower_bound":429.46063044051704,"upper_bound":429.72354793238037},"point_estimate":429.5226099408373,"standard_error":0.07485709606521027},"median_abs_dev":{"confidence_interval":{"confidence_level":0.95,"lower_bound":0.34466358046256945,"upper_bound":0.6763921669561495},"point_estimate":0.41964142950580346,"standard_error":0.08098407196190019},"slope":{"confidence_interval":{"confidence_level":0.95,"lower_bound":429.4827978393241,"upper_bound":429.75760172417176},"point_estimate":429.6100613899821,"standard_error":0.07039225210950054},"std_dev":{"confidence_interval":{"confidence_level":0.95,"lower_bound":1.1537881839482471,"upper_bound":3.9105478359272787},"point_estimate":2.6738483939583007,"standard_error":0.7136989625881532}}