{"mean":{"confidence_interval":{"confidence_level":0.95,"lower_bound":377.1082693921329,"upper_bound":389.82589163362553},"point_estimate":383.2061867127423,"standard_error":3.2370655171582112},"median":{"confidence_interval":{"confidence_level":0.95,"lower_bound":368.96326864766525,"upper_bound":383.72090936426116},"point_estimate":377.03269397721107,"standard_error":4.552248651171295},"median_abs_dev":{"confidence_interval":{"confidence_level":0.95,"lower_bound":19.212612710866484,"upper_bound":32.691782086483386},"point_estimate":23.900587283503043,"standard_error":3.4228739494793157},"slope":{"confidence_interval":{"confidence_level":0.95,"lower_bound":367.8046120807509,"upper_bound":379.1979220293167},"point_estimate":373.3319952467935,"standard_error":2.90533753477086},"std_dev":{"confidence_interval":{"confidence_level":0.95,"lower_bound":24.78723594536521,"upper_bound":40.48594868553187},"point_estimate":32.564707786839534,"standard_error":4.059813587323581}}