{"mean":{"confidence_interval":{"confidence_level":0.95,"lower_bound":419.30389914869835,"upper_bound":434.1967789745509},"point_estimate":426.1440632496639,"standard_error":3.8136169542886877},"median":{"confidence_interval":{"confidence_level":0.95,"lower_bound":412.273604056935,"upper_bound":421.70428893905193},"point_estimate":416.8633846401905,"standard_error":2.462083684697185},"median_abs_dev":{"confidence_interval":{"confidence_level":0.95,"lower_bound":12.42249668405174,"upper_bound":22.558085768626107},"point_estimate":16.875547706701767,"standard_error":2.5874086837108172},"slope":{"confidence_interval":{"confidence_level":0.95,"lower_bound":418.37818139614905,"upper_bound":432.2311815783814},"point_estimate":424.4871208403816,"standard_error":3.556842324018761},"std_dev":{"confidence_interval":{"confidence_level":0.95,"lower_bound":22.63904243162104,"upper_bound":52.07239783788775},"point_estimate":38.48372881647093,"standard_error":7.53635260318611}}