{"mean":{"confidence_interval":{"confidence_level":0.95,"lower_bound":430.2416940259591,"upper_bound":431.2491791521544},"point_estimate":430.6799190119463,"standard_error":0.2577619551976028},"median":{"confidence_interval":{"confidence_level":0.95,"lower_bound":429.86545239503255,"upper_bound":430.2565316705766},"point_estimate":430.0093244907769,"standard_error":0.10715045413322809},"median_abs_dev":{"confidence_interval":{"confidence_level":0.95,"lower_bound":0.49411653383065396,"upper_bound":0.8716608808177658},"point_estimate":0.6094775657884189,"standard_error":0.08848156823885243},"slope":{"confidence_interval":{"confidence_level":0.95,"lower_bound":430.0185403528925,"upper_bound":430.5994165047341},"point_estimate":430.2772849469418,"standard_error":0.14864030370824385},"std_dev":{"confidence_interval":{"confidence_level":0.95,"lower_bound":1.0606250798511017,"upper_bound":3.839709305226968},"point_estimate":2.5733976015743285,"standard_error":0.7335277510391743}}