{"mean":{"confidence_interval":{"confidence_level":0.95,"lower_bound":32.001780252579806,"upper_bound":33.146911150134684},"point_estimate":32.50123414681863,"standard_error":0.29250321199464413},"median":{"confidence_interval":{"confidence_level":0.95,"lower_bound":31.864249342510213,"upper_bound":32.00393473830974},"point_estimate":31.935259511346466,"standard_error":0.03359062250325069},"median_abs_dev":{"confidence_interval":{"confidence_level":0.95,"lower_bound":0.19127511372130376,"upper_bound":0.33246489581032906},"point_estimate":0.2396907157818164,"standard_error":0.036399990588630304},"slope":{"confidence_interval":{"confidence_level":0.95,"lower_bound":31.860502075081214,"upper_bound":31.978954011401083},"point_estimate":31.91817544031819,"standard_error":0.030176668933701925},"std_dev":{"confidence_interval":{"confidence_level":0.95,"lower_bound":0.38817674356097426,"upper_bound":4.377711775841515},"point_estimate":2.9362011349714936,"standard_error":0.9375254297344867}}