{"mean":{"confidence_interval":{"confidence_level":0.95,"lower_bound":35.41583872937228,"upper_bound":36.21728552663902},"point_estimate":35.734554523344976,"standard_error":0.21132327069983656},"median":{"confidence_interval":{"confidence_level":0.95,"lower_bound":35.11376576588217,"upper_bound":35.62149954832881},"point_estimate":35.37320503510046,"standard_error":0.16521310349255497},"median_abs_dev":{"confidence_interval":{"confidence_level":0.95,"lower_bound":0.3331220632385628,"upper_bound":0.7989835251651384},"point_estimate":0.538287210858352,"standard_error":0.1108502775719995},"slope":{"confidence_interval":{"confidence_level":0.95,"lower_bound":35.482480206701396,"upper_bound":35.62281896059029},"point_estimate":35.55417953625103,"standard_error":0.03591860882131966},"std_dev":{"confidence_interval":{"confidence_level":0.95,"lower_bound":0.6388573430853588,"upper_bound":3.46508730314575},"point_estimate":2.12422311407046,"standard_error":0.9045628047979429}}