{"mean":{"confidence_interval":{"confidence_level":0.95,"lower_bound":3.8310612366484285,"upper_bound":4.006601355349718},"point_estimate":3.912737720127343,"standard_error":0.04450470395846914},"median":{"confidence_interval":{"confidence_level":0.95,"lower_bound":4.058217587423519,"upper_bound":4.063840211717009},"point_estimate":4.062405383742058,"standard_error":0.01898227845703726},"median_abs_dev":{"confidence_interval":{"confidence_level":0.95,"lower_bound":0.0317547171637375,"upper_bound":0.37542694072684984},"point_estimate":0.25418858024714786,"standard_error":0.08817480021056319},"slope":{"confidence_interval":{"confidence_level":0.95,"lower_bound":3.9407382177590344,"upper_bound":4.015020975094467},"point_estimate":3.9825962598166234,"standard_error":0.018936809794303327},"std_dev":{"confidence_interval":{"confidence_level":0.95,"lower_bound":0.3064635324036213,"upper_bound":0.6285843702961182},"point_estimate":0.44751200875728225,"standard_error":0.09942548312917848}}