{"mean":{"confidence_interval":{"confidence_level":0.95,"lower_bound":3.609855434351308,"upper_bound":3.694178903299778},"point_estimate":3.6428752977254875,"standard_error":0.02234124060541101},"median":{"confidence_interval":{"confidence_level":0.95,"lower_bound":3.5973913053152975,"upper_bound":3.604162322259439},"point_estimate":3.6007984839466913,"standard_error":0.0017449052389273245},"median_abs_dev":{"confidence_interval":{"confidence_level":0.95,"lower_bound":0.008582304296360912,"upper_bound":0.01607862550350131},"point_estimate":0.010746919447397621,"standard_error":0.0019311241330867673},"slope":{"confidence_interval":{"confidence_level":0.95,"lower_bound":3.6057600817736097,"upper_bound":3.648781469503136},"point_estimate":3.624018070597493,"standard_error":0.011126155086320854},"std_dev":{"confidence_interval":{"confidence_level":0.95,"lower_bound":0.055753698075877274,"upper_bound":0.3673845100804687},"point_estimate":0.22381400162758958,"standard_error":0.09810491653413526}}