{"mean":{"confidence_interval":{"confidence_level":0.95,"lower_bound":3.7120376905426378,"upper_bound":3.8946496152146004},"point_estimate":3.8018402274127574,"standard_error":0.04656385818931131},"median":{"confidence_interval":{"confidence_level":0.95,"lower_bound":4.054271626226867,"upper_bound":4.064605204477241},"point_estimate":4.06207859585051,"standard_error":0.025127816456002296},"median_abs_dev":{"confidence_interval":{"confidence_level":0.95,"lower_bound":0.013465199640492325,"upper_bound":0.2268352990588477},"point_estimate":0.03389205310005569,"standard_error":0.0631975312010242},"slope":{"confidence_interval":{"confidence_level":0.95,"lower_bound":4.00339759387256,"upper_bound":4.052349221806145},"point_estimate":4.030582519377497,"standard_error":0.012458568966560068},"std_dev":{"confidence_interval":{"confidence_level":0.95,"lower_bound":0.3799985016195256,"upper_bound":0.586350192545567},"point_estimate":0.468516672378874,"standard_error":0.0578131720319546}}