{"mean":{"confidence_interval":{"confidence_level":0.95,"lower_bound":3.6093761521217926,"upper_bound":3.6884699093322886},"point_estimate":3.6411254465598715,"standard_error":0.02082245509748014},"median":{"confidence_interval":{"confidence_level":0.95,"lower_bound":3.597125755005368,"upper_bound":3.6046010855107906},"point_estimate":3.600208821195951,"standard_error":0.0018312651280308495},"median_abs_dev":{"confidence_interval":{"confidence_level":0.95,"lower_bound":0.010736609840708254,"upper_bound":0.01870965707493654},"point_estimate":0.01518352613715485,"standard_error":0.002047345257949928},"slope":{"confidence_interval":{"confidence_level":0.95,"lower_bound":3.601967095872216,"upper_bound":3.6167029042398933},"point_estimate":3.608529919837733,"standard_error":0.0037790036260580426},"std_dev":{"confidence_interval":{"confidence_level":0.95,"lower_bound":0.04734149747061058,"upper_bound":0.3417732408031191},"point_estimate":0.2098685247211367,"standard_error":0.08685534180278502}}