{"mean":{"confidence_interval":{"confidence_level":0.95,"lower_bound":3.7652530498001107,"upper_bound":3.929779317345202},"point_estimate":3.8487294766275473,"standard_error":0.04202780959261058},"median":{"confidence_interval":{"confidence_level":0.95,"lower_bound":4.066128259202454,"upper_bound":4.069858655777994},"point_estimate":4.0678884207351,"standard_error":0.001013203196834557},"median_abs_dev":{"confidence_interval":{"confidence_level":0.95,"lower_bound":0.01124249854552575,"upper_bound":0.032302406783986666},"point_estimate":0.01670043748536447,"standard_error":0.006837462328994628},"slope":{"confidence_interval":{"confidence_level":0.95,"lower_bound":4.039005094722174,"upper_bound":4.0648190529952375},"point_estimate":4.0536009413138,"standard_error":0.006595159904895895},"std_dev":{"confidence_interval":{"confidence_level":0.95,"lower_bound":0.3594018956108864,"upper_bound":0.4838195460316276},"point_estimate":0.42185157545548174,"standard_error":0.03154723971388075}}