{"mean":{"confidence_interval":{"confidence_level":0.95,"lower_bound":3.61557034656301,"upper_bound":3.729051886006314},"point_estimate":3.6701235977267226,"standard_error":0.028826047304048776},"median":{"confidence_interval":{"confidence_level":0.95,"lower_bound":3.7546366891643768,"upper_bound":3.759486232570409},"point_estimate":3.756503002657619,"standard_error":0.0011174916057108345},"median_abs_dev":{"confidence_interval":{"confidence_level":0.95,"lower_bound":0.006398174206602034,"upper_bound":0.015092669132388038},"point_estimate":0.008713618835751046,"standard_error":0.0022013791622934233},"slope":{"confidence_interval":{"confidence_level":0.95,"lower_bound":3.75123688898399,"upper_bound":3.7608050366687373},"point_estimate":3.7562599754180663,"standard_error":0.002417885059439332},"std_dev":{"confidence_interval":{"confidence_level":0.95,"lower_bound":0.19623951181669014,"upper_bound":0.40283187407074456},"point_estimate":0.2916386930061306,"standard_error":0.05721583099424619}}