{"mean":{"confidence_interval":{"confidence_level":0.95,"lower_bound":2.2268954496715265,"upper_bound":2.281567013239991},"point_estimate":2.2519116690023715,"standard_error":0.014007141668366387},"median":{"confidence_interval":{"confidence_level":0.95,"lower_bound":2.2349928106838712,"upper_bound":2.264420525914981},"point_estimate":2.246025423406822,"standard_error":0.007235496273485688},"median_abs_dev":{"confidence_interval":{"confidence_level":0.95,"lower_bound":0.04706754795257269,"upper_bound":0.08257351753429233},"point_estimate":0.0693043931068523,"standard_error":0.009270551195403685},"slope":{"confidence_interval":{"confidence_level":0.95,"lower_bound":2.226649572595328,"upper_bound":2.255343544055632},"point_estimate":2.2412787501999816,"standard_error":0.0073266630167536295},"std_dev":{"confidence_interval":{"confidence_level":0.95,"lower_bound":0.07904807798650568,"upper_bound":0.20187981007323957},"point_estimate":0.14051574218228946,"standard_error":0.03280731618917091}}