{"mean":{"confidence_interval":{"confidence_level":0.95,"lower_bound":2.7970274559225667,"upper_bound":2.8606542859985993},"point_estimate":2.8200720175473224,"standard_error":0.01843252245025187},"median":{"confidence_interval":{"confidence_level":0.95,"lower_bound":2.790412488104824,"upper_bound":2.7947061539587708},"point_estimate":2.792391255723918,"standard_error":0.0010478634423429275},"median_abs_dev":{"confidence_interval":{"confidence_level":0.95,"lower_bound":0.006025303864687319,"upper_bound":0.011243208242650543},"point_estimate":0.007934493520757755,"standard_error":0.0013857539666437462},"slope":{"confidence_interval":{"confidence_level":0.95,"lower_bound":2.7946575770437425,"upper_bound":2.8090598948393803},"point_estimate":2.8011878230652254,"standard_error":0.00369222978803048},"std_dev":{"confidence_interval":{"confidence_level":0.95,"lower_bound":0.020504837789100876,"upper_bound":0.3153224573880719},"point_estimate":0.18562186815391815,"standard_error":0.10116820362350522}}