{"mean":{"confidence_interval":{"confidence_level":0.95,"lower_bound":3.678628566431101,"upper_bound":3.777418927100518},"point_estimate":3.7172693419261975,"standard_error":0.026330516409706448},"median":{"confidence_interval":{"confidence_level":0.95,"lower_bound":3.6633342776250704,"upper_bound":3.668742491858091},"point_estimate":3.6652108081690127,"standard_error":0.0014457824114644316},"median_abs_dev":{"confidence_interval":{"confidence_level":0.95,"lower_bound":0.01021301865480888,"upper_bound":0.01928929653017163},"point_estimate":0.013975022878112779,"standard_error":0.002289820994479783},"slope":{"confidence_interval":{"confidence_level":0.95,"lower_bound":3.669051922267916,"upper_bound":3.6833623603145567},"point_estimate":3.675363186797132,"standard_error":0.0036606744113803404},"std_dev":{"confidence_interval":{"confidence_level":0.95,"lower_bound":0.0624294331614338,"upper_bound":0.437739999663198},"point_estimate":0.2657475890743682,"standard_error":0.11920255219969006}}