{"mean":{"confidence_interval":{"confidence_level":0.95,"lower_bound":3.149428834712771,"upper_bound":3.195046827545888},"point_estimate":3.168305965540615,"standard_error":0.011905169057979392},"median":{"confidence_interval":{"confidence_level":0.95,"lower_bound":3.1439807230231542,"upper_bound":3.149273289474216},"point_estimate":3.146806069017533,"standard_error":0.0014686446365041407},"median_abs_dev":{"confidence_interval":{"confidence_level":0.95,"lower_bound":0.007851615860733439,"upper_bound":0.01375700450540245},"point_estimate":0.010337976609522582,"standard_error":0.0015188349415702282},"slope":{"confidence_interval":{"confidence_level":0.95,"lower_bound":3.145752187327275,"upper_bound":3.154629838148124},"point_estimate":3.1495539572100437,"standard_error":0.002269486813689331},"std_dev":{"confidence_interval":{"confidence_level":0.95,"lower_bound":0.029156262303956976,"upper_bound":0.1910903618282355},"point_estimate":0.11962327643123348,"standard_error":0.04498060242472373}}