{"mean":{"confidence_interval":{"confidence_level":0.95,"lower_bound":3.329357733326519,"upper_bound":3.429146046045337},"point_estimate":3.3784906851353735,"standard_error":0.025411596423264255},"median":{"confidence_interval":{"confidence_level":0.95,"lower_bound":3.4422481755998544,"upper_bound":3.447538386723857},"point_estimate":3.4449976175583017,"standard_error":0.0012034045565939224},"median_abs_dev":{"confidence_interval":{"confidence_level":0.95,"lower_bound":0.007718854164177011,"upper_bound":0.01503646570259631},"point_estimate":0.010620788219459288,"standard_error":0.0019005183085057168},"slope":{"confidence_interval":{"confidence_level":0.95,"lower_bound":3.4402794652161615,"upper_bound":3.493568230497377},"point_estimate":3.4626649727482355,"standard_error":0.014084170030945283},"std_dev":{"confidence_interval":{"confidence_level":0.95,"lower_bound":0.19167637855617842,"upper_bound":0.32381795846882616},"point_estimate":0.2560399626785183,"standard_error":0.03422177727955134}}