{"mean":{"confidence_interval":{"confidence_level":0.95,"lower_bound":3.108276284653961,"upper_bound":3.159418410708168},"point_estimate":3.1293993310473947,"standard_error":0.013298793949678516},"median":{"confidence_interval":{"confidence_level":0.95,"lower_bound":3.099730931304888,"upper_bound":3.129502077517736},"point_estimate":3.1121507616291875,"standard_error":0.006203697605264609},"median_abs_dev":{"confidence_interval":{"confidence_level":0.95,"lower_bound":0.03950756536432152,"upper_bound":0.06227273365444475},"point_estimate":0.05180135830821232,"standard_error":0.005629423421957651},"slope":{"confidence_interval":{"confidence_level":0.95,"lower_bound":3.1036957114892987,"upper_bound":3.1239861367887842},"point_estimate":3.114005295879271,"standard_error":0.005156014010186498},"std_dev":{"confidence_interval":{"confidence_level":0.95,"lower_bound":0.05161760628431089,"upper_bound":0.21314530474771787},"point_estimate":0.13404564914603437,"standard_error":0.05087126888920176}}