{"mean":{"confidence_interval":{"confidence_level":0.95,"lower_bound":3.1869689132164867,"upper_bound":3.365167139861128},"point_estimate":3.2691167964122707,"standard_error":0.04560705162541998},"median":{"confidence_interval":{"confidence_level":0.95,"lower_bound":3.1327829100927422,"upper_bound":3.1371950301730536},"point_estimate":3.1351843346314094,"standard_error":0.0012136802682883696},"median_abs_dev":{"confidence_interval":{"confidence_level":0.95,"lower_bound":0.006638485387346596,"upper_bound":0.0170018183965424},"point_estimate":0.010734679805627312,"standard_error":0.0026490873441108913},"slope":{"confidence_interval":{"confidence_level":0.95,"lower_bound":3.147648404450561,"upper_bound":3.1859077830525444},"point_estimate":3.1639844981140115,"standard_error":0.009812124032175832},"std_dev":{"confidence_interval":{"confidence_level":0.95,"lower_bound":0.2742872614460543,"upper_bound":0.5988180453212655},"point_estimate":0.4601013754297195,"standard_error":0.08334591341454702}}