{"mean":{"confidence_interval":{"confidence_level":0.95,"lower_bound":3.303236015843611,"upper_bound":3.410266918890733},"point_estimate":3.354476328753572,"standard_error":0.02726175657293348},"median":{"confidence_interval":{"confidence_level":0.95,"lower_bound":3.44130864116414,"upper_bound":3.44771245987808},"point_estimate":3.443941475754719,"standard_error":0.0014618564169268863},"median_abs_dev":{"confidence_interval":{"confidence_level":0.95,"lower_bound":0.0091683460363923,"upper_bound":0.02176240525492602},"point_estimate":0.013538523940774688,"standard_error":0.0034623380216617},"slope":{"confidence_interval":{"confidence_level":0.95,"lower_bound":3.432324926648663,"upper_bound":3.445271981159239},"point_estimate":3.4392788072871276,"standard_error":0.003286761574195738},"std_dev":{"confidence_interval":{"confidence_level":0.95,"lower_bound":0.19431134464658353,"upper_bound":0.37021827337064234},"point_estimate":0.2740564232862753,"standard_error":0.04934004262995559}}