{"mean":{"confidence_interval":{"confidence_level":0.95,"lower_bound":3.1888029253226433,"upper_bound":3.2933187085140654},"point_estimate":3.2397069749167304,"standard_error":0.026629841175594183},"median":{"confidence_interval":{"confidence_level":0.95,"lower_bound":2.9938499186532748,"upper_bound":3.4458369404115845},"point_estimate":3.3791495953792756,"standard_error":0.1492509314295412},"median_abs_dev":{"confidence_interval":{"confidence_level":0.95,"lower_bound":0.02388081748750649,"upper_bound":0.36299662909530067},"point_estimate":0.16410941933185674,"standard_error":0.11083222748154184},"slope":{"confidence_interval":{"confidence_level":0.95,"lower_bound":3.3642407220838484,"upper_bound":3.4148172066948996},"point_estimate":3.392966842048826,"standard_error":0.012963455141238327},"std_dev":{"confidence_interval":{"confidence_level":0.95,"lower_bound":0.22775091235130426,"upper_bound":0.32448889846902684},"point_estimate":0.266934887864883,"standard_error":0.028931037788687303}}