{"mean":{"confidence_interval":{"confidence_level":0.95,"lower_bound":205.94399395610566,"upper_bound":206.10300850791089},"point_estimate":206.0176770872786,"standard_error":0.040808096531143},"median":{"confidence_interval":{"confidence_level":0.95,"lower_bound":205.89171974522293,"upper_bound":205.9780744732974},"point_estimate":205.92617513454798,"standard_error":0.02292533607145047},"median_abs_dev":{"confidence_interval":{"confidence_level":0.95,"lower_bound":0.12208877281220495,"upper_bound":0.21480372827246727},"point_estimate":0.16436556578641956,"standard_error":0.02214624332623351},"slope":{"confidence_interval":{"confidence_level":0.95,"lower_bound":205.88166856983193,"upper_bound":205.97928456492315},"point_estimate":205.92249432348882,"standard_error":0.025071583997271264},"std_dev":{"confidence_interval":{"confidence_level":0.95,"lower_bound":0.25162753802250293,"upper_bound":0.5503525914924063},"point_estimate":0.4118720081388334,"standard_error":0.07667157665444532}}