{"mean":{"confidence_interval":{"confidence_level":0.95,"lower_bound":92.4829324770708,"upper_bound":93.13430955342687},"point_estimate":92.79564270464185,"standard_error":0.16525506889381436},"median":{"confidence_interval":{"confidence_level":0.95,"lower_bound":92.85791863676795,"upper_bound":92.98596170155783},"point_estimate":92.91861701029865,"standard_error":0.03278460460369526},"median_abs_dev":{"confidence_interval":{"confidence_level":0.95,"lower_bound":0.2169251112217065,"upper_bound":0.4512680241882377},"point_estimate":0.3423191129787276,"standard_error":0.05946740225523023},"slope":{"confidence_interval":{"confidence_level":0.95,"lower_bound":92.94405507057749,"upper_bound":93.09772183603552},"point_estimate":93.02025623389108,"standard_error":0.03919890768369604},"std_dev":{"confidence_interval":{"confidence_level":0.95,"lower_bound":0.8877218892710917,"upper_bound":2.3677022192648365},"point_estimate":1.6556783437960239,"standard_error":0.3870817967247474}}