{"mean":{"confidence_interval":{"confidence_level":0.95,"lower_bound":105.9757612414369,"upper_bound":106.75124956347256},"point_estimate":106.30536692445237,"standard_error":0.20083198639773323},"median":{"confidence_interval":{"confidence_level":0.95,"lower_bound":105.86780021834062,"upper_bound":105.97700145560408},"point_estimate":105.93844144980801,"standard_error":0.028374572871955828},"median_abs_dev":{"confidence_interval":{"confidence_level":0.95,"lower_bound":0.17230631731099058,"upper_bound":0.30329324342451924},"point_estimate":0.233955862797208,"standard_error":0.03247899878144875},"slope":{"confidence_interval":{"confidence_level":0.95,"lower_bound":105.9328146300926,"upper_bound":106.08560383565514},"point_estimate":106.0047004503618,"standard_error":0.03891764342028703},"std_dev":{"confidence_interval":{"confidence_level":0.95,"lower_bound":0.45122644189993694,"upper_bound":3.114787595285396},"point_estimate":2.0191639277471345,"standard_error":0.6873292594436703}}