{"mean":{"confidence_interval":{"confidence_level":0.95,"lower_bound":206.20491336333902,"upper_bound":206.50041937098638},"point_estimate":206.33267337982855,"standard_error":0.07621464462098515},"median":{"confidence_interval":{"confidence_level":0.95,"lower_bound":206.10493797247528,"upper_bound":206.21002132196162},"point_estimate":206.16146755400484,"standard_error":0.026941955568562537},"median_abs_dev":{"confidence_interval":{"confidence_level":0.95,"lower_bound":0.15553191669009692,"upper_bound":0.2925088310675596},"point_estimate":0.2127015167742081,"standard_error":0.03501435639610205},"slope":{"confidence_interval":{"confidence_level":0.95,"lower_bound":206.10082485970867,"upper_bound":206.17251361036676},"point_estimate":206.13707509445533,"standard_error":0.018288075618197334},"std_dev":{"confidence_interval":{"confidence_level":0.95,"lower_bound":0.2703879560474354,"upper_bound":1.1579345958518892},"point_estimate":0.7653444171793097,"standard_error":0.2269310940127405}}