{"mean":{"confidence_interval":{"confidence_level":0.95,"lower_bound":106.03509855633327,"upper_bound":106.61180974204807},"point_estimate":106.29441887842344,"standard_error":0.14841688183777568},"median":{"confidence_interval":{"confidence_level":0.95,"lower_bound":106.02900705089004,"upper_bound":106.33008746149216},"point_estimate":106.16572898063492,"standard_error":0.07894913011581596},"median_abs_dev":{"confidence_interval":{"confidence_level":0.95,"lower_bound":0.6021610640525443,"upper_bound":0.977264850637843},"point_estimate":0.7880415933925791,"standard_error":0.09814055491909834},"slope":{"confidence_interval":{"confidence_level":0.95,"lower_bound":105.74804576284478,"upper_bound":106.08336720887546},"point_estimate":105.91883847761875,"standard_error":0.08578666004078186},"std_dev":{"confidence_interval":{"confidence_level":0.95,"lower_bound":0.7618438238161934,"upper_bound":2.2188181180008724},"point_estimate":1.4953883238199328,"standard_error":0.4029451973030887}}