{"mean":{"confidence_interval":{"confidence_level":0.95,"lower_bound":266.08030938651365,"upper_bound":270.25239901362903},"point_estimate":268.1046095125697,"standard_error":1.068611148669126},"median":{"confidence_interval":{"confidence_level":0.95,"lower_bound":263.47600529100527,"upper_bound":268.07859288372447},"point_estimate":265.128861420857,"standard_error":1.258113995573365},"median_abs_dev":{"confidence_interval":{"confidence_level":0.95,"lower_bound":5.617780289518103,"upper_bound":9.835957883069142},"point_estimate":7.615941442775402,"standard_error":1.0525298381672403},"slope":{"confidence_interval":{"confidence_level":0.95,"lower_bound":266.32921324020066,"upper_bound":270.24115565094064},"point_estimate":268.2482711013532,"standard_error":0.996524148438249},"std_dev":{"confidence_interval":{"confidence_level":0.95,"lower_bound":8.519391077806578,"upper_bound":12.960453263898808},"point_estimate":10.784562672341076,"standard_error":1.1374782087116762}}