{"mean":{"confidence_interval":{"confidence_level":0.95,"lower_bound":274.2816104078741,"upper_bound":274.5764419761826},"point_estimate":274.42106837333455,"standard_error":0.07557253134755544},"median":{"confidence_interval":{"confidence_level":0.95,"lower_bound":274.08814572800213,"upper_bound":274.2337361845647},"point_estimate":274.1522559053179,"standard_error":0.04093955837292079},"median_abs_dev":{"confidence_interval":{"confidence_level":0.95,"lower_bound":0.21837070662921496,"upper_bound":0.4235303716234708},"point_estimate":0.3082372964932515,"standard_error":0.057261644231772026},"slope":{"confidence_interval":{"confidence_level":0.95,"lower_bound":274.02187096825014,"upper_bound":274.14746733829435},"point_estimate":274.0783657468074,"standard_error":0.032054112349240244},"std_dev":{"confidence_interval":{"confidence_level":0.95,"lower_bound":0.54483126260795,"upper_bound":0.9411263221411056},"point_estimate":0.7617436235752747,"standard_error":0.1011487544909025}}