{"mean":{"confidence_interval":{"confidence_level":0.95,"lower_bound":105.37605633074828,"upper_bound":105.6721856481645},"point_estimate":105.48921417023112,"standard_error":0.08042910745301059},"median":{"confidence_interval":{"confidence_level":0.95,"lower_bound":105.33048504760731,"upper_bound":105.42825005464383},"point_estimate":105.38875360750362,"standard_error":0.026083495125577557},"median_abs_dev":{"confidence_interval":{"confidence_level":0.95,"lower_bound":0.14656170320286988,"upper_bound":0.2582905900008291},"point_estimate":0.19380986164869546,"standard_error":0.027467906577453505},"slope":{"confidence_interval":{"confidence_level":0.95,"lower_bound":105.34660258079978,"upper_bound":105.42786592858344},"point_estimate":105.38413833437205,"standard_error":0.02073152992949616},"std_dev":{"confidence_interval":{"confidence_level":0.95,"lower_bound":0.19956483730533772,"upper_bound":1.3480247631728726},"point_estimate":0.8079432400854022,"standard_error":0.3890610846358969}}