{"mean":{"confidence_interval":{"confidence_level":0.95,"lower_bound":105.01658435219798,"upper_bound":105.62906526647515},"point_estimate":105.23464069250893,"standard_error":0.18316146230769823},"median":{"confidence_interval":{"confidence_level":0.95,"lower_bound":104.98962309160305,"upper_bound":105.05241827487208},"point_estimate":105.02271135854905,"standard_error":0.017407793131622742},"median_abs_dev":{"confidence_interval":{"confidence_level":0.95,"lower_bound":0.11128468618990392,"upper_bound":0.21422210647385798},"point_estimate":0.1469060199952515,"standard_error":0.02637447807939049},"slope":{"confidence_interval":{"confidence_level":0.95,"lower_bound":104.98640355442862,"upper_bound":105.12053872870392},"point_estimate":105.04262087212318,"standard_error":0.034514018593766974},"std_dev":{"confidence_interval":{"confidence_level":0.95,"lower_bound":0.1884780930674594,"upper_bound":3.1372387442619916},"point_estimate":1.8380725360958292,"standard_error":1.0423927913738142}}