{"mean":{"confidence_interval":{"confidence_level":0.95,"lower_bound":206.75929313100104,"upper_bound":206.96543159128854},"point_estimate":206.849501126009,"standard_error":0.05283814759872071},"median":{"confidence_interval":{"confidence_level":0.95,"lower_bound":206.70835264670436,"upper_bound":206.79748400852878},"point_estimate":206.76422463574983,"standard_error":0.018863871027887683},"median_abs_dev":{"confidence_interval":{"confidence_level":0.95,"lower_bound":0.12245910034654463,"upper_bound":0.21826256095144494},"point_estimate":0.1799687120826881,"standard_error":0.02458693506024424},"slope":{"confidence_interval":{"confidence_level":0.95,"lower_bound":206.73026993316932,"upper_bound":206.8075481060377},"point_estimate":206.76655560992563,"standard_error":0.019650614821733584},"std_dev":{"confidence_interval":{"confidence_level":0.95,"lower_bound":0.24010717591304537,"upper_bound":0.8000147711400305},"point_estimate":0.5297366045930298,"standard_error":0.15711024566192341}}