{"mean":{"confidence_interval":{"confidence_level":0.95,"lower_bound":274.11612700248276,"upper_bound":274.34549996650003},"point_estimate":274.22353509408816,"standard_error":0.058744508938770444},"median":{"confidence_interval":{"confidence_level":0.95,"lower_bound":273.96447417316983,"upper_bound":274.10403446925187},"point_estimate":274.0147946461839,"standard_error":0.03738060671292955},"median_abs_dev":{"confidence_interval":{"confidence_level":0.95,"lower_bound":0.17886679522223337,"upper_bound":0.3989136049579805},"point_estimate":0.2696827394765819,"standard_error":0.06090931724897758},"slope":{"confidence_interval":{"confidence_level":0.95,"lower_bound":273.90401615976856,"upper_bound":273.9937046762778},"point_estimate":273.9452166845497,"standard_error":0.022987767150278535},"std_dev":{"confidence_interval":{"confidence_level":0.95,"lower_bound":0.39353748368553226,"upper_bound":0.7597239235575474},"point_estimate":0.5900942579071682,"standard_error":0.09374998257888259}}