{"mean":{"confidence_interval":{"confidence_level":0.95,"lower_bound":291.9917637897565,"upper_bound":293.59500413169343},"point_estimate":292.8118896458666,"standard_error":0.40952397788434475},"median":{"confidence_interval":{"confidence_level":0.95,"lower_bound":293.11666274870174,"upper_bound":295.4216960106976},"point_estimate":294.0065977639106,"standard_error":0.7093645525008703},"median_abs_dev":{"confidence_interval":{"confidence_level":0.95,"lower_bound":2.1225953286217396,"upper_bound":4.57267811198282},"point_estimate":3.209220141932894,"standard_error":0.6935975978482206},"slope":{"confidence_interval":{"confidence_level":0.95,"lower_bound":291.98556343189586,"upper_bound":293.67047284526126},"point_estimate":292.87003033211323,"standard_error":0.42845292473340696},"std_dev":{"confidence_interval":{"confidence_level":0.95,"lower_bound":3.4913915610650688,"upper_bound":4.648159718859826},"point_estimate":4.106350702957961,"standard_error":0.2949532833146712}}