{"mean":{"confidence_interval":{"confidence_level":0.95,"lower_bound":106.39262189956803,"upper_bound":106.6746727193623},"point_estimate":106.50578884034998,"standard_error":0.07372822260691508},"median":{"confidence_interval":{"confidence_level":0.95,"lower_bound":106.38112972408996,"upper_bound":106.47020471735894},"point_estimate":106.42083955047133,"standard_error":0.021233688869847927},"median_abs_dev":{"confidence_interval":{"confidence_level":0.95,"lower_bound":0.12492063681736246,"upper_bound":0.20981269184747944},"point_estimate":0.17167315231254357,"standard_error":0.022129086836599282},"slope":{"confidence_interval":{"confidence_level":0.95,"lower_bound":106.37647527353397,"upper_bound":106.46521068964138},"point_estimate":106.41661817618412,"standard_error":0.022526397400152862},"std_dev":{"confidence_interval":{"confidence_level":0.95,"lower_bound":0.22849820305935517,"upper_bound":1.2026554582051705},"point_estimate":0.7378089788048592,"standard_error":0.30488566617086693}}