{"mean":{"confidence_interval":{"confidence_level":0.95,"lower_bound":105.44242019984792,"upper_bound":106.10408444175722},"point_estimate":105.67991713605734,"standard_error":0.19488136027719577},"median":{"confidence_interval":{"confidence_level":0.95,"lower_bound":105.41200743582458,"upper_bound":105.47721755368813},"point_estimate":105.4503275572189,"standard_error":0.01987140902861398},"median_abs_dev":{"confidence_interval":{"confidence_level":0.95,"lower_bound":0.1035123774288086,"upper_bound":0.17602515247162928},"point_estimate":0.14466303877869097,"standard_error":0.018955140700928515},"slope":{"confidence_interval":{"confidence_level":0.95,"lower_bound":105.38715142048316,"upper_bound":105.44797378687032},"point_estimate":105.41553275008508,"standard_error":0.015507748110816585},"std_dev":{"confidence_interval":{"confidence_level":0.95,"lower_bound":0.20142458756791434,"upper_bound":3.3539102040011097},"point_estimate":1.968877106608393,"standard_error":1.0964993338047402}}