{"mean":{"confidence_interval":{"confidence_level":0.95,"lower_bound":98.90278459774626,"upper_bound":99.90211172456948},"point_estimate":99.26681260271359,"standard_error":0.28194008509519736},"median":{"confidence_interval":{"confidence_level":0.95,"lower_bound":98.81514327641175,"upper_bound":98.8746198530668},"point_estimate":98.84064202593163,"standard_error":0.01488362361233506},"median_abs_dev":{"confidence_interval":{"confidence_level":0.95,"lower_bound":0.09338648263108992,"upper_bound":0.16790966295534565},"point_estimate":0.12216405933389293,"standard_error":0.01867777517008134},"slope":{"confidence_interval":{"confidence_level":0.95,"lower_bound":98.8052452865794,"upper_bound":98.88787133067979},"point_estimate":98.8423071078576,"standard_error":0.02109931028635596},"std_dev":{"confidence_interval":{"confidence_level":0.95,"lower_bound":0.27323565098207325,"upper_bound":4.781530389377032},"point_estimate":2.8264933362509264,"standard_error":1.4840564213243002}}