{"mean":{"confidence_interval":{"confidence_level":0.95,"lower_bound":105.56506610559187,"upper_bound":105.98948296415028},"point_estimate":105.72840428874684,"standard_error":0.11301323650685333},"median":{"confidence_interval":{"confidence_level":0.95,"lower_bound":105.5002017355663,"upper_bound":105.58107281939617},"point_estimate":105.53376210203928,"standard_error":0.02070111072026606},"median_abs_dev":{"confidence_interval":{"confidence_level":0.95,"lower_bound":0.12416475814288361,"upper_bound":0.20201144684857783},"point_estimate":0.15473466587497164,"standard_error":0.02007750061433092},"slope":{"confidence_interval":{"confidence_level":0.95,"lower_bound":105.51569720728779,"upper_bound":105.64278328218685},"point_estimate":105.57229612406232,"standard_error":0.03263518406157315},"std_dev":{"confidence_interval":{"confidence_level":0.95,"lower_bound":0.2658870587693965,"upper_bound":1.8773818790251358},"point_estimate":1.1344451997757112,"standard_error":0.5157606703065549}}