{"mean":{"confidence_interval":{"confidence_level":0.95,"lower_bound":106.55180163523298,"upper_bound":106.87941485309868},"point_estimate":106.69127567781504,"standard_error":0.08451117506405892},"median":{"confidence_interval":{"confidence_level":0.95,"lower_bound":106.51890516890516,"upper_bound":106.63428571428571},"point_estimate":106.58758897352646,"standard_error":0.03559409531369337},"median_abs_dev":{"confidence_interval":{"confidence_level":0.95,"lower_bound":0.16223048606409107,"upper_bound":0.3407143027192736},"point_estimate":0.21801544323554078,"standard_error":0.04594761683823835},"slope":{"confidence_interval":{"confidence_level":0.95,"lower_bound":106.55565495894074,"upper_bound":106.69136425372339},"point_estimate":106.61881216699659,"standard_error":0.03461432143850032},"std_dev":{"confidence_interval":{"confidence_level":0.95,"lower_bound":0.3650117627572085,"upper_bound":1.33519904730522},"point_estimate":0.8495030709448201,"standard_error":0.30046131703387424}}