{"mean":{"confidence_interval":{"confidence_level":0.95,"lower_bound":100.31459786066841,"upper_bound":100.58901501806002},"point_estimate":100.43228404614773,"standard_error":0.07091434081791677},"median":{"confidence_interval":{"confidence_level":0.95,"lower_bound":100.2256905872769,"upper_bound":100.34404035570444},"point_estimate":100.28511519601594,"standard_error":0.03248737871583233},"median_abs_dev":{"confidence_interval":{"confidence_level":0.95,"lower_bound":0.1478532203781978,"upper_bound":0.25093999482612006},"point_estimate":0.1842524009984826,"standard_error":0.025420689785190697},"slope":{"confidence_interval":{"confidence_level":0.95,"lower_bound":100.18032086354334,"upper_bound":100.25100054397626},"point_estimate":100.21350941273185,"standard_error":0.01808601315170579},"std_dev":{"confidence_interval":{"confidence_level":0.95,"lower_bound":0.2731322791371954,"upper_bound":1.1036311372422558},"point_estimate":0.7122380313823633,"standard_error":0.23417829876963242}}