{"mean":{"confidence_interval":{"confidence_level":0.95,"lower_bound":274.8400049744592,"upper_bound":275.1677154191654},"point_estimate":274.9888202115694,"standard_error":0.08366388078056251},"median":{"confidence_interval":{"confidence_level":0.95,"lower_bound":274.65820882227183,"upper_bound":274.8830293417922},"point_estimate":274.7648644598259,"standard_error":0.05318761869814847},"median_abs_dev":{"confidence_interval":{"confidence_level":0.95,"lower_bound":0.2924854442818335,"upper_bound":0.50316416579806},"point_estimate":0.3673238363900081,"standard_error":0.05196958575026154},"slope":{"confidence_interval":{"confidence_level":0.95,"lower_bound":274.5921729741408,"upper_bound":274.69995185447556},"point_estimate":274.6431294510982,"standard_error":0.027513174315443284},"std_dev":{"confidence_interval":{"confidence_level":0.95,"lower_bound":0.4782615398958279,"upper_bound":1.1884477112429377},"point_estimate":0.8415534753035551,"standard_error":0.18698682569912023}}