{"mean":{"confidence_interval":{"confidence_level":0.95,"lower_bound":105.22678614817363,"upper_bound":105.55429641421844},"point_estimate":105.35122097580492,"standard_error":0.08852453360447578},"median":{"confidence_interval":{"confidence_level":0.95,"lower_bound":105.17991051833143,"upper_bound":105.25558807448621},"point_estimate":105.22551982371556,"standard_error":0.020144551746473408},"median_abs_dev":{"confidence_interval":{"confidence_level":0.95,"lower_bound":0.12007126236977965,"upper_bound":0.23944876739100568},"point_estimate":0.17417882371379578,"standard_error":0.03239855395314549},"slope":{"confidence_interval":{"confidence_level":0.95,"lower_bound":105.16615421361857,"upper_bound":105.30125085822743},"point_estimate":105.22466190772558,"standard_error":0.034643654487644136},"std_dev":{"confidence_interval":{"confidence_level":0.95,"lower_bound":0.20654078949637017,"upper_bound":1.478027058885653},"point_estimate":0.8859685927185057,"standard_error":0.4251354429392462}}