{"mean":{"confidence_interval":{"confidence_level":0.95,"lower_bound":15.295015823611104,"upper_bound":15.8259231370933},"point_estimate":15.500488658575511,"standard_error":0.14346541212850455},"median":{"confidence_interval":{"confidence_level":0.95,"lower_bound":15.270873819315769,"upper_bound":15.284212191345178},"point_estimate":15.277145931048238,"standard_error":0.003600540734590388},"median_abs_dev":{"confidence_interval":{"confidence_level":0.95,"lower_bound":0.021712486430919855,"upper_bound":0.04640076952234829},"point_estimate":0.03338351690602767,"standard_error":0.006258777868967392},"slope":{"confidence_interval":{"confidence_level":0.95,"lower_bound":15.292235342618705,"upper_bound":15.3415679228908},"point_estimate":15.313627046920438,"standard_error":0.012800373363904551},"std_dev":{"confidence_interval":{"confidence_level":0.95,"lower_bound":0.08877690603941917,"upper_bound":2.355357318986966},"point_estimate":1.4401239798232681,"standard_error":0.6437805854031768}}