{"mean":{"confidence_interval":{"confidence_level":0.95,"lower_bound":26.788347446731695,"upper_bound":27.66667355631881},"point_estimate":27.151574581736664,"standard_error":0.22800342396561143},"median":{"confidence_interval":{"confidence_level":0.95,"lower_bound":26.709836203807154,"upper_bound":26.759525843771325},"point_estimate":26.727542890066676,"standard_error":0.0121332440554677},"median_abs_dev":{"confidence_interval":{"confidence_level":0.95,"lower_bound":0.1089246244887233,"upper_bound":0.17169009248370298},"point_estimate":0.14141854768563067,"standard_error":0.015561166932867042},"slope":{"confidence_interval":{"confidence_level":0.95,"lower_bound":26.76637484664133,"upper_bound":28.376231104114336},"point_estimate":27.357145344046476,"standard_error":0.4432467265443367},"std_dev":{"confidence_interval":{"confidence_level":0.95,"lower_bound":0.2868463496893808,"upper_bound":3.708195483044012},"point_estimate":2.29742410081948,"standard_error":0.8935522766220297}}