{"mean":{"confidence_interval":{"confidence_level":0.95,"lower_bound":26.31539858062183,"upper_bound":26.752962821144422},"point_estimate":26.47576102035781,"standard_error":0.12607340327562527},"median":{"confidence_interval":{"confidence_level":0.95,"lower_bound":26.2630166448186,"upper_bound":26.362445496044106},"point_estimate":26.300736858057682,"standard_error":0.026073146490968632},"median_abs_dev":{"confidence_interval":{"confidence_level":0.95,"lower_bound":0.13857071757386477,"upper_bound":0.24272169673176755},"point_estimate":0.16881564011318936,"standard_error":0.026274788294370622},"slope":{"confidence_interval":{"confidence_level":0.95,"lower_bound":26.28871897984274,"upper_bound":26.400315556588772},"point_estimate":26.340806080672454,"standard_error":0.0285739945922139},"std_dev":{"confidence_interval":{"confidence_level":0.95,"lower_bound":0.20134786841973723,"upper_bound":2.154910924316939},"point_estimate":1.270317234833039,"standard_error":0.6827859146023074}}