{"mean":{"confidence_interval":{"confidence_level":0.95,"lower_bound":29.495952281145364,"upper_bound":29.850087514307813},"point_estimate":29.6349805555461,"standard_error":0.09385024399933635},"median":{"confidence_interval":{"confidence_level":0.95,"lower_bound":29.45041203117932,"upper_bound":29.484753017853617},"point_estimate":29.46107215960496,"standard_error":0.007919734693387128},"median_abs_dev":{"confidence_interval":{"confidence_level":0.95,"lower_bound":0.03285705604772663,"upper_bound":0.06792491556819888},"point_estimate":0.04835490671388103,"standard_error":0.008530732301255705},"slope":{"confidence_interval":{"confidence_level":0.95,"lower_bound":29.459008066979987,"upper_bound":29.524057672963046},"point_estimate":29.48474122186756,"standard_error":0.017073726306320626},"std_dev":{"confidence_interval":{"confidence_level":0.95,"lower_bound":0.14146099826031708,"upper_bound":1.5583410984963457},"point_estimate":0.9464123025905972,"standard_error":0.4165550042636737}}