{"mean":{"confidence_interval":{"confidence_level":0.95,"lower_bound":2.7189152461068145,"upper_bound":2.7320510541375604},"point_estimate":2.7251252186063915,"standard_error":0.0033598628062348726},"median":{"confidence_interval":{"confidence_level":0.95,"lower_bound":2.7118095691058564,"upper_bound":2.717802260710005},"point_estimate":2.7150051507611863,"standard_error":0.0014577587731125943},"median_abs_dev":{"confidence_interval":{"confidence_level":0.95,"lower_bound":0.010631496055653078,"upper_bound":0.02022697205629225},"point_estimate":0.015129477044024044,"standard_error":0.002564162607392651},"slope":{"confidence_interval":{"confidence_level":0.95,"lower_bound":2.7058346629762293,"upper_bound":2.713680991525617},"point_estimate":2.7092056286902406,"standard_error":0.0020192020672663573},"std_dev":{"confidence_interval":{"confidence_level":0.95,"lower_bound":0.023975806522761645,"upper_bound":0.04203982966160946},"point_estimate":0.033675652034695684,"standard_error":0.004613735420274604}}