{"mean":{"confidence_interval":{"confidence_level":0.95,"lower_bound":1.6014867577207648,"upper_bound":1.693196504445336},"point_estimate":1.6410142014246794,"standard_error":0.02355628311861481},"median":{"confidence_interval":{"confidence_level":0.95,"lower_bound":1.5769379376397454,"upper_bound":1.589134628750713},"point_estimate":1.5824957381808362,"standard_error":0.003019467299788907},"median_abs_dev":{"confidence_interval":{"confidence_level":0.95,"lower_bound":0.012617309821952846,"upper_bound":0.02564339154668487},"point_estimate":0.018839305603687382,"standard_error":0.0030984580324274853},"slope":{"confidence_interval":{"confidence_level":0.95,"lower_bound":1.577174002597838,"upper_bound":1.5961221075883947},"point_estimate":1.5849587968879393,"standard_error":0.004877304892967675},"std_dev":{"confidence_interval":{"confidence_level":0.95,"lower_bound":0.08645927265034883,"upper_bound":0.3455612998367481},"point_estimate":0.23551955462106225,"standard_error":0.06695056809939896}}