{"mean":{"confidence_interval":{"confidence_level":0.95,"lower_bound":1.3491590662468644,"upper_bound":1.3823845864357949},"point_estimate":1.363285913675719,"standard_error":0.008555818291651845},"median":{"confidence_interval":{"confidence_level":0.95,"lower_bound":1.3402569829508455,"upper_bound":1.3455921795737564},"point_estimate":1.341848692295035,"standard_error":0.001423017282716149},"median_abs_dev":{"confidence_interval":{"confidence_level":0.95,"lower_bound":0.007160189153083014,"upper_bound":0.01461232592337471},"point_estimate":0.010207552321977138,"standard_error":0.0018593462724757937},"slope":{"confidence_interval":{"confidence_level":0.95,"lower_bound":1.3379111470913168,"upper_bound":1.341146372160853},"point_estimate":1.339444148717863,"standard_error":0.0008282893699775646},"std_dev":{"confidence_interval":{"confidence_level":0.95,"lower_bound":0.022343870091975335,"upper_bound":0.13014782944986777},"point_estimate":0.08569458338109477,"standard_error":0.027539351781201375}}