{"mean":{"confidence_interval":{"confidence_level":0.95,"lower_bound":1.5850289607650279,"upper_bound":1.609963944800849},"point_estimate":1.595710345553014,"standard_error":0.006409547968358189},"median":{"confidence_interval":{"confidence_level":0.95,"lower_bound":1.5759262659514472,"upper_bound":1.5833119884414115},"point_estimate":1.578354093849302,"standard_error":0.0021809665220454523},"median_abs_dev":{"confidence_interval":{"confidence_level":0.95,"lower_bound":0.009868180895495751,"upper_bound":0.020195071102764982},"point_estimate":0.012707405568489602,"standard_error":0.0029392428728739007},"slope":{"confidence_interval":{"confidence_level":0.95,"lower_bound":1.5726612499598736,"upper_bound":1.5777227655857415},"point_estimate":1.5749883903617365,"standard_error":0.0012951316356702182},"std_dev":{"confidence_interval":{"confidence_level":0.95,"lower_bound":0.022788518183788787,"upper_bound":0.09887717907812339},"point_estimate":0.0641063706919122,"standard_error":0.019692797196267202}}