{"mean":{"confidence_interval":{"confidence_level":0.95,"lower_bound":2.7336150990800276,"upper_bound":2.7663772363912194},"point_estimate":2.745529935555745,"standard_error":0.009394434383306114},"median":{"confidence_interval":{"confidence_level":0.95,"lower_bound":2.731145428792729,"upper_bound":2.7346501043040883},"point_estimate":2.733332017509233,"standard_error":0.0008588542688584967},"median_abs_dev":{"confidence_interval":{"confidence_level":0.95,"lower_bound":0.007441943482086994,"upper_bound":0.013444736569784262},"point_estimate":0.010644384387973202,"standard_error":0.0015902868277641196},"slope":{"confidence_interval":{"confidence_level":0.95,"lower_bound":2.730428274714375,"upper_bound":2.735282759446631},"point_estimate":2.7326232640739985,"standard_error":0.0012424499940046844},"std_dev":{"confidence_interval":{"confidence_level":0.95,"lower_bound":0.014838130931681284,"upper_bound":0.15886103513504465},"point_estimate":0.09367478726649342,"standard_error":0.05038450126985633}}