{"mean":{"confidence_interval":{"confidence_level":0.95,"lower_bound":1.589300124457522,"upper_bound":1.6158870958997473},"point_estimate":1.6008500276424449,"standard_error":0.0068788554369021305},"median":{"confidence_interval":{"confidence_level":0.95,"lower_bound":1.5799324736745504,"upper_bound":1.584150481596584},"point_estimate":1.5818897576969266,"standard_error":0.0010167302605253656},"median_abs_dev":{"confidence_interval":{"confidence_level":0.95,"lower_bound":0.009276751921713948,"upper_bound":0.018918805493537166},"point_estimate":0.0142175222082667,"standard_error":0.0024662843305045166},"slope":{"confidence_interval":{"confidence_level":0.95,"lower_bound":1.5776721273456709,"upper_bound":1.5869094509614485},"point_estimate":1.5817515040169023,"standard_error":0.0023645854636803903},"std_dev":{"confidence_interval":{"confidence_level":0.95,"lower_bound":0.026624511845005385,"upper_bound":0.10214339796611},"point_estimate":0.06932795237424966,"standard_error":0.020249739635152662}}