{"mean":{"confidence_interval":{"confidence_level":0.95,"lower_bound":2.4096542806336902,"upper_bound":2.4218004573471203},"point_estimate":2.41556938305325,"standard_error":0.003096150908970344},"median":{"confidence_interval":{"confidence_level":0.95,"lower_bound":2.401758680350753,"upper_bound":2.4228444123314063},"point_estimate":2.409236365329106,"standard_error":0.004615071198354559},"median_abs_dev":{"confidence_interval":{"confidence_level":0.95,"lower_bound":0.021099604226480134,"upper_bound":0.03181340394912055},"point_estimate":0.025685115098576253,"standard_error":0.0026403499481934176},"slope":{"confidence_interval":{"confidence_level":0.95,"lower_bound":2.3963453362332454,"upper_bound":2.4041631673179755},"point_estimate":2.400270895031225,"standard_error":0.0019948053324122233},"std_dev":{"confidence_interval":{"confidence_level":0.95,"lower_bound":0.02485720192798702,"upper_bound":0.03663757791852389},"point_estimate":0.031002208054793756,"standard_error":0.0030219821147399024}}