{"mean":{"confidence_interval":{"confidence_level":0.95,"lower_bound":3.6433956300700454,"upper_bound":3.6557880693383202},"point_estimate":3.6491850829655856,"standard_error":0.0031706114492139723},"median":{"confidence_interval":{"confidence_level":0.95,"lower_bound":3.636851732034459,"upper_bound":3.644896249324446},"point_estimate":3.6410183747163902,"standard_error":0.0023391593063430047},"median_abs_dev":{"confidence_interval":{"confidence_level":0.95,"lower_bound":0.012374531330454663,"upper_bound":0.02184565152160325},"point_estimate":0.017053036354375092,"standard_error":0.0025467940632453944},"slope":{"confidence_interval":{"confidence_level":0.95,"lower_bound":3.634256115961762,"upper_bound":3.64175491674215},"point_estimate":3.6379096516120906,"standard_error":0.0019157382123832969},"std_dev":{"confidence_interval":{"confidence_level":0.95,"lower_bound":0.02100849078726145,"upper_bound":0.04330707526583608},"point_estimate":0.03192639661863304,"standard_error":0.006003763096373652}}