{"mean":{"confidence_interval":{"confidence_level":0.95,"lower_bound":1.3010511874155193,"upper_bound":1.3250647511230575},"point_estimate":1.3121239727249545,"standard_error":0.006143796526883054},"median":{"confidence_interval":{"confidence_level":0.95,"lower_bound":1.2847448698843178,"upper_bound":1.3280974076198016},"point_estimate":1.3065386214454968,"standard_error":0.012487789367970329},"median_abs_dev":{"confidence_interval":{"confidence_level":0.95,"lower_bound":0.03896215256058705,"upper_bound":0.05892031156465586},"point_estimate":0.05109183421971728,"standard_error":0.005290475459550517},"slope":{"confidence_interval":{"confidence_level":0.95,"lower_bound":1.2813408882443516,"upper_bound":1.300355815561192},"point_estimate":1.2902727164680914,"standard_error":0.004857007090850024},"std_dev":{"confidence_interval":{"confidence_level":0.95,"lower_bound":0.03914498302275806,"upper_bound":0.08705858684585373},"point_estimate":0.06193422196089989,"standard_error":0.013295301610227567}}