{"mean":{"confidence_interval":{"confidence_level":0.95,"lower_bound":2.3881697665189465,"upper_bound":2.4055432485065764},"point_estimate":2.396563745487263,"standard_error":0.004435798678505699},"median":{"confidence_interval":{"confidence_level":0.95,"lower_bound":2.3839360778037535,"upper_bound":2.3987460185746157},"point_estimate":2.3914404018249917,"standard_error":0.003978520667432654},"median_abs_dev":{"confidence_interval":{"confidence_level":0.95,"lower_bound":0.022458297743882288,"upper_bound":0.0380961135698775},"point_estimate":0.02800237755822291,"standard_error":0.00385515623186618},"slope":{"confidence_interval":{"confidence_level":0.95,"lower_bound":2.3779616922785474,"upper_bound":2.390871481528907},"point_estimate":2.384496974588401,"standard_error":0.003310790182216387},"std_dev":{"confidence_interval":{"confidence_level":0.95,"lower_bound":0.033426568556590756,"upper_bound":0.055908753306855054},"point_estimate":0.04450009007032085,"standard_error":0.005845370328569838}}