{"mean":{"confidence_interval":{"confidence_level":0.95,"lower_bound":1.5763238975631555,"upper_bound":1.6115447850745543},"point_estimate":1.5911501313231762,"standard_error":0.00911438203446223},"median":{"confidence_interval":{"confidence_level":0.95,"lower_bound":1.5663006689732888,"upper_bound":1.573159962283393},"point_estimate":1.568500186797642,"standard_error":0.0014873347687673253},"median_abs_dev":{"confidence_interval":{"confidence_level":0.95,"lower_bound":0.007986038642908488,"upper_bound":0.01603649562188057},"point_estimate":0.010937138427385182,"standard_error":0.0019531177406750247},"slope":{"confidence_interval":{"confidence_level":0.95,"lower_bound":1.5647137744068575,"upper_bound":1.5694674650669902},"point_estimate":1.5668923633380505,"standard_error":0.0012209820864459626},"std_dev":{"confidence_interval":{"confidence_level":0.95,"lower_bound":0.024711468790744606,"upper_bound":0.14355310257128345},"point_estimate":0.09126502126092517,"standard_error":0.03189190303754653}}