{"mean":{"confidence_interval":{"confidence_level":0.95,"lower_bound":2.7267203909998288,"upper_bound":2.756790395287758},"point_estimate":2.7404654609283425,"standard_error":0.00767719292815185},"median":{"confidence_interval":{"confidence_level":0.95,"lower_bound":2.729191270725542,"upper_bound":2.7382312888841422},"point_estimate":2.7346143080797587,"standard_error":0.002096992050550123},"median_abs_dev":{"confidence_interval":{"confidence_level":0.95,"lower_bound":0.013581961460445206,"upper_bound":0.02176144106816438},"point_estimate":0.017314908135163124,"standard_error":0.0020653955498081624},"slope":{"confidence_interval":{"confidence_level":0.95,"lower_bound":2.7372187646142487,"upper_bound":2.7672018816190707},"point_estimate":2.749639310198515,"standard_error":0.007830257431978337},"std_dev":{"confidence_interval":{"confidence_level":0.95,"lower_bound":0.04001546478374388,"upper_bound":0.10628853480904477},"point_estimate":0.0769344377293403,"standard_error":0.016617475154968774}}