{"mean":{"confidence_interval":{"confidence_level":0.95,"lower_bound":2.476641463569578,"upper_bound":2.517058538958905},"point_estimate":2.493960277397422,"standard_error":0.010409856650666868},"median":{"confidence_interval":{"confidence_level":0.95,"lower_bound":2.459839655030326,"upper_bound":2.471183469669606},"point_estimate":2.4651340116448424,"standard_error":0.00307172983450505},"median_abs_dev":{"confidence_interval":{"confidence_level":0.95,"lower_bound":0.013626360656324084,"upper_bound":0.025790640372545755},"point_estimate":0.019541622179802105,"standard_error":0.003148734484923828},"slope":{"confidence_interval":{"confidence_level":0.95,"lower_bound":2.4563013097808137,"upper_bound":2.4610444521210173},"point_estimate":2.458521668835162,"standard_error":0.0012159565218291253},"std_dev":{"confidence_interval":{"confidence_level":0.95,"lower_bound":0.038502354453087737,"upper_bound":0.16042399023205306},"point_estimate":0.10435503969484808,"standard_error":0.03237206475725088}}