{"mean":{"confidence_interval":{"confidence_level":0.95,"lower_bound":1.5886571435489887,"upper_bound":1.614616223388665},"point_estimate":1.5993366313716835,"standard_error":0.0068074357688999694},"median":{"confidence_interval":{"confidence_level":0.95,"lower_bound":1.579174971442703,"upper_bound":1.5873675162089746},"point_estimate":1.5826491733230177,"standard_error":0.0021666953343885483},"median_abs_dev":{"confidence_interval":{"confidence_level":0.95,"lower_bound":0.00954502972159612,"upper_bound":0.019068180664457552},"point_estimate":0.013643083915275966,"standard_error":0.0025979455264468826},"slope":{"confidence_interval":{"confidence_level":0.95,"lower_bound":1.576038461859965,"upper_bound":1.5823388051919975},"point_estimate":1.578869401802291,"standard_error":0.0016173300488658271},"std_dev":{"confidence_interval":{"confidence_level":0.95,"lower_bound":0.022644010892121532,"upper_bound":0.1097511501595236},"point_estimate":0.06855674891074472,"standard_error":0.02644910080201179}}