{"mean":{"confidence_interval":{"confidence_level":0.95,"lower_bound":2.992538761242543,"upper_bound":3.0344030992192943},"point_estimate":3.0134120117705767,"standard_error":0.010729479393250559},"median":{"confidence_interval":{"confidence_level":0.95,"lower_bound":2.9807583429068494,"upper_bound":3.0319153138778407},"point_estimate":3.0125993569260263,"standard_error":0.016081242759484693},"median_abs_dev":{"confidence_interval":{"confidence_level":0.95,"lower_bound":0.06873581501559327,"upper_bound":0.12205643935919022},"point_estimate":0.09714421693893119,"standard_error":0.013354273956368965},"slope":{"confidence_interval":{"confidence_level":0.95,"lower_bound":2.9639705828904526,"upper_bound":3.011043775751615},"point_estimate":2.987022267748245,"standard_error":0.011965627012633808},"std_dev":{"confidence_interval":{"confidence_level":0.95,"lower_bound":0.09153221707206895,"upper_bound":0.12107525954548885},"point_estimate":0.10703404203111051,"standard_error":0.007566476382272766}}