{"mean":{"confidence_interval":{"confidence_level":0.95,"lower_bound":2.7989515637930125,"upper_bound":2.85587648295549},"point_estimate":2.8240006861795752,"standard_error":0.014549048903135445},"median":{"confidence_interval":{"confidence_level":0.95,"lower_bound":2.7917896453557596,"upper_bound":2.801977019508723},"point_estimate":2.7974241973049008,"standard_error":0.0028519815706305675},"median_abs_dev":{"confidence_interval":{"confidence_level":0.95,"lower_bound":0.01601542035305394,"upper_bound":0.028181825689083718},"point_estimate":0.021663375214375374,"standard_error":0.0029226701945020746},"slope":{"confidence_interval":{"confidence_level":0.95,"lower_bound":2.7969097456073846,"upper_bound":2.8593924018605663},"point_estimate":2.822755422382231,"standard_error":0.016262326544954967},"std_dev":{"confidence_interval":{"confidence_level":0.95,"lower_bound":0.06048122409041639,"upper_bound":0.2126063933816404},"point_estimate":0.14563041698989626,"standard_error":0.03891465408311236}}