{"mean":{"confidence_interval":{"confidence_level":0.95,"lower_bound":1.3604034690989153,"upper_bound":1.3790164524832158},"point_estimate":1.3692234887112775,"standard_error":0.004737319014181888},"median":{"confidence_interval":{"confidence_level":0.95,"lower_bound":1.345577595076816,"upper_bound":1.35646776076626},"point_estimate":1.3505442461399069,"standard_error":0.002725257723381401},"median_abs_dev":{"confidence_interval":{"confidence_level":0.95,"lower_bound":0.013289139017708724,"upper_bound":0.026291202956230424},"point_estimate":0.018026601425214103,"standard_error":0.0034852801484254597},"slope":{"confidence_interval":{"confidence_level":0.95,"lower_bound":1.344141549613835,"upper_bound":1.356142396782431},"point_estimate":1.3494239670552954,"standard_error":0.0030677384097585105},"std_dev":{"confidence_interval":{"confidence_level":0.95,"lower_bound":0.03525344402107674,"upper_bound":0.05879275131238354},"point_estimate":0.04779523426802949,"standard_error":0.0060129729940490715}}