{"mean":{"confidence_interval":{"confidence_level":0.95,"lower_bound":1.5883649018385488,"upper_bound":1.6079254145469806},"point_estimate":1.5965976062546867,"standard_error":0.005053851466468416},"median":{"confidence_interval":{"confidence_level":0.95,"lower_bound":1.5817022852613594,"upper_bound":1.5868921734135841},"point_estimate":1.583834587435854,"standard_error":0.0012844841480349073},"median_abs_dev":{"confidence_interval":{"confidence_level":0.95,"lower_bound":0.010868228321963668,"upper_bound":0.01914995994894528},"point_estimate":0.014447367303355538,"standard_error":0.002071256992376913},"slope":{"confidence_interval":{"confidence_level":0.95,"lower_bound":1.578217900561042,"upper_bound":1.58403121596566},"point_estimate":1.5807828360954397,"standard_error":0.0014921168181535585},"std_dev":{"confidence_interval":{"confidence_level":0.95,"lower_bound":0.020511199120709613,"upper_bound":0.08015542598938345},"point_estimate":0.05095518650998828,"standard_error":0.018342623436181024}}