{"mean":{"confidence_interval":{"confidence_level":0.95,"lower_bound":1.585387427863186,"upper_bound":1.6060597730488089},"point_estimate":1.594412721570448,"standard_error":0.005273162213793783},"median":{"confidence_interval":{"confidence_level":0.95,"lower_bound":1.5745938360543783,"upper_bound":1.5840070359493035},"point_estimate":1.5787085449905798,"standard_error":0.00230814944600771},"median_abs_dev":{"confidence_interval":{"confidence_level":0.95,"lower_bound":0.009352115139546502,"upper_bound":0.018305944172062653},"point_estimate":0.013769095652588445,"standard_error":0.0021513276532317558},"slope":{"confidence_interval":{"confidence_level":0.95,"lower_bound":1.5741423496102211,"upper_bound":1.581698090466671},"point_estimate":1.5775162126797873,"standard_error":0.0019371240354089964},"std_dev":{"confidence_interval":{"confidence_level":0.95,"lower_bound":0.026371208362451395,"upper_bound":0.07921240243786701},"point_estimate":0.05312756717756243,"standard_error":0.014951280047928173}}