{"mean":{"confidence_interval":{"confidence_level":0.95,"lower_bound":1.354979300118342,"upper_bound":1.3684857768998675},"point_estimate":1.3613835051747565,"standard_error":0.003464451348895005},"median":{"confidence_interval":{"confidence_level":0.95,"lower_bound":1.3430983080207228,"upper_bound":1.3544956106967068},"point_estimate":1.3468562674310727,"standard_error":0.0033447795984253123},"median_abs_dev":{"confidence_interval":{"confidence_level":0.95,"lower_bound":0.010804564200122449,"upper_bound":0.025357740838669252},"point_estimate":0.01604679615560712,"standard_error":0.004049118859554587},"slope":{"confidence_interval":{"confidence_level":0.95,"lower_bound":1.3418408720148465,"upper_bound":1.3568741236777988},"point_estimate":1.347893381274927,"standard_error":0.00394312456775005},"std_dev":{"confidence_interval":{"confidence_level":0.95,"lower_bound":0.02521150378269093,"upper_bound":0.04292067207919168},"point_estimate":0.03463652239701279,"standard_error":0.004562485480516564}}