{"mean":{"confidence_interval":{"confidence_level":0.95,"lower_bound":1.5948629814586175,"upper_bound":1.611588040892817},"point_estimate":1.6026750660884164,"standard_error":0.0042628600313184585},"median":{"confidence_interval":{"confidence_level":0.95,"lower_bound":1.5844302641821497,"upper_bound":1.592621638074043},"point_estimate":1.5875943910609762,"standard_error":0.0023413649825551695},"median_abs_dev":{"confidence_interval":{"confidence_level":0.95,"lower_bound":0.012921464517890906,"upper_bound":0.024537095690387086},"point_estimate":0.017926439908012484,"standard_error":0.0029686660305282197},"slope":{"confidence_interval":{"confidence_level":0.95,"lower_bound":1.5829924154725477,"upper_bound":1.5969977831594528},"point_estimate":1.5889138966145635,"standard_error":0.0036184447631459507},"std_dev":{"confidence_interval":{"confidence_level":0.95,"lower_bound":0.029213679890467737,"upper_bound":0.05471765774259094},"point_estimate":0.042840584152780345,"standard_error":0.006506669383974146}}