{"mean":{"confidence_interval":{"confidence_level":0.95,"lower_bound":2.2050518754987913,"upper_bound":2.321640750786322},"point_estimate":2.2524494476029036,"standard_error":0.030609593763544284},"median":{"confidence_interval":{"confidence_level":0.95,"lower_bound":2.176017928181288,"upper_bound":2.192455985506573},"point_estimate":2.18008837021782,"standard_error":0.0041071083405154595},"median_abs_dev":{"confidence_interval":{"confidence_level":0.95,"lower_bound":0.01656673982884121,"upper_bound":0.0365335161805056},"point_estimate":0.024141870789840793,"standard_error":0.005186645404964738},"slope":{"confidence_interval":{"confidence_level":0.95,"lower_bound":2.191833681353576,"upper_bound":2.491087746546038},"point_estimate":2.3148823333282467,"standard_error":0.07923425988784566},"std_dev":{"confidence_interval":{"confidence_level":0.95,"lower_bound":0.08518432167095365,"upper_bound":0.4943131234267893},"point_estimate":0.3063152174284564,"standard_error":0.12125070724533824}}