{"mean":{"confidence_interval":{"confidence_level":0.95,"lower_bound":3.0259408265720413,"upper_bound":3.077713752258116},"point_estimate":3.049773132792587,"standard_error":0.013215859211194508},"median":{"confidence_interval":{"confidence_level":0.95,"lower_bound":3.035615520269431,"upper_bound":3.0518355102887056},"point_estimate":3.0441914171690065,"standard_error":0.003946564140606605},"median_abs_dev":{"confidence_interval":{"confidence_level":0.95,"lower_bound":0.029701849479108814,"upper_bound":0.0499660708496102},"point_estimate":0.03936463155117684,"standard_error":0.00531592297789508},"slope":{"confidence_interval":{"confidence_level":0.95,"lower_bound":3.052458590934594,"upper_bound":3.066417573502564},"point_estimate":3.0593458003004095,"standard_error":0.0035646898403164737},"std_dev":{"confidence_interval":{"confidence_level":0.95,"lower_bound":0.06364046777007264,"upper_bound":0.18880082776773952},"point_estimate":0.132644591767674,"standard_error":0.03214142690543021}}