{"mean":{"confidence_interval":{"confidence_level":0.95,"lower_bound":63665962.55875,"upper_bound":64807642.42975},"point_estimate":64226341.75,"standard_error":290325.14712225535},"median":{"confidence_interval":{"confidence_level":0.95,"lower_bound":63462074.0,"upper_bound":64602217.0},"point_estimate":64000815.0,"standard_error":270579.13504543045},"median_abs_dev":{"confidence_interval":{"confidence_level":0.95,"lower_bound":1996538.917949349,"upper_bound":3135707.8399300575},"point_estimate":2410987.7685964108,"standard_error":298028.91903148784},"slope":null,"std_dev":{"confidence_interval":{"confidence_level":0.95,"lower_bound":2367898.8869832624,"upper_bound":3406724.0178550864},"point_estimate":2902124.7189232362,"standard_error":266411.4398981297}}