{"mean":{"confidence_interval":{"confidence_level":0.95,"lower_bound":66033746.295499995,"upper_bound":66600500.801},"point_estimate":66305106.39,"standard_error":144101.29350122667},"median":{"confidence_interval":{"confidence_level":0.95,"lower_bound":65923278.0,"upper_bound":66476988.0},"point_estimate":66318381.0,"standard_error":144393.02072976387},"median_abs_dev":{"confidence_interval":{"confidence_level":0.95,"lower_bound":844710.5937033892,"upper_bound":1503580.9872061014},"point_estimate":1081931.7785918713,"standard_error":172603.70538516235},"slope":null,"std_dev":{"confidence_interval":{"confidence_level":0.95,"lower_bound":1038634.7926458438,"upper_bound":1917923.4546783664},"point_estimate":1456557.892106155,"standard_error":234502.40846266667}}