{"mean":{"confidence_interval":{"confidence_level":0.95,"lower_bound":68672.63866818494,"upper_bound":69179.9590060868},"point_estimate":68882.67742080329,"standard_error":131.71808630727517},"median":{"confidence_interval":{"confidence_level":0.95,"lower_bound":68536.51704545454,"upper_bound":68754.32},"point_estimate":68640.70626293996,"standard_error":59.75333421168383},"median_abs_dev":{"confidence_interval":{"confidence_level":0.95,"lower_bound":196.1240981228308,"upper_bound":369.35061695441556},"point_estimate":318.5027450803216,"standard_error":45.181147403053444},"slope":{"confidence_interval":{"confidence_level":0.95,"lower_bound":68474.22975142255,"upper_bound":68555.74540768313},"point_estimate":68511.46855622876,"standard_error":20.746502833807188},"std_dev":{"confidence_interval":{"confidence_level":0.95,"lower_bound":286.69076360634074,"upper_bound":2104.8210063134943},"point_estimate":1322.3098273793587,"standard_error":489.2865319702952}}