{"mean":{"confidence_interval":{"confidence_level":0.95,"lower_bound":234848.95155952373,"upper_bound":235698.2411785714},"point_estimate":235242.93047619044,"standard_error":217.29188320517528},"median":{"confidence_interval":{"confidence_level":0.95,"lower_bound":234467.66666666666,"upper_bound":234988.0},"point_estimate":234815.71428571426,"standard_error":145.16717201417026},"median_abs_dev":{"confidence_interval":{"confidence_level":0.95,"lower_bound":874.2750844785104,"upper_bound":1869.805666804321},"point_estimate":1551.3290724583633,"standard_error":273.9077022915088},"slope":null,"std_dev":{"confidence_interval":{"confidence_level":0.95,"lower_bound":1444.7898458213542,"upper_bound":3005.491903329287},"point_estimate":2197.6666267483465,"standard_error":424.7158124996318}}