{"mean":{"confidence_interval":{"confidence_level":0.95,"lower_bound":137507.94072300984,"upper_bound":139413.82203228865},"point_estimate":138342.17151402094,"standard_error":490.9619745632197},"median":{"confidence_interval":{"confidence_level":0.95,"lower_bound":136950.78502609394,"upper_bound":137210.7894736842},"point_estimate":137053.07015837732,"standard_error":60.7929575405569},"median_abs_dev":{"confidence_interval":{"confidence_level":0.95,"lower_bound":346.1867220689824,"upper_bound":667.0826086691102},"point_estimate":491.9712354444038,"standard_error":79.41443038317425},"slope":{"confidence_interval":{"confidence_level":0.95,"lower_bound":137103.400699808,"upper_bound":137515.8669709763},"point_estimate":137284.21468302055,"standard_error":105.47297357046746},"std_dev":{"confidence_interval":{"confidence_level":0.95,"lower_bound":1832.1159806755193,"upper_bound":7207.460781628403},"point_estimate":4923.692245722861,"standard_error":1352.3025604453392}}