{"mean":{"confidence_interval":{"confidence_level":0.95,"lower_bound":10.281058922433566,"upper_bound":10.537925723443497},"point_estimate":10.38442692534039,"standard_error":0.06797561479911442},"median":{"confidence_interval":{"confidence_level":0.95,"lower_bound":10.25441208235772,"upper_bound":10.278674604066046},"point_estimate":10.263634294997685,"standard_error":0.0062844213666800024},"median_abs_dev":{"confidence_interval":{"confidence_level":0.95,"lower_bound":0.033972790211925896,"upper_bound":0.06167559902220595},"point_estimate":0.04611445010522713,"standard_error":0.006846184469720262},"slope":{"confidence_interval":{"confidence_level":0.95,"lower_bound":10.279256639874134,"upper_bound":10.344571055785034},"point_estimate":10.30843274793212,"standard_error":0.016764930216305596},"std_dev":{"confidence_interval":{"confidence_level":0.95,"lower_bound":0.09428984326713297,"upper_bound":1.111137828820538},"point_estimate":0.6858780331747191,"standard_error":0.28407638955218234}}