{"mean":{"confidence_interval":{"confidence_level":0.95,"lower_bound":9.391287668873115,"upper_bound":9.708517153598393},"point_estimate":9.506731381559158,"standard_error":0.09010071769512165},"median":{"confidence_interval":{"confidence_level":0.95,"lower_bound":9.363774688957058,"upper_bound":9.37383700355035},"point_estimate":9.368302581361373,"standard_error":0.0021709572786318553},"median_abs_dev":{"confidence_interval":{"confidence_level":0.95,"lower_bound":0.015605400872104361,"upper_bound":0.03236349255999323},"point_estimate":0.02302532750508235,"standard_error":0.0042159669001204545},"slope":{"confidence_interval":{"confidence_level":0.95,"lower_bound":9.384655957080396,"upper_bound":9.431068020248016},"point_estimate":9.405045127848382,"standard_error":0.01194861951195363},"std_dev":{"confidence_interval":{"confidence_level":0.95,"lower_bound":0.0906697447683932,"upper_bound":1.5361484070618356},"point_estimate":0.9069109560151647,"standard_error":0.4813736698501222}}