{"mean":{"confidence_interval":{"confidence_level":0.95,"lower_bound":9.922068114554518,"upper_bound":10.0604319361768},"point_estimate":9.984461293399518,"standard_error":0.03542017914649343},"median":{"confidence_interval":{"confidence_level":0.95,"lower_bound":9.866632188574004,"upper_bound":9.91772280916331},"point_estimate":9.8825601175288,"standard_error":0.013517242968506964},"median_abs_dev":{"confidence_interval":{"confidence_level":0.95,"lower_bound":0.054116008622508725,"upper_bound":0.1535736796527481},"point_estimate":0.10143939161129407,"standard_error":0.026601020165136897},"slope":{"confidence_interval":{"confidence_level":0.95,"lower_bound":9.906582195728456,"upper_bound":9.973536159954149},"point_estimate":9.939168683889235,"standard_error":0.01710985140924255},"std_dev":{"confidence_interval":{"confidence_level":0.95,"lower_bound":0.19874529594118293,"upper_bound":0.5136982622328908},"point_estimate":0.35584305686334394,"standard_error":0.0868955130625947}}