{"mean":{"confidence_interval":{"confidence_level":0.95,"lower_bound":8.730127932624903,"upper_bound":8.945156545510311},"point_estimate":8.806426835694678,"standard_error":0.06426250068983859},"median":{"confidence_interval":{"confidence_level":0.95,"lower_bound":8.721802636749183,"upper_bound":8.728474972594325},"point_estimate":8.724991351779362,"standard_error":0.0016550582568769974},"median_abs_dev":{"confidence_interval":{"confidence_level":0.95,"lower_bound":0.012398495217060827,"upper_bound":0.01948980926112692},"point_estimate":0.015875649957802926,"standard_error":0.0017643259613921163},"slope":{"confidence_interval":{"confidence_level":0.95,"lower_bound":8.729353764289163,"upper_bound":8.793003568221748},"point_estimate":8.75474871814211,"standard_error":0.01689906458192812},"std_dev":{"confidence_interval":{"confidence_level":0.95,"lower_bound":0.04078676386043383,"upper_bound":1.1064216294998603},"point_estimate":0.6486391177551551,"standard_error":0.36804706024199046}}