{"mean":{"confidence_interval":{"confidence_level":0.95,"lower_bound":558631.6634722222,"upper_bound":561763.2009166669},"point_estimate":560115.6233333332,"standard_error":797.9538079107117},"median":{"confidence_interval":{"confidence_level":0.95,"lower_bound":555878.0555555555,"upper_bound":559602.7777777778},"point_estimate":557078.3333333333,"standard_error":983.8326699060509},"median_abs_dev":{"confidence_interval":{"confidence_level":0.95,"lower_bound":3350.1817405224133,"upper_bound":7428.567168116397},"point_estimate":5003.527811169595,"standard_error":1080.903940762166},"slope":null,"std_dev":{"confidence_interval":{"confidence_level":0.95,"lower_bound":5791.822893807641,"upper_bound":10308.882324070122},"point_estimate":8005.003975697195,"standard_error":1181.0492548477885}}