{"mean":{"confidence_interval":{"confidence_level":0.95,"lower_bound":13.947159003225671,"upper_bound":14.016223983313216},"point_estimate":13.976709755770896,"standard_error":0.0179039026949496},"median":{"confidence_interval":{"confidence_level":0.95,"lower_bound":13.938855079938113,"upper_bound":13.94843570238426},"point_estimate":13.943368560396237,"standard_error":0.002361118837235791},"median_abs_dev":{"confidence_interval":{"confidence_level":0.95,"lower_bound":0.016033033885452175,"upper_bound":0.03713177954613253},"point_estimate":0.025939933632636702,"standard_error":0.005290634590478181},"slope":{"confidence_interval":{"confidence_level":0.95,"lower_bound":13.93451404681509,"upper_bound":13.964533707448012},"point_estimate":13.94658073050614,"standard_error":0.007782749670415813},"std_dev":{"confidence_interval":{"confidence_level":0.95,"lower_bound":0.034829022118510314,"upper_bound":0.27497869658883506},"point_estimate":0.17938953536369953,"standard_error":0.05867043475171875}}