{"mean":{"confidence_interval":{"confidence_level":0.95,"lower_bound":9.277504245509851,"upper_bound":9.404390349895534},"point_estimate":9.32705948935735,"standard_error":0.03368898132653694},"median":{"confidence_interval":{"confidence_level":0.95,"lower_bound":9.266067627927427,"upper_bound":9.294410164934492},"point_estimate":9.280344637969723,"standard_error":0.007611897834215248},"median_abs_dev":{"confidence_interval":{"confidence_level":0.95,"lower_bound":0.03847970706546177,"upper_bound":0.05902077778864675},"point_estimate":0.04815403861630199,"standard_error":0.0054180838876213555},"slope":{"confidence_interval":{"confidence_level":0.95,"lower_bound":9.27707113654848,"upper_bound":9.298856498170645},"point_estimate":9.286707858004197,"standard_error":0.005540604657906819},"std_dev":{"confidence_interval":{"confidence_level":0.95,"lower_bound":0.06441900286670713,"upper_bound":0.5582462295804185},"point_estimate":0.3385015892485664,"standard_error":0.14970281648006978}}