{"mean":{"confidence_interval":{"confidence_level":0.95,"lower_bound":38.45595553842552,"upper_bound":38.56570627402078},"point_estimate":38.50533317931892,"standard_error":0.028157670179333037},"median":{"confidence_interval":{"confidence_level":0.95,"lower_bound":38.43202388188439,"upper_bound":38.46332064904293},"point_estimate":38.45065773105116,"standard_error":0.0077498007832187},"median_abs_dev":{"confidence_interval":{"confidence_level":0.95,"lower_bound":0.06687021399048361,"upper_bound":0.11319274576031822},"point_estimate":0.09337089514113832,"standard_error":0.011866219627570646},"slope":{"confidence_interval":{"confidence_level":0.95,"lower_bound":38.46021582224468,"upper_bound":38.56926362639655},"point_estimate":38.50269866640847,"standard_error":0.02898127036254292},"std_dev":{"confidence_interval":{"confidence_level":0.95,"lower_bound":0.14732398018324294,"upper_bound":0.3965181248670313},"point_estimate":0.283329702831131,"standard_error":0.06362763991268518}}