{"mean":{"confidence_interval":{"confidence_level":0.95,"lower_bound":11.498038584604723,"upper_bound":11.605950341205208},"point_estimate":11.542724458336448,"standard_error":0.02807258276068359},"median":{"confidence_interval":{"confidence_level":0.95,"lower_bound":11.47674770665842,"upper_bound":11.508807094266277},"point_estimate":11.493131458589641,"standard_error":0.00744521706750735},"median_abs_dev":{"confidence_interval":{"confidence_level":0.95,"lower_bound":0.03869021641999097,"upper_bound":0.065823998271435},"point_estimate":0.05403951405684032,"standard_error":0.006868925626245518},"slope":{"confidence_interval":{"confidence_level":0.95,"lower_bound":11.481899363616373,"upper_bound":11.511559537604988},"point_estimate":11.495109108554017,"standard_error":0.007593624059106811},"std_dev":{"confidence_interval":{"confidence_level":0.95,"lower_bound":0.07055102381177959,"upper_bound":0.45233081200551056},"point_estimate":0.28292041505294274,"standard_error":0.10566826943251223}}