{"mean":{"confidence_interval":{"confidence_level":0.95,"lower_bound":11.769895899920023,"upper_bound":12.144822534304799},"point_estimate":11.91797230223885,"standard_error":0.09974006333203843},"median":{"confidence_interval":{"confidence_level":0.95,"lower_bound":11.744284859101121,"upper_bound":11.765055958168976},"point_estimate":11.752135372195916,"standard_error":0.0052595853858238535},"median_abs_dev":{"confidence_interval":{"confidence_level":0.95,"lower_bound":0.04029903068695728,"upper_bound":0.07403239033585711},"point_estimate":0.057044687218906064,"standard_error":0.008322949767295189},"slope":{"confidence_interval":{"confidence_level":0.95,"lower_bound":11.751417955253537,"upper_bound":12.336283979533874},"point_estimate":11.942213662581976,"standard_error":0.171191164859494},"std_dev":{"confidence_interval":{"confidence_level":0.95,"lower_bound":0.1520095662862873,"upper_bound":1.646982304504022},"point_estimate":1.002398160098132,"standard_error":0.440660131359654}}