{"mean":{"confidence_interval":{"confidence_level":0.95,"lower_bound":40.13297657683986,"upper_bound":40.26262950484862},"point_estimate":40.19380949296442,"standard_error":0.0331336045966951},"median":{"confidence_interval":{"confidence_level":0.95,"lower_bound":40.11666291122127,"upper_bound":40.21823233705239},"point_estimate":40.184396359095686,"standard_error":0.025930028778426654},"median_abs_dev":{"confidence_interval":{"confidence_level":0.95,"lower_bound":0.14845968247732616,"upper_bound":0.22046419003652498},"point_estimate":0.18760875541008404,"standard_error":0.019235121537774447},"slope":{"confidence_interval":{"confidence_level":0.95,"lower_bound":40.16088277722015,"upper_bound":40.33023529312984},"point_estimate":40.23471318455354,"standard_error":0.04349672421114213},"std_dev":{"confidence_interval":{"confidence_level":0.95,"lower_bound":0.19819858258191347,"upper_bound":0.4465133981705291},"point_estimate":0.33314662904821296,"standard_error":0.06285731313373635}}