{"mean":{"confidence_interval":{"confidence_level":0.95,"lower_bound":11.312943719851773,"upper_bound":11.372321737029},"point_estimate":11.339250710395286,"standard_error":0.015341039512522605},"median":{"confidence_interval":{"confidence_level":0.95,"lower_bound":11.302289662508759,"upper_bound":11.320718267877542},"point_estimate":11.311545896912667,"standard_error":0.0046139467925322},"median_abs_dev":{"confidence_interval":{"confidence_level":0.95,"lower_bound":0.028480136527060995,"upper_bound":0.051915744221722626},"point_estimate":0.03942779207326429,"standard_error":0.005964337817668875},"slope":{"confidence_interval":{"confidence_level":0.95,"lower_bound":11.303652271296158,"upper_bound":11.324336058839803},"point_estimate":11.312900727733572,"standard_error":0.00528794152658012},"std_dev":{"confidence_interval":{"confidence_level":0.95,"lower_bound":0.06566256263134385,"upper_bound":0.23214595412329112},"point_estimate":0.15466783268762388,"standard_error":0.044342466775646114}}