{"mean":{"confidence_interval":{"confidence_level":0.95,"lower_bound":40.00537610017989,"upper_bound":40.15470041968685},"point_estimate":40.070390182416496,"standard_error":0.03834891276869199},"median":{"confidence_interval":{"confidence_level":0.95,"lower_bound":39.96715531638523,"upper_bound":39.99549947423765},"point_estimate":39.982245901443456,"standard_error":0.008111295462617067},"median_abs_dev":{"confidence_interval":{"confidence_level":0.95,"lower_bound":0.039589682368350636,"upper_bound":0.06983955130866268},"point_estimate":0.057095435926550316,"standard_error":0.007777447884086701},"slope":{"confidence_interval":{"confidence_level":0.95,"lower_bound":39.995271086476045,"upper_bound":40.10997917564986},"point_estimate":40.03959316948692,"standard_error":0.030428436432921813},"std_dev":{"confidence_interval":{"confidence_level":0.95,"lower_bound":0.1569631563351543,"upper_bound":0.5779819445637955},"point_estimate":0.38496901012252716,"standard_error":0.11139839816546872}}