{"mean":{"confidence_interval":{"confidence_level":0.95,"lower_bound":11.549689848221602,"upper_bound":11.606253947574727},"point_estimate":11.57386473285013,"standard_error":0.014620402892436274},"median":{"confidence_interval":{"confidence_level":0.95,"lower_bound":11.543950574350392,"upper_bound":11.55863332319028},"point_estimate":11.55104433506921,"standard_error":0.0037192032878481493},"median_abs_dev":{"confidence_interval":{"confidence_level":0.95,"lower_bound":0.026219623175640486,"upper_bound":0.04231847462639095},"point_estimate":0.0334194210141506,"standard_error":0.004183935970076913},"slope":{"confidence_interval":{"confidence_level":0.95,"lower_bound":11.551747344462306,"upper_bound":11.565196893523973},"point_estimate":11.558185076115915,"standard_error":0.0034310218736557483},"std_dev":{"confidence_interval":{"confidence_level":0.95,"lower_bound":0.03867830360375495,"upper_bound":0.2298176844479461},"point_estimate":0.1472588679540641,"standard_error":0.048684143186249154}}