{"mean":{"confidence_interval":{"confidence_level":0.95,"lower_bound":11.46204247397115,"upper_bound":11.537046321805594},"point_estimate":11.494615334816631,"standard_error":0.019328566291597772},"median":{"confidence_interval":{"confidence_level":0.95,"lower_bound":11.460956467912506,"upper_bound":11.476862295417089},"point_estimate":11.469135673127292,"standard_error":0.00415899656298973},"median_abs_dev":{"confidence_interval":{"confidence_level":0.95,"lower_bound":0.030809047789327113,"upper_bound":0.05394189258483294},"point_estimate":0.04062424067158592,"standard_error":0.005899830505985072},"slope":{"confidence_interval":{"confidence_level":0.95,"lower_bound":11.45208548506548,"upper_bound":11.471353480301211},"point_estimate":11.461563156733177,"standard_error":0.00490389250841795},"std_dev":{"confidence_interval":{"confidence_level":0.95,"lower_bound":0.055430853956849956,"upper_bound":0.2908670291384964},"point_estimate":0.19441827868899975,"standard_error":0.05822814540147054}}