{"mean":{"confidence_interval":{"confidence_level":0.95,"lower_bound":11.306946162337216,"upper_bound":11.367787480065717},"point_estimate":11.333899145534122,"standard_error":0.01564631234211112},"median":{"confidence_interval":{"confidence_level":0.95,"lower_bound":11.288153589630655,"upper_bound":11.31123590849733},"point_estimate":11.303160019852314,"standard_error":0.006024448792749896},"median_abs_dev":{"confidence_interval":{"confidence_level":0.95,"lower_bound":0.031809662810692876,"upper_bound":0.05903023397606725},"point_estimate":0.04572252990928078,"standard_error":0.0073588738968552074},"slope":{"confidence_interval":{"confidence_level":0.95,"lower_bound":11.290141832469043,"upper_bound":11.319160569716468},"point_estimate":11.302911488486535,"standard_error":0.007447492300107843},"std_dev":{"confidence_interval":{"confidence_level":0.95,"lower_bound":0.06996273044904593,"upper_bound":0.23211728157334466},"point_estimate":0.15763802861682694,"standard_error":0.042781914471337196}}