{"mean":{"confidence_interval":{"confidence_level":0.95,"lower_bound":39.98910208275959,"upper_bound":40.094312187745736},"point_estimate":40.03599076946345,"standard_error":0.02718480965471627},"median":{"confidence_interval":{"confidence_level":0.95,"lower_bound":39.96987606062016,"upper_bound":39.990781329638686},"point_estimate":39.97865431007193,"standard_error":0.00539892413725025},"median_abs_dev":{"confidence_interval":{"confidence_level":0.95,"lower_bound":0.03390122521231359,"upper_bound":0.054602094216886145},"point_estimate":0.044539904445760954,"standard_error":0.00525493349089632},"slope":{"confidence_interval":{"confidence_level":0.95,"lower_bound":39.98391547392467,"upper_bound":40.078831795185486},"point_estimate":40.018541029129636,"standard_error":0.02577244656111393},"std_dev":{"confidence_interval":{"confidence_level":0.95,"lower_bound":0.12275844888128962,"upper_bound":0.39059907292349044},"point_estimate":0.27461046005603446,"standard_error":0.06941988198048071}}