{"mean":{"confidence_interval":{"confidence_level":0.95,"lower_bound":40.47288577433075,"upper_bound":41.63612257641118},"point_estimate":41.04943490797245,"standard_error":0.29665781214898795},"median":{"confidence_interval":{"confidence_level":0.95,"lower_bound":40.096581603787634,"upper_bound":41.32981557856479},"point_estimate":40.860533322905525,"standard_error":0.31329810229050187},"median_abs_dev":{"confidence_interval":{"confidence_level":0.95,"lower_bound":1.9816741274435132,"upper_bound":3.318749533471458},"point_estimate":2.538608375603793,"standard_error":0.34633007540886934},"slope":{"confidence_interval":{"confidence_level":0.95,"lower_bound":40.7134437538408,"upper_bound":41.99232469883395},"point_estimate":41.334574940302716,"standard_error":0.32627191365147606},"std_dev":{"confidence_interval":{"confidence_level":0.95,"lower_bound":2.5186927096962366,"upper_bound":3.3728268482635304},"point_estimate":2.9756526784904045,"standard_error":0.21816700415892448}}