{"mean":{"confidence_interval":{"confidence_level":0.95,"lower_bound":11.29464479841782,"upper_bound":11.356105771075468},"point_estimate":11.321044164262918,"standard_error":0.0158118627433274},"median":{"confidence_interval":{"confidence_level":0.95,"lower_bound":11.283316979381421,"upper_bound":11.302278829205058},"point_estimate":11.291468618342876,"standard_error":0.005258598880530466},"median_abs_dev":{"confidence_interval":{"confidence_level":0.95,"lower_bound":0.02807088973112312,"upper_bound":0.051395627426641506},"point_estimate":0.03879529130536727,"standard_error":0.005579415532102941},"slope":{"confidence_interval":{"confidence_level":0.95,"lower_bound":11.281940446501075,"upper_bound":11.303594754431622},"point_estimate":11.291626640854854,"standard_error":0.005520299661983959},"std_dev":{"confidence_interval":{"confidence_level":0.95,"lower_bound":0.05158994655600624,"upper_bound":0.2425113584720276},"point_estimate":0.1589737539717333,"standard_error":0.04977355830454569}}