{"mean":{"confidence_interval":{"confidence_level":0.95,"lower_bound":8.72538573204476,"upper_bound":8.89266844760814},"point_estimate":8.80538445625807,"standard_error":0.04273163992642032},"median":{"confidence_interval":{"confidence_level":0.95,"lower_bound":8.601577994452974,"upper_bound":8.624971268498232},"point_estimate":8.618076884241631,"standard_error":0.0054181662566509465},"median_abs_dev":{"confidence_interval":{"confidence_level":0.95,"lower_bound":0.035945349274122275,"upper_bound":0.06649114819630024},"point_estimate":0.05107060516794184,"standard_error":0.007861508583835334},"slope":{"confidence_interval":{"confidence_level":0.95,"lower_bound":8.62788914542813,"upper_bound":8.713948904700638},"point_estimate":8.662819988316667,"standard_error":0.02221128165919992},"std_dev":{"confidence_interval":{"confidence_level":0.95,"lower_bound":0.3367690275479166,"upper_bound":0.5048636282379693},"point_estimate":0.42824321719258596,"standard_error":0.042559236085573535}}