{"mean":{"confidence_interval":{"confidence_level":0.95,"lower_bound":8.603044592586468,"upper_bound":8.680027612875438},"point_estimate":8.63644835420741,"standard_error":0.019899244994510543},"median":{"confidence_interval":{"confidence_level":0.95,"lower_bound":8.588694992412746,"upper_bound":8.602095222779354},"point_estimate":8.595727830838962,"standard_error":0.003619730744883779},"median_abs_dev":{"confidence_interval":{"confidence_level":0.95,"lower_bound":0.023717672192659685,"upper_bound":0.040420531100787624},"point_estimate":0.029643790844754696,"standard_error":0.004181046431109285},"slope":{"confidence_interval":{"confidence_level":0.95,"lower_bound":8.589616926657643,"upper_bound":8.653069645263745},"point_estimate":8.615920273181487,"standard_error":0.016302250265358028},"std_dev":{"confidence_interval":{"confidence_level":0.95,"lower_bound":0.07402379111956757,"upper_bound":0.29395864599271376},"point_estimate":0.1991001463574299,"standard_error":0.05618204313316035}}