{"mean":{"confidence_interval":{"confidence_level":0.95,"lower_bound":11.483514329616497,"upper_bound":11.544989995801599},"point_estimate":11.510839700269123,"standard_error":0.01584418396064952},"median":{"confidence_interval":{"confidence_level":0.95,"lower_bound":11.471655918452257,"upper_bound":11.489657338939635},"point_estimate":11.481433326399003,"standard_error":0.004513072115279458},"median_abs_dev":{"confidence_interval":{"confidence_level":0.95,"lower_bound":0.02623957156611009,"upper_bound":0.040134686895814176},"point_estimate":0.03158887830631386,"standard_error":0.0035748050523332483},"slope":{"confidence_interval":{"confidence_level":0.95,"lower_bound":11.46563295498054,"upper_bound":11.480886451933278},"point_estimate":11.472603728387456,"standard_error":0.003869873659146977},"std_dev":{"confidence_interval":{"confidence_level":0.95,"lower_bound":0.07107790279270698,"upper_bound":0.2291010058668316},"point_estimate":0.15955945106271904,"standard_error":0.04033117647230611}}