{"mean":{"confidence_interval":{"confidence_level":0.95,"lower_bound":31.604183407174098,"upper_bound":32.193804573758115},"point_estimate":31.876779747429996,"standard_error":0.1504210972731774},"median":{"confidence_interval":{"confidence_level":0.95,"lower_bound":31.441330599225335,"upper_bound":31.775093984962407},"point_estimate":31.591555023923448,"standard_error":0.0831190108345337},"median_abs_dev":{"confidence_interval":{"confidence_level":0.95,"lower_bound":0.5970294586950061,"upper_bound":1.110485480683667},"point_estimate":0.9048512912906023,"standard_error":0.12839930149388434},"slope":{"confidence_interval":{"confidence_level":0.95,"lower_bound":31.38433331115914,"upper_bound":31.810387657518362},"point_estimate":31.595972482558548,"standard_error":0.10852602748678851},"std_dev":{"confidence_interval":{"confidence_level":0.95,"lower_bound":0.9331089806683055,"upper_bound":2.0320088627534685},"point_estimate":1.515712692837792,"standard_error":0.28212889572011174}}