{"mean":{"confidence_interval":{"confidence_level":0.95,"lower_bound":4.269587424522994,"upper_bound":4.436326387594224},"point_estimate":4.339974557510401,"standard_error":0.04382145079788108},"median":{"confidence_interval":{"confidence_level":0.95,"lower_bound":4.255613166915962,"upper_bound":4.266926210935552},"point_estimate":4.2608846837117325,"standard_error":0.002960795458110866},"median_abs_dev":{"confidence_interval":{"confidence_level":0.95,"lower_bound":0.015675750048989547,"upper_bound":0.026555333944768576},"point_estimate":0.020177366786143798,"standard_error":0.0027375282683683244},"slope":{"confidence_interval":{"confidence_level":0.95,"lower_bound":4.26435414940713,"upper_bound":4.321085498844355},"point_estimate":4.285328024499664,"standard_error":0.015341970369216643},"std_dev":{"confidence_interval":{"confidence_level":0.95,"lower_bound":0.04733187872613414,"upper_bound":0.678399577773785},"point_estimate":0.44167177578081784,"standard_error":0.16319966048533308}}