{"mean":{"confidence_interval":{"confidence_level":0.95,"lower_bound":4.7824474268353985,"upper_bound":4.8787792463124},"point_estimate":4.819102963826166,"standard_error":0.025850049021950254},"median":{"confidence_interval":{"confidence_level":0.95,"lower_bound":4.768846042102169,"upper_bound":4.7792817561253695},"point_estimate":4.774451989291725,"standard_error":0.00303855858904751},"median_abs_dev":{"confidence_interval":{"confidence_level":0.95,"lower_bound":0.017200591829654582,"upper_bound":0.03370757253758043},"point_estimate":0.02370091164280377,"standard_error":0.004066584152024652},"slope":{"confidence_interval":{"confidence_level":0.95,"lower_bound":4.7789269748075505,"upper_bound":4.794498218463223},"point_estimate":4.786075518059579,"standard_error":0.003995323589036324},"std_dev":{"confidence_interval":{"confidence_level":0.95,"lower_bound":0.05548920912001791,"upper_bound":0.4310012080945581},"point_estimate":0.25945581654706806,"standard_error":0.12095739171326556}}