{"mean":{"confidence_interval":{"confidence_level":0.95,"lower_bound":25680752.023375,"upper_bound":26215032.70525},"point_estimate":25938300.725,"standard_error":136434.76690208784},"median":{"confidence_interval":{"confidence_level":0.95,"lower_bound":25393745.0,"upper_bound":25991201.0},"point_estimate":25809270.75,"standard_error":151519.43363836137},"median_abs_dev":{"confidence_interval":{"confidence_level":0.95,"lower_bound":939161.6080040485,"upper_bound":1567288.6787250638},"point_estimate":1187620.0296655297,"standard_error":151193.26759410006},"slope":null,"std_dev":{"confidence_interval":{"confidence_level":0.95,"lower_bound":1084931.2545506882,"upper_bound":1667049.9598560466},"point_estimate":1370462.1290491764,"standard_error":150800.73940538705}}