{"mean":{"confidence_interval":{"confidence_level":0.95,"lower_bound":11.23925624005864,"upper_bound":11.640242575448971},"point_estimate":11.399913977466218,"standard_error":0.10737186194861569},"median":{"confidence_interval":{"confidence_level":0.95,"lower_bound":11.22392894521296,"upper_bound":11.235989675562864},"point_estimate":11.230047157637312,"standard_error":0.0027959414325658305},"median_abs_dev":{"confidence_interval":{"confidence_level":0.95,"lower_bound":0.01859123517537966,"upper_bound":0.03776716885521296},"point_estimate":0.027342544212956506,"standard_error":0.004877745923972998},"slope":{"confidence_interval":{"confidence_level":0.95,"lower_bound":11.239285036182302,"upper_bound":11.315859604141435},"point_estimate":11.268485563031966,"standard_error":0.020823211321134457},"std_dev":{"confidence_interval":{"confidence_level":0.95,"lower_bound":0.06932951389345089,"upper_bound":1.7070199677220186},"point_estimate":1.0770169475632279,"standard_error":0.4435336973545685}}