{"mean":{"confidence_interval":{"confidence_level":0.95,"lower_bound":11.234658334004923,"upper_bound":11.616381993078006},"point_estimate":11.389550628756973,"standard_error":0.10166243752803071},"median":{"confidence_interval":{"confidence_level":0.95,"lower_bound":11.22118672873716,"upper_bound":11.227701496468917},"point_estimate":11.22497698369584,"standard_error":0.0020539607832027636},"median_abs_dev":{"confidence_interval":{"confidence_level":0.95,"lower_bound":0.013091980904588936,"upper_bound":0.023161673466319924},"point_estimate":0.018011895990334675,"standard_error":0.002679981997651813},"slope":{"confidence_interval":{"confidence_level":0.95,"lower_bound":11.230204379128303,"upper_bound":11.251325076055398},"point_estimate":11.239797140982109,"standard_error":0.005401920819812892},"std_dev":{"confidence_interval":{"confidence_level":0.95,"lower_bound":0.053783845502551476,"upper_bound":1.6879099269245441},"point_estimate":1.0268674026489235,"standard_error":0.4521932103736834}}