{"mean":{"confidence_interval":{"confidence_level":0.95,"lower_bound":7.508016031426831,"upper_bound":7.784352988310301},"point_estimate":7.607213225060385,"standard_error":0.08003517889327691},"median":{"confidence_interval":{"confidence_level":0.95,"lower_bound":7.495708011695484,"upper_bound":7.502717717547655},"point_estimate":7.4976935909021005,"standard_error":0.001959990208823044},"median_abs_dev":{"confidence_interval":{"confidence_level":0.95,"lower_bound":0.013775359871418128,"upper_bound":0.02536392190277199},"point_estimate":0.01757334155255493,"standard_error":0.002782591510039017},"slope":{"confidence_interval":{"confidence_level":0.95,"lower_bound":7.503113767857017,"upper_bound":7.526623304143748},"point_estimate":7.513341481847017,"standard_error":0.006050661605849199},"std_dev":{"confidence_interval":{"confidence_level":0.95,"lower_bound":0.048971929775487165,"upper_bound":1.3678917739183392},"point_estimate":0.8047880063679816,"standard_error":0.440114195946551}}