{"mean":{"confidence_interval":{"confidence_level":0.95,"lower_bound":8.222273886975513,"upper_bound":8.416560681846732},"point_estimate":8.298542877703987,"standard_error":0.05177882345361625},"median":{"confidence_interval":{"confidence_level":0.95,"lower_bound":8.208085401695232,"upper_bound":8.220498072375003},"point_estimate":8.215556715725537,"standard_error":0.0028611519714428955},"median_abs_dev":{"confidence_interval":{"confidence_level":0.95,"lower_bound":0.021195868631591522,"upper_bound":0.03817807576102041},"point_estimate":0.02830200566796785,"standard_error":0.0042712438544027015},"slope":{"confidence_interval":{"confidence_level":0.95,"lower_bound":8.225203092280596,"upper_bound":8.246853630843006},"point_estimate":8.235359372121268,"standard_error":0.005534069551342178},"std_dev":{"confidence_interval":{"confidence_level":0.95,"lower_bound":0.04475563750540094,"upper_bound":0.8538356190552676},"point_estimate":0.5209178166906104,"standard_error":0.2276763138299628}}