{"mean":{"confidence_interval":{"confidence_level":0.95,"lower_bound":6.112507650954075,"upper_bound":6.279137483785811},"point_estimate":6.1787929166579465,"standard_error":0.04413289490147287},"median":{"confidence_interval":{"confidence_level":0.95,"lower_bound":6.10144815665328,"upper_bound":6.108112019260409},"point_estimate":6.105140939554827,"standard_error":0.0016869599573789828},"median_abs_dev":{"confidence_interval":{"confidence_level":0.95,"lower_bound":0.012034036649383961,"upper_bound":0.021254623686897293},"point_estimate":0.016187132267944406,"standard_error":0.0023497360683220033},"slope":{"confidence_interval":{"confidence_level":0.95,"lower_bound":6.107828296995072,"upper_bound":6.122957411597519},"point_estimate":6.114870058290022,"standard_error":0.0038745263477878555},"std_dev":{"confidence_interval":{"confidence_level":0.95,"lower_bound":0.038639563994547696,"upper_bound":0.7091945938339589},"point_estimate":0.44213706031663885,"standard_error":0.1826507803135174}}