{"mean":{"confidence_interval":{"confidence_level":0.95,"lower_bound":6.0860523419508175,"upper_bound":6.239474366921658},"point_estimate":6.142182522126823,"standard_error":0.04266153066611385},"median":{"confidence_interval":{"confidence_level":0.95,"lower_bound":6.078819528622205,"upper_bound":6.084717782226663},"point_estimate":6.081169061229737,"standard_error":0.0018256324069517984},"median_abs_dev":{"confidence_interval":{"confidence_level":0.95,"lower_bound":0.008534127165632682,"upper_bound":0.01637348293824046},"point_estimate":0.010793827803705868,"standard_error":0.0020832542018620337},"slope":{"confidence_interval":{"confidence_level":0.95,"lower_bound":6.085142409736681,"upper_bound":6.096083750200545},"point_estimate":6.090128205065484,"standard_error":0.0028102131573696644},"std_dev":{"confidence_interval":{"confidence_level":0.95,"lower_bound":0.030923478115413777,"upper_bound":0.7233182655568778},"point_estimate":0.42850113204377244,"standard_error":0.2210019806575189}}