{"mean":{"confidence_interval":{"confidence_level":0.95,"lower_bound":7.108037655545985,"upper_bound":7.1264579856566375},"point_estimate":7.115937596316108,"standard_error":0.004741180998543827},"median":{"confidence_interval":{"confidence_level":0.95,"lower_bound":7.10026671111852,"upper_bound":7.111168528088014},"point_estimate":7.1057462885743785,"standard_error":0.002295826326627234},"median_abs_dev":{"confidence_interval":{"confidence_level":0.95,"lower_bound":0.017461378078297576,"upper_bound":0.02923199365200223},"point_estimate":0.025057628174951815,"standard_error":0.0031045924595853596},"slope":{"confidence_interval":{"confidence_level":0.95,"lower_bound":7.102592463494246,"upper_bound":7.1115493136330485},"point_estimate":7.106939193082104,"standard_error":0.002285192977038493},"std_dev":{"confidence_interval":{"confidence_level":0.95,"lower_bound":0.02374454528352881,"upper_bound":0.07267120107919925},"point_estimate":0.04750777273839024,"standard_error":0.015468867573448015}}