{"mean":{"confidence_interval":{"confidence_level":0.95,"lower_bound":6.978161732294722,"upper_bound":7.003624382300267},"point_estimate":6.989740403839124,"standard_error":0.00651584792981748},"median":{"confidence_interval":{"confidence_level":0.95,"lower_bound":6.964973090406359,"upper_bound":6.977070063694267},"point_estimate":6.9689829558858225,"standard_error":0.003414200263076286},"median_abs_dev":{"confidence_interval":{"confidence_level":0.95,"lower_bound":0.015985737195901656,"upper_bound":0.03140006008178644},"point_estimate":0.02179414701560795,"standard_error":0.003944085641401777},"slope":{"confidence_interval":{"confidence_level":0.95,"lower_bound":6.966992433381364,"upper_bound":6.979396488239865},"point_estimate":6.973090649420489,"standard_error":0.003164162474288344},"std_dev":{"confidence_interval":{"confidence_level":0.95,"lower_bound":0.038228939686137296,"upper_bound":0.09051039333431539},"point_estimate":0.0654865285224562,"standard_error":0.01353304870146852}}