{"mean":{"confidence_interval":{"confidence_level":0.95,"lower_bound":8.38260755344504,"upper_bound":8.424768117925629},"point_estimate":8.402479717425956,"standard_error":0.01078031115281643},"median":{"confidence_interval":{"confidence_level":0.95,"lower_bound":8.369387100670433,"upper_bound":8.391972045924552},"point_estimate":8.377894266254087,"standard_error":0.007409754477629359},"median_abs_dev":{"confidence_interval":{"confidence_level":0.95,"lower_bound":0.03150106633114958,"upper_bound":0.08418569693292959},"point_estimate":0.055628327633524585,"standard_error":0.012802543649577865},"slope":{"confidence_interval":{"confidence_level":0.95,"lower_bound":8.359318612320411,"upper_bound":8.394144566005188},"point_estimate":8.376744095297177,"standard_error":0.008897980284827956},"std_dev":{"confidence_interval":{"confidence_level":0.95,"lower_bound":0.07440984030150627,"upper_bound":0.14093305207960685},"point_estimate":0.10825597302531088,"standard_error":0.01723811097171486}}