{"mean":{"confidence_interval":{"confidence_level":0.95,"lower_bound":7.039244005525516,"upper_bound":7.191965242404643},"point_estimate":7.104570476807828,"standard_error":0.039343386710546865},"median":{"confidence_interval":{"confidence_level":0.95,"lower_bound":6.981844386815855,"upper_bound":7.004067877059928},"point_estimate":6.996145206911939,"standard_error":0.0062991830938129365},"median_abs_dev":{"confidence_interval":{"confidence_level":0.95,"lower_bound":0.035159012162767914,"upper_bound":0.06956515428327653},"point_estimate":0.05320439282086501,"standard_error":0.00928384666716066},"slope":{"confidence_interval":{"confidence_level":0.95,"lower_bound":6.973746310286213,"upper_bound":6.9905023434955424},"point_estimate":6.981392067936983,"standard_error":0.004296439790949992},"std_dev":{"confidence_interval":{"confidence_level":0.95,"lower_bound":0.15464741538221258,"upper_bound":0.6055909737367069},"point_estimate":0.3943026845234566,"standard_error":0.12447215380272762}}