{"mean":{"confidence_interval":{"confidence_level":0.95,"lower_bound":7.0206843442032785,"upper_bound":7.159059950125969},"point_estimate":7.079425836139624,"standard_error":0.0356619480420353},"median":{"confidence_interval":{"confidence_level":0.95,"lower_bound":6.974754866791027,"upper_bound":7.002776142742935},"point_estimate":6.985652037307176,"standard_error":0.007465310287408572},"median_abs_dev":{"confidence_interval":{"confidence_level":0.95,"lower_bound":0.03909898371362807,"upper_bound":0.07266312995988303},"point_estimate":0.052419100523009216,"standard_error":0.009160808682331153},"slope":{"confidence_interval":{"confidence_level":0.95,"lower_bound":6.9635609221036106,"upper_bound":6.977859355780777},"point_estimate":6.970350482237589,"standard_error":0.0036349096706868745},"std_dev":{"confidence_interval":{"confidence_level":0.95,"lower_bound":0.13355069608656775,"upper_bound":0.5545327604552097},"point_estimate":0.35648509782116644,"standard_error":0.1171393088944128}}