{"mean":{"confidence_interval":{"confidence_level":0.95,"lower_bound":38.42138239887121,"upper_bound":39.28639411682053},"point_estimate":38.79142929886722,"standard_error":0.22339408647658748},"median":{"confidence_interval":{"confidence_level":0.95,"lower_bound":38.15468568989696,"upper_bound":38.41574268304865},"point_estimate":38.255284956492204,"standard_error":0.06241823484461715},"median_abs_dev":{"confidence_interval":{"confidence_level":0.95,"lower_bound":0.3346114249637235,"upper_bound":0.6806115079370172},"point_estimate":0.522093380629584,"standard_error":0.08678686397330745},"slope":{"confidence_interval":{"confidence_level":0.95,"lower_bound":38.27869760468416,"upper_bound":38.50686102203238},"point_estimate":38.38844436304046,"standard_error":0.057928689065025685},"std_dev":{"confidence_interval":{"confidence_level":0.95,"lower_bound":0.8521956974868858,"upper_bound":3.4908391656611344},"point_estimate":2.2503652151146936,"standard_error":0.7463983879786624}}