{"mean":{"confidence_interval":{"confidence_level":0.95,"lower_bound":37.584670195793365,"upper_bound":38.69174329338021},"point_estimate":38.05963652151477,"standard_error":0.28592922519516994},"median":{"confidence_interval":{"confidence_level":0.95,"lower_bound":37.207365299060804,"upper_bound":37.675531389026204},"point_estimate":37.48528423133959,"standard_error":0.12890998729977649},"median_abs_dev":{"confidence_interval":{"confidence_level":0.95,"lower_bound":0.3340931829231476,"upper_bound":0.7373038946956082},"point_estimate":0.5820879677658659,"standard_error":0.1016641088872101},"slope":{"confidence_interval":{"confidence_level":0.95,"lower_bound":37.571480291830404,"upper_bound":37.76046810527059},"point_estimate":37.66707859322242,"standard_error":0.048187482830124695},"std_dev":{"confidence_interval":{"confidence_level":0.95,"lower_bound":0.771469819735591,"upper_bound":4.383343479393628},"point_estimate":2.882319336190209,"standard_error":0.9224453044511862}}