{"mean":{"confidence_interval":{"confidence_level":0.95,"lower_bound":484183.88174999977,"upper_bound":486442.18722727307},"point_estimate":485279.42363636364,"standard_error":576.0124941914701},"median":{"confidence_interval":{"confidence_level":0.95,"lower_bound":481886.09090909094,"upper_bound":483758.45454545453},"point_estimate":482415.95454545453,"standard_error":549.6629862093322},"median_abs_dev":{"confidence_interval":{"confidence_level":0.95,"lower_bound":2147.0069346103505,"upper_bound":5044.479019533524},"point_estimate":3102.677399461908,"standard_error":785.8437800003375},"slope":null,"std_dev":{"confidence_interval":{"confidence_level":0.95,"lower_bound":4757.28071823784,"upper_bound":6688.69747383948},"point_estimate":5782.883859263503,"standard_error":493.2866440288474}}