{"mean":{"confidence_interval":{"confidence_level":0.95,"lower_bound":638632.339625,"upper_bound":644560.4989375001},"point_estimate":641177.4275,"standard_error":1529.1302850231953},"median":{"confidence_interval":{"confidence_level":0.95,"lower_bound":634086.25,"upper_bound":639937.375},"point_estimate":635980.9375,"standard_error":2005.6114012638054},"median_abs_dev":{"confidence_interval":{"confidence_level":0.95,"lower_bound":3504.3103627860546,"upper_bound":11063.179536089297},"point_estimate":6047.061980143189,"standard_error":2264.14351779292},"slope":null,"std_dev":{"confidence_interval":{"confidence_level":0.95,"lower_bound":7610.160775879642,"upper_bound":23569.969142003407},"point_estimate":15336.61227071649,"standard_error":5106.387751247857}}