{"mean":{"confidence_interval":{"confidence_level":0.95,"lower_bound":624215.66234375,"upper_bound":631274.3659687501},"point_estimate":627672.1925,"standard_error":1795.7983759608042},"median":{"confidence_interval":{"confidence_level":0.95,"lower_bound":615949.9375,"upper_bound":624110.1875},"point_estimate":619382.0,"standard_error":2252.630133837175},"median_abs_dev":{"confidence_interval":{"confidence_level":0.95,"lower_bound":7012.79053799808,"upper_bound":18923.762437161047},"point_estimate":11964.674450084567,"standard_error":3191.200264729578},"slope":null,"std_dev":{"confidence_interval":{"confidence_level":0.95,"lower_bound":15594.183050696622,"upper_bound":20049.48195162564},"point_estimate":18005.55995236929,"standard_error":1134.9621568792093}}