{"mean":{"confidence_interval":{"confidence_level":0.95,"lower_bound":643148.095375,"upper_bound":648011.4146562499},"point_estimate":645578.79,"standard_error":1242.4335266355085},"median":{"confidence_interval":{"confidence_level":0.95,"lower_bound":643856.625,"upper_bound":647948.125},"point_estimate":646242.3125,"standard_error":1100.4588397554135},"median_abs_dev":{"confidence_interval":{"confidence_level":0.95,"lower_bound":7988.526645675302,"upper_bound":19914.19481707737},"point_estimate":16803.232126682997,"standard_error":3223.1002768427015},"slope":null,"std_dev":{"confidence_interval":{"confidence_level":0.95,"lower_bound":11030.221867839395,"upper_bound":13705.172718808673},"point_estimate":12491.568774378897,"standard_error":683.2322506919216}}