{"mean":{"confidence_interval":{"confidence_level":0.95,"lower_bound":6704.646767594702,"upper_bound":6789.074590584816},"point_estimate":6740.966368808602,"standard_error":21.788078147227807},"median":{"confidence_interval":{"confidence_level":0.95,"lower_bound":6689.9358024691355,"upper_bound":6698.081148148149},"point_estimate":6694.250141414142,"standard_error":2.43775672392461},"median_abs_dev":{"confidence_interval":{"confidence_level":0.95,"lower_bound":10.915021502922682,"upper_bound":19.688179783120177},"point_estimate":14.563020324751077,"standard_error":2.1211292291073094},"slope":{"confidence_interval":{"confidence_level":0.95,"lower_bound":6697.587486007413,"upper_bound":6748.9256887601605},"point_estimate":6717.520943992907,"standard_error":13.466678612735937},"std_dev":{"confidence_interval":{"confidence_level":0.95,"lower_bound":70.70359719466023,"upper_bound":331.24877982503756},"point_estimate":218.8543846138443,"standard_error":67.55204970495089}}