{"mean":{"confidence_interval":{"confidence_level":0.95,"lower_bound":22.87676364154555,"upper_bound":23.66930553674042},"point_estimate":23.224744811542543,"standard_error":0.20427460047819304},"median":{"confidence_interval":{"confidence_level":0.95,"lower_bound":22.594963866305328,"upper_bound":22.759244689221084},"point_estimate":22.656486467462077,"standard_error":0.047607702991163146},"median_abs_dev":{"confidence_interval":{"confidence_level":0.95,"lower_bound":0.15443645814970838,"upper_bound":0.3620959153477389},"point_estimate":0.24446398196778646,"standard_error":0.05464547775434484},"slope":{"confidence_interval":{"confidence_level":0.95,"lower_bound":22.706120769530543,"upper_bound":23.158196115242433},"point_estimate":22.8829482027198,"standard_error":0.11938978078323435},"std_dev":{"confidence_interval":{"confidence_level":0.95,"lower_bound":0.7548889135775986,"upper_bound":3.017701419279385},"point_estimate":2.0639779658995545,"standard_error":0.5772569961763934}}