{"mean":{"confidence_interval":{"confidence_level":0.95,"lower_bound":30.279615990366814,"upper_bound":31.768850291489173},"point_estimate":30.926373687215882,"standard_error":0.38648475209416644},"median":{"confidence_interval":{"confidence_level":0.95,"lower_bound":29.969778801120377,"upper_bound":30.02410358565737},"point_estimate":29.99746258009094,"standard_error":0.01620106720468004},"median_abs_dev":{"confidence_interval":{"confidence_level":0.95,"lower_bound":0.09603310115759307,"upper_bound":0.3094703649775743},"point_estimate":0.1988936976641494,"standard_error":0.056653625417755114},"slope":{"confidence_interval":{"confidence_level":0.95,"lower_bound":30.12034739755011,"upper_bound":30.245666646659345},"point_estimate":30.1824508556582,"standard_error":0.032139286710480316},"std_dev":{"confidence_interval":{"confidence_level":0.95,"lower_bound":1.528119230867121,"upper_bound":5.513588982443232},"point_estimate":3.8718709487280614,"standard_error":1.0231965471821127}}