{"mean":{"confidence_interval":{"confidence_level":0.95,"lower_bound":33.234793148781065,"upper_bound":34.86568382210637},"point_estimate":34.00776955981441,"standard_error":0.4167838854084173},"median":{"confidence_interval":{"confidence_level":0.95,"lower_bound":32.825901151988106,"upper_bound":33.34179131054131},"point_estimate":33.01885435685745,"standard_error":0.153482398115237},"median_abs_dev":{"confidence_interval":{"confidence_level":0.95,"lower_bound":0.8620344831400337,"upper_bound":3.0906650418672954},"point_estimate":2.379677390109471,"standard_error":0.6573098101028979},"slope":{"confidence_interval":{"confidence_level":0.95,"lower_bound":31.836339926897224,"upper_bound":32.541469308476415},"point_estimate":32.20164816940936,"standard_error":0.18027216314890745},"std_dev":{"confidence_interval":{"confidence_level":0.95,"lower_bound":2.969311627614654,"upper_bound":5.265009489572805},"point_estimate":4.188277451225208,"standard_error":0.586190185976517}}