{"mean":{"confidence_interval":{"confidence_level":0.95,"lower_bound":29.00879113085847,"upper_bound":29.75187060777485},"point_estimate":29.29134926937981,"standard_error":0.1992857845415703},"median":{"confidence_interval":{"confidence_level":0.95,"lower_bound":28.759938536818236,"upper_bound":29.049255441008018},"point_estimate":28.944320436507937,"standard_error":0.07245261137771287},"median_abs_dev":{"confidence_interval":{"confidence_level":0.95,"lower_bound":0.16663771998304447,"upper_bound":0.4739812498734407},"point_estimate":0.34469345543461194,"standard_error":0.07693977239718106},"slope":{"confidence_interval":{"confidence_level":0.95,"lower_bound":28.95786382153954,"upper_bound":29.247109257736863},"point_estimate":29.089077197698447,"standard_error":0.07393912822718085},"std_dev":{"confidence_interval":{"confidence_level":0.95,"lower_bound":0.4386292075119399,"upper_bound":3.3225750118851054},"point_estimate":1.9977762264470642,"standard_error":0.9376556597686332}}