{"mean":{"confidence_interval":{"confidence_level":0.95,"lower_bound":42.089234962128934,"upper_bound":45.30789785376056},"point_estimate":43.577710799800705,"standard_error":0.8273952560821033},"median":{"confidence_interval":{"confidence_level":0.95,"lower_bound":40.501666666666665,"upper_bound":40.953520114942535},"point_estimate":40.77693452380953,"standard_error":0.12791451422525035},"median_abs_dev":{"confidence_interval":{"confidence_level":0.95,"lower_bound":0.4033894057171934,"upper_bound":0.9100596665057493},"point_estimate":0.6597115569555492,"standard_error":0.1447877486136623},"slope":{"confidence_interval":{"confidence_level":0.95,"lower_bound":40.57044620004605,"upper_bound":40.98714527043008},"point_estimate":40.75640988832359,"standard_error":0.10652511267495872},"std_dev":{"confidence_interval":{"confidence_level":0.95,"lower_bound":5.245665399953768,"upper_bound":10.678308317306975},"point_estimate":8.312170602811108,"standard_error":1.3860293997772697}}