{"mean":{"confidence_interval":{"confidence_level":0.95,"lower_bound":41.16293581705165,"upper_bound":45.777604035406505},"point_estimate":43.156300979389414,"standard_error":1.1874110751959848},"median":{"confidence_interval":{"confidence_level":0.95,"lower_bound":39.96821152703506,"upper_bound":40.17613636363637},"point_estimate":40.0086438152012,"standard_error":0.051876039936435296},"median_abs_dev":{"confidence_interval":{"confidence_level":0.95,"lower_bound":0.1947701769789906,"upper_bound":0.5150358274834212},"point_estimate":0.3008801882068098,"standard_error":0.07835761848666933},"slope":{"confidence_interval":{"confidence_level":0.95,"lower_bound":40.117727338634275,"upper_bound":40.66893636951642},"point_estimate":40.36301574933613,"standard_error":0.1411908044747238},"std_dev":{"confidence_interval":{"confidence_level":0.95,"lower_bound":4.736296965786589,"upper_bound":18.13874843455532},"point_estimate":11.923448686735611,"standard_error":3.6249097514451925}}