{"mean":{"confidence_interval":{"confidence_level":0.95,"lower_bound":41.63423636840997,"upper_bound":46.83963141434668},"point_estimate":43.86425685052225,"standard_error":1.348202980547079},"median":{"confidence_interval":{"confidence_level":0.95,"lower_bound":40.35176470588235,"upper_bound":40.70320855614973},"point_estimate":40.47123909372361,"standard_error":0.12156556027872771},"median_abs_dev":{"confidence_interval":{"confidence_level":0.95,"lower_bound":0.26634551683451857,"upper_bound":0.6721471598403044},"point_estimate":0.40023087656279827,"standard_error":0.11350647972130296},"slope":{"confidence_interval":{"confidence_level":0.95,"lower_bound":40.71532044154803,"upper_bound":41.2833626032555},"point_estimate":40.97670768174272,"standard_error":0.14514890132698022},"std_dev":{"confidence_interval":{"confidence_level":0.95,"lower_bound":5.197635630648511,"upper_bound":20.85472977868257},"point_estimate":13.539159268041239,"standard_error":4.365122639155318}}