{"mean":{"confidence_interval":{"confidence_level":0.95,"lower_bound":44.678990580786,"upper_bound":46.58816331054925},"point_estimate":45.51615763029035,"standard_error":0.49108887256622324},"median":{"confidence_interval":{"confidence_level":0.95,"lower_bound":43.90585533869116,"upper_bound":44.13692407527579},"point_estimate":43.99924920850294,"standard_error":0.05684752809600038},"median_abs_dev":{"confidence_interval":{"confidence_level":0.95,"lower_bound":0.2672526071956089,"upper_bound":0.6383698870779252},"point_estimate":0.4223222235063482,"standard_error":0.0935103911889391},"slope":{"confidence_interval":{"confidence_level":0.95,"lower_bound":44.10570936210263,"upper_bound":44.64537702441899},"point_estimate":44.35085721091601,"standard_error":0.1380485063616612},"std_dev":{"confidence_interval":{"confidence_level":0.95,"lower_bound":2.1541367585646825,"upper_bound":7.335726353167767},"point_estimate":4.93698055933041,"standard_error":1.3616233274157177}}