{"mean":{"confidence_interval":{"confidence_level":0.95,"lower_bound":5.0484748122667416,"upper_bound":5.054111461045279},"point_estimate":5.051131914287606,"standard_error":0.0014369569896789656},"median":{"confidence_interval":{"confidence_level":0.95,"lower_bound":5.044958294219087,"upper_bound":5.050079533291875},"point_estimate":5.047056959899125,"standard_error":0.0011349892824544278},"median_abs_dev":{"confidence_interval":{"confidence_level":0.95,"lower_bound":0.007399042774000638,"upper_bound":0.012786513519644679},"point_estimate":0.009690853480878739,"standard_error":0.0014307952734715955},"slope":{"confidence_interval":{"confidence_level":0.95,"lower_bound":5.045545640093457,"upper_bound":5.0494731866002045},"point_estimate":5.047437489322683,"standard_error":0.0010010889048250526},"std_dev":{"confidence_interval":{"confidence_level":0.95,"lower_bound":0.010157779867952644,"upper_bound":0.018208779099104875},"point_estimate":0.014394069269091429,"standard_error":0.0020613463454923174}}