{"mean":{"confidence_interval":{"confidence_level":0.95,"lower_bound":10.833554829719656,"upper_bound":10.855076639729669},"point_estimate":10.843111358274035,"standard_error":0.0055247793315540755},"median":{"confidence_interval":{"confidence_level":0.95,"lower_bound":10.828821126626769,"upper_bound":10.841509157880223},"point_estimate":10.834511381760185,"standard_error":0.0030205685844353117},"median_abs_dev":{"confidence_interval":{"confidence_level":0.95,"lower_bound":0.018662312803022767,"upper_bound":0.0326727227312602},"point_estimate":0.024630550797746377,"standard_error":0.003463493624143301},"slope":{"confidence_interval":{"confidence_level":0.95,"lower_bound":10.83213364431444,"upper_bound":10.841207535804163},"point_estimate":10.83657115998978,"standard_error":0.002319502278142835},"std_dev":{"confidence_interval":{"confidence_level":0.95,"lower_bound":0.030084569765298455,"upper_bound":0.08252570103304939},"point_estimate":0.055570683203596344,"standard_error":0.015524679173144948}}