{"mean":{"confidence_interval":{"confidence_level":0.95,"lower_bound":42.80473647926748,"upper_bound":43.55245651110936},"point_estimate":43.16309524668216,"standard_error":0.19041106700583196},"median":{"confidence_interval":{"confidence_level":0.95,"lower_bound":42.610547690613316,"upper_bound":43.11216187222525},"point_estimate":42.894393350497594,"standard_error":0.15063559748441427},"median_abs_dev":{"confidence_interval":{"confidence_level":0.95,"lower_bound":0.901643831704421,"upper_bound":1.5823788330966657},"point_estimate":1.198217134889201,"standard_error":0.17556813611282146},"slope":{"confidence_interval":{"confidence_level":0.95,"lower_bound":42.82080536495393,"upper_bound":43.663115247190234},"point_estimate":43.21835107780305,"standard_error":0.21445343920382998},"std_dev":{"confidence_interval":{"confidence_level":0.95,"lower_bound":1.4129361376226826,"upper_bound":2.3483455629621974},"point_estimate":1.9125235645884482,"standard_error":0.23893562651042544}}