{"mean":{"confidence_interval":{"confidence_level":0.95,"lower_bound":37.089306902966825,"upper_bound":37.184401086117866},"point_estimate":37.13063130613092,"standard_error":0.02451746147098432},"median":{"confidence_interval":{"confidence_level":0.95,"lower_bound":37.06554833383767,"upper_bound":37.08616561631395},"point_estimate":37.07502369899097,"standard_error":0.005680699788377149},"median_abs_dev":{"confidence_interval":{"confidence_level":0.95,"lower_bound":0.03314985171157818,"upper_bound":0.05587084941157132},"point_estimate":0.04398922436415869,"standard_error":0.005658591783146513},"slope":{"confidence_interval":{"confidence_level":0.95,"lower_bound":37.055613683940294,"upper_bound":37.069846066958775},"point_estimate":37.06275033216178,"standard_error":0.0036123115388865057},"std_dev":{"confidence_interval":{"confidence_level":0.95,"lower_bound":0.08718045245448096,"upper_bound":0.3666822294146794},"point_estimate":0.2460839146360667,"standard_error":0.07092294156269009}}