{"mean":{"confidence_interval":{"confidence_level":0.95,"lower_bound":42.004247937334206,"upper_bound":42.96078987304715},"point_estimate":42.468319252478615,"standard_error":0.24396064313518884},"median":{"confidence_interval":{"confidence_level":0.95,"lower_bound":41.86868198058132,"upper_bound":42.617821044792},"point_estimate":42.095232942573105,"standard_error":0.21044503680037085},"median_abs_dev":{"confidence_interval":{"confidence_level":0.95,"lower_bound":1.1964195924529644,"upper_bound":2.216613534392556},"point_estimate":1.5951929269246723,"standard_error":0.2683543054312941},"slope":{"confidence_interval":{"confidence_level":0.95,"lower_bound":42.24726917825543,"upper_bound":43.23485027561122},"point_estimate":42.71976520081991,"standard_error":0.2528111632416723},"std_dev":{"confidence_interval":{"confidence_level":0.95,"lower_bound":1.8664229700262862,"upper_bound":2.953857683307163},"point_estimate":2.442620016427311,"standard_error":0.27770065555611545}}