{"mean":{"confidence_interval":{"confidence_level":0.95,"lower_bound":10.641380185603747,"upper_bound":10.658122703783349},"point_estimate":10.648779070641478,"standard_error":0.004301030838379555},"median":{"confidence_interval":{"confidence_level":0.95,"lower_bound":10.637661061841234,"upper_bound":10.646518922540595},"point_estimate":10.64431891392828,"standard_error":0.0028340863951783813},"median_abs_dev":{"confidence_interval":{"confidence_level":0.95,"lower_bound":0.011311820454349695,"upper_bound":0.01901447462087029},"point_estimate":0.014407247369314827,"standard_error":0.002015104590283819},"slope":{"confidence_interval":{"confidence_level":0.95,"lower_bound":10.63881096769687,"upper_bound":10.645921723021905},"point_estimate":10.642342358230172,"standard_error":0.0018047086538207618},"std_dev":{"confidence_interval":{"confidence_level":0.95,"lower_bound":0.019035636436626466,"upper_bound":0.06289563155216045},"point_estimate":0.04307938232348281,"standard_error":0.011425129857033124}}