{"mean":{"confidence_interval":{"confidence_level":0.95,"lower_bound":7.038599149410172,"upper_bound":7.0493689285992325},"point_estimate":7.043684635486719,"standard_error":0.002749538791207506},"median":{"confidence_interval":{"confidence_level":0.95,"lower_bound":7.033457753162001,"upper_bound":7.042767134738589},"point_estimate":7.03943958382704,"standard_error":0.0025619149789239083},"median_abs_dev":{"confidence_interval":{"confidence_level":0.95,"lower_bound":0.01228093372197684,"upper_bound":0.020343601208741454},"point_estimate":0.015525480238398112,"standard_error":0.0021422012002811222},"slope":{"confidence_interval":{"confidence_level":0.95,"lower_bound":7.03238180723477,"upper_bound":7.044476846115871},"point_estimate":7.037639248989796,"standard_error":0.003102131984900662},"std_dev":{"confidence_interval":{"confidence_level":0.95,"lower_bound":0.0192381245161165,"upper_bound":0.03486954401303195},"point_estimate":0.027641711501358794,"standard_error":0.003988373128340345}}