{"mean":{"confidence_interval":{"confidence_level":0.95,"lower_bound":10.718451492786555,"upper_bound":10.728683716015679},"point_estimate":10.723443874036327,"standard_error":0.0026114689181212956},"median":{"confidence_interval":{"confidence_level":0.95,"lower_bound":10.718386777165943,"upper_bound":10.725414747341807},"point_estimate":10.72185226612268,"standard_error":0.0018422102770887328},"median_abs_dev":{"confidence_interval":{"confidence_level":0.95,"lower_bound":0.01742494431018674,"upper_bound":0.028428683006328125},"point_estimate":0.021723942006323563,"standard_error":0.0028033218083212685},"slope":{"confidence_interval":{"confidence_level":0.95,"lower_bound":10.720254761057335,"upper_bound":10.728497986498878},"point_estimate":10.724349126820993,"standard_error":0.0020984342534678844},"std_dev":{"confidence_interval":{"confidence_level":0.95,"lower_bound":0.02090744148458623,"upper_bound":0.031425391996650336},"point_estimate":0.026180230209821822,"standard_error":0.002703399194301248}}