{"mean":{"confidence_interval":{"confidence_level":0.95,"lower_bound":10.889671040634191,"upper_bound":10.934346121484312},"point_estimate":10.910156522390494,"standard_error":0.011400724896690806},"median":{"confidence_interval":{"confidence_level":0.95,"lower_bound":10.881893985193972,"upper_bound":10.90342588541611},"point_estimate":10.894303872434193,"standard_error":0.0052755730013019485},"median_abs_dev":{"confidence_interval":{"confidence_level":0.95,"lower_bound":0.03314624163047227,"upper_bound":0.06454604473273498},"point_estimate":0.045194879898582334,"standard_error":0.008124210000157497},"slope":{"confidence_interval":{"confidence_level":0.95,"lower_bound":10.877909340307856,"upper_bound":10.906875408099966},"point_estimate":10.892588924056495,"standard_error":0.007381812228720276},"std_dev":{"confidence_interval":{"confidence_level":0.95,"lower_bound":0.0671551658612241,"upper_bound":0.1605928092847919},"point_estimate":0.11409377488841861,"standard_error":0.024794247547633985}}