{"mean":{"confidence_interval":{"confidence_level":0.95,"lower_bound":45.27104593909061,"upper_bound":46.71665090762114},"point_estimate":45.96949369610673,"standard_error":0.3682025294287229},"median":{"confidence_interval":{"confidence_level":0.95,"lower_bound":44.03471924002863,"upper_bound":45.751846567456944},"point_estimate":44.69045980777632,"standard_error":0.40237519001671473},"median_abs_dev":{"confidence_interval":{"confidence_level":0.95,"lower_bound":1.767115404014625,"upper_bound":3.4153352270014783},"point_estimate":2.4294321178629854,"standard_error":0.42011176498168945},"slope":{"confidence_interval":{"confidence_level":0.95,"lower_bound":44.40214862631785,"upper_bound":45.3745672673073},"point_estimate":44.86751137219706,"standard_error":0.24884897196426112},"std_dev":{"confidence_interval":{"confidence_level":0.95,"lower_bound":2.9841123343238776,"upper_bound":4.335081496278084},"point_estimate":3.7088407663062766,"standard_error":0.3447100269876224}}