{"mean":{"confidence_interval":{"confidence_level":0.95,"lower_bound":10.649507169185286,"upper_bound":10.66829080807139},"point_estimate":10.657416149439717,"standard_error":0.004856016214220006},"median":{"confidence_interval":{"confidence_level":0.95,"lower_bound":10.64848757427786,"upper_bound":10.657811143733813},"point_estimate":10.652945900796709,"standard_error":0.0024001635904632784},"median_abs_dev":{"confidence_interval":{"confidence_level":0.95,"lower_bound":0.01428546801940103,"upper_bound":0.026700531910811377},"point_estimate":0.02012533866556103,"standard_error":0.00318094054501803},"slope":{"confidence_interval":{"confidence_level":0.95,"lower_bound":10.65059638800649,"upper_bound":10.659343662437024},"point_estimate":10.654796055201903,"standard_error":0.002227264684284373},"std_dev":{"confidence_interval":{"confidence_level":0.95,"lower_bound":0.02166952966672834,"upper_bound":0.07671841564750312},"point_estimate":0.048833707033985915,"standard_error":0.01759633823299551}}