{"mean":{"confidence_interval":{"confidence_level":0.95,"lower_bound":10.776515536712562,"upper_bound":10.790881783316339},"point_estimate":10.783778930207195,"standard_error":0.0036627696324787982},"median":{"confidence_interval":{"confidence_level":0.95,"lower_bound":10.77781185714537,"upper_bound":10.787653414133995},"point_estimate":10.783306228745639,"standard_error":0.002422023245225606},"median_abs_dev":{"confidence_interval":{"confidence_level":0.95,"lower_bound":0.016784887915216505,"upper_bound":0.031591442225142784},"point_estimate":0.023752446906025983,"standard_error":0.0037271414223302886},"slope":{"confidence_interval":{"confidence_level":0.95,"lower_bound":10.77680795201842,"upper_bound":10.784947437155003},"point_estimate":10.780639053261183,"standard_error":0.002065027324722199},"std_dev":{"confidence_interval":{"confidence_level":0.95,"lower_bound":0.029462018283629772,"upper_bound":0.043453714014247156},"point_estimate":0.036857636891221575,"standard_error":0.0035909286950502653}}