{"mean":{"confidence_interval":{"confidence_level":0.95,"lower_bound":10.715295405248888,"upper_bound":10.742586358588591},"point_estimate":10.727554767586819,"standard_error":0.006983018982004866},"median":{"confidence_interval":{"confidence_level":0.95,"lower_bound":10.713209968065694,"upper_bound":10.722432221063608},"point_estimate":10.7198791509189,"standard_error":0.0020786008724796574},"median_abs_dev":{"confidence_interval":{"confidence_level":0.95,"lower_bound":0.01384915112027639,"upper_bound":0.024526242272331394},"point_estimate":0.018159398602400293,"standard_error":0.002772817599099542},"slope":{"confidence_interval":{"confidence_level":0.95,"lower_bound":10.715820362532906,"upper_bound":10.724836944993143},"point_estimate":10.719843165199514,"standard_error":0.0022984283243551178},"std_dev":{"confidence_interval":{"confidence_level":0.95,"lower_bound":0.03708260246932099,"upper_bound":0.1040973463584732},"point_estimate":0.07057227153089034,"standard_error":0.01873144106535582}}