{"mean":{"confidence_interval":{"confidence_level":0.95,"lower_bound":37.54165996396086,"upper_bound":37.63017709959683},"point_estimate":37.58597882692681,"standard_error":0.022557406989651092},"median":{"confidence_interval":{"confidence_level":0.95,"lower_bound":37.4605195973617,"upper_bound":37.748875606908854},"point_estimate":37.51831197780272,"standard_error":0.06618400513044433},"median_abs_dev":{"confidence_interval":{"confidence_level":0.95,"lower_bound":0.16604754187925014,"upper_bound":0.3643219651895804},"point_estimate":0.30947879127491185,"standard_error":0.054890242075509396},"slope":{"confidence_interval":{"confidence_level":0.95,"lower_bound":37.47454960060529,"upper_bound":37.53282980567001},"point_estimate":37.501233705460095,"standard_error":0.014888672872489192},"std_dev":{"confidence_interval":{"confidence_level":0.95,"lower_bound":0.20438344936368752,"upper_bound":0.2470944076934579},"point_estimate":0.22644566457859464,"standard_error":0.010903837672542894}}