{"mean":{"confidence_interval":{"confidence_level":0.95,"lower_bound":10.84710339354048,"upper_bound":10.86831382915231},"point_estimate":10.857344550531778,"standard_error":0.005404440602750491},"median":{"confidence_interval":{"confidence_level":0.95,"lower_bound":10.844918676894746,"upper_bound":10.854805613322771},"point_estimate":10.850351388341585,"standard_error":0.0024101774988194813},"median_abs_dev":{"confidence_interval":{"confidence_level":0.95,"lower_bound":0.01764210406571543,"upper_bound":0.030191724060379257},"point_estimate":0.024995916873381967,"standard_error":0.0030835926794149523},"slope":{"confidence_interval":{"confidence_level":0.95,"lower_bound":10.846597648893122,"upper_bound":10.861062705521254},"point_estimate":10.852795214698526,"standard_error":0.0037491848014308765},"std_dev":{"confidence_interval":{"confidence_level":0.95,"lower_bound":0.039043407624984976,"upper_bound":0.0680750666982454},"point_estimate":0.05427288055302862,"standard_error":0.007419400639989977}}