{"mean":{"confidence_interval":{"confidence_level":0.95,"lower_bound":10.682693161155797,"upper_bound":10.698199834145754},"point_estimate":10.689773124609836,"standard_error":0.003954584522321833},"median":{"confidence_interval":{"confidence_level":0.95,"lower_bound":10.677473028613123,"upper_bound":10.684979074874413},"point_estimate":10.682269120427183,"standard_error":0.002144668632278137},"median_abs_dev":{"confidence_interval":{"confidence_level":0.95,"lower_bound":0.017441714533330783,"upper_bound":0.033529496768005145},"point_estimate":0.02389396147589866,"standard_error":0.0039675887350957345},"slope":{"confidence_interval":{"confidence_level":0.95,"lower_bound":10.681948588964648,"upper_bound":10.694151903346166},"point_estimate":10.687755623183026,"standard_error":0.0031279976628710033},"std_dev":{"confidence_interval":{"confidence_level":0.95,"lower_bound":0.024956667998093016,"upper_bound":0.05619734720820739},"point_estimate":0.0396283176896536,"standard_error":0.009103059777125614}}