{"mean":{"confidence_interval":{"confidence_level":0.95,"lower_bound":9.720184637308135,"upper_bound":9.756796289417126},"point_estimate":9.736934715193625,"standard_error":0.00939528969676171},"median":{"confidence_interval":{"confidence_level":0.95,"lower_bound":9.71436466654282,"upper_bound":9.724601284433842},"point_estimate":9.719080559750859,"standard_error":0.0026284084384690584},"median_abs_dev":{"confidence_interval":{"confidence_level":0.95,"lower_bound":0.021428095515875215,"upper_bound":0.041836247998716145},"point_estimate":0.03306642091783666,"standard_error":0.005444026013177977},"slope":{"confidence_interval":{"confidence_level":0.95,"lower_bound":9.7211903986342,"upper_bound":9.740120819349576},"point_estimate":9.7300194425741,"standard_error":0.004848528105245223},"std_dev":{"confidence_interval":{"confidence_level":0.95,"lower_bound":0.05319722787891726,"upper_bound":0.13308150858207393},"point_estimate":0.09477235144666167,"standard_error":0.020882166931652336}}