{"mean":{"confidence_interval":{"confidence_level":0.95,"lower_bound":10.700658174811549,"upper_bound":10.716545481322285},"point_estimate":10.708141678628538,"standard_error":0.0040606519220569605},"median":{"confidence_interval":{"confidence_level":0.95,"lower_bound":10.700558162593703,"upper_bound":10.709026577858308},"point_estimate":10.705795227844996,"standard_error":0.0021809779675717625},"median_abs_dev":{"confidence_interval":{"confidence_level":0.95,"lower_bound":0.012344980178363907,"upper_bound":0.02238317758423941},"point_estimate":0.01715246675705177,"standard_error":0.0025849818081348144},"slope":{"confidence_interval":{"confidence_level":0.95,"lower_bound":10.703349236434992,"upper_bound":10.709416325487078},"point_estimate":10.706166572194556,"standard_error":0.0015516784182815202},"std_dev":{"confidence_interval":{"confidence_level":0.95,"lower_bound":0.0254158488435393,"upper_bound":0.05638600697236121},"point_estimate":0.04076184194297113,"standard_error":0.008210458801222328}}