{"mean":{"confidence_interval":{"confidence_level":0.95,"lower_bound":10.696848127892752,"upper_bound":10.716151562022562},"point_estimate":10.705292061164187,"standard_error":0.004955509782194621},"median":{"confidence_interval":{"confidence_level":0.95,"lower_bound":10.692360721725162,"upper_bound":10.703278618815522},"point_estimate":10.69774449545747,"standard_error":0.0026786665930749565},"median_abs_dev":{"confidence_interval":{"confidence_level":0.95,"lower_bound":0.017271156571895388,"upper_bound":0.02751147662290418},"point_estimate":0.02224365129010174,"standard_error":0.0025918394477398594},"slope":{"confidence_interval":{"confidence_level":0.95,"lower_bound":10.694715300433232,"upper_bound":10.702359170056578},"point_estimate":10.698435701448894,"standard_error":0.001951974688592179},"std_dev":{"confidence_interval":{"confidence_level":0.95,"lower_bound":0.023861506204584375,"upper_bound":0.07495633981594084},"point_estimate":0.049697917756421864,"standard_error":0.014508608075960817}}