{"mean":{"confidence_interval":{"confidence_level":0.95,"lower_bound":5.162104275600068,"upper_bound":5.268700762655352},"point_estimate":5.206260233677089,"standard_error":0.027697978891968934},"median":{"confidence_interval":{"confidence_level":0.95,"lower_bound":5.1408429921140115,"upper_bound":5.159312216784899},"point_estimate":5.148297971235097,"standard_error":0.004791626082588945},"median_abs_dev":{"confidence_interval":{"confidence_level":0.95,"lower_bound":0.03435595947466564,"upper_bound":0.06060167996031764},"point_estimate":0.04804606801409674,"standard_error":0.006471213675336652},"slope":{"confidence_interval":{"confidence_level":0.95,"lower_bound":5.145100504410835,"upper_bound":5.171014107791093},"point_estimate":5.157068326827527,"standard_error":0.006611413697336258},"std_dev":{"confidence_interval":{"confidence_level":0.95,"lower_bound":0.07347594954183136,"upper_bound":0.43851174906321866},"point_estimate":0.277174994843401,"standard_error":0.09985449216183694}}