{"mean":{"confidence_interval":{"confidence_level":0.95,"lower_bound":10.615861594558718,"upper_bound":10.64604271341994},"point_estimate":10.628259944866395,"standard_error":0.007866397249833304},"median":{"confidence_interval":{"confidence_level":0.95,"lower_bound":10.61392314941386,"upper_bound":10.624772819063004},"point_estimate":10.618496238352119,"standard_error":0.0025991840309883174},"median_abs_dev":{"confidence_interval":{"confidence_level":0.95,"lower_bound":0.018544376328279304,"upper_bound":0.038074893815024775},"point_estimate":0.025931256592949845,"standard_error":0.005184698064189072},"slope":{"confidence_interval":{"confidence_level":0.95,"lower_bound":10.614843950326513,"upper_bound":10.628503489367533},"point_estimate":10.62150175534034,"standard_error":0.003486009494075337},"std_dev":{"confidence_interval":{"confidence_level":0.95,"lower_bound":0.031081654830573,"upper_bound":0.12667987577167464},"point_estimate":0.07886492676658319,"standard_error":0.031166871132893983}}