{"mean":{"confidence_interval":{"confidence_level":0.95,"lower_bound":13.331003400130488,"upper_bound":13.354580720788967},"point_estimate":13.342039728979824,"standard_error":0.006035470593116728},"median":{"confidence_interval":{"confidence_level":0.95,"lower_bound":13.323440284986102,"upper_bound":13.347117733146193},"point_estimate":13.33710189194456,"standard_error":0.006290325169834733},"median_abs_dev":{"confidence_interval":{"confidence_level":0.95,"lower_bound":0.033381787184527584,"upper_bound":0.05891379184509563},"point_estimate":0.04457177197663962,"standard_error":0.006647969177047162},"slope":{"confidence_interval":{"confidence_level":0.95,"lower_bound":13.33916386690469,"upper_bound":13.358831976214443},"point_estimate":13.349087102942883,"standard_error":0.005008825522245578},"std_dev":{"confidence_interval":{"confidence_level":0.95,"lower_bound":0.04037259809751607,"upper_bound":0.08325082974383723},"point_estimate":0.060704291640156824,"standard_error":0.011724821602876958}}