{"mean":{"confidence_interval":{"confidence_level":0.95,"lower_bound":7.038317358607145,"upper_bound":7.048404750899633},"point_estimate":7.043024430790831,"standard_error":0.002580540384227251},"median":{"confidence_interval":{"confidence_level":0.95,"lower_bound":7.033076130818714,"upper_bound":7.040959044961457},"point_estimate":7.035851073186687,"standard_error":0.0020305586689334824},"median_abs_dev":{"confidence_interval":{"confidence_level":0.95,"lower_bound":0.01185950418931081,"upper_bound":0.01871571861885288},"point_estimate":0.015553792201626112,"standard_error":0.0018470256057777992},"slope":{"confidence_interval":{"confidence_level":0.95,"lower_bound":7.031521589634088,"upper_bound":7.0434381257643635},"point_estimate":7.0365649682362,"standard_error":0.0030809095986930016},"std_dev":{"confidence_interval":{"confidence_level":0.95,"lower_bound":0.016544815036318924,"upper_bound":0.03402225384785665},"point_estimate":0.025767072956704044,"standard_error":0.004484073924112532}}