{"mean":{"confidence_interval":{"confidence_level":0.95,"lower_bound":7.057257821957298,"upper_bound":7.0651929349244655},"point_estimate":7.061047552397988,"standard_error":0.0020195330196217205},"median":{"confidence_interval":{"confidence_level":0.95,"lower_bound":7.052786557927759,"upper_bound":7.062453226623599},"point_estimate":7.05750080734351,"standard_error":0.0021182741718941997},"median_abs_dev":{"confidence_interval":{"confidence_level":0.95,"lower_bound":0.013803652388036831,"upper_bound":0.02155572800696447},"point_estimate":0.01845981377539719,"standard_error":0.001993282382625553},"slope":{"confidence_interval":{"confidence_level":0.95,"lower_bound":7.051558905408954,"upper_bound":7.0578118966410734},"point_estimate":7.054593189142765,"standard_error":0.0015994532832384978},"std_dev":{"confidence_interval":{"confidence_level":0.95,"lower_bound":0.01531664579381345,"upper_bound":0.025437478745852237},"point_estimate":0.020212150116191745,"standard_error":0.002652278578029987}}