{"mean":{"confidence_interval":{"confidence_level":0.95,"lower_bound":10.70416509064811,"upper_bound":10.715575383772872},"point_estimate":10.710040455883375,"standard_error":0.0028986428526020843},"median":{"confidence_interval":{"confidence_level":0.95,"lower_bound":10.705113110798822,"upper_bound":10.71395954998869},"point_estimate":10.709679426335772,"standard_error":0.002035935372590868},"median_abs_dev":{"confidence_interval":{"confidence_level":0.95,"lower_bound":0.014017750164184486,"upper_bound":0.026477193080995685},"point_estimate":0.01996475585536953,"standard_error":0.0031927161904478844},"slope":{"confidence_interval":{"confidence_level":0.95,"lower_bound":10.703042512138438,"upper_bound":10.711296266361273},"point_estimate":10.70750484739808,"standard_error":0.0020963680806637647},"std_dev":{"confidence_interval":{"confidence_level":0.95,"lower_bound":0.019981866478261265,"upper_bound":0.0388396761541277},"point_estimate":0.029084654192981854,"standard_error":0.004994925263408847}}