{"mean":{"confidence_interval":{"confidence_level":0.95,"lower_bound":12.598938189008235,"upper_bound":12.764576782797766},"point_estimate":12.661456931976948,"standard_error":0.04507476873939209},"median":{"confidence_interval":{"confidence_level":0.95,"lower_bound":12.578581775817687,"upper_bound":12.586017189248388},"point_estimate":12.582617756089387,"standard_error":0.0019171624288347475},"median_abs_dev":{"confidence_interval":{"confidence_level":0.95,"lower_bound":0.014248698950060769,"upper_bound":0.031542892608854116},"point_estimate":0.020095931356122972,"standard_error":0.004395059244064556},"slope":{"confidence_interval":{"confidence_level":0.95,"lower_bound":12.59372941162488,"upper_bound":12.619806307042461},"point_estimate":12.605399062726072,"standard_error":0.006646189953538259},"std_dev":{"confidence_interval":{"confidence_level":0.95,"lower_bound":0.07220859702160864,"upper_bound":0.758241853204549},"point_estimate":0.45332666349336326,"standard_error":0.22007965471657842}}