{"mean":{"confidence_interval":{"confidence_level":0.95,"lower_bound":14.728086600114942,"upper_bound":14.997481624834156},"point_estimate":14.840736479580379,"standard_error":0.07045631358880743},"median":{"confidence_interval":{"confidence_level":0.95,"lower_bound":14.680049881723749,"upper_bound":14.75649777178356},"point_estimate":14.718896534119487,"standard_error":0.022155994688026124},"median_abs_dev":{"confidence_interval":{"confidence_level":0.95,"lower_bound":0.09889304582371508,"upper_bound":0.1665934931143382},"point_estimate":0.13108461573216657,"standard_error":0.016927599701801743},"slope":{"confidence_interval":{"confidence_level":0.95,"lower_bound":14.689268819356851,"upper_bound":14.749189536888746},"point_estimate":14.717598648668304,"standard_error":0.015254595678699632},"std_dev":{"confidence_interval":{"confidence_level":0.95,"lower_bound":0.14831099135802844,"upper_bound":1.0923102530224758},"point_estimate":0.7098822736001144,"standard_error":0.2571366527080823}}