{"mean":{"confidence_interval":{"confidence_level":0.95,"lower_bound":18.80858337542407,"upper_bound":19.20195714300496},"point_estimate":18.995049308973126,"standard_error":0.10018597726912039},"median":{"confidence_interval":{"confidence_level":0.95,"lower_bound":18.38937614280844,"upper_bound":18.985509906348533},"point_estimate":18.56524561272379,"standard_error":0.1757582645942882},"median_abs_dev":{"confidence_interval":{"confidence_level":0.95,"lower_bound":0.32217106657640254,"upper_bound":1.0647718585411912},"point_estimate":0.614551971978962,"standard_error":0.20406101827159587},"slope":{"confidence_interval":{"confidence_level":0.95,"lower_bound":18.610182152683358,"upper_bound":18.95545370289366},"point_estimate":18.77584316081099,"standard_error":0.0879446513548993},"std_dev":{"confidence_interval":{"confidence_level":0.95,"lower_bound":0.7359907500522616,"upper_bound":1.3232339427012907},"point_estimate":1.0046320734456087,"standard_error":0.16634409920778512}}