{"mean":{"confidence_interval":{"confidence_level":0.95,"lower_bound":15.251869730922998,"upper_bound":15.452688528977852},"point_estimate":15.328441894044929,"standard_error":0.053844724013495715},"median":{"confidence_interval":{"confidence_level":0.95,"lower_bound":15.23698585476153,"upper_bound":15.246272633257963},"point_estimate":15.24093953088413,"standard_error":0.002654651704459608},"median_abs_dev":{"confidence_interval":{"confidence_level":0.95,"lower_bound":0.014656708187764942,"upper_bound":0.02946645150453007},"point_estimate":0.019957437345121447,"standard_error":0.0038092457839293066},"slope":{"confidence_interval":{"confidence_level":0.95,"lower_bound":15.24766868326083,"upper_bound":15.301308084307857},"point_estimate":15.268134034274933,"standard_error":0.014243365976103324},"std_dev":{"confidence_interval":{"confidence_level":0.95,"lower_bound":0.0701037357535048,"upper_bound":0.8986519077105048},"point_estimate":0.5407643567996612,"standard_error":0.2516709830945071}}