{"mean":{"confidence_interval":{"confidence_level":0.95,"lower_bound":12.58795327448679,"upper_bound":12.885622094456105},"point_estimate":12.698025780644498,"standard_error":0.08107469688571566},"median":{"confidence_interval":{"confidence_level":0.95,"lower_bound":12.569537078207599,"upper_bound":12.588021166770273},"point_estimate":12.57709709606386,"standard_error":0.004630306900102315},"median_abs_dev":{"confidence_interval":{"confidence_level":0.95,"lower_bound":0.028804589146935716,"upper_bound":0.05190087320444955},"point_estimate":0.03644215166123619,"standard_error":0.005855254676622662},"slope":{"confidence_interval":{"confidence_level":0.95,"lower_bound":12.594994160211009,"upper_bound":12.828124159552543},"point_estimate":12.691752092201467,"standard_error":0.06174565718355114},"std_dev":{"confidence_interval":{"confidence_level":0.95,"lower_bound":0.06796861410536639,"upper_bound":1.36949610315201},"point_estimate":0.8145788110539829,"standard_error":0.40752634594932274}}