{"mean":{"confidence_interval":{"confidence_level":0.95,"lower_bound":15.300532898816824,"upper_bound":15.757209720868097},"point_estimate":15.468034524233314,"standard_error":0.12497665686975214},"median":{"confidence_interval":{"confidence_level":0.95,"lower_bound":15.27945048587375,"upper_bound":15.297536001447364},"point_estimate":15.288626393953809,"standard_error":0.0054908858116841115},"median_abs_dev":{"confidence_interval":{"confidence_level":0.95,"lower_bound":0.02714572166254589,"upper_bound":0.05121762288259732},"point_estimate":0.03780780864118124,"standard_error":0.0063502888865645465},"slope":{"confidence_interval":{"confidence_level":0.95,"lower_bound":15.302643514852859,"upper_bound":15.372591051921829},"point_estimate":15.334471189414282,"standard_error":0.018028949684980342},"std_dev":{"confidence_interval":{"confidence_level":0.95,"lower_bound":0.09307422489745559,"upper_bound":2.1085173123436802},"point_estimate":1.2551709665005466,"standard_error":0.6293498084439866}}