{"mean":{"confidence_interval":{"confidence_level":0.95,"lower_bound":2.611044034276913,"upper_bound":2.6410023149374906},"point_estimate":2.6231504010622024,"standard_error":0.00787725688410637},"median":{"confidence_interval":{"confidence_level":0.95,"lower_bound":2.605448504983389,"upper_bound":2.610520005777842},"point_estimate":2.6080335638957424,"standard_error":0.0013204877044698203},"median_abs_dev":{"confidence_interval":{"confidence_level":0.95,"lower_bound":0.008514219117944897,"upper_bound":0.017658990628307315},"point_estimate":0.01241450519868324,"standard_error":0.002365483715689428},"slope":{"confidence_interval":{"confidence_level":0.95,"lower_bound":2.6085402363132153,"upper_bound":2.6150841190736815},"point_estimate":2.6115832088202127,"standard_error":0.0016714395546383685},"std_dev":{"confidence_interval":{"confidence_level":0.95,"lower_bound":0.02203534398135739,"upper_bound":0.1281021026566773},"point_estimate":0.07905574389451749,"standard_error":0.03203937129719731}}