{"mean":{"confidence_interval":{"confidence_level":0.95,"lower_bound":1.6658146025941718,"upper_bound":1.732228112716949},"point_estimate":1.6932262796700837,"standard_error":0.017263553154318774},"median":{"confidence_interval":{"confidence_level":0.95,"lower_bound":1.6718635603886085,"upper_bound":1.7134755704999205},"point_estimate":1.7047778566106517,"standard_error":0.011313184512429925},"median_abs_dev":{"confidence_interval":{"confidence_level":0.95,"lower_bound":0.0385428557908519,"upper_bound":0.09522898707809656},"point_estimate":0.056748651104900905,"standard_error":0.015795938415615586},"slope":{"confidence_interval":{"confidence_level":0.95,"lower_bound":1.651882458985469,"upper_bound":1.6857986443612134},"point_estimate":1.6687612828276794,"standard_error":0.008673716328371689},"std_dev":{"confidence_interval":{"confidence_level":0.95,"lower_bound":0.06572441154112854,"upper_bound":0.2775418836651689},"point_estimate":0.17351770407556102,"standard_error":0.06653457519984383}}