{"mean":{"confidence_interval":{"confidence_level":0.95,"lower_bound":2.3580031143182802,"upper_bound":2.390103780708269},"point_estimate":2.3696061680210407,"standard_error":0.009282210377931054},"median":{"confidence_interval":{"confidence_level":0.95,"lower_bound":2.35623653663144,"upper_bound":2.359246357372818},"point_estimate":2.356914192155182,"standard_error":0.0008248839743240008},"median_abs_dev":{"confidence_interval":{"confidence_level":0.95,"lower_bound":0.005029599788823739,"upper_bound":0.008225217918171292},"point_estimate":0.006765747745067196,"standard_error":0.0007930287923825904},"slope":{"confidence_interval":{"confidence_level":0.95,"lower_bound":2.357743809650367,"upper_bound":2.36237923455219},"point_estimate":2.359851481448338,"standard_error":0.0011916632152928163},"std_dev":{"confidence_interval":{"confidence_level":0.95,"lower_bound":0.00958075583409369,"upper_bound":0.15871682601494788},"point_estimate":0.09343201516155232,"standard_error":0.05084255959433478}}