{"mean":{"confidence_interval":{"confidence_level":0.95,"lower_bound":2.3331397052298026,"upper_bound":2.362287668645343},"point_estimate":2.3442244660971387,"standard_error":0.007810891010053445},"median":{"confidence_interval":{"confidence_level":0.95,"lower_bound":2.3302908075899,"upper_bound":2.3324405066312095},"point_estimate":2.331446758180257,"standard_error":0.0005615248519178954},"median_abs_dev":{"confidence_interval":{"confidence_level":0.95,"lower_bound":0.0053539593385807825,"upper_bound":0.01078063619937883},"point_estimate":0.007365789653489174,"standard_error":0.0013899724538246395},"slope":{"confidence_interval":{"confidence_level":0.95,"lower_bound":2.3311402560615746,"upper_bound":2.3382519692596424},"point_estimate":2.3343041354645417,"standard_error":0.0018326886503507364},"std_dev":{"confidence_interval":{"confidence_level":0.95,"lower_bound":0.015639482228022538,"upper_bound":0.13097129212900308},"point_estimate":0.0786313398391807,"standard_error":0.03684023561490833}}