{"mean":{"confidence_interval":{"confidence_level":0.95,"lower_bound":0.04215784541017809,"upper_bound":0.13232848464155156},"point_estimate":0.07952795689832648,"standard_error":0.022898669396656395},"median":{"confidence_interval":{"confidence_level":0.95,"lower_bound":-0.0012191606013985945,"upper_bound":0.06616603240641639},"point_estimate":0.026852897918865137,"standard_error":0.016967852026429697}}