{"mean":{"confidence_interval":{"confidence_level":0.95,"lower_bound":-0.39910123417983223,"upper_bound":-0.36709393458237183},"point_estimate":-0.38336952574475547,"standard_error":0.008170172123050327},"median":{"confidence_interval":{"confidence_level":0.95,"lower_bound":-0.40285549279926547,"upper_bound":-0.3679127308459911},"point_estimate":-0.38858866137194015,"standard_error":0.009281416677153567}}