{"mean":{"confidence_interval":{"confidence_level":0.95,"lower_bound":47.12447602845091,"upper_bound":50.46286380371774},"point_estimate":48.652868478731605,"standard_error":0.8580753543793588},"median":{"confidence_interval":{"confidence_level":0.95,"lower_bound":45.22011562998405,"upper_bound":46.44590909090909},"point_estimate":45.38630952380953,"standard_error":0.24863866739662538},"median_abs_dev":{"confidence_interval":{"confidence_level":0.95,"lower_bound":0.36804061635116275,"upper_bound":2.128178443500705},"point_estimate":0.6050360841439754,"standard_error":0.36700528241749925},"slope":{"confidence_interval":{"confidence_level":0.95,"lower_bound":45.72153333343976,"upper_bound":46.48876749066616},"point_estimate":46.08099117374424,"standard_error":0.1965202933766723},"std_dev":{"confidence_interval":{"confidence_level":0.95,"lower_bound":4.833286377061166,"upper_bound":11.530900183160922},"point_estimate":8.589147347341504,"standard_error":1.708474611478964}}