{"mean":{"confidence_interval":{"confidence_level":0.95,"lower_bound":51.2417016405672,"upper_bound":54.42948487770788},"point_estimate":52.67365835507609,"standard_error":0.8153426729103025},"median":{"confidence_interval":{"confidence_level":0.95,"lower_bound":50.07675906183369,"upper_bound":50.26121932709334},"point_estimate":50.16329062773602,"standard_error":0.046570762934893},"median_abs_dev":{"confidence_interval":{"confidence_level":0.95,"lower_bound":0.17950281182902328,"upper_bound":0.42628853175453457},"point_estimate":0.2891832989503768,"standard_error":0.06676053168292165},"slope":{"confidence_interval":{"confidence_level":0.95,"lower_bound":50.326566185168396,"upper_bound":50.77719608759316},"point_estimate":50.53063612041757,"standard_error":0.11492933664813923},"std_dev":{"confidence_interval":{"confidence_level":0.95,"lower_bound":4.256557892386857,"upper_bound":11.174830483592515},"point_estimate":8.184038873363791,"standard_error":1.775223278872799}}