{"mean":{"confidence_interval":{"confidence_level":0.95,"lower_bound":55.032071994511966,"upper_bound":57.27823189968277},"point_estimate":55.98765502177362,"standard_error":0.5805669831564164},"median":{"confidence_interval":{"confidence_level":0.95,"lower_bound":54.227658371040725,"upper_bound":54.54139194139194},"point_estimate":54.4155766134027,"standard_error":0.10193704569607111},"median_abs_dev":{"confidence_interval":{"confidence_level":0.95,"lower_bound":0.4029917482959021,"upper_bound":0.9182530279744344},"point_estimate":0.6825373714168784,"standard_error":0.1527787122697561},"slope":{"confidence_interval":{"confidence_level":0.95,"lower_bound":54.41063080466742,"upper_bound":55.00796982267273},"point_estimate":54.68248127223744,"standard_error":0.15221356149364385},"std_dev":{"confidence_interval":{"confidence_level":0.95,"lower_bound":2.1620849563251854,"upper_bound":9.10542700086217},"point_estimate":5.848286853566934,"standard_error":1.951980358865655}}