{"mean":{"confidence_interval":{"confidence_level":0.95,"lower_bound":52.005427002433315,"upper_bound":55.819704291993894},"point_estimate":53.73945409763911,"standard_error":0.9758834707121283},"median":{"confidence_interval":{"confidence_level":0.95,"lower_bound":50.365397899972365,"upper_bound":50.71818181818182},"point_estimate":50.42717872831509,"standard_error":0.09171582349558931},"median_abs_dev":{"confidence_interval":{"confidence_level":0.95,"lower_bound":0.2707455432005139,"upper_bound":0.8484779130893145},"point_estimate":0.4357523805924885,"standard_error":0.13952316374212367},"slope":{"confidence_interval":{"confidence_level":0.95,"lower_bound":50.79241831316748,"upper_bound":51.61054726101068},"point_estimate":51.176743689294305,"standard_error":0.2093537510016187},"std_dev":{"confidence_interval":{"confidence_level":0.95,"lower_bound":5.38496620311864,"upper_bound":13.214681054254154},"point_estimate":9.830577397253549,"standard_error":1.9897124283264507}}