{"mean":{"confidence_interval":{"confidence_level":0.95,"lower_bound":39.14164895292147,"upper_bound":41.57847392637129},"point_estimate":40.2540026317411,"standard_error":0.6245005261695291},"median":{"confidence_interval":{"confidence_level":0.95,"lower_bound":38.28559429283585,"upper_bound":38.65303819444445},"point_estimate":38.44905093518148,"standard_error":0.09171353767161719},"median_abs_dev":{"confidence_interval":{"confidence_level":0.95,"lower_bound":0.631161666426221,"upper_bound":1.0454436880681168},"point_estimate":0.8386616550029755,"standard_error":0.10448416162993263},"slope":{"confidence_interval":{"confidence_level":0.95,"lower_bound":38.312225605740515,"upper_bound":38.73990217048812},"point_estimate":38.51220892238477,"standard_error":0.10910029213419006},"std_dev":{"confidence_interval":{"confidence_level":0.95,"lower_bound":3.7398080687382795,"upper_bound":8.28388028883678},"point_estimate":6.293558186875717,"standard_error":1.1701603467248713}}