{"mean":{"confidence_interval":{"confidence_level":0.95,"lower_bound":10.039582289964725,"upper_bound":10.548410468423857},"point_estimate":10.289337493367135,"standard_error":0.12960232093830468},"median":{"confidence_interval":{"confidence_level":0.95,"lower_bound":9.8779154570017,"upper_bound":10.351707353704159},"point_estimate":10.065600729889088,"standard_error":0.12263774172259616},"median_abs_dev":{"confidence_interval":{"confidence_level":0.95,"lower_bound":0.8882391666820422,"upper_bound":1.5139532605882349},"point_estimate":1.2420562330929938,"standard_error":0.15934487439735867},"slope":{"confidence_interval":{"confidence_level":0.95,"lower_bound":9.712755170496319,"upper_bound":10.2327886145588},"point_estimate":9.964953411224963,"standard_error":0.13279941175610602},"std_dev":{"confidence_interval":{"confidence_level":0.95,"lower_bound":1.1000667572596732,"upper_bound":1.4740201869508265},"point_estimate":1.2967526222250532,"standard_error":0.09555952361440695}}