{"mean":{"confidence_interval":{"confidence_level":0.95,"lower_bound":1.5790150507988368,"upper_bound":1.602590160263498},"point_estimate":1.5895935331596762,"standard_error":0.006045958049912818},"median":{"confidence_interval":{"confidence_level":0.95,"lower_bound":1.5708989644572582,"upper_bound":1.577904743952029},"point_estimate":1.5743945340688594,"standard_error":0.0017227276134957282},"median_abs_dev":{"confidence_interval":{"confidence_level":0.95,"lower_bound":0.008256819835851796,"upper_bound":0.01362964755337416},"point_estimate":0.010743800151668996,"standard_error":0.001342398325880396},"slope":{"confidence_interval":{"confidence_level":0.95,"lower_bound":1.5716619402433047,"upper_bound":1.5838466156822464},"point_estimate":1.576475228313094,"standard_error":0.0032325768798849223},"std_dev":{"confidence_interval":{"confidence_level":0.95,"lower_bound":0.029485738389185036,"upper_bound":0.08514578883353277},"point_estimate":0.060677371131013465,"standard_error":0.014190663151334536}}