{"mean":{"confidence_interval":{"confidence_level":0.95,"lower_bound":2.1961108223821513,"upper_bound":2.2212980434067933},"point_estimate":2.2065851319904657,"standard_error":0.006543870300041553},"median":{"confidence_interval":{"confidence_level":0.95,"lower_bound":2.1900065991807054,"upper_bound":2.1990347764371894},"point_estimate":2.1923537885700766,"standard_error":0.0023255680723172152},"median_abs_dev":{"confidence_interval":{"confidence_level":0.95,"lower_bound":0.011682606282201384,"upper_bound":0.01980687816981613},"point_estimate":0.014235602505049271,"standard_error":0.0020615726380686563},"slope":{"confidence_interval":{"confidence_level":0.95,"lower_bound":2.1875733632052525,"upper_bound":2.1919163654460325},"point_estimate":2.1894952979357916,"standard_error":0.0011094396601624527},"std_dev":{"confidence_interval":{"confidence_level":0.95,"lower_bound":0.018047925622578686,"upper_bound":0.10334797519125963},"point_estimate":0.06548602783642683,"standard_error":0.02355503991244236}}