{"mean":{"confidence_interval":{"confidence_level":0.95,"lower_bound":2.22470825511302,"upper_bound":2.2506266948240947},"point_estimate":2.236682341142223,"standard_error":0.006625270342976463},"median":{"confidence_interval":{"confidence_level":0.95,"lower_bound":2.2083818388755483,"upper_bound":2.2209181875894},"point_estimate":2.214387416049364,"standard_error":0.0033103758661133854},"median_abs_dev":{"confidence_interval":{"confidence_level":0.95,"lower_bound":0.011875542394406085,"upper_bound":0.025243700397573017},"point_estimate":0.018191520996150075,"standard_error":0.003119106161014921},"slope":{"confidence_interval":{"confidence_level":0.95,"lower_bound":2.205679984193736,"upper_bound":2.2107206586288726},"point_estimate":2.2080108610023466,"standard_error":0.0012866090714901339},"std_dev":{"confidence_interval":{"confidence_level":0.95,"lower_bound":0.04134091357449338,"upper_bound":0.0870863380003822},"point_estimate":0.0665735053075307,"standard_error":0.011684396661971812}}