{"mean":{"confidence_interval":{"confidence_level":0.95,"lower_bound":3.4221000490536033,"upper_bound":3.4588014376622844},"point_estimate":3.4380812411198547,"standard_error":0.009441160671350327},"median":{"confidence_interval":{"confidence_level":0.95,"lower_bound":3.407280012328556,"upper_bound":3.4191051990081114},"point_estimate":3.4132654957738593,"standard_error":0.0029213419508521284},"median_abs_dev":{"confidence_interval":{"confidence_level":0.95,"lower_bound":0.024028223536343783,"upper_bound":0.040318785729324125},"point_estimate":0.03206267083546854,"standard_error":0.004436666602222663},"slope":{"confidence_interval":{"confidence_level":0.95,"lower_bound":3.4107647403334154,"upper_bound":3.4224360198615495},"point_estimate":3.4164799692505734,"standard_error":0.0029781929564635665},"std_dev":{"confidence_interval":{"confidence_level":0.95,"lower_bound":0.043717643555690515,"upper_bound":0.14409579710182172},"point_estimate":0.09504268201769007,"standard_error":0.028595997029501604}}