{"mean":{"confidence_interval":{"confidence_level":0.95,"lower_bound":2.209931406224869,"upper_bound":2.2390403827780476},"point_estimate":2.2222324723905804,"standard_error":0.007549371270581583},"median":{"confidence_interval":{"confidence_level":0.95,"lower_bound":2.2053728303237063,"upper_bound":2.2155307357109617},"point_estimate":2.2092546003099374,"standard_error":0.0023557186283340126},"median_abs_dev":{"confidence_interval":{"confidence_level":0.95,"lower_bound":0.015303778894523572,"upper_bound":0.02688058927397701},"point_estimate":0.019337309470052286,"standard_error":0.002946905971109077},"slope":{"confidence_interval":{"confidence_level":0.95,"lower_bound":2.2054455291312687,"upper_bound":2.2160455326299107},"point_estimate":2.2099658999302534,"standard_error":0.002715056781870492},"std_dev":{"confidence_interval":{"confidence_level":0.95,"lower_bound":0.02424480810650771,"upper_bound":0.11862540214135059},"point_estimate":0.07575891283217062,"standard_error":0.02584198868370298}}