{"mean":{"confidence_interval":{"confidence_level":0.95,"lower_bound":2.1939581053539494,"upper_bound":2.2204517159726165},"point_estimate":2.205132741853831,"standard_error":0.006901251335790179},"median":{"confidence_interval":{"confidence_level":0.95,"lower_bound":2.1885756606144695,"upper_bound":2.1945443013905956},"point_estimate":2.1910725528941395,"standard_error":0.0014062037433162564},"median_abs_dev":{"confidence_interval":{"confidence_level":0.95,"lower_bound":0.010955999109278088,"upper_bound":0.017193037553816168},"point_estimate":0.014869941166002858,"standard_error":0.0015515431468613187},"slope":{"confidence_interval":{"confidence_level":0.95,"lower_bound":2.1855369130031987,"upper_bound":2.189481151640618},"point_estimate":2.1872857377867496,"standard_error":0.0010076440337048796},"std_dev":{"confidence_interval":{"confidence_level":0.95,"lower_bound":0.015585058903276753,"upper_bound":0.10865335008400925},"point_estimate":0.06965485302965704,"standard_error":0.024736079660293904}}