{"mean":{"confidence_interval":{"confidence_level":0.95,"lower_bound":9.915486480406116,"upper_bound":9.970376774851209},"point_estimate":9.940217724185239,"standard_error":0.01409938094778927},"median":{"confidence_interval":{"confidence_level":0.95,"lower_bound":9.89540876230732,"upper_bound":9.92754374895974},"point_estimate":9.91391237133576,"standard_error":0.007571110235956151},"median_abs_dev":{"confidence_interval":{"confidence_level":0.95,"lower_bound":0.04151873186410686,"upper_bound":0.06331908112994028},"point_estimate":0.0553884672673225,"standard_error":0.0057626783567218},"slope":{"confidence_interval":{"confidence_level":0.95,"lower_bound":9.920535579672721,"upper_bound":9.96141101603055},"point_estimate":9.937979200284746,"standard_error":0.010590813048804585},"std_dev":{"confidence_interval":{"confidence_level":0.95,"lower_bound":0.06815997155728862,"upper_bound":0.19582203188117386},"point_estimate":0.14175823838445886,"standard_error":0.0316321153091606}}