{"mean":{"confidence_interval":{"confidence_level":0.95,"lower_bound":2.2099554261937646,"upper_bound":2.2386974657795764},"point_estimate":2.2220939212156505,"standard_error":0.007437755951898474},"median":{"confidence_interval":{"confidence_level":0.95,"lower_bound":2.204061218993811,"upper_bound":2.2146462509137077},"point_estimate":2.209165725271023,"standard_error":0.0026555994479551515},"median_abs_dev":{"confidence_interval":{"confidence_level":0.95,"lower_bound":0.014382508673778955,"upper_bound":0.024354883561395358},"point_estimate":0.01969356911423129,"standard_error":0.0026604208971655547},"slope":{"confidence_interval":{"confidence_level":0.95,"lower_bound":2.202808853989285,"upper_bound":2.209857554048039},"point_estimate":2.205941256160343,"standard_error":0.0017985353937716108},"std_dev":{"confidence_interval":{"confidence_level":0.95,"lower_bound":0.024199244456915944,"upper_bound":0.11696800652594055},"point_estimate":0.0747799799305048,"standard_error":0.025365759466834892}}