{"mean":{"confidence_interval":{"confidence_level":0.95,"lower_bound":9.576785737929992,"upper_bound":9.771035690602055},"point_estimate":9.669930461432,"standard_error":0.04937784342886625},"median":{"confidence_interval":{"confidence_level":0.95,"lower_bound":9.444110643824603,"upper_bound":9.576130043086565},"point_estimate":9.53414570119674,"standard_error":0.030910689453263973},"median_abs_dev":{"confidence_interval":{"confidence_level":0.95,"lower_bound":0.2133100487178904,"upper_bound":0.3599024157965405},"point_estimate":0.2954774103906785,"standard_error":0.03612552403806509},"slope":{"confidence_interval":{"confidence_level":0.95,"lower_bound":9.520987744209714,"upper_bound":9.742602468493967},"point_estimate":9.620132729564588,"standard_error":0.05656351864215003},"std_dev":{"confidence_interval":{"confidence_level":0.95,"lower_bound":0.3863779083328221,"upper_bound":0.5869280276164203},"point_estimate":0.49630612263187196,"standard_error":0.051088603957137255}}