{"mean":{"confidence_interval":{"confidence_level":0.95,"lower_bound":2.0420477313373477,"upper_bound":2.0674209498229077},"point_estimate":2.053301010999775,"standard_error":0.006531954182271389},"median":{"confidence_interval":{"confidence_level":0.95,"lower_bound":2.0278462116418856,"upper_bound":2.050537804492249},"point_estimate":2.0421204323500497,"standard_error":0.005731783044759483},"median_abs_dev":{"confidence_interval":{"confidence_level":0.95,"lower_bound":0.022465423916237362,"upper_bound":0.042654192254013054},"point_estimate":0.03164468911808615,"standard_error":0.004850550618108237},"slope":{"confidence_interval":{"confidence_level":0.95,"lower_bound":2.029039878527592,"upper_bound":2.040478291675865},"point_estimate":2.0344194503846498,"standard_error":0.0029166763520511443},"std_dev":{"confidence_interval":{"confidence_level":0.95,"lower_bound":0.030294920324798025,"upper_bound":0.09619075382245167},"point_estimate":0.06557411697160616,"standard_error":0.017356309745268174}}