{"mean":{"confidence_interval":{"confidence_level":0.95,"lower_bound":2.210482795021061,"upper_bound":2.238662349243397},"point_estimate":2.2223469837842207,"standard_error":0.007330818698734459},"median":{"confidence_interval":{"confidence_level":0.95,"lower_bound":2.2051551723568155,"upper_bound":2.215077602509792},"point_estimate":2.2076933115350448,"standard_error":0.0021742752491928597},"median_abs_dev":{"confidence_interval":{"confidence_level":0.95,"lower_bound":0.014654165138782144,"upper_bound":0.025033768046437147},"point_estimate":0.018166057216724818,"standard_error":0.002641620572986609},"slope":{"confidence_interval":{"confidence_level":0.95,"lower_bound":2.202035433668067,"upper_bound":2.2103314560224354},"point_estimate":2.2058574447870822,"standard_error":0.002127368489363315},"std_dev":{"confidence_interval":{"confidence_level":0.95,"lower_bound":0.020529498685032163,"upper_bound":0.11576646652243067},"point_estimate":0.07370935512870692,"standard_error":0.026172036782770525}}