{"mean":{"confidence_interval":{"confidence_level":0.95,"lower_bound":2.4970721139353147,"upper_bound":2.5297660476658614},"point_estimate":2.5112309673578745,"standard_error":0.00844718058178432},"median":{"confidence_interval":{"confidence_level":0.95,"lower_bound":2.487775762264252,"upper_bound":2.498099341104916},"point_estimate":2.492503095062026,"standard_error":0.0023346792791307447},"median_abs_dev":{"confidence_interval":{"confidence_level":0.95,"lower_bound":0.014875575203029606,"upper_bound":0.02475166601666094},"point_estimate":0.019754686572645407,"standard_error":0.0024447118740012264},"slope":{"confidence_interval":{"confidence_level":0.95,"lower_bound":2.4895898021388057,"upper_bound":2.503024214052354},"point_estimate":2.495410653546537,"standard_error":0.0034228426717891063},"std_dev":{"confidence_interval":{"confidence_level":0.95,"lower_bound":0.03089160791860306,"upper_bound":0.12760419288526148},"point_estimate":0.08457223674759212,"standard_error":0.02494641013120715}}