{"mean":{"confidence_interval":{"confidence_level":0.95,"lower_bound":2.2236586555602877,"upper_bound":2.2387794527002627},"point_estimate":2.2308701095059322,"standard_error":0.0038742640325071516},"median":{"confidence_interval":{"confidence_level":0.95,"lower_bound":2.2116120559962766,"upper_bound":2.222472195259301},"point_estimate":2.21777097771651,"standard_error":0.003065034620875862},"median_abs_dev":{"confidence_interval":{"confidence_level":0.95,"lower_bound":0.013497682280195737,"upper_bound":0.02867409473865498},"point_estimate":0.02034087471981621,"standard_error":0.0038437542988647147},"slope":{"confidence_interval":{"confidence_level":0.95,"lower_bound":2.2098131490234865,"upper_bound":2.218135067238843},"point_estimate":2.2136780668479523,"standard_error":0.002121209772631001},"std_dev":{"confidence_interval":{"confidence_level":0.95,"lower_bound":0.029705811966811862,"upper_bound":0.04685737330267174},"point_estimate":0.038926219546445234,"standard_error":0.004391638856711669}}