{"mean":{"confidence_interval":{"confidence_level":0.95,"lower_bound":9.726426243329106,"upper_bound":9.926420613959918},"point_estimate":9.799089798236434,"standard_error":0.0574977403426937},"median":{"confidence_interval":{"confidence_level":0.95,"lower_bound":9.721669608181243,"upper_bound":9.73443236322101},"point_estimate":9.72759138739083,"standard_error":0.0036896041260211813},"median_abs_dev":{"confidence_interval":{"confidence_level":0.95,"lower_bound":0.02270235395512767,"upper_bound":0.037060688122532486},"point_estimate":0.02853153585196558,"standard_error":0.00360933707265315},"slope":{"confidence_interval":{"confidence_level":0.95,"lower_bound":9.71989859076679,"upper_bound":9.757722813963674},"point_estimate":9.734947477185226,"standard_error":0.00982558970064962},"std_dev":{"confidence_interval":{"confidence_level":0.95,"lower_bound":0.030511877246829973,"upper_bound":0.9895450938334895},"point_estimate":0.5829770345243614,"standard_error":0.31492201863526137}}