{"mean":{"confidence_interval":{"confidence_level":0.95,"lower_bound":2.9106854518928507,"upper_bound":2.9353543924575987},"point_estimate":2.9215505879668964,"standard_error":0.0063571365123566625},"median":{"confidence_interval":{"confidence_level":0.95,"lower_bound":2.904750866829331,"upper_bound":2.910338925199219},"point_estimate":2.9078072320309385,"standard_error":0.0013788716896355577},"median_abs_dev":{"confidence_interval":{"confidence_level":0.95,"lower_bound":0.01224495745121294,"upper_bound":0.01978029748966847},"point_estimate":0.015216462934521738,"standard_error":0.0019198493355489297},"slope":{"confidence_interval":{"confidence_level":0.95,"lower_bound":2.9097159298003827,"upper_bound":2.934036559156381},"point_estimate":2.920600232609412,"standard_error":0.0062598416622961315},"std_dev":{"confidence_interval":{"confidence_level":0.95,"lower_bound":0.02800406957503532,"upper_bound":0.09496716589032468},"point_estimate":0.06397451285479595,"standard_error":0.01755342845416509}}