{"mean":{"confidence_interval":{"confidence_level":0.95,"lower_bound":2.9081387736873965,"upper_bound":2.931066218378312},"point_estimate":2.917997129243742,"standard_error":0.005929031803653641},"median":{"confidence_interval":{"confidence_level":0.95,"lower_bound":2.9054409989658945,"upper_bound":2.9108034318146094},"point_estimate":2.9092402239514508,"standard_error":0.0014627702912339208},"median_abs_dev":{"confidence_interval":{"confidence_level":0.95,"lower_bound":0.008477186898595921,"upper_bound":0.016122537821955246},"point_estimate":0.011866842202084074,"standard_error":0.001992670588156992},"slope":{"confidence_interval":{"confidence_level":0.95,"lower_bound":2.9016634097637666,"upper_bound":2.9102601462603057},"point_estimate":2.905687991203517,"standard_error":0.0021816347069457793},"std_dev":{"confidence_interval":{"confidence_level":0.95,"lower_bound":0.018257371358240897,"upper_bound":0.09185808965929888},"point_estimate":0.059528700868322806,"standard_error":0.019156239247512304}}