{"mean":{"confidence_interval":{"confidence_level":0.95,"lower_bound":4.039318930677067,"upper_bound":4.07398468861469},"point_estimate":4.053693527111442,"standard_error":0.009069653384289281},"median":{"confidence_interval":{"confidence_level":0.95,"lower_bound":4.035390649699652,"upper_bound":4.042779723654},"point_estimate":4.039050390129098,"standard_error":0.0017760637256522627},"median_abs_dev":{"confidence_interval":{"confidence_level":0.95,"lower_bound":0.011107224531794817,"upper_bound":0.018410202709494665},"point_estimate":0.013964056336852321,"standard_error":0.0019368903765053503},"slope":{"confidence_interval":{"confidence_level":0.95,"lower_bound":4.041055801127627,"upper_bound":4.057802903615444},"point_estimate":4.047852959264056,"standard_error":0.004348982117689891},"std_dev":{"confidence_interval":{"confidence_level":0.95,"lower_bound":0.017296441286451462,"upper_bound":0.14230842732194549},"point_estimate":0.09080111356817576,"standard_error":0.03364855257709636}}