{"mean":{"confidence_interval":{"confidence_level":0.95,"lower_bound":2.2255311615755167,"upper_bound":2.2513505726152103},"point_estimate":2.2373169522875274,"standard_error":0.006631229198286766},"median":{"confidence_interval":{"confidence_level":0.95,"lower_bound":2.210874419498733,"upper_bound":2.221011151747981},"point_estimate":2.213965945545595,"standard_error":0.0026752593439250353},"median_abs_dev":{"confidence_interval":{"confidence_level":0.95,"lower_bound":0.0135484093648122,"upper_bound":0.02745639292720788},"point_estimate":0.01931549569592607,"standard_error":0.003403541232374597},"slope":{"confidence_interval":{"confidence_level":0.95,"lower_bound":2.206093643837578,"upper_bound":2.214201781606891},"point_estimate":2.2096639747262787,"standard_error":0.0020789822797732433},"std_dev":{"confidence_interval":{"confidence_level":0.95,"lower_bound":0.037415511683674844,"upper_bound":0.0933805593080629},"point_estimate":0.06693093648930588,"standard_error":0.014466523003109657}}