{"mean":{"confidence_interval":{"confidence_level":0.95,"lower_bound":1.8722217944251118,"upper_bound":1.8766722448381026},"point_estimate":1.8743807666303984,"standard_error":0.0011358047358748938},"median":{"confidence_interval":{"confidence_level":0.95,"lower_bound":1.871129722379582,"upper_bound":1.8742568143809377},"point_estimate":1.873083284670626,"standard_error":0.0007597765790838384},"median_abs_dev":{"confidence_interval":{"confidence_level":0.95,"lower_bound":0.0050303294048171165,"upper_bound":0.009068426901154225},"point_estimate":0.00736696361707359,"standard_error":0.0010067828758779608},"slope":{"confidence_interval":{"confidence_level":0.95,"lower_bound":1.8731313428377219,"upper_bound":1.8765278967940167},"point_estimate":1.8747360047795354,"standard_error":0.000864263490628914},"std_dev":{"confidence_interval":{"confidence_level":0.95,"lower_bound":0.00891051548911567,"upper_bound":0.013776740537858228},"point_estimate":0.011445537888771418,"standard_error":0.001244094408664029}}