{"mean":{"confidence_interval":{"confidence_level":0.95,"lower_bound":1.871883438819435,"upper_bound":1.8777511556493724},"point_estimate":1.8746500671895816,"standard_error":0.0015000106837569506},"median":{"confidence_interval":{"confidence_level":0.95,"lower_bound":1.8713565167781754,"upper_bound":1.8746436404884634},"point_estimate":1.8728118725318041,"standard_error":0.0008234457260746008},"median_abs_dev":{"confidence_interval":{"confidence_level":0.95,"lower_bound":0.005810384414512219,"upper_bound":0.010002090905971702},"point_estimate":0.008689558492822595,"standard_error":0.0010763922160995372},"slope":{"confidence_interval":{"confidence_level":0.95,"lower_bound":1.8725535944475509,"upper_bound":1.8750534650525745},"point_estimate":1.8737539227101394,"standard_error":0.0006374787795682505},"std_dev":{"confidence_interval":{"confidence_level":0.95,"lower_bound":0.00966176179047301,"upper_bound":0.01988819388602447},"point_estimate":0.015072198340486169,"standard_error":0.0026125787930783065}}