{"mean":{"confidence_interval":{"confidence_level":0.95,"lower_bound":1.8765061411383719,"upper_bound":1.9009424070549403},"point_estimate":1.8872089877749345,"standard_error":0.006306238590470943},"median":{"confidence_interval":{"confidence_level":0.95,"lower_bound":1.871241404997201,"upper_bound":1.8747680442502088},"point_estimate":1.8730205704367386,"standard_error":0.0010171622306944868},"median_abs_dev":{"confidence_interval":{"confidence_level":0.95,"lower_bound":0.0062542311525680735,"upper_bound":0.011310206457492951},"point_estimate":0.008095772708003494,"standard_error":0.001285626340755364},"slope":{"confidence_interval":{"confidence_level":0.95,"lower_bound":1.876167138603098,"upper_bound":1.923729029073636},"point_estimate":1.8975394098170442,"standard_error":0.012076350013085914},"std_dev":{"confidence_interval":{"confidence_level":0.95,"lower_bound":0.018334956276827512,"upper_bound":0.09190856703371131},"point_estimate":0.06316632951989885,"standard_error":0.017525748665607913}}