{"mean":{"confidence_interval":{"confidence_level":0.95,"lower_bound":1.8682606880809933,"upper_bound":1.8733910236498954},"point_estimate":1.8706278088816939,"standard_error":0.0013064673698979234},"median":{"confidence_interval":{"confidence_level":0.95,"lower_bound":1.8678365046100518,"upper_bound":1.8706509901299482},"point_estimate":1.8685601329467494,"standard_error":0.0007363503369186661},"median_abs_dev":{"confidence_interval":{"confidence_level":0.95,"lower_bound":0.004217686183608436,"upper_bound":0.007704924977584205},"point_estimate":0.0054618169835507725,"standard_error":0.0009161772900007329},"slope":{"confidence_interval":{"confidence_level":0.95,"lower_bound":1.8692727798814768,"upper_bound":1.8737236552883687},"point_estimate":1.8712927124743932,"standard_error":0.0011417871267875577},"std_dev":{"confidence_interval":{"confidence_level":0.95,"lower_bound":0.008118148010039251,"upper_bound":0.018386046007371506},"point_estimate":0.01310732918283207,"standard_error":0.002840821461464587}}