{"mean":{"confidence_interval":{"confidence_level":0.95,"lower_bound":3.2099393002971097,"upper_bound":3.2225002789916846},"point_estimate":3.2163145963796023,"standard_error":0.003205008642457812},"median":{"confidence_interval":{"confidence_level":0.95,"lower_bound":3.217092034503335,"upper_bound":3.2213237257669634},"point_estimate":3.21931470966219,"standard_error":0.0012506862618491457},"median_abs_dev":{"confidence_interval":{"confidence_level":0.95,"lower_bound":0.008270525865272285,"upper_bound":0.021721859781625066},"point_estimate":0.012752665331357904,"standard_error":0.003554458789189357},"slope":{"confidence_interval":{"confidence_level":0.95,"lower_bound":3.200377867911484,"upper_bound":3.218566292781991},"point_estimate":3.209604322859554,"standard_error":0.004653081374107151},"std_dev":{"confidence_interval":{"confidence_level":0.95,"lower_bound":0.025374698567392894,"upper_bound":0.038371377309185},"point_estimate":0.03231085808874284,"standard_error":0.003318777234012855}}