{"mean":{"confidence_interval":{"confidence_level":0.95,"lower_bound":2.4124342167237676,"upper_bound":2.415439370579975},"point_estimate":2.413830829547217,"standard_error":0.0007710375045137016},"median":{"confidence_interval":{"confidence_level":0.95,"lower_bound":2.411110518328828,"upper_bound":2.4128011022006572},"point_estimate":2.4119605480767623,"standard_error":0.00039987063824368976},"median_abs_dev":{"confidence_interval":{"confidence_level":0.95,"lower_bound":0.00407815911110901,"upper_bound":0.006379103955156251},"point_estimate":0.005225399555734877,"standard_error":0.0005822139325889815},"slope":{"confidence_interval":{"confidence_level":0.95,"lower_bound":2.412255184729201,"upper_bound":2.414181286069288},"point_estimate":2.413205087448693,"standard_error":0.000491337943912878},"std_dev":{"confidence_interval":{"confidence_level":0.95,"lower_bound":0.004704117159266249,"upper_bound":0.01023790045571714},"point_estimate":0.007751345540252487,"standard_error":0.0013843149648989873}}