{"mean":{"confidence_interval":{"confidence_level":0.95,"lower_bound":4.563507886010226,"upper_bound":4.950363040329233},"point_estimate":4.71033317643947,"standard_error":0.10614666488848186},"median":{"confidence_interval":{"confidence_level":0.95,"lower_bound":4.473093112151851,"upper_bound":4.665798061126985},"point_estimate":4.572024313798507,"standard_error":0.049372620562200306},"median_abs_dev":{"confidence_interval":{"confidence_level":0.95,"lower_bound":0.25613546391338426,"upper_bound":0.4063796972285146},"point_estimate":0.332185743757887,"standard_error":0.03577030425659176},"slope":{"confidence_interval":{"confidence_level":0.95,"lower_bound":4.5851003342297085,"upper_bound":4.880354545413757},"point_estimate":4.702606153345234,"standard_error":0.07705095164207201},"std_dev":{"confidence_interval":{"confidence_level":0.95,"lower_bound":0.26074248980996273,"upper_bound":1.7788984515839084},"point_estimate":1.0624309476226281,"standard_error":0.5245206786301517}}