{"mean":{"confidence_interval":{"confidence_level":0.95,"lower_bound":1.8593612522434224,"upper_bound":1.8625219993519788},"point_estimate":1.8608218447677072,"standard_error":0.00080692468656866},"median":{"confidence_interval":{"confidence_level":0.95,"lower_bound":1.8591340188324135,"upper_bound":1.860743216587195},"point_estimate":1.8596182385674682,"standard_error":0.00042800474952755515},"median_abs_dev":{"confidence_interval":{"confidence_level":0.95,"lower_bound":0.003390520386360472,"upper_bound":0.006098619168096514},"point_estimate":0.004680125016647485,"standard_error":0.0006697322901062496},"slope":{"confidence_interval":{"confidence_level":0.95,"lower_bound":1.859945038860401,"upper_bound":1.8615061881399153},"point_estimate":1.8606846974367781,"standard_error":0.0003985403861253589},"std_dev":{"confidence_interval":{"confidence_level":0.95,"lower_bound":0.004934818964824237,"upper_bound":0.010985760850174523},"point_estimate":0.008087729423280366,"standard_error":0.0015529427955389646}}