{"mean":{"confidence_interval":{"confidence_level":0.95,"lower_bound":1.8565682859738526,"upper_bound":1.8596244714459675},"point_estimate":1.857996545311552,"standard_error":0.0007830394824510571},"median":{"confidence_interval":{"confidence_level":0.95,"lower_bound":1.8549338368487305,"upper_bound":1.857246558197747},"point_estimate":1.8566395428857585,"standard_error":0.0006809064277334291},"median_abs_dev":{"confidence_interval":{"confidence_level":0.95,"lower_bound":0.0036427858739233104,"upper_bound":0.006085169692669036},"point_estimate":0.00517564706049593,"standard_error":0.000625570563462852},"slope":{"confidence_interval":{"confidence_level":0.95,"lower_bound":1.8558722931057168,"upper_bound":1.8577426288782153},"point_estimate":1.8567846357551319,"standard_error":0.00047785992606941204},"std_dev":{"confidence_interval":{"confidence_level":0.95,"lower_bound":0.0050736730759407805,"upper_bound":0.010520265764744354},"point_estimate":0.00785946524849852,"standard_error":0.0014161908033196629}}