{"mean":{"confidence_interval":{"confidence_level":0.95,"lower_bound":1.8712408945937777,"upper_bound":1.906469306603465},"point_estimate":1.8837778901102726,"standard_error":0.01049364011972715},"median":{"confidence_interval":{"confidence_level":0.95,"lower_bound":1.8702987006064744,"upper_bound":1.8732085710859192},"point_estimate":1.8711923136752429,"standard_error":0.000705069158681183},"median_abs_dev":{"confidence_interval":{"confidence_level":0.95,"lower_bound":0.004128393318867689,"upper_bound":0.007550094774216752},"point_estimate":0.005708330072617311,"standard_error":0.0008124922643124817},"slope":{"confidence_interval":{"confidence_level":0.95,"lower_bound":1.8704293409054695,"upper_bound":1.8724949452385677},"point_estimate":1.8714681590725226,"standard_error":0.0005255945913073712},"std_dev":{"confidence_interval":{"confidence_level":0.95,"lower_bound":0.008483768353705637,"upper_bound":0.17973130513830823},"point_estimate":0.10541763297632552,"standard_error":0.05945544110420206}}