{"mean":{"confidence_interval":{"confidence_level":0.95,"lower_bound":2.412330677046794,"upper_bound":2.415405226937613},"point_estimate":2.413753994952007,"standard_error":0.0007891529655311842},"median":{"confidence_interval":{"confidence_level":0.95,"lower_bound":2.4106370256906375,"upper_bound":2.413392361018171},"point_estimate":2.411947086961195,"standard_error":0.0007369772449343532},"median_abs_dev":{"confidence_interval":{"confidence_level":0.95,"lower_bound":0.003615946298817685,"upper_bound":0.006272054564586278},"point_estimate":0.004925628981173263,"standard_error":0.0006667562379192844},"slope":{"confidence_interval":{"confidence_level":0.95,"lower_bound":2.411518599147666,"upper_bound":2.415734610790208},"point_estimate":2.4131744039730276,"standard_error":0.001118572511426426},"std_dev":{"confidence_interval":{"confidence_level":0.95,"lower_bound":0.004558316468619744,"upper_bound":0.010698695327051715},"point_estimate":0.007947949731558471,"standard_error":0.0015340795892470423}}