{"mean":{"confidence_interval":{"confidence_level":0.95,"lower_bound":1.875768552320175,"upper_bound":1.8832652393362044},"point_estimate":1.879374907814616,"standard_error":0.001908336444325219},"median":{"confidence_interval":{"confidence_level":0.95,"lower_bound":1.8743920571790447,"upper_bound":1.8789001926965407},"point_estimate":1.877415191740413,"standard_error":0.001303380870558139},"median_abs_dev":{"confidence_interval":{"confidence_level":0.95,"lower_bound":0.008565350765771846,"upper_bound":0.01644982613098073},"point_estimate":0.010918838222391456,"standard_error":0.001960261806465239},"slope":{"confidence_interval":{"confidence_level":0.95,"lower_bound":1.8767398205106114,"upper_bound":1.8842819553596049},"point_estimate":1.8803840415741482,"standard_error":0.001922008095843654},"std_dev":{"confidence_interval":{"confidence_level":0.95,"lower_bound":0.014416296356675164,"upper_bound":0.023991899368072236},"point_estimate":0.019147161314596272,"standard_error":0.002476514155270067}}