{"mean":{"confidence_interval":{"confidence_level":0.95,"lower_bound":1.8612853680652512,"upper_bound":1.8673408794408117},"point_estimate":1.8639955649658306,"standard_error":0.0015543768165439398},"median":{"confidence_interval":{"confidence_level":0.95,"lower_bound":1.8594690421176994,"upper_bound":1.8624487250307382},"point_estimate":1.860912872645628,"standard_error":0.0007366079522032045},"median_abs_dev":{"confidence_interval":{"confidence_level":0.95,"lower_bound":0.005259021134709317,"upper_bound":0.008262636981363642},"point_estimate":0.006972300208939722,"standard_error":0.0007454769770020116},"slope":{"confidence_interval":{"confidence_level":0.95,"lower_bound":1.8605241628936704,"upper_bound":1.862492823868443},"point_estimate":1.861481193604421,"standard_error":0.0005015103578128072},"std_dev":{"confidence_interval":{"confidence_level":0.95,"lower_bound":0.007836731091622938,"upper_bound":0.02315305114401332},"point_estimate":0.015696120243014883,"standard_error":0.004176715067123425}}