{"mean":{"confidence_interval":{"confidence_level":0.95,"lower_bound":1.87135609893048,"upper_bound":1.8791733071763093},"point_estimate":1.8747002108768824,"standard_error":0.002007472613931838},"median":{"confidence_interval":{"confidence_level":0.95,"lower_bound":1.8706967153102059,"upper_bound":1.8733670806335494},"point_estimate":1.8722278702078834,"standard_error":0.0007270764429483142},"median_abs_dev":{"confidence_interval":{"confidence_level":0.95,"lower_bound":0.004101279108944069,"upper_bound":0.008306395778407147},"point_estimate":0.006078411215334638,"standard_error":0.0010922075888876639},"slope":{"confidence_interval":{"confidence_level":0.95,"lower_bound":1.8706883529103908,"upper_bound":1.8729963009603012},"point_estimate":1.8718702875795945,"standard_error":0.0005862036666400863},"std_dev":{"confidence_interval":{"confidence_level":0.95,"lower_bound":0.009236119852783487,"upper_bound":0.03127821526293054},"point_estimate":0.020154170929665517,"standard_error":0.0068501565219563085}}