{"mean":{"confidence_interval":{"confidence_level":0.95,"lower_bound":3.9240924644264172,"upper_bound":4.08449313846496},"point_estimate":4.00231094294065,"standard_error":0.040853815482772164},"median":{"confidence_interval":{"confidence_level":0.95,"lower_bound":3.858050579314947,"upper_bound":4.022090583734419},"point_estimate":3.90610165433512,"standard_error":0.043911701811028964},"median_abs_dev":{"confidence_interval":{"confidence_level":0.95,"lower_bound":0.23326621446291151,"upper_bound":0.407321369317563},"point_estimate":0.3199440112930872,"standard_error":0.047627799588395546},"slope":{"confidence_interval":{"confidence_level":0.95,"lower_bound":3.979517265137361,"upper_bound":4.164815507582552},"point_estimate":4.068292129820847,"standard_error":0.04735117035022703},"std_dev":{"confidence_interval":{"confidence_level":0.95,"lower_bound":0.318021745253246,"upper_bound":0.5026070169684053},"point_estimate":0.41272015998790634,"standard_error":0.047432460310875856}}