{"mean":{"confidence_interval":{"confidence_level":0.95,"lower_bound":0.27073989381500757,"upper_bound":0.2789040626209422},"point_estimate":0.27379398629597373,"standard_error":0.002394651158096869},"median":{"confidence_interval":{"confidence_level":0.95,"lower_bound":0.2712468762538536,"upper_bound":0.2719639278464263},"point_estimate":0.2716932090424695,"standard_error":0.00018502938765074117}}