{"mean":{"confidence_interval":{"confidence_level":0.95,"lower_bound":0.09624292907916925,"upper_bound":0.13272184266556722},"point_estimate":0.1113194336100436,"standard_error":0.008816403030908256},"median":{"confidence_interval":{"confidence_level":0.95,"lower_bound":0.08759680303153217,"upper_bound":0.12326451439764097},"point_estimate":0.10666528472805492,"standard_error":0.01010522906851079}}