{"mean":{"confidence_interval":{"confidence_level":0.95,"lower_bound":-0.0011987603192113393,"upper_bound":0.001349096535235105},"point_estimate":0.00009129910199678903,"standard_error":0.0006504332953977117},"median":{"confidence_interval":{"confidence_level":0.95,"lower_bound":-0.0001482782075650436,"upper_bound":0.0007604212369358709},"point_estimate":0.00022687135213117493,"standard_error":0.00022734690640646718}}