{"mean":{"confidence_interval":{"confidence_level":0.95,"lower_bound":42.742220420975336,"upper_bound":45.95821552904241},"point_estimate":44.20724084666868,"standard_error":0.8219163161670129},"median":{"confidence_interval":{"confidence_level":0.95,"lower_bound":41.25843344254338,"upper_bound":41.498081023454155},"point_estimate":41.37661904674912,"standard_error":0.069355232999876},"median_abs_dev":{"confidence_interval":{"confidence_level":0.95,"lower_bound":0.3690590279514515,"upper_bound":0.7572513213635159},"point_estimate":0.5726454225507596,"standard_error":0.10330771321075856},"slope":{"confidence_interval":{"confidence_level":0.95,"lower_bound":41.460109005001044,"upper_bound":42.17208352768215},"point_estimate":41.7792169637993,"standard_error":0.1822355184597688},"std_dev":{"confidence_interval":{"confidence_level":0.95,"lower_bound":4.749104969494515,"upper_bound":10.940532918407317},"point_estimate":8.28506357245315,"standard_error":1.5596944966790405}}