{"mean":{"confidence_interval":{"confidence_level":0.95,"lower_bound":44.62160488941704,"upper_bound":47.91973472574293},"point_estimate":46.096353509940506,"standard_error":0.8469134767425002},"median":{"confidence_interval":{"confidence_level":0.95,"lower_bound":43.676992942265414,"upper_bound":43.886567164179105},"point_estimate":43.79122202256531,"standard_error":0.049628764286257565},"median_abs_dev":{"confidence_interval":{"confidence_level":0.95,"lower_bound":0.2548539161161405,"upper_bound":0.5368741082506873},"point_estimate":0.39874685244996466,"standard_error":0.07040919279690981},"slope":{"confidence_interval":{"confidence_level":0.95,"lower_bound":43.78902905597688,"upper_bound":44.23635506423397},"point_estimate":43.997874716854625,"standard_error":0.11471979389911326},"std_dev":{"confidence_interval":{"confidence_level":0.95,"lower_bound":3.962849778933738,"upper_bound":11.880243369927893},"point_estimate":8.517590153771662,"standard_error":1.9878248113427308}}