{"mean":{"confidence_interval":{"confidence_level":0.95,"lower_bound":48.3047979356594,"upper_bound":51.89795758575178},"point_estimate":49.91996719890963,"standard_error":0.9199733121052985},"median":{"confidence_interval":{"confidence_level":0.95,"lower_bound":46.96149098185976,"upper_bound":47.181060606060605},"point_estimate":47.01276994078718,"standard_error":0.06766466639811211},"median_abs_dev":{"confidence_interval":{"confidence_level":0.95,"lower_bound":0.1724446577828794,"upper_bound":0.5068238539982369},"point_estimate":0.25758589464904164,"standard_error":0.09787426438430524},"slope":{"confidence_interval":{"confidence_level":0.95,"lower_bound":47.28446036144661,"upper_bound":48.02646151364912},"point_estimate":47.62035985688121,"standard_error":0.18969341752994098},"std_dev":{"confidence_interval":{"confidence_level":0.95,"lower_bound":4.536220663861235,"upper_bound":12.916620394059283},"point_estimate":9.229478501551121,"standard_error":2.138768825859079}}