{"mean":{"confidence_interval":{"confidence_level":0.95,"lower_bound":45.00473529426828,"upper_bound":47.48813531482255},"point_estimate":46.11594845684584,"standard_error":0.6416283411128068},"median":{"confidence_interval":{"confidence_level":0.95,"lower_bound":43.96031381302521,"upper_bound":44.392463235294116},"point_estimate":44.07857193056434,"standard_error":0.11373697763412267},"median_abs_dev":{"confidence_interval":{"confidence_level":0.95,"lower_bound":0.31537466497701283,"upper_bound":0.8789615699393283},"point_estimate":0.5076318153020634,"standard_error":0.15035528059318046},"slope":{"confidence_interval":{"confidence_level":0.95,"lower_bound":44.242705994065794,"upper_bound":44.834567240061034},"point_estimate":44.5162884326185,"standard_error":0.15119614263300596},"std_dev":{"confidence_interval":{"confidence_level":0.95,"lower_bound":2.788367949124779,"upper_bound":9.133153632772101},"point_estimate":6.435548506775997,"standard_error":1.5864184087706346}}