{"mean":{"confidence_interval":{"confidence_level":0.95,"lower_bound":35.128979503325226,"upper_bound":37.24237819534459},"point_estimate":36.10393725423442,"standard_error":0.5404904451064639},"median":{"confidence_interval":{"confidence_level":0.95,"lower_bound":34.158496732026144,"upper_bound":34.747053872053876},"point_estimate":34.48393605870021,"standard_error":0.14147658992529163},"median_abs_dev":{"confidence_interval":{"confidence_level":0.95,"lower_bound":0.713523865537546,"upper_bound":1.1482912627576942},"point_estimate":0.9433415697907999,"standard_error":0.10827815747625018},"slope":{"confidence_interval":{"confidence_level":0.95,"lower_bound":34.0149906140567,"upper_bound":34.35235246914838},"point_estimate":34.17564151191239,"standard_error":0.08601667545109853},"std_dev":{"confidence_interval":{"confidence_level":0.95,"lower_bound":3.481586129955066,"upper_bound":6.964831288245553},"point_estimate":5.429874953958886,"standard_error":0.887538293474816}}