{"mean":{"confidence_interval":{"confidence_level":0.95,"lower_bound":43.215053656136234,"upper_bound":46.51515330547364},"point_estimate":44.728593638493514,"standard_error":0.8425755257845672},"median":{"confidence_interval":{"confidence_level":0.95,"lower_bound":41.78376268540203,"upper_bound":42.05290611028316},"point_estimate":41.85854851958999,"standard_error":0.06663046461056293},"median_abs_dev":{"confidence_interval":{"confidence_level":0.95,"lower_bound":0.2903943414598914,"upper_bound":0.7135915309515322},"point_estimate":0.41163042863486987,"standard_error":0.1092781050976476},"slope":{"confidence_interval":{"confidence_level":0.95,"lower_bound":41.981537094703505,"upper_bound":42.56886233940233},"point_estimate":42.244941337784375,"standard_error":0.15060994553617402},"std_dev":{"confidence_interval":{"confidence_level":0.95,"lower_bound":4.9974154919102,"upper_bound":11.081392119171404},"point_estimate":8.453980341057695,"standard_error":1.5542555806668368}}