{"mean":{"confidence_interval":{"confidence_level":0.95,"lower_bound":0.036418233934158814,"upper_bound":0.038552942723119044},"point_estimate":0.0374438686907701,"standard_error":0.0005429193900170192},"median":{"confidence_interval":{"confidence_level":0.95,"lower_bound":0.036721158575865324,"upper_bound":0.037908577746042615},"point_estimate":0.03731675134662216,"standard_error":0.00031647635668874234}}