{"mean":{"confidence_interval":{"confidence_level":0.95,"lower_bound":-0.0010284615009959585,"upper_bound":0.000449935673983326},"point_estimate":-0.000402667961719394,"standard_error":0.0003790725399646158},"median":{"confidence_interval":{"confidence_level":0.95,"lower_bound":-0.0009490198278423456,"upper_bound":-0.0002440687798211938},"point_estimate":-0.0005670839745913758,"standard_error":0.0001888013591068477}}