{"mean":{"confidence_interval":{"confidence_level":0.95,"lower_bound":0.00287413035364051,"upper_bound":0.05374106158624468},"point_estimate":0.03120696294497982,"standard_error":0.01300523365422862},"median":{"confidence_interval":{"confidence_level":0.95,"lower_bound":0.023765154416106382,"upper_bound":0.04820617350266909},"point_estimate":0.03792785864315684,"standard_error":0.005872756787745334}}