{"mean":{"confidence_interval":{"confidence_level":0.95,"lower_bound":-0.2034754536872909,"upper_bound":-0.20246414875465024},"point_estimate":-0.2029830148860855,"standard_error":0.0002587969450088722},"median":{"confidence_interval":{"confidence_level":0.95,"lower_bound":-0.20386234339896814,"upper_bound":-0.2032250331930754},"point_estimate":-0.20345009064832087,"standard_error":0.00016257355549032066}}