{"mean":{"confidence_interval":{"confidence_level":0.95,"lower_bound":29.312761525218654,"upper_bound":30.171642433115217},"point_estimate":29.645915696986165,"standard_error":0.22948312233659832},"median":{"confidence_interval":{"confidence_level":0.95,"lower_bound":29.01018782014798,"upper_bound":29.48359752479444},"point_estimate":29.0757258645219,"standard_error":0.10370609214304091},"median_abs_dev":{"confidence_interval":{"confidence_level":0.95,"lower_bound":0.1793385580328613,"upper_bound":0.6694829289653951},"point_estimate":0.3630628933622443,"standard_error":0.1146962892323667},"slope":{"confidence_interval":{"confidence_level":0.95,"lower_bound":29.322842267187358,"upper_bound":29.52515925626089},"point_estimate":29.41997289400106,"standard_error":0.05162410498565433},"std_dev":{"confidence_interval":{"confidence_level":0.95,"lower_bound":0.6309939773239539,"upper_bound":3.799821657238618},"point_estimate":2.3063116326962994,"standard_error":1.0439519354441515}}