{"mean":{"confidence_interval":{"confidence_level":0.95,"lower_bound":9.676580166482092,"upper_bound":10.211740240960733},"point_estimate":9.936253733664897,"standard_error":0.13685540298872073},"median":{"confidence_interval":{"confidence_level":0.95,"lower_bound":9.081117660167358,"upper_bound":9.154566294664306},"point_estimate":9.095758561506052,"standard_error":0.027943928597048362},"median_abs_dev":{"confidence_interval":{"confidence_level":0.95,"lower_bound":0.07125503815789201,"upper_bound":0.20887561551250802},"point_estimate":0.10515203973978986,"standard_error":0.046554638780731704},"slope":{"confidence_interval":{"confidence_level":0.95,"lower_bound":9.76583580907134,"upper_bound":10.581080225625945},"point_estimate":10.153958525517,"standard_error":0.20840258331983377},"std_dev":{"confidence_interval":{"confidence_level":0.95,"lower_bound":1.1519658843786131,"upper_bound":1.5405303603144398},"point_estimate":1.3738124611951013,"standard_error":0.09978154545401866}}