{"mean":{"confidence_interval":{"confidence_level":0.95,"lower_bound":8.181623940986073,"upper_bound":8.267965202774855},"point_estimate":8.216836498730416,"standard_error":0.022650311152914847},"median":{"confidence_interval":{"confidence_level":0.95,"lower_bound":8.16680849447632,"upper_bound":8.177814881285121},"point_estimate":8.17130936855421,"standard_error":0.0027525393467334016},"median_abs_dev":{"confidence_interval":{"confidence_level":0.95,"lower_bound":0.017849600105301722,"upper_bound":0.031288027633255555},"point_estimate":0.024294291992908307,"standard_error":0.0033389905450735644},"slope":{"confidence_interval":{"confidence_level":0.95,"lower_bound":8.181899304179636,"upper_bound":8.234770951714527},"point_estimate":8.204137677293286,"standard_error":0.013739166807396192},"std_dev":{"confidence_interval":{"confidence_level":0.95,"lower_bound":0.050916981899776816,"upper_bound":0.3698485854237702},"point_estimate":0.22899307328793247,"standard_error":0.0909016431707279}}