{"mean":{"confidence_interval":{"confidence_level":0.95,"lower_bound":7.79023879577884,"upper_bound":7.878219453803552},"point_estimate":7.8213328929689085,"standard_error":0.026320624118651728},"median":{"confidence_interval":{"confidence_level":0.95,"lower_bound":7.783508854781582,"upper_bound":7.787779404503542},"point_estimate":7.785629773979464,"standard_error":0.0012628969415630722},"median_abs_dev":{"confidence_interval":{"confidence_level":0.95,"lower_bound":0.006214015454417561,"upper_bound":0.011853960242194858},"point_estimate":0.009354317499216735,"standard_error":0.0015177451278655604},"slope":{"confidence_interval":{"confidence_level":0.95,"lower_bound":7.788450330621907,"upper_bound":7.800514257468787},"point_estimate":7.793858025517613,"standard_error":0.0031001045648071397},"std_dev":{"confidence_interval":{"confidence_level":0.95,"lower_bound":0.024136091448828834,"upper_bound":0.4497483166504672},"point_estimate":0.26357705772778683,"standard_error":0.1502179091501206}}