{"mean":{"confidence_interval":{"confidence_level":0.95,"lower_bound":8.191714177344824,"upper_bound":8.487250164248202},"point_estimate":8.306412645362121,"standard_error":0.07918457532174436},"median":{"confidence_interval":{"confidence_level":0.95,"lower_bound":8.160674630225827,"upper_bound":8.174193351568697},"point_estimate":8.167320920686285,"standard_error":0.0034579670655451498},"median_abs_dev":{"confidence_interval":{"confidence_level":0.95,"lower_bound":0.019712274139895875,"upper_bound":0.03687432740477224},"point_estimate":0.02954448959096354,"standard_error":0.0043937624484702235},"slope":{"confidence_interval":{"confidence_level":0.95,"lower_bound":8.173303446766647,"upper_bound":8.222118932517812},"point_estimate":8.194811192569638,"standard_error":0.012531211030441195},"std_dev":{"confidence_interval":{"confidence_level":0.95,"lower_bound":0.08845951696076557,"upper_bound":1.3100045278049257},"point_estimate":0.79362957453476,"standard_error":0.3596163849300128}}