{"mean":{"confidence_interval":{"confidence_level":0.95,"lower_bound":6.57043776197987,"upper_bound":6.759577736796979},"point_estimate":6.6514125193676,"standard_error":0.048776815699209525},"median":{"confidence_interval":{"confidence_level":0.95,"lower_bound":6.486008071175826,"upper_bound":6.581658168049366},"point_estimate":6.530892197474101,"standard_error":0.022239263064522508},"median_abs_dev":{"confidence_interval":{"confidence_level":0.95,"lower_bound":0.14010351114695221,"upper_bound":0.267742858513308},"point_estimate":0.20162585201140415,"standard_error":0.03278392139872722},"slope":{"confidence_interval":{"confidence_level":0.95,"lower_bound":6.593503753768133,"upper_bound":6.7014708686537645},"point_estimate":6.646387922492164,"standard_error":0.027540167113079734},"std_dev":{"confidence_interval":{"confidence_level":0.95,"lower_bound":0.22990071951037863,"upper_bound":0.7584776923093297},"point_estimate":0.4913663502152264,"standard_error":0.16300587094622815}}