{"mean":{"confidence_interval":{"confidence_level":0.95,"lower_bound":6.864294898333198,"upper_bound":6.949211543441546},"point_estimate":6.895288556642846,"standard_error":0.024383001126773707},"median":{"confidence_interval":{"confidence_level":0.95,"lower_bound":6.858861608861609,"upper_bound":6.869035971977149},"point_estimate":6.863137628462148,"standard_error":0.002340234474665175},"median_abs_dev":{"confidence_interval":{"confidence_level":0.95,"lower_bound":0.01262153445745762,"upper_bound":0.02404629632272563},"point_estimate":0.01790046917576608,"standard_error":0.0028402448724345023},"slope":{"confidence_interval":{"confidence_level":0.95,"lower_bound":6.866677242060778,"upper_bound":6.886360712727},"point_estimate":6.874817824529662,"standard_error":0.005137240412935199},"std_dev":{"confidence_interval":{"confidence_level":0.95,"lower_bound":0.028481796480819364,"upper_bound":0.4160053199310795},"point_estimate":0.245401195204137,"standard_error":0.13144714561702311}}