{"mean":{"confidence_interval":{"confidence_level":0.95,"lower_bound":6.880113538591391,"upper_bound":7.173671425433328},"point_estimate":6.998727752760917,"standard_error":0.07789514774752905},"median":{"confidence_interval":{"confidence_level":0.95,"lower_bound":6.865490837054818,"upper_bound":6.869891143682613},"point_estimate":6.867241517761316,"standard_error":0.0011947177875025082},"median_abs_dev":{"confidence_interval":{"confidence_level":0.95,"lower_bound":0.0075791800669659,"upper_bound":0.015360511567875487},"point_estimate":0.010946954732589413,"standard_error":0.0019395559337012109},"slope":{"confidence_interval":{"confidence_level":0.95,"lower_bound":6.870110826323095,"upper_bound":6.897018377405966},"point_estimate":6.8816553683582065,"standard_error":0.006989230333711259},"std_dev":{"confidence_interval":{"confidence_level":0.95,"lower_bound":0.064264177039279,"upper_bound":1.2730255198568248},"point_estimate":0.7852972118308378,"standard_error":0.3280233132933918}}