{"mean":{"confidence_interval":{"confidence_level":0.95,"lower_bound":7.176767395815294,"upper_bound":7.40960301055796},"point_estimate":7.263705961322097,"standard_error":0.06347548323727392},"median":{"confidence_interval":{"confidence_level":0.95,"lower_bound":7.1598139560269,"upper_bound":7.166492352517884},"point_estimate":7.1630056336808385,"standard_error":0.001953089814431251},"median_abs_dev":{"confidence_interval":{"confidence_level":0.95,"lower_bound":0.012339052913830464,"upper_bound":0.02262766410159911},"point_estimate":0.0167136703535907,"standard_error":0.0025519871463732108},"slope":{"confidence_interval":{"confidence_level":0.95,"lower_bound":7.16271024967535,"upper_bound":7.185990269526975},"point_estimate":7.1727921124190965,"standard_error":0.005987110691079694},"std_dev":{"confidence_interval":{"confidence_level":0.95,"lower_bound":0.06491756440902874,"upper_bound":1.07321098531011},"point_estimate":0.6401727593303866,"standard_error":0.31435553644781167}}