{"mean":{"confidence_interval":{"confidence_level":0.95,"lower_bound":252.82324980159038,"upper_bound":262.7044034312199},"point_estimate":257.3452852916698,"standard_error":2.523636833246858},"median":{"confidence_interval":{"confidence_level":0.95,"lower_bound":250.06697241027882,"upper_bound":255.15242376341962},"point_estimate":252.94721754732126,"standard_error":1.3489100240247622},"median_abs_dev":{"confidence_interval":{"confidence_level":0.95,"lower_bound":9.67634506715106,"upper_bound":17.642259952347445},"point_estimate":14.266890807734065,"standard_error":2.126244541782845},"slope":{"confidence_interval":{"confidence_level":0.95,"lower_bound":253.2169262344504,"upper_bound":260.7993878907867},"point_estimate":256.8185213654827,"standard_error":1.9352877354915385},"std_dev":{"confidence_interval":{"confidence_level":0.95,"lower_bound":13.452963440926643,"upper_bound":36.45448022325322},"point_estimate":25.470470901922884,"standard_error":6.020947422178353}}