{"mean":{"confidence_interval":{"confidence_level":0.95,"lower_bound":251.45008973195897,"upper_bound":256.9624899439148},"point_estimate":254.13863041257133,"standard_error":1.4070307462476976},"median":{"confidence_interval":{"confidence_level":0.95,"lower_bound":250.27180485973258,"upper_bound":256.25273489932886},"point_estimate":252.56478664884708,"standard_error":1.4678062434497852},"median_abs_dev":{"confidence_interval":{"confidence_level":0.95,"lower_bound":10.419291888816394,"upper_bound":17.38776413253566},"point_estimate":13.567404750797152,"standard_error":1.827367541997132},"slope":{"confidence_interval":{"confidence_level":0.95,"lower_bound":247.7403064481157,"upper_bound":253.38324892624578},"point_estimate":250.54657363458475,"standard_error":1.4365462689800803},"std_dev":{"confidence_interval":{"confidence_level":0.95,"lower_bound":11.478153200273168,"upper_bound":16.897291478616005},"point_estimate":14.084346529066284,"standard_error":1.3997073695138913}}