{"mean":{"confidence_interval":{"confidence_level":0.95,"lower_bound":299.56532363523866,"upper_bound":307.32103294720145},"point_estimate":303.0626984772249,"standard_error":1.9833110458434475},"median":{"confidence_interval":{"confidence_level":0.95,"lower_bound":297.0545448368411,"upper_bound":299.57447528774543},"point_estimate":298.2599019291421,"standard_error":0.6540016708957109},"median_abs_dev":{"confidence_interval":{"confidence_level":0.95,"lower_bound":3.3870189203125234,"upper_bound":6.753594207113921},"point_estimate":4.669614341682293,"standard_error":0.9040974740667186},"slope":{"confidence_interval":{"confidence_level":0.95,"lower_bound":299.6967104340017,"upper_bound":306.7336646519019},"point_estimate":302.8378480223349,"standard_error":1.8076255063167364},"std_dev":{"confidence_interval":{"confidence_level":0.95,"lower_bound":11.431959659919567,"upper_bound":28.05950035109062},"point_estimate":19.91150962391171,"standard_error":4.417093599798081}}