{"mean":{"confidence_interval":{"confidence_level":0.95,"lower_bound":222.56589146988887,"upper_bound":230.75885376266064},"point_estimate":226.5189568331724,"standard_error":2.087680416586083},"median":{"confidence_interval":{"confidence_level":0.95,"lower_bound":220.80525892024747,"upper_bound":227.9793622038187},"point_estimate":225.2906454248366,"standard_error":1.6609490688377795},"median_abs_dev":{"confidence_interval":{"confidence_level":0.95,"lower_bound":13.243373000962448,"upper_bound":20.88102397711382},"point_estimate":16.735300839023918,"standard_error":1.9591977062874286},"slope":{"confidence_interval":{"confidence_level":0.95,"lower_bound":223.4415287748702,"upper_bound":232.40269045194503},"point_estimate":227.74169204201405,"standard_error":2.2905503002587797},"std_dev":{"confidence_interval":{"confidence_level":0.95,"lower_bound":15.435140129707996,"upper_bound":26.38772270999247},"point_estimate":20.94656400357535,"standard_error":2.8328179706526373}}