{"mean":{"confidence_interval":{"confidence_level":0.95,"lower_bound":289.05218007687716,"upper_bound":292.0666225037659},"point_estimate":290.5730672589294,"standard_error":0.7697652726410107},"median":{"confidence_interval":{"confidence_level":0.95,"lower_bound":288.3655622885024,"upper_bound":293.3192900707353},"point_estimate":291.1227415375125,"standard_error":1.177290598231417},"median_abs_dev":{"confidence_interval":{"confidence_level":0.95,"lower_bound":6.92628120630955,"upper_bound":10.777729662213714},"point_estimate":9.204566556773305,"standard_error":0.9611619294064799},"slope":{"confidence_interval":{"confidence_level":0.95,"lower_bound":285.5802783611029,"upper_bound":289.0193026627105},"point_estimate":287.26231838615104,"standard_error":0.875743138141321},"std_dev":{"confidence_interval":{"confidence_level":0.95,"lower_bound":6.727768163711769,"upper_bound":8.670674425184833},"point_estimate":7.755055689221974,"standard_error":0.49640370847024623}}