{"mean":{"confidence_interval":{"confidence_level":0.95,"lower_bound":260.39013649193015,"upper_bound":268.27273806647304},"point_estimate":264.01521963907425,"standard_error":2.0121523982909566},"median":{"confidence_interval":{"confidence_level":0.95,"lower_bound":258.5436697201403,"upper_bound":265.5136808635261},"point_estimate":260.6916740652035,"standard_error":1.9161487017017067},"median_abs_dev":{"confidence_interval":{"confidence_level":0.95,"lower_bound":10.459310770148843,"upper_bound":16.38491440472531},"point_estimate":13.337897033615539,"standard_error":1.4956511171936329},"slope":{"confidence_interval":{"confidence_level":0.95,"lower_bound":256.664369014395,"upper_bound":267.3712318228849},"point_estimate":261.3056003287252,"standard_error":2.7546139214981578},"std_dev":{"confidence_interval":{"confidence_level":0.95,"lower_bound":12.069950548571043,"upper_bound":28.558000084519183},"point_estimate":20.24275821961726,"standard_error":4.422353720564581}}