{"mean":{"confidence_interval":{"confidence_level":0.95,"lower_bound":277.04590684750474,"upper_bound":277.61561136573533},"point_estimate":277.3024848798453,"standard_error":0.14573966448912612},"median":{"confidence_interval":{"confidence_level":0.95,"lower_bound":276.76023201251303,"upper_bound":276.91688938798427},"point_estimate":276.82049332997735,"standard_error":0.04477724744919881},"median_abs_dev":{"confidence_interval":{"confidence_level":0.95,"lower_bound":0.2565620910420498,"upper_bound":0.5323669850496152},"point_estimate":0.3871822343214373,"standard_error":0.06584415702515627},"slope":{"confidence_interval":{"confidence_level":0.95,"lower_bound":276.6549843302973,"upper_bound":276.7333095487658},"point_estimate":276.69132020464275,"standard_error":0.019869467553446797},"std_dev":{"confidence_interval":{"confidence_level":0.95,"lower_bound":0.758730922028398,"upper_bound":2.0732898652152456},"point_estimate":1.4719924222357643,"standard_error":0.33547437864610946}}