{"mean":{"confidence_interval":{"confidence_level":0.95,"lower_bound":23.99478676991316,"upper_bound":24.28102383768934},"point_estimate":24.116886858091735,"standard_error":0.07399681112665997},"median":{"confidence_interval":{"confidence_level":0.95,"lower_bound":23.953313804798157,"upper_bound":23.964059585401046},"point_estimate":23.958779061474825,"standard_error":0.002712032056015329},"median_abs_dev":{"confidence_interval":{"confidence_level":0.95,"lower_bound":0.022964886434168334,"upper_bound":0.0628095543489003},"point_estimate":0.045848199403044146,"standard_error":0.010395000588255765},"slope":{"confidence_interval":{"confidence_level":0.95,"lower_bound":23.993355048555483,"upper_bound":24.26533285105362},"point_estimate":24.10317390894532,"standard_error":0.071602053615986},"std_dev":{"confidence_interval":{"confidence_level":0.95,"lower_bound":0.2322973515695851,"upper_bound":1.1621110979122276},"point_estimate":0.7460520986452855,"standard_error":0.24973017340957435}}