{"mean":{"confidence_interval":{"confidence_level":0.95,"lower_bound":25.69935543889845,"upper_bound":26.065889757963646},"point_estimate":25.85832003544501,"standard_error":0.09441138156598654},"median":{"confidence_interval":{"confidence_level":0.95,"lower_bound":25.599321705426355,"upper_bound":25.831637596899224},"point_estimate":25.76143670229426,"standard_error":0.05741648388789321},"median_abs_dev":{"confidence_interval":{"confidence_level":0.95,"lower_bound":0.3361359092744317,"upper_bound":0.6064260464668116},"point_estimate":0.4945886364084287,"standard_error":0.07157661320853137},"slope":{"confidence_interval":{"confidence_level":0.95,"lower_bound":25.636764312600306,"upper_bound":25.827301621487823},"point_estimate":25.72953982859237,"standard_error":0.048798057260064746},"std_dev":{"confidence_interval":{"confidence_level":0.95,"lower_bound":0.48274259213544785,"upper_bound":1.456728179846525},"point_estimate":0.9514343705350438,"standard_error":0.3074537669650474}}