{"mean":{"confidence_interval":{"confidence_level":0.95,"lower_bound":20.875960655577465,"upper_bound":21.379804076743476},"point_estimate":21.119957920913812,"standard_error":0.12816523532000726},"median":{"confidence_interval":{"confidence_level":0.95,"lower_bound":20.84300265721878,"upper_bound":21.242044085772424},"point_estimate":21.078974684057265,"standard_error":0.10248099861014663},"median_abs_dev":{"confidence_interval":{"confidence_level":0.95,"lower_bound":0.5618371287812556,"upper_bound":1.062329283964735},"point_estimate":0.7285996105071335,"standard_error":0.1263841246455684},"slope":{"confidence_interval":{"confidence_level":0.95,"lower_bound":20.80759538223775,"upper_bound":21.199703074025916},"point_estimate":21.008579437699993,"standard_error":0.09994052446944554},"std_dev":{"confidence_interval":{"confidence_level":0.95,"lower_bound":0.9605037645732225,"upper_bound":1.5934326427844299},"point_estimate":1.2805527071200713,"standard_error":0.16326402296618547}}