{"mean":{"confidence_interval":{"confidence_level":0.95,"lower_bound":20.564620751316127,"upper_bound":20.96941340392352},"point_estimate":20.73373328111909,"standard_error":0.10479455766025234},"median":{"confidence_interval":{"confidence_level":0.95,"lower_bound":20.57270828909181,"upper_bound":20.74483259007574},"point_estimate":20.65459639932989,"standard_error":0.03628474199603159},"median_abs_dev":{"confidence_interval":{"confidence_level":0.95,"lower_bound":0.30358373059219634,"upper_bound":0.49491064262972195},"point_estimate":0.39234056214178614,"standard_error":0.04917163792919778},"slope":{"confidence_interval":{"confidence_level":0.95,"lower_bound":20.603462025148882,"upper_bound":20.747353078823657},"point_estimate":20.67665417814828,"standard_error":0.03664927106324008},"std_dev":{"confidence_interval":{"confidence_level":0.95,"lower_bound":0.3902449725842832,"upper_bound":1.675965624656788},"point_estimate":1.0532133371370083,"standard_error":0.38412846550172924}}