{"mean":{"confidence_interval":{"confidence_level":0.95,"lower_bound":26.529004062968202,"upper_bound":27.078431833859817},"point_estimate":26.776837202629057,"standard_error":0.14107890385809393},"median":{"confidence_interval":{"confidence_level":0.95,"lower_bound":26.385573595276874,"upper_bound":26.848827740322704},"point_estimate":26.580666650673233,"standard_error":0.13017043703478234},"median_abs_dev":{"confidence_interval":{"confidence_level":0.95,"lower_bound":0.6219758286820706,"upper_bound":0.9782430331502843},"point_estimate":0.7813616116508144,"standard_error":0.08828671733323991},"slope":{"confidence_interval":{"confidence_level":0.95,"lower_bound":26.53675221382898,"upper_bound":26.784994656323047},"point_estimate":26.660839805551852,"standard_error":0.06331020701842675},"std_dev":{"confidence_interval":{"confidence_level":0.95,"lower_bound":0.7361387925645272,"upper_bound":2.0497950952548334},"point_estimate":1.4138034702318243,"standard_error":0.3455880821795741}}