{"mean":{"confidence_interval":{"confidence_level":0.95,"lower_bound":30.37659778813775,"upper_bound":31.820815017849363},"point_estimate":31.004325118063747,"standard_error":0.3719420665314888},"median":{"confidence_interval":{"confidence_level":0.95,"lower_bound":30.056224899598394,"upper_bound":30.436778693722257},"point_estimate":30.102835584763298,"standard_error":0.08982391275997864},"median_abs_dev":{"confidence_interval":{"confidence_level":0.95,"lower_bound":0.22347464869380565,"upper_bound":0.5787355851373376},"point_estimate":0.35700530902221617,"standard_error":0.08788090007568183},"slope":{"confidence_interval":{"confidence_level":0.95,"lower_bound":30.32568207136975,"upper_bound":30.544001294681443},"point_estimate":30.429400177924645,"standard_error":0.055702342602836005},"std_dev":{"confidence_interval":{"confidence_level":0.95,"lower_bound":0.7573770468602619,"upper_bound":5.598165265323805},"point_estimate":3.7422109185552115,"standard_error":1.1820502282194725}}