{"mean":{"confidence_interval":{"confidence_level":0.95,"lower_bound":-0.012407058711206218,"upper_bound":-0.004098865149697163},"point_estimate":-0.008085661587463155,"standard_error":0.0021264273192528028},"median":{"confidence_interval":{"confidence_level":0.95,"lower_bound":-0.006329906322346424,"upper_bound":-0.00007184529300019449},"point_estimate":-0.0013275354480350998,"standard_error":0.0015660249934211176}}