{"mean":{"confidence_interval":{"confidence_level":0.95,"lower_bound":-0.5075983811601418,"upper_bound":-0.43214937866988934},"point_estimate":-0.46313225543219916,"standard_error":0.020650873454227968},"median":{"confidence_interval":{"confidence_level":0.95,"lower_bound":-0.45636758379103204,"upper_bound":-0.42317103109392984},"point_estimate":-0.4375485520044293,"standard_error":0.008705340474397973}}