{"mean":{"confidence_interval":{"confidence_level":0.95,"lower_bound":1.4837176491568553,"upper_bound":1.526753495647191},"point_estimate":1.4993690393481671,"standard_error":0.012066755174477717},"median":{"confidence_interval":{"confidence_level":0.95,"lower_bound":1.4829677193392097,"upper_bound":1.4849915165789895},"point_estimate":1.4836070457340194,"standard_error":0.0005408786337814532},"median_abs_dev":{"confidence_interval":{"confidence_level":0.95,"lower_bound":0.0027239771450793832,"upper_bound":0.004339111955365959},"point_estimate":0.0034072329466539697,"standard_error":0.00041501455122669266},"slope":{"confidence_interval":{"confidence_level":0.95,"lower_bound":1.482925853185163,"upper_bound":1.4845009843703212},"point_estimate":1.483637866362485,"standard_error":0.00040029640269758694},"std_dev":{"confidence_interval":{"confidence_level":0.95,"lower_bound":0.005429844863108187,"upper_bound":0.20447750598530298},"point_estimate":0.121301119451778,"standard_error":0.06273317505167036}}