{"mean":{"confidence_interval":{"confidence_level":0.95,"lower_bound":2.899659209551877,"upper_bound":2.932916403917147},"point_estimate":2.9118480924358336,"standard_error":0.009258201427299195},"median":{"confidence_interval":{"confidence_level":0.95,"lower_bound":2.8991903465910207,"upper_bound":2.903671502466831},"point_estimate":2.901003631774072,"standard_error":0.0013411274887156414},"median_abs_dev":{"confidence_interval":{"confidence_level":0.95,"lower_bound":0.006805577079739338,"upper_bound":0.012322307164298116},"point_estimate":0.009651286385097801,"standard_error":0.001398983123903817},"slope":{"confidence_interval":{"confidence_level":0.95,"lower_bound":2.9019473950425496,"upper_bound":2.908663363421339},"point_estimate":2.904829278032602,"standard_error":0.001736499874873174},"std_dev":{"confidence_interval":{"confidence_level":0.95,"lower_bound":0.01278258440173064,"upper_bound":0.15657420416956958},"point_estimate":0.09270928621674111,"standard_error":0.04779623162611982}}