{"mean":{"confidence_interval":{"confidence_level":0.95,"lower_bound":2.9019164972324116,"upper_bound":2.9432523756958364},"point_estimate":2.917982529733475,"standard_error":0.011015950732333423},"median":{"confidence_interval":{"confidence_level":0.95,"lower_bound":2.897572853400184,"upper_bound":2.9010840550817862},"point_estimate":2.8989158489950837,"standard_error":0.0008407215677122696},"median_abs_dev":{"confidence_interval":{"confidence_level":0.95,"lower_bound":0.006516931837837127,"upper_bound":0.011596842312031256},"point_estimate":0.008462536858637532,"standard_error":0.0012102349546599383},"slope":{"confidence_interval":{"confidence_level":0.95,"lower_bound":2.8992045990924624,"upper_bound":2.9085248387185003},"point_estimate":2.903313119714876,"standard_error":0.0024009900833450166},"std_dev":{"confidence_interval":{"confidence_level":0.95,"lower_bound":0.019289031630288892,"upper_bound":0.18297075502261495},"point_estimate":0.11069277093977749,"standard_error":0.049882477490351344}}