{"mean":{"confidence_interval":{"confidence_level":0.95,"lower_bound":2.365321873687699,"upper_bound":2.4101947037482936},"point_estimate":2.38333224097146,"standard_error":0.011873227681531274},"median":{"confidence_interval":{"confidence_level":0.95,"lower_bound":2.3619086317350932,"upper_bound":2.365636240869146},"point_estimate":2.364137597852415,"standard_error":0.0009331766959380285},"median_abs_dev":{"confidence_interval":{"confidence_level":0.95,"lower_bound":0.00606481018365558,"upper_bound":0.010096779026068483},"point_estimate":0.007480901559043975,"standard_error":0.0010275253073095644},"slope":{"confidence_interval":{"confidence_level":0.95,"lower_bound":2.36300463823931,"upper_bound":2.369092624724462},"point_estimate":2.365662989076748,"standard_error":0.001561795001489539},"std_dev":{"confidence_interval":{"confidence_level":0.95,"lower_bound":0.015764065823069176,"upper_bound":0.19230136379460294},"point_estimate":0.11915587139438982,"standard_error":0.04890055076982259}}