{"mean":{"confidence_interval":{"confidence_level":0.95,"lower_bound":2.613519046430235,"upper_bound":2.655696074536678},"point_estimate":2.6293402277663973,"standard_error":0.011349010939774905},"median":{"confidence_interval":{"confidence_level":0.95,"lower_bound":2.610432228588005,"upper_bound":2.6137351133701405},"point_estimate":2.611615557269702,"standard_error":0.0009272306424394336},"median_abs_dev":{"confidence_interval":{"confidence_level":0.95,"lower_bound":0.006010291750796541,"upper_bound":0.01052734359736286},"point_estimate":0.008129161550222062,"standard_error":0.0011215487494290065},"slope":{"confidence_interval":{"confidence_level":0.95,"lower_bound":2.6120804364452512,"upper_bound":2.617139565596248},"point_estimate":2.614438643944926,"standard_error":0.001292539632587538},"std_dev":{"confidence_interval":{"confidence_level":0.95,"lower_bound":0.012281421123611693,"upper_bound":0.189391838025685},"point_estimate":0.11365131156199608,"standard_error":0.05399741507729684}}