{"mean":{"confidence_interval":{"confidence_level":0.95,"lower_bound":2.6095676055995702,"upper_bound":2.629740310537768},"point_estimate":2.617947042211228,"standard_error":0.005295201970065271},"median":{"confidence_interval":{"confidence_level":0.95,"lower_bound":2.607453814591054,"upper_bound":2.610692025556359},"point_estimate":2.609515274701347,"standard_error":0.0008314028660859203},"median_abs_dev":{"confidence_interval":{"confidence_level":0.95,"lower_bound":0.004650040624400136,"upper_bound":0.00894726469893297},"point_estimate":0.006402708899626214,"standard_error":0.0011072691427207284},"slope":{"confidence_interval":{"confidence_level":0.95,"lower_bound":2.6095687696337544,"upper_bound":2.614126232525262},"point_estimate":2.6116219417411894,"standard_error":0.0011704388641960194},"std_dev":{"confidence_interval":{"confidence_level":0.95,"lower_bound":0.01034816635775176,"upper_bound":0.08331311428246563},"point_estimate":0.053222177190831756,"standard_error":0.01986647519340442}}