{"mean":{"confidence_interval":{"confidence_level":0.95,"lower_bound":33.031889708005885,"upper_bound":34.475711073963595},"point_estimate":33.665497313401715,"standard_error":0.37069950936171575},"median":{"confidence_interval":{"confidence_level":0.95,"lower_bound":32.56837979094077,"upper_bound":32.93938458371925},"point_estimate":32.61503048780488,"standard_error":0.11560329944138431},"median_abs_dev":{"confidence_interval":{"confidence_level":0.95,"lower_bound":0.18480845956006559,"upper_bound":0.5726826308647516},"point_estimate":0.43669399631217204,"standard_error":0.10173043806052273},"slope":{"confidence_interval":{"confidence_level":0.95,"lower_bound":32.780777721650736,"upper_bound":33.160775410393676},"point_estimate":32.92718827980359,"standard_error":0.10233822893138837},"std_dev":{"confidence_interval":{"confidence_level":0.95,"lower_bound":1.4890996756463726,"upper_bound":5.480967686372252},"point_estimate":3.7363926634099593,"standard_error":1.0182717566268784}}