{"mean":{"confidence_interval":{"confidence_level":0.95,"lower_bound":35.62681174907916,"upper_bound":36.74377161053342},"point_estimate":36.12037879611466,"standard_error":0.28884272296079944},"median":{"confidence_interval":{"confidence_level":0.95,"lower_bound":35.197926842505154,"upper_bound":35.594272844272844},"point_estimate":35.326221704898174,"standard_error":0.11714753771900056},"median_abs_dev":{"confidence_interval":{"confidence_level":0.95,"lower_bound":0.24071408064428246,"upper_bound":0.6475927387733058},"point_estimate":0.41978089834006715,"standard_error":0.11233457792146989},"slope":{"confidence_interval":{"confidence_level":0.95,"lower_bound":35.48942146940098,"upper_bound":36.046700593577725},"point_estimate":35.71512051729578,"standard_error":0.14528048695988152},"std_dev":{"confidence_interval":{"confidence_level":0.95,"lower_bound":1.2606902579558512,"upper_bound":4.125163633982706},"point_estimate":2.9035940892253382,"standard_error":0.7348294528533855}}