{"mean":{"confidence_interval":{"confidence_level":0.95,"lower_bound":2.8058577030106924,"upper_bound":2.8869996661696167},"point_estimate":2.8336330877735545,"standard_error":0.025842191898158014},"median":{"confidence_interval":{"confidence_level":0.95,"lower_bound":2.8050247099705796,"upper_bound":2.806880600787065},"point_estimate":2.806167332198543,"standard_error":0.0004571730265140452},"median_abs_dev":{"confidence_interval":{"confidence_level":0.95,"lower_bound":0.0037618479692729575,"upper_bound":0.008393429732831659},"point_estimate":0.006772584315809193,"standard_error":0.0012672604688674252},"slope":{"confidence_interval":{"confidence_level":0.95,"lower_bound":2.806728969418223,"upper_bound":2.813798319079325},"point_estimate":2.809864983944217,"standard_error":0.0018276797258066735},"std_dev":{"confidence_interval":{"confidence_level":0.95,"lower_bound":0.010533850139849055,"upper_bound":0.4424932673998763},"point_estimate":0.25816859448409774,"standard_error":0.15626829013636545}}