{"mean":{"confidence_interval":{"confidence_level":0.95,"lower_bound":3.119791439206308,"upper_bound":3.1861025480977028},"point_estimate":3.142801556042666,"standard_error":0.020552114335822297},"median":{"confidence_interval":{"confidence_level":0.95,"lower_bound":3.1183113524492048,"upper_bound":3.1206044232337433},"point_estimate":3.1194590199893186,"standard_error":0.0005775425505028081},"median_abs_dev":{"confidence_interval":{"confidence_level":0.95,"lower_bound":0.004537950560375601,"upper_bound":0.008843330859503026},"point_estimate":0.006921949884062149,"standard_error":0.0010398434730400103},"slope":{"confidence_interval":{"confidence_level":0.95,"lower_bound":3.120311137810489,"upper_bound":3.1251244960065163},"point_estimate":3.122636933288817,"standard_error":0.0012312825436807367},"std_dev":{"confidence_interval":{"confidence_level":0.95,"lower_bound":0.011434092795002557,"upper_bound":0.35470177308058365},"point_estimate":0.2071891310397458,"standard_error":0.12251343512863828}}