{"mean":{"confidence_interval":{"confidence_level":0.95,"lower_bound":4.642205291083704,"upper_bound":5.029403310674199},"point_estimate":4.818054529638357,"standard_error":0.09769536112853502},"median":{"confidence_interval":{"confidence_level":0.95,"lower_bound":4.583661062643753,"upper_bound":4.588011007427334},"point_estimate":4.585941244251379,"standard_error":0.0012156958213848104},"median_abs_dev":{"confidence_interval":{"confidence_level":0.95,"lower_bound":0.00779783217873428,"upper_bound":0.016037868767279043},"point_estimate":0.010406900541266325,"standard_error":0.002122913844864755},"slope":{"confidence_interval":{"confidence_level":0.95,"lower_bound":4.588718668252204,"upper_bound":4.602902167663455},"point_estimate":4.594838146450509,"standard_error":0.003643290770327832},"std_dev":{"confidence_interval":{"confidence_level":0.95,"lower_bound":0.4916685819733511,"upper_bound":1.3423655266018655},"point_estimate":0.9835480033259464,"standard_error":0.22046705998573854}}