{"mean":{"confidence_interval":{"confidence_level":0.95,"lower_bound":4.078867301900643,"upper_bound":4.147238129313022},"point_estimate":4.104540655516996,"standard_error":0.018975925735401324},"median":{"confidence_interval":{"confidence_level":0.95,"lower_bound":4.0722409767699865,"upper_bound":4.077948719075749},"point_estimate":4.074926431794925,"standard_error":0.0013209725467689035},"median_abs_dev":{"confidence_interval":{"confidence_level":0.95,"lower_bound":0.009224338501739846,"upper_bound":0.016085267780531414},"point_estimate":0.012276483548389911,"standard_error":0.0017714054376075652},"slope":{"confidence_interval":{"confidence_level":0.95,"lower_bound":4.075943266197147,"upper_bound":4.094030845780366},"point_estimate":4.083681405370068,"standard_error":0.004677071767890579},"std_dev":{"confidence_interval":{"confidence_level":0.95,"lower_bound":0.035859088068341205,"upper_bound":0.3215233052733511},"point_estimate":0.19143368255799761,"standard_error":0.09623196420498205}}