{"mean":{"confidence_interval":{"confidence_level":0.95,"lower_bound":105.74746931584185,"upper_bound":106.0664590900178},"point_estimate":105.90752288486375,"standard_error":0.08073709147933308},"median":{"confidence_interval":{"confidence_level":0.95,"lower_bound":105.68530150060687,"upper_bound":105.861594643944},"point_estimate":105.73773242267805,"standard_error":0.043675589783972395},"median_abs_dev":{"confidence_interval":{"confidence_level":0.95,"lower_bound":0.14064481002358267,"upper_bound":0.3508813312917254},"point_estimate":0.21201689955230002,"standard_error":0.049956254330433485},"slope":{"confidence_interval":{"confidence_level":0.95,"lower_bound":105.69618647986351,"upper_bound":105.99413227605586},"point_estimate":105.8532447160796,"standard_error":0.07582168065755827},"std_dev":{"confidence_interval":{"confidence_level":0.95,"lower_bound":0.3826826067386123,"upper_bound":1.1819526716890594},"point_estimate":0.8107171060242668,"standard_error":0.21320602624491758}}