{"mean":{"confidence_interval":{"confidence_level":0.95,"lower_bound":145.7259166534137,"upper_bound":148.47547193350476},"point_estimate":147.0405582482323,"standard_error":0.7034331699642713},"median":{"confidence_interval":{"confidence_level":0.95,"lower_bound":144.61362344815527,"upper_bound":146.77511006118038},"point_estimate":145.51308447436566,"standard_error":0.5566724006446336},"median_abs_dev":{"confidence_interval":{"confidence_level":0.95,"lower_bound":3.4534616559525633,"upper_bound":6.7058229362689845},"point_estimate":4.643407873559381,"standard_error":0.879963461290558},"slope":{"confidence_interval":{"confidence_level":0.95,"lower_bound":147.09529194382526,"upper_bound":150.77966866115077},"point_estimate":148.83671753973135,"standard_error":0.9423411603439396},"std_dev":{"confidence_interval":{"confidence_level":0.95,"lower_bound":5.147999054827301,"upper_bound":8.963224527989553},"point_estimate":7.081256013754203,"standard_error":0.984477071057469}}