{"mean":{"confidence_interval":{"confidence_level":0.95,"lower_bound":120.44372623182309,"upper_bound":120.66400784578151},"point_estimate":120.54053396963776,"standard_error":0.05675308564138866},"median":{"confidence_interval":{"confidence_level":0.95,"lower_bound":120.30970773487125,"upper_bound":120.45375119414682},"point_estimate":120.37718391930622,"standard_error":0.03905729481016576},"median_abs_dev":{"confidence_interval":{"confidence_level":0.95,"lower_bound":0.1414727101604343,"upper_bound":0.30066858924421486},"point_estimate":0.2014917108854598,"standard_error":0.04198240605656909},"slope":{"confidence_interval":{"confidence_level":0.95,"lower_bound":120.31900456812288,"upper_bound":120.42056397009374},"point_estimate":120.36646019006866,"standard_error":0.025917205258304522},"std_dev":{"confidence_interval":{"confidence_level":0.95,"lower_bound":0.2772672111343194,"upper_bound":0.8525581735917119},"point_estimate":0.5677160822406878,"standard_error":0.16524959618309695}}