{"mean":{"confidence_interval":{"confidence_level":0.95,"lower_bound":153.88696861319835,"upper_bound":154.19484996330195},"point_estimate":154.024003669787,"standard_error":0.07911643801058049},"median":{"confidence_interval":{"confidence_level":0.95,"lower_bound":153.7941769894895,"upper_bound":153.8741298116298},"point_estimate":153.82224067106878,"standard_error":0.018030122944513713},"median_abs_dev":{"confidence_interval":{"confidence_level":0.95,"lower_bound":0.0953167951089601,"upper_bound":0.17769577774169762},"point_estimate":0.13015272139436357,"standard_error":0.021298422110642826},"slope":{"confidence_interval":{"confidence_level":0.95,"lower_bound":153.74300572194107,"upper_bound":153.79881158580196},"point_estimate":153.77246596409842,"standard_error":0.014137879961933669},"std_dev":{"confidence_interval":{"confidence_level":0.95,"lower_bound":0.3576478110633669,"upper_bound":1.1331684937796398},"point_estimate":0.7961901065508838,"standard_error":0.19567908098791434}}