{"mean":{"confidence_interval":{"confidence_level":0.95,"lower_bound":2.3683080653581166,"upper_bound":2.382692158952584},"point_estimate":2.3735199279926373,"standard_error":0.00417596715287858},"median":{"confidence_interval":{"confidence_level":0.95,"lower_bound":2.3683567602251756,"upper_bound":2.3702442775660666},"point_estimate":2.3692556207989672,"standard_error":0.0004733282021242986},"median_abs_dev":{"confidence_interval":{"confidence_level":0.95,"lower_bound":0.003594931815199183,"upper_bound":0.005955202104277069},"point_estimate":0.004991897077463955,"standard_error":0.0006066305390799442},"slope":{"confidence_interval":{"confidence_level":0.95,"lower_bound":2.369128377666503,"upper_bound":2.3717631220889928},"point_estimate":2.370347482890898,"standard_error":0.0006717587867145848},"std_dev":{"confidence_interval":{"confidence_level":0.95,"lower_bound":0.0055864118094982795,"upper_bound":0.07171784192099628},"point_estimate":0.04216747554238133,"standard_error":0.023059712132355498}}