{"mean":{"confidence_interval":{"confidence_level":0.95,"lower_bound":2.614209858858678,"upper_bound":2.6557998401860914},"point_estimate":2.631320550834697,"standard_error":0.010852305929172522},"median":{"confidence_interval":{"confidence_level":0.95,"lower_bound":2.6085757106651144,"upper_bound":2.611913144735941},"point_estimate":2.6101297817191904,"standard_error":0.0008929452970780314},"median_abs_dev":{"confidence_interval":{"confidence_level":0.95,"lower_bound":0.005075709315664309,"upper_bound":0.009931359871175223},"point_estimate":0.0070026774535940665,"standard_error":0.0013278361287616548},"slope":{"confidence_interval":{"confidence_level":0.95,"lower_bound":2.6080167130244702,"upper_bound":2.613964433054765},"point_estimate":2.610524144133024,"standard_error":0.0015461778052383538},"std_dev":{"confidence_interval":{"confidence_level":0.95,"lower_bound":0.01871622335460635,"upper_bound":0.17341474603081655},"point_estimate":0.10908468218909521,"standard_error":0.04121515395468188}}