{"mean":{"confidence_interval":{"confidence_level":0.95,"lower_bound":2.6108163647334597,"upper_bound":2.639529554088182},"point_estimate":2.621083722639435,"standard_error":0.008514810792365428},"median":{"confidence_interval":{"confidence_level":0.95,"lower_bound":2.6083411007137656,"upper_bound":2.611348186789288},"point_estimate":2.6098932824510923,"standard_error":0.0007215087427134214},"median_abs_dev":{"confidence_interval":{"confidence_level":0.95,"lower_bound":0.004414511525095043,"upper_bound":0.007851607691748586},"point_estimate":0.005831716534109187,"standard_error":0.0008683957988867689},"slope":{"confidence_interval":{"confidence_level":0.95,"lower_bound":2.609282870583198,"upper_bound":2.613656891954803},"point_estimate":2.6112509276659743,"standard_error":0.0011238387185560682},"std_dev":{"confidence_interval":{"confidence_level":0.95,"lower_bound":0.009377783909065586,"upper_bound":0.14639584285507784},"point_estimate":0.08586333334816261,"standard_error":0.048216764679642365}}