{"mean":{"confidence_interval":{"confidence_level":0.95,"lower_bound":2.6165625717863814,"upper_bound":2.6492054947910346},"point_estimate":2.629716403978445,"standard_error":0.008577031692899091},"median":{"confidence_interval":{"confidence_level":0.95,"lower_bound":2.609967933416885,"upper_bound":2.6136741967958828},"point_estimate":2.612202993421034,"standard_error":0.0009781011225416649},"median_abs_dev":{"confidence_interval":{"confidence_level":0.95,"lower_bound":0.005630784458782249,"upper_bound":0.012176452955958192},"point_estimate":0.008393755432054333,"standard_error":0.0016437502135777337},"slope":{"confidence_interval":{"confidence_level":0.95,"lower_bound":2.6138504870206543,"upper_bound":2.6213056436768305},"point_estimate":2.617295492296841,"standard_error":0.0019060026502185038},"std_dev":{"confidence_interval":{"confidence_level":0.95,"lower_bound":0.02394279677621312,"upper_bound":0.13915476920173683},"point_estimate":0.08603860620731384,"standard_error":0.03483941040878136}}