{"mean":{"confidence_interval":{"confidence_level":0.95,"lower_bound":2.6181361985652667,"upper_bound":2.6656113340121768},"point_estimate":2.6388023837228527,"standard_error":0.012183728755169827},"median":{"confidence_interval":{"confidence_level":0.95,"lower_bound":2.6094912827416046,"upper_bound":2.613036455458096},"point_estimate":2.611052976237357,"standard_error":0.0008742856116704788},"median_abs_dev":{"confidence_interval":{"confidence_level":0.95,"lower_bound":0.005937875334723371,"upper_bound":0.011421416028091753},"point_estimate":0.009081855754027118,"standard_error":0.0013232445690708743},"slope":{"confidence_interval":{"confidence_level":0.95,"lower_bound":2.6128569371699935,"upper_bound":2.651038090119406},"point_estimate":2.62629005326363,"standard_error":0.010614970654562444},"std_dev":{"confidence_interval":{"confidence_level":0.95,"lower_bound":0.026960200701104994,"upper_bound":0.18111760863194498},"point_estimate":0.12240436642199116,"standard_error":0.03641887042864439}}