{"mean":{"confidence_interval":{"confidence_level":0.95,"lower_bound":2.2196331948439414,"upper_bound":2.247308328263171},"point_estimate":2.2307251693924797,"standard_error":0.007284584964347782},"median":{"confidence_interval":{"confidence_level":0.95,"lower_bound":2.2155250774568604,"upper_bound":2.218245952636406},"point_estimate":2.21677872234615,"standard_error":0.0007599385355435369},"median_abs_dev":{"confidence_interval":{"confidence_level":0.95,"lower_bound":0.004399616020299258,"upper_bound":0.008318756236846817},"point_estimate":0.006046766253677523,"standard_error":0.0010599861181513344},"slope":{"confidence_interval":{"confidence_level":0.95,"lower_bound":2.215373337612383,"upper_bound":2.2212113897037447},"point_estimate":2.217939239287931,"standard_error":0.0015006265897002618},"std_dev":{"confidence_interval":{"confidence_level":0.95,"lower_bound":0.018753671657685215,"upper_bound":0.11903861550161708},"point_estimate":0.0732416067220113,"standard_error":0.030206338442697447}}