{"mean":{"confidence_interval":{"confidence_level":0.95,"lower_bound":1.9518274872705808,"upper_bound":1.996068880773253},"point_estimate":1.9696498423366398,"standard_error":0.011652985292186252},"median":{"confidence_interval":{"confidence_level":0.95,"lower_bound":1.9495657971542375,"upper_bound":1.9524465260740118},"point_estimate":1.9507838478612278,"standard_error":0.0007477234392536291},"median_abs_dev":{"confidence_interval":{"confidence_level":0.95,"lower_bound":0.004321965667820343,"upper_bound":0.007333938840941979},"point_estimate":0.00546076532855128,"standard_error":0.0007727581678774972},"slope":{"confidence_interval":{"confidence_level":0.95,"lower_bound":1.9507230968623528,"upper_bound":1.9536909089250585},"point_estimate":1.9521134647940601,"standard_error":0.0007571271677089326},"std_dev":{"confidence_interval":{"confidence_level":0.95,"lower_bound":0.011131154642255465,"upper_bound":0.1870609759994499},"point_estimate":0.11695379296756486,"standard_error":0.04722275277519477}}