{"mean":{"confidence_interval":{"confidence_level":0.95,"lower_bound":2.1263578573241833,"upper_bound":2.1608635647037517},"point_estimate":2.139016974230349,"standard_error":0.009714356783576326},"median":{"confidence_interval":{"confidence_level":0.95,"lower_bound":2.1231415662624715,"upper_bound":2.126501652637197},"point_estimate":2.1253928857208653,"standard_error":0.0009142475351838668},"median_abs_dev":{"confidence_interval":{"confidence_level":0.95,"lower_bound":0.005229569639617966,"upper_bound":0.009266460253235445},"point_estimate":0.007436042350740965,"standard_error":0.0010183152864241419},"slope":{"confidence_interval":{"confidence_level":0.95,"lower_bound":2.1240179892024393,"upper_bound":2.1337204275166264},"point_estimate":2.1278469683285763,"standard_error":0.002571865663975576},"std_dev":{"confidence_interval":{"confidence_level":0.95,"lower_bound":0.015517255431000687,"upper_bound":0.1642408694805872},"point_estimate":0.097301372096752,"standard_error":0.050655664816490184}}