{"mean":{"confidence_interval":{"confidence_level":0.95,"lower_bound":6.271182885051282,"upper_bound":6.385517090664967},"point_estimate":6.324415078093861,"standard_error":0.02921262381440005},"median":{"confidence_interval":{"confidence_level":0.95,"lower_bound":6.32109267591551,"upper_bound":6.343796336537478},"point_estimate":6.331404028038489,"standard_error":0.005213915401378492},"median_abs_dev":{"confidence_interval":{"confidence_level":0.95,"lower_bound":0.028359713558080212,"upper_bound":0.053064513261409416},"point_estimate":0.03826664864571554,"standard_error":0.006564110916850398},"slope":{"confidence_interval":{"confidence_level":0.95,"lower_bound":6.333428601647192,"upper_bound":6.361664449997016},"point_estimate":6.346093102519124,"standard_error":0.0072460018929288396},"std_dev":{"confidence_interval":{"confidence_level":0.95,"lower_bound":0.15912710165927624,"upper_bound":0.4140200409291008},"point_estimate":0.29410970346953563,"standard_error":0.06600697417188207}}