{"mean":{"confidence_interval":{"confidence_level":0.95,"lower_bound":6.3807515470500995,"upper_bound":6.4847856058251505},"point_estimate":6.429783954640587,"standard_error":0.026574156348870226},"median":{"confidence_interval":{"confidence_level":0.95,"lower_bound":6.396870392291238,"upper_bound":6.423118468446641},"point_estimate":6.410583730688397,"standard_error":0.00660486978235594},"median_abs_dev":{"confidence_interval":{"confidence_level":0.95,"lower_bound":0.031527669180539154,"upper_bound":0.050916163130517604},"point_estimate":0.0408567103260556,"standard_error":0.004968532798706821},"slope":{"confidence_interval":{"confidence_level":0.95,"lower_bound":6.408303375983117,"upper_bound":6.435624682238122},"point_estimate":6.419630843206171,"standard_error":0.007031975515075296},"std_dev":{"confidence_interval":{"confidence_level":0.95,"lower_bound":0.15174985836982505,"upper_bound":0.3623512296442685},"point_estimate":0.26718623766416466,"standard_error":0.053559755640888745}}