{"mean":{"confidence_interval":{"confidence_level":0.95,"lower_bound":8.072279156764603,"upper_bound":8.15595365629373},"point_estimate":8.107549439775545,"standard_error":0.02165329112935812},"median":{"confidence_interval":{"confidence_level":0.95,"lower_bound":8.055398696866273,"upper_bound":8.073389452057121},"point_estimate":8.064997287310828,"standard_error":0.004673701109046083},"median_abs_dev":{"confidence_interval":{"confidence_level":0.95,"lower_bound":0.023738881801226568,"upper_bound":0.04094822121334866},"point_estimate":0.031256299495053666,"standard_error":0.004507228166827331},"slope":{"confidence_interval":{"confidence_level":0.95,"lower_bound":8.057658286459898,"upper_bound":8.102384344849423},"point_estimate":8.07609019453471,"standard_error":0.011635449009849978},"std_dev":{"confidence_interval":{"confidence_level":0.95,"lower_bound":0.05594721543192635,"upper_bound":0.34327555541770177},"point_estimate":0.21798991494636977,"standard_error":0.07688135065345275}}