{"mean":{"confidence_interval":{"confidence_level":0.95,"lower_bound":6.337538958732277,"upper_bound":6.4307122302887505},"point_estimate":6.382755129920668,"standard_error":0.023705388647162595},"median":{"confidence_interval":{"confidence_level":0.95,"lower_bound":6.3975166426795855,"upper_bound":6.411915328390663},"point_estimate":6.406732232034501,"standard_error":0.0036840815958003553},"median_abs_dev":{"confidence_interval":{"confidence_level":0.95,"lower_bound":0.042745139845774806,"upper_bound":0.07737042620000806},"point_estimate":0.05964814422377888,"standard_error":0.009423927438109148},"slope":{"confidence_interval":{"confidence_level":0.95,"lower_bound":6.412974086037938,"upper_bound":6.447022705687423},"point_estimate":6.42751270727468,"standard_error":0.008762214820569821},"std_dev":{"confidence_interval":{"confidence_level":0.95,"lower_bound":0.14479047926427113,"upper_bound":0.3237396371997804},"point_estimate":0.23770763092894834,"standard_error":0.04628657518656064}}