{"mean":{"confidence_interval":{"confidence_level":0.95,"lower_bound":5.00494878627147,"upper_bound":5.101004349342172},"point_estimate":5.0463983922206825,"standard_error":0.02477795012629457},"median":{"confidence_interval":{"confidence_level":0.95,"lower_bound":4.986587331804962,"upper_bound":4.99892156024117},"point_estimate":4.991416556639848,"standard_error":0.002935952706504882},"median_abs_dev":{"confidence_interval":{"confidence_level":0.95,"lower_bound":0.026688077712525418,"upper_bound":0.04083537680280972},"point_estimate":0.03418738511193817,"standard_error":0.0034936097886624764},"slope":{"confidence_interval":{"confidence_level":0.95,"lower_bound":4.97939497323976,"upper_bound":4.99286471176917},"point_estimate":4.985508132313086,"standard_error":0.0034656820661689357},"std_dev":{"confidence_interval":{"confidence_level":0.95,"lower_bound":0.08105904437328804,"upper_bound":0.3760423380032302},"point_estimate":0.24770997322446345,"standard_error":0.07534533495984666}}