{"mean":{"confidence_interval":{"confidence_level":0.95,"lower_bound":8.484634844385562,"upper_bound":8.575277426138525},"point_estimate":8.523432521336927,"standard_error":0.023319601290696636},"median":{"confidence_interval":{"confidence_level":0.95,"lower_bound":8.456847587420835,"upper_bound":8.485015211644651},"point_estimate":8.46577243233294,"standard_error":0.008297083384771635},"median_abs_dev":{"confidence_interval":{"confidence_level":0.95,"lower_bound":0.030828844725884885,"upper_bound":0.05917316328193481},"point_estimate":0.04577597484900044,"standard_error":0.007744409782158281},"slope":{"confidence_interval":{"confidence_level":0.95,"lower_bound":8.461823209120263,"upper_bound":8.507611610352251},"point_estimate":8.481510548460273,"standard_error":0.011721099371059456},"std_dev":{"confidence_interval":{"confidence_level":0.95,"lower_bound":0.07348288373296236,"upper_bound":0.35431889850342724},"point_estimate":0.23290076450202066,"standard_error":0.07341424093450429}}