{"mean":{"confidence_interval":{"confidence_level":0.95,"lower_bound":5.8087184874520075,"upper_bound":5.941643623455393},"point_estimate":5.865251602893617,"standard_error":0.03432703290020722},"median":{"confidence_interval":{"confidence_level":0.95,"lower_bound":5.788504300896581,"upper_bound":5.807901750932874},"point_estimate":5.794643164123863,"standard_error":0.005200498440408694},"median_abs_dev":{"confidence_interval":{"confidence_level":0.95,"lower_bound":0.0353597084385445,"upper_bound":0.05355538893789621},"point_estimate":0.04503792692633961,"standard_error":0.004552199825279762},"slope":{"confidence_interval":{"confidence_level":0.95,"lower_bound":5.776823742297206,"upper_bound":5.821239008362565},"point_estimate":5.794253900093622,"standard_error":0.01173219088988084},"std_dev":{"confidence_interval":{"confidence_level":0.95,"lower_bound":0.09910245612555157,"upper_bound":0.5394042273585866},"point_estimate":0.3442040891028635,"standard_error":0.1158021302733506}}