{"mean":{"confidence_interval":{"confidence_level":0.95,"lower_bound":4.893176590508874,"upper_bound":5.022352679975969},"point_estimate":4.945162999020562,"standard_error":0.03388371854234639},"median":{"confidence_interval":{"confidence_level":0.95,"lower_bound":4.877211045412188,"upper_bound":4.888428614528424},"point_estimate":4.881245165011495,"standard_error":0.00328825285602539},"median_abs_dev":{"confidence_interval":{"confidence_level":0.95,"lower_bound":0.022924688806595546,"upper_bound":0.04268594774605242},"point_estimate":0.0325955907847721,"standard_error":0.004961120555203474},"slope":{"confidence_interval":{"confidence_level":0.95,"lower_bound":4.871550769239319,"upper_bound":4.886131727715285},"point_estimate":4.8781704593051485,"standard_error":0.0037129215869651728},"std_dev":{"confidence_interval":{"confidence_level":0.95,"lower_bound":0.07967295297317598,"upper_bound":0.5535004553781973},"point_estimate":0.3406939293016718,"standard_error":0.13904428219065784}}