{"mean":{"confidence_interval":{"confidence_level":0.95,"lower_bound":6.325206994756391,"upper_bound":6.407300117694742},"point_estimate":6.362135340020402,"standard_error":0.021006948932406767},"median":{"confidence_interval":{"confidence_level":0.95,"lower_bound":6.319913838937538,"upper_bound":6.347885602464551},"point_estimate":6.330611818107718,"standard_error":0.007763961328430437},"median_abs_dev":{"confidence_interval":{"confidence_level":0.95,"lower_bound":0.029933826784064105,"upper_bound":0.05285085721587302},"point_estimate":0.04379531801145232,"standard_error":0.005760670002248335},"slope":{"confidence_interval":{"confidence_level":0.95,"lower_bound":6.322171740642347,"upper_bound":6.337735711460018},"point_estimate":6.329284381087999,"standard_error":0.003972219422897013},"std_dev":{"confidence_interval":{"confidence_level":0.95,"lower_bound":0.08349915447136083,"upper_bound":0.3027475593684771},"point_estimate":0.21110365019063226,"standard_error":0.05460021507026302}}