{"mean":{"confidence_interval":{"confidence_level":0.95,"lower_bound":4.957553738215023,"upper_bound":5.067044413950622},"point_estimate":5.005544624547585,"standard_error":0.028299085741538218},"median":{"confidence_interval":{"confidence_level":0.95,"lower_bound":4.931848742549789,"upper_bound":4.956878454941307},"point_estimate":4.94460269679016,"standard_error":0.006919210045006773},"median_abs_dev":{"confidence_interval":{"confidence_level":0.95,"lower_bound":0.03637314539143792,"upper_bound":0.06694759046553572},"point_estimate":0.05136311003136546,"standard_error":0.007627215524106919},"slope":{"confidence_interval":{"confidence_level":0.95,"lower_bound":4.923904973361648,"upper_bound":4.943186202175109},"point_estimate":4.932867006587921,"standard_error":0.00493643415654392},"std_dev":{"confidence_interval":{"confidence_level":0.95,"lower_bound":0.09150973519797044,"upper_bound":0.416487854064571},"point_estimate":0.28489775081565233,"standard_error":0.07985358350388287}}