{"mean":{"confidence_interval":{"confidence_level":0.95,"lower_bound":5.722671303203933,"upper_bound":5.814283424626244},"point_estimate":5.76458561118817,"standard_error":0.023435327999222762},"median":{"confidence_interval":{"confidence_level":0.95,"lower_bound":5.731765224928908,"upper_bound":5.781702765495016},"point_estimate":5.768861560684769,"standard_error":0.012580621116954828},"median_abs_dev":{"confidence_interval":{"confidence_level":0.95,"lower_bound":0.07267422198671447,"upper_bound":0.15472053078805373},"point_estimate":0.10153809021838536,"standard_error":0.021482280900089776},"slope":{"confidence_interval":{"confidence_level":0.95,"lower_bound":5.660737371491882,"upper_bound":5.722423950560706},"point_estimate":5.692100727637455,"standard_error":0.01575626740475718},"std_dev":{"confidence_interval":{"confidence_level":0.95,"lower_bound":0.133678600751712,"upper_bound":0.3375252428283196},"point_estimate":0.23497938158219273,"standard_error":0.05486251176403631}}