{"mean":{"confidence_interval":{"confidence_level":0.95,"lower_bound":6.278578304327897,"upper_bound":6.361448536111005},"point_estimate":6.318888608439414,"standard_error":0.02115923059205112},"median":{"confidence_interval":{"confidence_level":0.95,"lower_bound":6.315612527586045,"upper_bound":6.3405861488073105},"point_estimate":6.3313682678311505,"standard_error":0.007217515540079573},"median_abs_dev":{"confidence_interval":{"confidence_level":0.95,"lower_bound":0.034434725884056994,"upper_bound":0.0595590816861018},"point_estimate":0.04740003573439855,"standard_error":0.006073497446107776},"slope":{"confidence_interval":{"confidence_level":0.95,"lower_bound":6.322480446525056,"upper_bound":6.348479558988138},"point_estimate":6.334086592417307,"standard_error":0.0066181915303776765},"std_dev":{"confidence_interval":{"confidence_level":0.95,"lower_bound":0.13002446507145748,"upper_bound":0.2841876293251724},"point_estimate":0.21259397210303535,"standard_error":0.0394825498271165}}