{"mean":{"confidence_interval":{"confidence_level":0.95,"lower_bound":4.851162435078009,"upper_bound":4.945355624920667},"point_estimate":4.893291061561502,"standard_error":0.024324549546830148},"median":{"confidence_interval":{"confidence_level":0.95,"lower_bound":4.806408171877521,"upper_bound":4.8476209056833275},"point_estimate":4.829591472615309,"standard_error":0.008899583861794305},"median_abs_dev":{"confidence_interval":{"confidence_level":0.95,"lower_bound":0.046513446321564254,"upper_bound":0.10468843843990833},"point_estimate":0.07509443519735265,"standard_error":0.01310071379410664},"slope":{"confidence_interval":{"confidence_level":0.95,"lower_bound":4.811015651143905,"upper_bound":4.835747980226829},"point_estimate":4.822174315658672,"standard_error":0.0063151151795902884},"std_dev":{"confidence_interval":{"confidence_level":0.95,"lower_bound":0.10559432575540749,"upper_bound":0.3538605563495294},"point_estimate":0.24529922955755268,"standard_error":0.06272382535124689}}