{"mean":{"confidence_interval":{"confidence_level":0.95,"lower_bound":2.387533867727106,"upper_bound":2.4361073158404936},"point_estimate":2.4067832896646872,"standard_error":0.012910764364464228},"median":{"confidence_interval":{"confidence_level":0.95,"lower_bound":2.3828270637910203,"upper_bound":2.386857205158},"point_estimate":2.384413442054082,"standard_error":0.0011022517714185459},"median_abs_dev":{"confidence_interval":{"confidence_level":0.95,"lower_bound":0.007518094527163377,"upper_bound":0.014452069621299931},"point_estimate":0.009490558393700645,"standard_error":0.0017626129312085365},"slope":{"confidence_interval":{"confidence_level":0.95,"lower_bound":2.3813537679084407,"upper_bound":2.3884685271112036},"point_estimate":2.384499856325725,"standard_error":0.0018201920485183566},"std_dev":{"confidence_interval":{"confidence_level":0.95,"lower_bound":0.019244698397762477,"upper_bound":0.21254888572815409},"point_estimate":0.12984929036723913,"standard_error":0.05586455576676756}}