{"mean":{"confidence_interval":{"confidence_level":0.95,"lower_bound":2.1314258629380936,"upper_bound":2.1576170661620386},"point_estimate":2.14238876033333,"standard_error":0.006836020921563233},"median":{"confidence_interval":{"confidence_level":0.95,"lower_bound":2.127636753068242,"upper_bound":2.130712100026344},"point_estimate":2.129223657929969,"standard_error":0.0007867438981617569},"median_abs_dev":{"confidence_interval":{"confidence_level":0.95,"lower_bound":0.005515299647814963,"upper_bound":0.0112002863773861},"point_estimate":0.008202934474684672,"standard_error":0.0014494617013643438},"slope":{"confidence_interval":{"confidence_level":0.95,"lower_bound":2.1296394239758643,"upper_bound":2.1363477397834676},"point_estimate":2.132478842741921,"standard_error":0.0017418311807216554},"std_dev":{"confidence_interval":{"confidence_level":0.95,"lower_bound":0.01542121976514599,"upper_bound":0.10933090270478447},"point_estimate":0.06887092797627452,"standard_error":0.025083663437197763}}