{"mean":{"confidence_interval":{"confidence_level":0.95,"lower_bound":2.359233845955219,"upper_bound":2.379985557312701},"point_estimate":2.36708044971652,"standard_error":0.0056529463484522105},"median":{"confidence_interval":{"confidence_level":0.95,"lower_bound":2.356398388264873,"upper_bound":2.360279485633627},"point_estimate":2.3578203833182405,"standard_error":0.0010513667999317053},"median_abs_dev":{"confidence_interval":{"confidence_level":0.95,"lower_bound":0.0056971713290514675,"upper_bound":0.012384562739371427},"point_estimate":0.008384456091161476,"standard_error":0.0017007463412141337},"slope":{"confidence_interval":{"confidence_level":0.95,"lower_bound":2.359937435822571,"upper_bound":2.366689289785553},"point_estimate":2.363112875582936,"standard_error":0.0017262141794382427},"std_dev":{"confidence_interval":{"confidence_level":0.95,"lower_bound":0.01349430993383752,"upper_bound":0.09513869174480112},"point_estimate":0.056905823779426844,"standard_error":0.027774924558048864}}