{"mean":{"confidence_interval":{"confidence_level":0.95,"lower_bound":1.4483073832114635,"upper_bound":1.473534211335453},"point_estimate":1.4604458900606705,"standard_error":0.006420740757912867},"median":{"confidence_interval":{"confidence_level":0.95,"lower_bound":1.4420140386651503,"upper_bound":1.4679911130948207},"point_estimate":1.4552836956907385,"standard_error":0.007477342898985313},"median_abs_dev":{"confidence_interval":{"confidence_level":0.95,"lower_bound":0.04568687435640157,"upper_bound":0.07934805571552699},"point_estimate":0.06615738483740577,"standard_error":0.008555854312094675},"slope":{"confidence_interval":{"confidence_level":0.95,"lower_bound":1.450784023442417,"upper_bound":1.4730040739212247},"point_estimate":1.4628187683909764,"standard_error":0.005677268137741911},"std_dev":{"confidence_interval":{"confidence_level":0.95,"lower_bound":0.04937536335317789,"upper_bound":0.07996336911932615},"point_estimate":0.06451748820617685,"standard_error":0.007966120851548653}}