{"mean":{"confidence_interval":{"confidence_level":0.95,"lower_bound":3.91754562878914,"upper_bound":4.03214120678241},"point_estimate":3.974970651882022,"standard_error":0.02927374230475633},"median":{"confidence_interval":{"confidence_level":0.95,"lower_bound":4.064619087761713,"upper_bound":4.070679193405981},"point_estimate":4.068450906898134,"standard_error":0.0014362583897059755},"median_abs_dev":{"confidence_interval":{"confidence_level":0.95,"lower_bound":0.008924049404207294,"upper_bound":0.015001544542690228},"point_estimate":0.01117445781129291,"standard_error":0.0015456611433826235},"slope":{"confidence_interval":{"confidence_level":0.95,"lower_bound":4.062058481350241,"upper_bound":4.077574180089565},"point_estimate":4.069439091119569,"standard_error":0.003942115971679863},"std_dev":{"confidence_interval":{"confidence_level":0.95,"lower_bound":0.22983156211160277,"upper_bound":0.35649158966265526},"point_estimate":0.29361674920850767,"standard_error":0.032494852774614794}}