{"mean":{"confidence_interval":{"confidence_level":0.95,"lower_bound":2.6834678959476257,"upper_bound":2.6897947491464613},"point_estimate":2.6862982206225325,"standard_error":0.0016251247396399284},"median":{"confidence_interval":{"confidence_level":0.95,"lower_bound":2.679910109430763,"upper_bound":2.683450747329},"point_estimate":2.6818349616078416,"standard_error":0.0009172120648733071},"median_abs_dev":{"confidence_interval":{"confidence_level":0.95,"lower_bound":0.0045779946245092015,"upper_bound":0.008771440961770237},"point_estimate":0.006728326629781804,"standard_error":0.0010511724744694973},"slope":{"confidence_interval":{"confidence_level":0.95,"lower_bound":2.6806833290405137,"upper_bound":2.6841476502498467},"point_estimate":2.6822836985428746,"standard_error":0.0008875708291988137},"std_dev":{"confidence_interval":{"confidence_level":0.95,"lower_bound":0.008506461508039256,"upper_bound":0.023928389419011663},"point_estimate":0.016303538184632697,"standard_error":0.00419669136721999}}