{"mean":{"confidence_interval":{"confidence_level":0.95,"lower_bound":2.6924568671473263,"upper_bound":2.7071909219379515},"point_estimate":2.6993764362523223,"standard_error":0.003764137227510183},"median":{"confidence_interval":{"confidence_level":0.95,"lower_bound":2.682270886898957,"upper_bound":2.6886571182164762},"point_estimate":2.685034349557422,"standard_error":0.0015593150754854425},"median_abs_dev":{"confidence_interval":{"confidence_level":0.95,"lower_bound":0.007138817146394408,"upper_bound":0.014283497972061038},"point_estimate":0.010010451840929198,"standard_error":0.0017345646402447317},"slope":{"confidence_interval":{"confidence_level":0.95,"lower_bound":2.6870273155717688,"upper_bound":2.6956827077205094},"point_estimate":2.690955700709989,"standard_error":0.002211889164455984},"std_dev":{"confidence_interval":{"confidence_level":0.95,"lower_bound":0.025570733443779546,"upper_bound":0.048978611012001745},"point_estimate":0.03805548492044827,"standard_error":0.006009396265864474}}