{"mean":{"confidence_interval":{"confidence_level":0.95,"lower_bound":1.869448186246986,"upper_bound":1.8880103794883034},"point_estimate":1.876665277302204,"standard_error":0.004924529776171916},"median":{"confidence_interval":{"confidence_level":0.95,"lower_bound":1.8681170023328686,"upper_bound":1.8723372974858978},"point_estimate":1.8702883465878064,"standard_error":0.0011364122830985306},"median_abs_dev":{"confidence_interval":{"confidence_level":0.95,"lower_bound":0.006380650835282713,"upper_bound":0.016570271151138214},"point_estimate":0.009192418470104283,"standard_error":0.002812334612215772},"slope":{"confidence_interval":{"confidence_level":0.95,"lower_bound":1.8682686935525914,"upper_bound":1.8725166613901818},"point_estimate":1.8704087756965657,"standard_error":0.001086934333137992},"std_dev":{"confidence_interval":{"confidence_level":0.95,"lower_bound":0.012708208004102215,"upper_bound":0.08149966510553135},"point_estimate":0.049342684376626256,"standard_error":0.02202477236361938}}