{"mean":{"confidence_interval":{"confidence_level":0.95,"lower_bound":1.873055169919096,"upper_bound":1.8796188831739193},"point_estimate":1.8762865989262778,"standard_error":0.001673835704749878},"median":{"confidence_interval":{"confidence_level":0.95,"lower_bound":1.8711406724315944,"upper_bound":1.87679740880869},"point_estimate":1.8745277953791333,"standard_error":0.0014524463305752055},"median_abs_dev":{"confidence_interval":{"confidence_level":0.95,"lower_bound":0.009218260277353549,"upper_bound":0.017905831148993055},"point_estimate":0.013100536852010576,"standard_error":0.002172963338571728},"slope":{"confidence_interval":{"confidence_level":0.95,"lower_bound":1.8732597357624072,"upper_bound":1.8815361941311768},"point_estimate":1.8772310846809177,"standard_error":0.002116332488182584},"std_dev":{"confidence_interval":{"confidence_level":0.95,"lower_bound":0.013971202658007798,"upper_bound":0.019183753235531193},"point_estimate":0.016766650384804276,"standard_error":0.0013305616310000318}}