{"mean":{"confidence_interval":{"confidence_level":0.95,"lower_bound":1.870105362549648,"upper_bound":1.8765662040431204},"point_estimate":1.8732431159480685,"standard_error":0.0016460735409805755},"median":{"confidence_interval":{"confidence_level":0.95,"lower_bound":1.869670299513878,"upper_bound":1.8756586169045006},"point_estimate":1.8735156443208392,"standard_error":0.001511198153710557},"median_abs_dev":{"confidence_interval":{"confidence_level":0.95,"lower_bound":0.00972449447012757,"upper_bound":0.020007174206579242},"point_estimate":0.013464914082695243,"standard_error":0.002691381084531012},"slope":{"confidence_interval":{"confidence_level":0.95,"lower_bound":1.8711961856098704,"upper_bound":1.8765864601923625},"point_estimate":1.87391628888629,"standard_error":0.0013734265736244679},"std_dev":{"confidence_interval":{"confidence_level":0.95,"lower_bound":0.01277802252678559,"upper_bound":0.020131406234685734},"point_estimate":0.016528553603521064,"standard_error":0.0018814946804480734}}