{"mean":{"confidence_interval":{"confidence_level":0.95,"lower_bound":2.4116965863901743,"upper_bound":2.413851256239153},"point_estimate":2.4127272456342834,"standard_error":0.0005527066032676444},"median":{"confidence_interval":{"confidence_level":0.95,"lower_bound":2.410414201183432,"upper_bound":2.4132544378698224},"point_estimate":2.411602452542237,"standard_error":0.0006857965854710123},"median_abs_dev":{"confidence_interval":{"confidence_level":0.95,"lower_bound":0.004016527566157841,"upper_bound":0.0063881061189282875},"point_estimate":0.005280446175941668,"standard_error":0.0006295309617735798},"slope":{"confidence_interval":{"confidence_level":0.95,"lower_bound":2.411945604503619,"upper_bound":2.4141803435536455},"point_estimate":2.413018424848049,"standard_error":0.0005670240051449697},"std_dev":{"confidence_interval":{"confidence_level":0.95,"lower_bound":0.004294874278388845,"upper_bound":0.006806967153767892},"point_estimate":0.005542717627520184,"standard_error":0.0006510317392884518}}