{"mean":{"confidence_interval":{"confidence_level":0.95,"lower_bound":4.454418120819037,"upper_bound":4.771354693317451},"point_estimate":4.590990470901298,"standard_error":0.08180145508087308},"median":{"confidence_interval":{"confidence_level":0.95,"lower_bound":4.386809415234351,"upper_bound":4.461484717438312},"point_estimate":4.426933126622189,"standard_error":0.017621878116762777},"median_abs_dev":{"confidence_interval":{"confidence_level":0.95,"lower_bound":0.15407493954382068,"upper_bound":0.27040307880962133},"point_estimate":0.20641488635819671,"standard_error":0.028825270431074978},"slope":{"confidence_interval":{"confidence_level":0.95,"lower_bound":4.486986194299651,"upper_bound":4.7606906281276276},"point_estimate":4.612353240179632,"standard_error":0.07000316506021671},"std_dev":{"confidence_interval":{"confidence_level":0.95,"lower_bound":0.2581136897356119,"upper_bound":1.2341433003853317},"point_estimate":0.824481848233012,"standard_error":0.2590387042658024}}