{"mean":{"confidence_interval":{"confidence_level":0.95,"lower_bound":2.6827212078179454,"upper_bound":2.6868793591504097},"point_estimate":2.684683691144146,"standard_error":0.0010655304183711596},"median":{"confidence_interval":{"confidence_level":0.95,"lower_bound":2.679567244260709,"upper_bound":2.682909666637347},"point_estimate":2.6806050374232857,"standard_error":0.0010382218303209572},"median_abs_dev":{"confidence_interval":{"confidence_level":0.95,"lower_bound":0.0036103662163156818,"upper_bound":0.007292320298536711},"point_estimate":0.0049673231796949074,"standard_error":0.0009517064109534993},"slope":{"confidence_interval":{"confidence_level":0.95,"lower_bound":2.6807240950390883,"upper_bound":2.683332628718619},"point_estimate":2.682006289467015,"standard_error":0.0006651377174844333},"std_dev":{"confidence_interval":{"confidence_level":0.95,"lower_bound":0.007394350533197408,"upper_bound":0.013528713365951489},"point_estimate":0.010729476558871538,"standard_error":0.0015654612078309523}}