{"mean":{"confidence_interval":{"confidence_level":0.95,"lower_bound":1.860372998006974,"upper_bound":1.8758283241845557},"point_estimate":1.86587781224144,"standard_error":0.004562576178460543},"median":{"confidence_interval":{"confidence_level":0.95,"lower_bound":1.8589627197471623,"upper_bound":1.8623912751775933},"point_estimate":1.8613647015779193,"standard_error":0.0009379946275475557},"median_abs_dev":{"confidence_interval":{"confidence_level":0.95,"lower_bound":0.004469383159613033,"upper_bound":0.006891804166438333},"point_estimate":0.0054654478374799335,"standard_error":0.0005982615800935719},"slope":{"confidence_interval":{"confidence_level":0.95,"lower_bound":1.8604453931691187,"upper_bound":1.8623973196151158},"point_estimate":1.8614110557981918,"standard_error":0.0004969136899957734},"std_dev":{"confidence_interval":{"confidence_level":0.95,"lower_bound":0.005080285697414435,"upper_bound":0.0779485765232312},"point_estimate":0.04572910617294685,"standard_error":0.02563254412248661}}