{"mean":{"confidence_interval":{"confidence_level":0.95,"lower_bound":1.870085409695819,"upper_bound":1.8744083257832376},"point_estimate":1.8721242186341989,"standard_error":0.0011013009633288064},"median":{"confidence_interval":{"confidence_level":0.95,"lower_bound":1.8696917142780622,"upper_bound":1.8716332662483368},"point_estimate":1.8705638286088995,"standard_error":0.0004218789549928217},"median_abs_dev":{"confidence_interval":{"confidence_level":0.95,"lower_bound":0.0039517640250023855,"upper_bound":0.0070115570592064035},"point_estimate":0.005206046262066278,"standard_error":0.0008080826691131401},"slope":{"confidence_interval":{"confidence_level":0.95,"lower_bound":1.8690169568044568,"upper_bound":1.8718578304678495},"point_estimate":1.870407230769533,"standard_error":0.0007235022067187001},"std_dev":{"confidence_interval":{"confidence_level":0.95,"lower_bound":0.007676946137312444,"upper_bound":0.014773608208112604},"point_estimate":0.011065267769889798,"standard_error":0.0019007933705307814}}