{"mean":{"confidence_interval":{"confidence_level":0.95,"lower_bound":2.115097516292294,"upper_bound":2.123916602926902},"point_estimate":2.119206353856018,"standard_error":0.0022544695285999987},"median":{"confidence_interval":{"confidence_level":0.95,"lower_bound":2.1128663370844607,"upper_bound":2.1170212539398587},"point_estimate":2.1149809105623056,"standard_error":0.0011507154747244406},"median_abs_dev":{"confidence_interval":{"confidence_level":0.95,"lower_bound":0.00822979248304469,"upper_bound":0.014535697160799214},"point_estimate":0.01171056603450263,"standard_error":0.0016062890240403226},"slope":{"confidence_interval":{"confidence_level":0.95,"lower_bound":2.1148236388879846,"upper_bound":2.120351759867683},"point_estimate":2.1173453435330605,"standard_error":0.001412410887329854},"std_dev":{"confidence_interval":{"confidence_level":0.95,"lower_bound":0.014203890212532573,"upper_bound":0.030379257431121118},"point_estimate":0.02262840564181676,"standard_error":0.004203790266027913}}