{"mean":{"confidence_interval":{"confidence_level":0.95,"lower_bound":1.8478054263455637,"upper_bound":1.8575930031007053},"point_estimate":1.8528961439720752,"standard_error":0.0024879044010866513},"median":{"confidence_interval":{"confidence_level":0.95,"lower_bound":1.8555172904657347,"upper_bound":1.8594414682195848},"point_estimate":1.8567012263014453,"standard_error":0.0009660756256678259},"median_abs_dev":{"confidence_interval":{"confidence_level":0.95,"lower_bound":0.006253301189044385,"upper_bound":0.01132011832748876},"point_estimate":0.008038079427004128,"standard_error":0.0013668892080551144},"slope":{"confidence_interval":{"confidence_level":0.95,"lower_bound":1.836822147552999,"upper_bound":1.8508897494415122},"point_estimate":1.844304321882431,"standard_error":0.0035929372352541426},"std_dev":{"confidence_interval":{"confidence_level":0.95,"lower_bound":0.018271924969685077,"upper_bound":0.03083176234301798},"point_estimate":0.024926431543352057,"standard_error":0.003219554114720215}}