{"mean":{"confidence_interval":{"confidence_level":0.95,"lower_bound":1.8692832151975727,"upper_bound":1.8741661099066127},"point_estimate":1.8716870520586226,"standard_error":0.0012486395445872218},"median":{"confidence_interval":{"confidence_level":0.95,"lower_bound":1.8676003134796237,"upper_bound":1.8724378987929344},"point_estimate":1.8704972247178824,"standard_error":0.0011006205865851761},"median_abs_dev":{"confidence_interval":{"confidence_level":0.95,"lower_bound":0.007601315713185893,"upper_bound":0.012825606682426698},"point_estimate":0.010099750487656581,"standard_error":0.0013458694738004544},"slope":{"confidence_interval":{"confidence_level":0.95,"lower_bound":1.8689156437030663,"upper_bound":1.8720910468631706},"point_estimate":1.8704570533224192,"standard_error":0.0008105185912622468},"std_dev":{"confidence_interval":{"confidence_level":0.95,"lower_bound":0.010463432310362116,"upper_bound":0.014344918463663162},"point_estimate":0.012525159050085638,"standard_error":0.0009954881057261079}}