{"mean":{"confidence_interval":{"confidence_level":0.95,"lower_bound":2.6850381534184997,"upper_bound":2.6904580429875486},"point_estimate":2.687537281923016,"standard_error":0.0013916276779210987},"median":{"confidence_interval":{"confidence_level":0.95,"lower_bound":2.681664800646887,"upper_bound":2.685815802434391},"point_estimate":2.6843244773025874,"standard_error":0.0010166663057957995},"median_abs_dev":{"confidence_interval":{"confidence_level":0.95,"lower_bound":0.005328188130018844,"upper_bound":0.008962740270064724},"point_estimate":0.006779249621499773,"standard_error":0.0009329397226582768},"slope":{"confidence_interval":{"confidence_level":0.95,"lower_bound":2.6816750048088296,"upper_bound":2.684852706088672},"point_estimate":2.683126088367917,"standard_error":0.0008098122916140496},"std_dev":{"confidence_interval":{"confidence_level":0.95,"lower_bound":0.008696475753262373,"upper_bound":0.01889670112064251},"point_estimate":0.014000237964799152,"standard_error":0.0026379728341341868}}