{"mean":{"confidence_interval":{"confidence_level":0.95,"lower_bound":1.8596600382596504,"upper_bound":1.862168606871564},"point_estimate":1.8608610973059,"standard_error":0.0006405764881957658},"median":{"confidence_interval":{"confidence_level":0.95,"lower_bound":1.8591722829291508,"upper_bound":1.860813010750573},"point_estimate":1.860320545816223,"standard_error":0.0004708653893046311},"median_abs_dev":{"confidence_interval":{"confidence_level":0.95,"lower_bound":0.003842855815301644,"upper_bound":0.006791145956674048},"point_estimate":0.005430363294452148,"standard_error":0.0007611296794014506},"slope":{"confidence_interval":{"confidence_level":0.95,"lower_bound":1.8601006493992378,"upper_bound":1.8617522235946617},"point_estimate":1.8609223975780518,"standard_error":0.00042146188152922135},"std_dev":{"confidence_interval":{"confidence_level":0.95,"lower_bound":0.004742015770817457,"upper_bound":0.008059502428247892},"point_estimate":0.006461451884162576,"standard_error":0.0008487587951249719}}