{"mean":{"confidence_interval":{"confidence_level":0.95,"lower_bound":1.8587597490216001,"upper_bound":1.8618069587490922},"point_estimate":1.860196212195205,"standard_error":0.0007765088920501319},"median":{"confidence_interval":{"confidence_level":0.95,"lower_bound":1.8574829486571944,"upper_bound":1.8601253862115241},"point_estimate":1.8583857952092302,"standard_error":0.0006091360938251833},"median_abs_dev":{"confidence_interval":{"confidence_level":0.95,"lower_bound":0.004102632142567226,"upper_bound":0.006962725707933631},"point_estimate":0.00531001945361564,"standard_error":0.0007454488196812522},"slope":{"confidence_interval":{"confidence_level":0.95,"lower_bound":1.8581722828306306,"upper_bound":1.8600586379534334},"point_estimate":1.8590826236034252,"standard_error":0.0004816228959620116},"std_dev":{"confidence_interval":{"confidence_level":0.95,"lower_bound":0.005319256810852369,"upper_bound":0.010177606050400445},"point_estimate":0.007800084698031138,"standard_error":0.0012604662297807509}}