{"mean":{"confidence_interval":{"confidence_level":0.95,"lower_bound":1.8725138037394398,"upper_bound":1.8782990504078516},"point_estimate":1.8752584543981141,"standard_error":0.0014724245478969311},"median":{"confidence_interval":{"confidence_level":0.95,"lower_bound":1.8720543252253052,"upper_bound":1.8750191772414695},"point_estimate":1.8734422232015753,"standard_error":0.0008138088964327928},"median_abs_dev":{"confidence_interval":{"confidence_level":0.95,"lower_bound":0.005126091857829119,"upper_bound":0.009786635271093922},"point_estimate":0.007037336191754933,"standard_error":0.0012040313756485309},"slope":{"confidence_interval":{"confidence_level":0.95,"lower_bound":1.872869096031347,"upper_bound":1.877217661353477},"point_estimate":1.8748988166208465,"standard_error":0.0011104330375859427},"std_dev":{"confidence_interval":{"confidence_level":0.95,"lower_bound":0.010207274372354752,"upper_bound":0.019279546412229388},"point_estimate":0.014762167469610898,"standard_error":0.002363961397131185}}