{"mean":{"confidence_interval":{"confidence_level":0.95,"lower_bound":1.8522970992058447,"upper_bound":1.8719403331271294},"point_estimate":1.8597895230116683,"standard_error":0.005379788520481975},"median":{"confidence_interval":{"confidence_level":0.95,"lower_bound":1.8535279289530087,"upper_bound":1.8567115668603447},"point_estimate":1.8548928127229742,"standard_error":0.0006988213837912227},"median_abs_dev":{"confidence_interval":{"confidence_level":0.95,"lower_bound":0.0038507143191422867,"upper_bound":0.006936098716414772},"point_estimate":0.005085994518178998,"standard_error":0.0007712197362880121},"slope":{"confidence_interval":{"confidence_level":0.95,"lower_bound":1.844433088171129,"upper_bound":1.8539849613645694},"point_estimate":1.8493682200313548,"standard_error":0.0024432678468024245},"std_dev":{"confidence_interval":{"confidence_level":0.95,"lower_bound":0.011347537760116499,"upper_bound":0.09074579805132768},"point_estimate":0.053947683013548485,"standard_error":0.026589104259320616}}