{"mean":{"confidence_interval":{"confidence_level":0.95,"lower_bound":2.684163333413172,"upper_bound":2.690145776210674},"point_estimate":2.686889510518577,"standard_error":0.0015341265029036367},"median":{"confidence_interval":{"confidence_level":0.95,"lower_bound":2.6809187516814634,"upper_bound":2.68485751536599},"point_estimate":2.6826096093410428,"standard_error":0.0011245744850653236},"median_abs_dev":{"confidence_interval":{"confidence_level":0.95,"lower_bound":0.005251026553730175,"upper_bound":0.008883799335979358},"point_estimate":0.0068916210731850116,"standard_error":0.000922505018477465},"slope":{"confidence_interval":{"confidence_level":0.95,"lower_bound":2.681673500658312,"upper_bound":2.6852451179078756},"point_estimate":2.683322974172786,"standard_error":0.0009130111300149309},"std_dev":{"confidence_interval":{"confidence_level":0.95,"lower_bound":0.008498592071224071,"upper_bound":0.021569953807245773},"point_estimate":0.01537582023226981,"standard_error":0.0033860518262394993}}