{"mean":{"confidence_interval":{"confidence_level":0.95,"lower_bound":2.6850951144297963,"upper_bound":2.6904388536018913},"point_estimate":2.6875941024300927,"standard_error":0.0013700176888973648},"median":{"confidence_interval":{"confidence_level":0.95,"lower_bound":2.681029011786038,"upper_bound":2.6856401732648334},"point_estimate":2.683222769891091,"standard_error":0.0011804734430965712},"median_abs_dev":{"confidence_interval":{"confidence_level":0.95,"lower_bound":0.004833778420355456,"upper_bound":0.009521234534562545},"point_estimate":0.007487090441359721,"standard_error":0.0011802802171468401},"slope":{"confidence_interval":{"confidence_level":0.95,"lower_bound":2.68228414339353,"upper_bound":2.6860326506503838},"point_estimate":2.6840128687013842,"standard_error":0.0009601949087289664},"std_dev":{"confidence_interval":{"confidence_level":0.95,"lower_bound":0.008913467811716137,"upper_bound":0.01803311405538484},"point_estimate":0.013777031416849177,"standard_error":0.0023325020940479658}}