{"mean":{"confidence_interval":{"confidence_level":0.95,"lower_bound":1.8728531647246636,"upper_bound":1.8786400682649154},"point_estimate":1.8756504882518918,"standard_error":0.0014830920887488053},"median":{"confidence_interval":{"confidence_level":0.95,"lower_bound":1.8718456406299642,"upper_bound":1.8767799928692281},"point_estimate":1.873849702165156,"standard_error":0.0012239605797056072},"median_abs_dev":{"confidence_interval":{"confidence_level":0.95,"lower_bound":0.00760977200803167,"upper_bound":0.013432160089350735},"point_estimate":0.009166894826466581,"standard_error":0.0014670551256585613},"slope":{"confidence_interval":{"confidence_level":0.95,"lower_bound":1.8713435276856258,"upper_bound":1.8782297147643408},"point_estimate":1.8746182087750731,"standard_error":0.0017554784059554058},"std_dev":{"confidence_interval":{"confidence_level":0.95,"lower_bound":0.011622481219669049,"upper_bound":0.01797787850774699},"point_estimate":0.01491282237332642,"standard_error":0.0016307753080481828}}