{"mean":{"confidence_interval":{"confidence_level":0.95,"lower_bound":623870.7775625,"upper_bound":627347.1680625},"point_estimate":625561.72125,"standard_error":889.1424193252709},"median":{"confidence_interval":{"confidence_level":0.95,"lower_bound":622984.0,"upper_bound":627325.875},"point_estimate":624624.6875,"standard_error":1093.7469727632226},"median_abs_dev":{"confidence_interval":{"confidence_level":0.95,"lower_bound":6090.150041878223,"upper_bound":9612.251604348421},"point_estimate":7652.439764142036,"standard_error":924.1442231421204},"slope":null,"std_dev":{"confidence_interval":{"confidence_level":0.95,"lower_bound":7072.079175862333,"upper_bound":10792.530905489375},"point_estimate":8933.477505459321,"standard_error":962.236412518936}}