{"mean":{"confidence_interval":{"confidence_level":0.95,"lower_bound":629499.732125,"upper_bound":633925.045},"point_estimate":631575.135,"standard_error":1131.813451351531},"median":{"confidence_interval":{"confidence_level":0.95,"lower_bound":628312.25,"upper_bound":631172.625},"point_estimate":629574.875,"standard_error":810.4424391914673},"median_abs_dev":{"confidence_interval":{"confidence_level":0.95,"lower_bound":4973.1962867081165,"upper_bound":9254.111048206687},"point_estimate":6755.83743005991,"standard_error":1101.2720705041424},"slope":null,"std_dev":{"confidence_interval":{"confidence_level":0.95,"lower_bound":7754.371965350283,"upper_bound":15405.4226802549},"point_estimate":11402.031328146883,"standard_error":2082.9369290455916}}