{"mean":{"confidence_interval":{"confidence_level":0.95,"lower_bound":4299.775449648651,"upper_bound":4332.109649939113},"point_estimate":4313.201770038209,"standard_error":8.441393101329803},"median":{"confidence_interval":{"confidence_level":0.95,"lower_bound":4290.613519430761,"upper_bound":4301.1783625731},"point_estimate":4296.780206622879,"standard_error":2.6877347195782035},"median_abs_dev":{"confidence_interval":{"confidence_level":0.95,"lower_bound":14.858120904815793,"upper_bound":26.795246375918033},"point_estimate":21.70281918459045,"standard_error":3.026544516593714},"slope":{"confidence_interval":{"confidence_level":0.95,"lower_bound":4296.1747936399615,"upper_bound":4311.632875526956},"point_estimate":4303.052832865376,"standard_error":3.9600992352628954},"std_dev":{"confidence_interval":{"confidence_level":0.95,"lower_bound":27.02368739574964,"upper_bound":134.97414694800696},"point_estimate":84.84068419106079,"standard_error":31.273416394607093}}