{"mean":{"confidence_interval":{"confidence_level":0.95,"lower_bound":5228.738275772393,"upper_bound":5286.1322492368045},"point_estimate":5250.849234577795,"standard_error":15.439173065735432},"median":{"confidence_interval":{"confidence_level":0.95,"lower_bound":5219.357423409269,"upper_bound":5231.5328947368425},"point_estimate":5227.038152586756,"standard_error":2.6272281920507634},"median_abs_dev":{"confidence_interval":{"confidence_level":0.95,"lower_bound":14.265651844721413,"upper_bound":22.068303174787694},"point_estimate":17.91839115556908,"standard_error":1.9858942078976642},"slope":{"confidence_interval":{"confidence_level":0.95,"lower_bound":5228.635580968079,"upper_bound":5239.4987440199575},"point_estimate":5233.524393457414,"standard_error":2.790768959771652},"std_dev":{"confidence_interval":{"confidence_level":0.95,"lower_bound":31.421172504885426,"upper_bound":257.35854344607407},"point_estimate":155.10351630558273,"standard_error":71.73345613238435}}