{"mean":{"confidence_interval":{"confidence_level":0.95,"lower_bound":19.292544523544674,"upper_bound":20.25955494163387},"point_estimate":19.709262036852667,"standard_error":0.24956737845172705},"median":{"confidence_interval":{"confidence_level":0.95,"lower_bound":19.060169556840076,"upper_bound":19.119549756318712},"point_estimate":19.082068481053305,"standard_error":0.014491831472448036},"median_abs_dev":{"confidence_interval":{"confidence_level":0.95,"lower_bound":0.09685590599247566,"upper_bound":0.1782977032738336},"point_estimate":0.12209242948206302,"standard_error":0.020601552811464134},"slope":{"confidence_interval":{"confidence_level":0.95,"lower_bound":19.156364828563426,"upper_bound":19.525721438672605},"point_estimate":19.312772324493256,"standard_error":0.0952703296835918},"std_dev":{"confidence_interval":{"confidence_level":0.95,"lower_bound":0.8710145030316909,"upper_bound":3.7863191682366737},"point_estimate":2.5023348217738097,"standard_error":0.7610912541864032}}