{"mean":{"confidence_interval":{"confidence_level":0.95,"lower_bound":16.23607979001887,"upper_bound":16.475876696467207},"point_estimate":16.324833706572516,"standard_error":0.06760901452029137},"median":{"confidence_interval":{"confidence_level":0.95,"lower_bound":16.217835470247604,"upper_bound":16.234528267141368},"point_estimate":16.22559011366194,"standard_error":0.004479679659076963},"median_abs_dev":{"confidence_interval":{"confidence_level":0.95,"lower_bound":0.030672443713740862,"upper_bound":0.06723708388395058},"point_estimate":0.04371204003636915,"standard_error":0.009355907860177561},"slope":{"confidence_interval":{"confidence_level":0.95,"lower_bound":16.245042010569083,"upper_bound":16.287914331392965},"point_estimate":16.26471527731144,"standard_error":0.010978334801559065},"std_dev":{"confidence_interval":{"confidence_level":0.95,"lower_bound":0.09051036827542334,"upper_bound":1.1496029591198154},"point_estimate":0.6806185803794091,"standard_error":0.35279677366971174}}