{"mean":{"confidence_interval":{"confidence_level":0.95,"lower_bound":16.517895762849225,"upper_bound":16.76533371421567},"point_estimate":16.606102820031023,"standard_error":0.07341672269997056},"median":{"confidence_interval":{"confidence_level":0.95,"lower_bound":16.502202685449888,"upper_bound":16.514501922371895},"point_estimate":16.51022256833135,"standard_error":0.003324926492303297},"median_abs_dev":{"confidence_interval":{"confidence_level":0.95,"lower_bound":0.02318908472609518,"upper_bound":0.047927370190170106},"point_estimate":0.03334676182514872,"standard_error":0.006116768366775383},"slope":{"confidence_interval":{"confidence_level":0.95,"lower_bound":16.524357532252335,"upper_bound":16.572446857709714},"point_estimate":16.546219935395733,"standard_error":0.012282474410548631},"std_dev":{"confidence_interval":{"confidence_level":0.95,"lower_bound":0.07963791683341562,"upper_bound":1.2562065375440445},"point_estimate":0.7369539268060458,"standard_error":0.41475204739316585}}