{"mean":{"confidence_interval":{"confidence_level":0.95,"lower_bound":16.55241165205061,"upper_bound":16.85349908824989},"point_estimate":16.676115487540006,"standard_error":0.0796571634629308},"median":{"confidence_interval":{"confidence_level":0.95,"lower_bound":16.529239667612416,"upper_bound":16.54777989898065},"point_estimate":16.537363328245178,"standard_error":0.0050599420170283635},"median_abs_dev":{"confidence_interval":{"confidence_level":0.95,"lower_bound":0.03040152426426897,"upper_bound":0.05844201665764197},"point_estimate":0.04381677115110441,"standard_error":0.007157153218978842},"slope":{"confidence_interval":{"confidence_level":0.95,"lower_bound":16.559245581513306,"upper_bound":16.650832545198437},"point_estimate":16.59620908009636,"standard_error":0.024329078642336778},"std_dev":{"confidence_interval":{"confidence_level":0.95,"lower_bound":0.10388520649171461,"upper_bound":1.2486028943111527},"point_estimate":0.8000063429544787,"standard_error":0.30941755503654017}}