{"mean":{"confidence_interval":{"confidence_level":0.95,"lower_bound":13.83618161080885,"upper_bound":14.3055820008628},"point_estimate":14.027942989882286,"standard_error":0.12489250442944096},"median":{"confidence_interval":{"confidence_level":0.95,"lower_bound":13.800566806347152,"upper_bound":13.825013137151865},"point_estimate":13.810547165416835,"standard_error":0.006225660043785056},"median_abs_dev":{"confidence_interval":{"confidence_level":0.95,"lower_bound":0.02900045111539369,"upper_bound":0.05527598884746773},"point_estimate":0.03973865992141288,"standard_error":0.006382184104239243},"slope":{"confidence_interval":{"confidence_level":0.95,"lower_bound":13.824545165762398,"upper_bound":13.952450376474449},"point_estimate":13.87421671912418,"standard_error":0.03413841629895854},"std_dev":{"confidence_interval":{"confidence_level":0.95,"lower_bound":0.0918127609537769,"upper_bound":1.9602800325763015},"point_estimate":1.2513656263945645,"standard_error":0.4957560005183248}}