{"mean":{"confidence_interval":{"confidence_level":0.95,"lower_bound":14.105280918669969,"upper_bound":14.53424853001944},"point_estimate":14.265771175990063,"standard_error":0.1179506640695823},"median":{"confidence_interval":{"confidence_level":0.95,"lower_bound":14.078105169665942,"upper_bound":14.100865608908201},"point_estimate":14.08587036154695,"standard_error":0.0057036781280265895},"median_abs_dev":{"confidence_interval":{"confidence_level":0.95,"lower_bound":0.030470831626348668,"upper_bound":0.060923229014456},"point_estimate":0.04364769458361837,"standard_error":0.007639212548356822},"slope":{"confidence_interval":{"confidence_level":0.95,"lower_bound":14.09713158585951,"upper_bound":14.181796767971644},"point_estimate":14.131529937066095,"standard_error":0.022166786708966532},"std_dev":{"confidence_interval":{"confidence_level":0.95,"lower_bound":0.09932285033127887,"upper_bound":1.9937971384362683},"point_estimate":1.1889380277307837,"standard_error":0.5886763010015137}}