{"mean":{"confidence_interval":{"confidence_level":0.95,"lower_bound":15.859477931021665,"upper_bound":16.133589065889645},"point_estimate":15.969165406188665,"standard_error":0.07245093728542822},"median":{"confidence_interval":{"confidence_level":0.95,"lower_bound":15.83555421176509,"upper_bound":15.850629785007898},"point_estimate":15.841304018761955,"standard_error":0.004128619052507536},"median_abs_dev":{"confidence_interval":{"confidence_level":0.95,"lower_bound":0.0202921994250192,"upper_bound":0.03879865210580078},"point_estimate":0.026841566022130732,"standard_error":0.005189406370212535},"slope":{"confidence_interval":{"confidence_level":0.95,"lower_bound":15.84926423962428,"upper_bound":15.869014160450957},"point_estimate":15.858755007026247,"standard_error":0.00503005154400174},"std_dev":{"confidence_interval":{"confidence_level":0.95,"lower_bound":0.07193812229535376,"upper_bound":1.1692044595868314},"point_estimate":0.7285729637034242,"standard_error":0.299360746504242}}