{"mean":{"confidence_interval":{"confidence_level":0.95,"lower_bound":7068.524524477759,"upper_bound":7327.44921213233},"point_estimate":7185.947405763568,"standard_error":66.46306289671843},"median":{"confidence_interval":{"confidence_level":0.95,"lower_bound":6987.804517704517,"upper_bound":7115.848484848485},"point_estimate":7039.356798147318,"standard_error":39.84129553251746},"median_abs_dev":{"confidence_interval":{"confidence_level":0.95,"lower_bound":170.12490650866513,"upper_bound":279.78034556312025},"point_estimate":226.2655071625622,"standard_error":29.25264629169208},"slope":{"confidence_interval":{"confidence_level":0.95,"lower_bound":6901.855506986841,"upper_bound":7012.39106903532},"point_estimate":6952.618278311414,"standard_error":28.121077137242448},"std_dev":{"confidence_interval":{"confidence_level":0.95,"lower_bound":360.7229810840126,"upper_bound":938.2167391031165},"point_estimate":668.788459880798,"standard_error":149.31817918759242}}