{"mean":{"confidence_interval":{"confidence_level":0.95,"lower_bound":7114.215151679481,"upper_bound":7189.616760759089},"point_estimate":7146.425103720773,"standard_error":19.42848358395288},"median":{"confidence_interval":{"confidence_level":0.95,"lower_bound":7083.871428571429,"upper_bound":7135.564075630252},"point_estimate":7099.120952380952,"standard_error":10.97001839709658},"median_abs_dev":{"confidence_interval":{"confidence_level":0.95,"lower_bound":63.505983243252686,"upper_bound":104.04377998468573},"point_estimate":80.18102824031175,"standard_error":9.965905425791469},"slope":{"confidence_interval":{"confidence_level":0.95,"lower_bound":7106.923802191875,"upper_bound":7142.696969826321},"point_estimate":7124.269377018725,"standard_error":9.100602988279617},"std_dev":{"confidence_interval":{"confidence_level":0.95,"lower_bound":86.34933988022307,"upper_bound":301.06847399617027},"point_estimate":195.03504941963243,"standard_error":62.75639521041154}}