{"mean":{"confidence_interval":{"confidence_level":0.95,"lower_bound":5.311682609333086,"upper_bound":5.476294958179016},"point_estimate":5.372917342645857,"standard_error":0.045175101111015546},"median":{"confidence_interval":{"confidence_level":0.95,"lower_bound":5.301966449598971,"upper_bound":5.307016514622628},"point_estimate":5.303822093867025,"standard_error":0.0013542485393319174},"median_abs_dev":{"confidence_interval":{"confidence_level":0.95,"lower_bound":0.008871229716432909,"upper_bound":0.018256038571647374},"point_estimate":0.01211527992782226,"standard_error":0.002260714366019683},"slope":{"confidence_interval":{"confidence_level":0.95,"lower_bound":5.308078262653165,"upper_bound":5.324330212685844},"point_estimate":5.315224396586723,"standard_error":0.004178418901854173},"std_dev":{"confidence_interval":{"confidence_level":0.95,"lower_bound":0.03915833427410033,"upper_bound":0.7665971511915275},"point_estimate":0.45641033236061235,"standard_error":0.2272008043498432}}