{"mean":{"confidence_interval":{"confidence_level":0.95,"lower_bound":5.695666324544955,"upper_bound":5.86128562661944},"point_estimate":5.756960442508139,"standard_error":0.04587824383760083},"median":{"confidence_interval":{"confidence_level":0.95,"lower_bound":5.6799130151254165,"upper_bound":5.687124989085672},"point_estimate":5.682736350921372,"standard_error":0.0015593679984202845},"median_abs_dev":{"confidence_interval":{"confidence_level":0.95,"lower_bound":0.011598812572452703,"upper_bound":0.026121068459840423},"point_estimate":0.01674833263186257,"standard_error":0.0036251141660093595},"slope":{"confidence_interval":{"confidence_level":0.95,"lower_bound":5.689865342130838,"upper_bound":5.722921412631128},"point_estimate":5.703903389085863,"standard_error":0.008544772896245187},"std_dev":{"confidence_interval":{"confidence_level":0.95,"lower_bound":0.05988681675633959,"upper_bound":0.7793589518622315},"point_estimate":0.4627709231128432,"standard_error":0.2346852933412492}}