{"mean":{"confidence_interval":{"confidence_level":0.95,"lower_bound":5.687995717811345,"upper_bound":5.89570945785791},"point_estimate":5.778839232866696,"standard_error":0.05297661861507924},"median":{"confidence_interval":{"confidence_level":0.95,"lower_bound":5.664101341687666,"upper_bound":5.671231001884115},"point_estimate":5.667397184304493,"standard_error":0.0019346860907299638},"median_abs_dev":{"confidence_interval":{"confidence_level":0.95,"lower_bound":0.010994229365114185,"upper_bound":0.019565412978784148},"point_estimate":0.015389213051995808,"standard_error":0.0021697984935391277},"slope":{"confidence_interval":{"confidence_level":0.95,"lower_bound":5.676505727268936,"upper_bound":5.7906520491410705},"point_estimate":5.722326608931145,"standard_error":0.02975858899699347},"std_dev":{"confidence_interval":{"confidence_level":0.95,"lower_bound":0.07850007168915586,"upper_bound":0.796289518120447},"point_estimate":0.5344475539263995,"standard_error":0.16776887462640733}}