{"mean":{"confidence_interval":{"confidence_level":0.95,"lower_bound":7.4045496993910165,"upper_bound":7.507266890296513},"point_estimate":7.442478771737163,"standard_error":0.029151845439609594},"median":{"confidence_interval":{"confidence_level":0.95,"lower_bound":7.3997665753051285,"upper_bound":7.40508457169121},"point_estimate":7.402277735527717,"standard_error":0.0014398516605905797},"median_abs_dev":{"confidence_interval":{"confidence_level":0.95,"lower_bound":0.009693704323997288,"upper_bound":0.025004500042327342},"point_estimate":0.015208195535247519,"standard_error":0.00405337019754677},"slope":{"confidence_interval":{"confidence_level":0.95,"lower_bound":7.407146699184006,"upper_bound":7.429248711593083},"point_estimate":7.4161013884373785,"standard_error":0.005767447222854369},"std_dev":{"confidence_interval":{"confidence_level":0.95,"lower_bound":0.03905907345048868,"upper_bound":0.49724637234214447},"point_estimate":0.2943269433281825,"standard_error":0.1537546877712071}}