{"mean":{"confidence_interval":{"confidence_level":0.95,"lower_bound":3.040744249128796,"upper_bound":3.075188951943373},"point_estimate":3.0573114891008415,"standard_error":0.008812846028750859},"median":{"confidence_interval":{"confidence_level":0.95,"lower_bound":3.003325738346262,"upper_bound":3.0473313549127576},"point_estimate":3.01727703148501,"standard_error":0.011883401421562119},"median_abs_dev":{"confidence_interval":{"confidence_level":0.95,"lower_bound":0.03532939753356519,"upper_bound":0.0951513190906716},"point_estimate":0.055748875219735844,"standard_error":0.015629474945020178},"slope":{"confidence_interval":{"confidence_level":0.95,"lower_bound":3.041430359450181,"upper_bound":3.0807993595986094},"point_estimate":3.061413614796528,"standard_error":0.010067624252578235},"std_dev":{"confidence_interval":{"confidence_level":0.95,"lower_bound":0.06812207877533796,"upper_bound":0.10830397020637668},"point_estimate":0.08841305436064173,"standard_error":0.01038592847018488}}