{"mean":{"confidence_interval":{"confidence_level":0.95,"lower_bound":3.2301849336574673,"upper_bound":3.291114263359889},"point_estimate":3.2559653351819096,"standard_error":0.015784783646908485},"median":{"confidence_interval":{"confidence_level":0.95,"lower_bound":3.221854816405551,"upper_bound":3.2277813215215736},"point_estimate":3.225379928121617,"standard_error":0.0014943231614367159},"median_abs_dev":{"confidence_interval":{"confidence_level":0.95,"lower_bound":0.009519713559495938,"upper_bound":0.01757689845249277},"point_estimate":0.012827869925146921,"standard_error":0.002033672741949693},"slope":{"confidence_interval":{"confidence_level":0.95,"lower_bound":3.22181642903165,"upper_bound":3.232590068625236},"point_estimate":3.226647790436204,"standard_error":0.00274441136762892},"std_dev":{"confidence_interval":{"confidence_level":0.95,"lower_bound":0.03533304499365334,"upper_bound":0.24459687962752746},"point_estimate":0.1587984828934538,"standard_error":0.054707065297799326}}