{"mean":{"confidence_interval":{"confidence_level":0.95,"lower_bound":3.0045807575881818,"upper_bound":3.0785438701899857},"point_estimate":3.034045694746973,"standard_error":0.019475457981484166},"median":{"confidence_interval":{"confidence_level":0.95,"lower_bound":2.98418440132476,"upper_bound":2.993155709417585},"point_estimate":2.9875173565183064,"standard_error":0.002096709232268793},"median_abs_dev":{"confidence_interval":{"confidence_level":0.95,"lower_bound":0.010727060093197521,"upper_bound":0.022453602163879177},"point_estimate":0.017589578304551493,"standard_error":0.0028470196942283923},"slope":{"confidence_interval":{"confidence_level":0.95,"lower_bound":2.982312964065005,"upper_bound":2.994521214328927},"point_estimate":2.9877075861917293,"standard_error":0.00313085045195528},"std_dev":{"confidence_interval":{"confidence_level":0.95,"lower_bound":0.05310827467120123,"upper_bound":0.3178688648027395},"point_estimate":0.19512426470451946,"standard_error":0.08196707268582094}}