{"mean":{"confidence_interval":{"confidence_level":0.95,"lower_bound":3.134350090286828,"upper_bound":3.1944875167507845},"point_estimate":3.1594155741354832,"standard_error":0.015640015320366185},"median":{"confidence_interval":{"confidence_level":0.95,"lower_bound":3.130155230266476,"upper_bound":3.138528435012076},"point_estimate":3.1344603235824655,"standard_error":0.00217459579561892},"median_abs_dev":{"confidence_interval":{"confidence_level":0.95,"lower_bound":0.009817540537041031,"upper_bound":0.01627262464340506},"point_estimate":0.012519414553151309,"standard_error":0.0017189006518523744},"slope":{"confidence_interval":{"confidence_level":0.95,"lower_bound":3.132988848267404,"upper_bound":3.1416651187885467},"point_estimate":3.1367452845234722,"standard_error":0.0022307495801033345},"std_dev":{"confidence_interval":{"confidence_level":0.95,"lower_bound":0.03592050320590733,"upper_bound":0.24940804388481874},"point_estimate":0.15703856259368534,"standard_error":0.057664345013732014}}