{"mean":{"confidence_interval":{"confidence_level":0.95,"lower_bound":3.1375732059323123,"upper_bound":3.2020937353978414},"point_estimate":3.1618260381787042,"standard_error":0.017509784609320907},"median":{"confidence_interval":{"confidence_level":0.95,"lower_bound":3.1357670860689337,"upper_bound":3.1400249981922794},"point_estimate":3.1381714625778896,"standard_error":0.0010965785921236834},"median_abs_dev":{"confidence_interval":{"confidence_level":0.95,"lower_bound":0.008024393986395506,"upper_bound":0.01481740431880896},"point_estimate":0.011361142477961718,"standard_error":0.0017322941564251674},"slope":{"confidence_interval":{"confidence_level":0.95,"lower_bound":3.135697412309998,"upper_bound":3.1443202470261333},"point_estimate":3.139345973408954,"standard_error":0.0022066786936534425},"std_dev":{"confidence_interval":{"confidence_level":0.95,"lower_bound":0.03156568860615573,"upper_bound":0.2942931183742238},"point_estimate":0.1760043055355185,"standard_error":0.08556966805313998}}