{"mean":{"confidence_interval":{"confidence_level":0.95,"lower_bound":3.1150039278102564,"upper_bound":3.161629163965084},"point_estimate":3.134724052680963,"standard_error":0.012140766456089011},"median":{"confidence_interval":{"confidence_level":0.95,"lower_bound":3.1096530552024695,"upper_bound":3.1161167746731433},"point_estimate":3.1137038792984053,"standard_error":0.0016575736253089245},"median_abs_dev":{"confidence_interval":{"confidence_level":0.95,"lower_bound":0.010608807814019362,"upper_bound":0.0180029464635636},"point_estimate":0.014060634286681726,"standard_error":0.00183917121093452},"slope":{"confidence_interval":{"confidence_level":0.95,"lower_bound":3.106167875342498,"upper_bound":3.113844650831909},"point_estimate":3.109729725677402,"standard_error":0.0019624898399450367},"std_dev":{"confidence_interval":{"confidence_level":0.95,"lower_bound":0.024377722920819012,"upper_bound":0.1856477197013214},"point_estimate":0.12167668353054731,"standard_error":0.04192997243622083}}