{"mean":{"confidence_interval":{"confidence_level":0.95,"lower_bound":3.443089721084452,"upper_bound":3.4719231818402294},"point_estimate":3.454130776200411,"standard_error":0.0077431802421697015},"median":{"confidence_interval":{"confidence_level":0.95,"lower_bound":3.4394009818834,"upper_bound":3.4432188306487497},"point_estimate":3.4413670514707704,"standard_error":0.0010111317502299831},"median_abs_dev":{"confidence_interval":{"confidence_level":0.95,"lower_bound":0.005804789849304913,"upper_bound":0.010788201225057647},"point_estimate":0.008273016739888632,"standard_error":0.0012820774937142012},"slope":{"confidence_interval":{"confidence_level":0.95,"lower_bound":3.439570563727626,"upper_bound":3.4497553427009975},"point_estimate":3.4436222244645864,"standard_error":0.002696075628197672},"std_dev":{"confidence_interval":{"confidence_level":0.95,"lower_bound":0.017801649896325416,"upper_bound":0.1291624132648547},"point_estimate":0.07784274641002596,"standard_error":0.036172580459162954}}