{"mean":{"confidence_interval":{"confidence_level":0.95,"lower_bound":3.1689517132549456,"upper_bound":3.2980349231289643},"point_estimate":3.2308379300238856,"standard_error":0.032925746532550794},"median":{"confidence_interval":{"confidence_level":0.95,"lower_bound":3.0461348645769104,"upper_bound":3.4394101876675602},"point_estimate":3.4360666162915843,"standard_error":0.10369600638766718},"median_abs_dev":{"confidence_interval":{"confidence_level":0.95,"lower_bound":0.016203250554433196,"upper_bound":0.4134086794760414},"point_estimate":0.05185301870698388,"standard_error":0.11770141893589342},"slope":{"confidence_interval":{"confidence_level":0.95,"lower_bound":3.368109396479718,"upper_bound":3.41357130201521},"point_estimate":3.3940657364450137,"standard_error":0.011667171510047272},"std_dev":{"confidence_interval":{"confidence_level":0.95,"lower_bound":0.2621976970313517,"upper_bound":0.42642793226594106},"point_estimate":0.33033599982693407,"standard_error":0.04979568486458042}}