{"mean":{"confidence_interval":{"confidence_level":0.95,"lower_bound":3.1261883860853725,"upper_bound":3.175513464765918},"point_estimate":3.1466170192715843,"standard_error":0.012865071141448485},"median":{"confidence_interval":{"confidence_level":0.95,"lower_bound":3.134895115602511,"upper_bound":3.14041466438811},"point_estimate":3.1376794969181283,"standard_error":0.0013449312963387566},"median_abs_dev":{"confidence_interval":{"confidence_level":0.95,"lower_bound":0.008491993983903661,"upper_bound":0.017628906045938954},"point_estimate":0.012257562667670122,"standard_error":0.0025886764277138815},"slope":{"confidence_interval":{"confidence_level":0.95,"lower_bound":3.13796740236284,"upper_bound":3.148196727135087},"point_estimate":3.142513607506069,"standard_error":0.0026292333537328225},"std_dev":{"confidence_interval":{"confidence_level":0.95,"lower_bound":0.04501203803228183,"upper_bound":0.206812867783383},"point_estimate":0.12915184308453412,"standard_error":0.049503790009614364}}