{"mean":{"confidence_interval":{"confidence_level":0.95,"lower_bound":3.1294107997845346,"upper_bound":3.1859227940433277},"point_estimate":3.150542151049046,"standard_error":0.015484030884048108},"median":{"confidence_interval":{"confidence_level":0.95,"lower_bound":3.129542920010063,"upper_bound":3.1325568267867223},"point_estimate":3.1306743117526654,"standard_error":0.0009140474502876368},"median_abs_dev":{"confidence_interval":{"confidence_level":0.95,"lower_bound":0.0054737734911972325,"upper_bound":0.012268214969640421},"point_estimate":0.008757670784835503,"standard_error":0.0017438906904869696},"slope":{"confidence_interval":{"confidence_level":0.95,"lower_bound":3.132850209231784,"upper_bound":3.141599468580847},"point_estimate":3.1366176135200505,"standard_error":0.002237366115063771},"std_dev":{"confidence_interval":{"confidence_level":0.95,"lower_bound":0.023656207148862837,"upper_bound":0.2609303587297374},"point_estimate":0.1554192544532732,"standard_error":0.07703512892752089}}