{"mean":{"confidence_interval":{"confidence_level":0.95,"lower_bound":3.0919042391982035,"upper_bound":3.1575255035249286},"point_estimate":3.1195321881805445,"standard_error":0.017016954460466728},"median":{"confidence_interval":{"confidence_level":0.95,"lower_bound":3.1275417064228086,"upper_bound":3.1357782422231377},"point_estimate":3.1319241016206214,"standard_error":0.0023574054350402503},"median_abs_dev":{"confidence_interval":{"confidence_level":0.95,"lower_bound":0.012601791004161759,"upper_bound":0.04325853562224571},"point_estimate":0.020327114470087747,"standard_error":0.009060842422600364},"slope":{"confidence_interval":{"confidence_level":0.95,"lower_bound":3.1233134832358447,"upper_bound":3.1342036905895174},"point_estimate":3.129291731363633,"standard_error":0.0027824080235385206},"std_dev":{"confidence_interval":{"confidence_level":0.95,"lower_bound":0.0625642839532711,"upper_bound":0.27058836240202466},"point_estimate":0.17098573166550537,"standard_error":0.06079780097932973}}