{"mean":{"confidence_interval":{"confidence_level":0.95,"lower_bound":2.8401340416549794,"upper_bound":3.017900790580533},"point_estimate":2.9177417780105657,"standard_error":0.045651777861987826},"median":{"confidence_interval":{"confidence_level":0.95,"lower_bound":2.7959649343732864,"upper_bound":2.8087743774717753},"point_estimate":2.8013951064189513,"standard_error":0.004109472667811041},"median_abs_dev":{"confidence_interval":{"confidence_level":0.95,"lower_bound":0.018982149235358344,"upper_bound":0.034276549050129584},"point_estimate":0.02561958430178316,"standard_error":0.00379700149327792},"slope":{"confidence_interval":{"confidence_level":0.95,"lower_bound":2.81630144588068,"upper_bound":2.904712142078515},"point_estimate":2.853657378550767,"standard_error":0.022722843470960916},"std_dev":{"confidence_interval":{"confidence_level":0.95,"lower_bound":0.19538183625154315,"upper_bound":0.6619550208464934},"point_estimate":0.4570042820567852,"standard_error":0.11924101389091782}}