{"mean":{"confidence_interval":{"confidence_level":0.95,"lower_bound":1.5918079913761831,"upper_bound":1.6183614916356281},"point_estimate":1.6032881219473019,"standard_error":0.006837444999256614},"median":{"confidence_interval":{"confidence_level":0.95,"lower_bound":1.5786483646394325,"upper_bound":1.5883315981558817},"point_estimate":1.5823955490098085,"standard_error":0.0030250492215963013},"median_abs_dev":{"confidence_interval":{"confidence_level":0.95,"lower_bound":0.009782437273506162,"upper_bound":0.022071973817401246},"point_estimate":0.014285336891366185,"standard_error":0.003391930335424801},"slope":{"confidence_interval":{"confidence_level":0.95,"lower_bound":1.5765282479790106,"upper_bound":1.5840148280503767},"point_estimate":1.5797089606023766,"standard_error":0.0019410031528357332},"std_dev":{"confidence_interval":{"confidence_level":0.95,"lower_bound":0.030737487415649627,"upper_bound":0.10609026694102343},"point_estimate":0.06916035405924738,"standard_error":0.02202530751951782}}