{"mean":{"confidence_interval":{"confidence_level":0.95,"lower_bound":2.4605611088970925,"upper_bound":2.4758479181053055},"point_estimate":2.4674024477973315,"standard_error":0.003922874039329564},"median":{"confidence_interval":{"confidence_level":0.95,"lower_bound":2.452659446634657,"upper_bound":2.4610952570169418},"point_estimate":2.4558450255802207,"standard_error":0.00212904088613307},"median_abs_dev":{"confidence_interval":{"confidence_level":0.95,"lower_bound":0.01207317540879473,"upper_bound":0.023241081082798147},"point_estimate":0.01865696452028798,"standard_error":0.002988325460956017},"slope":{"confidence_interval":{"confidence_level":0.95,"lower_bound":2.452006886584227,"upper_bound":2.461411592446193},"point_estimate":2.456440520998833,"standard_error":0.002403511402464569},"std_dev":{"confidence_interval":{"confidence_level":0.95,"lower_bound":0.01987711424573332,"upper_bound":0.057841211532710324},"point_estimate":0.03939207123832144,"standard_error":0.010137189678870699}}