{"mean":{"confidence_interval":{"confidence_level":0.95,"lower_bound":1.5847959049498619,"upper_bound":1.6153963493005161},"point_estimate":1.5979003097555928,"standard_error":0.00789917927777255},"median":{"confidence_interval":{"confidence_level":0.95,"lower_bound":1.5751160015471273,"upper_bound":1.5819071428391418},"point_estimate":1.5777545748534507,"standard_error":0.0018082013018386814},"median_abs_dev":{"confidence_interval":{"confidence_level":0.95,"lower_bound":0.008359046016365649,"upper_bound":0.016734127907521604},"point_estimate":0.011054881967649385,"standard_error":0.0022139480472117214},"slope":{"confidence_interval":{"confidence_level":0.95,"lower_bound":1.5738051355287186,"upper_bound":1.5844963407255594},"point_estimate":1.5778779298374532,"standard_error":0.0028300601397538592},"std_dev":{"confidence_interval":{"confidence_level":0.95,"lower_bound":0.026484950624441818,"upper_bound":0.12293072345108748},"point_estimate":0.07921023503388305,"standard_error":0.02550462579564179}}