{"mean":{"confidence_interval":{"confidence_level":0.95,"lower_bound":1.576935950914921,"upper_bound":1.6001352951370234},"point_estimate":1.5863108059403328,"standard_error":0.00606130308034275},"median":{"confidence_interval":{"confidence_level":0.95,"lower_bound":1.5701034763206003,"upper_bound":1.5757191367620282},"point_estimate":1.5726937362753326,"standard_error":0.0013980634805006971},"median_abs_dev":{"confidence_interval":{"confidence_level":0.95,"lower_bound":0.008098181011330178,"upper_bound":0.014361820424395152},"point_estimate":0.010805512163164334,"standard_error":0.0015919465279222468},"slope":{"confidence_interval":{"confidence_level":0.95,"lower_bound":1.5680736362730234,"upper_bound":1.579689907860028},"point_estimate":1.5724399355801024,"standard_error":0.0031577986067590834},"std_dev":{"confidence_interval":{"confidence_level":0.95,"lower_bound":0.020006494687721633,"upper_bound":0.09819649668120953},"point_estimate":0.060874533767368955,"standard_error":0.024672861425548327}}