{"mean":{"confidence_interval":{"confidence_level":0.95,"lower_bound":2.7334060196800083,"upper_bound":2.7667668197215396},"point_estimate":2.7471397108752327,"standard_error":0.008740913376120964},"median":{"confidence_interval":{"confidence_level":0.95,"lower_bound":2.7304091654328313,"upper_bound":2.736863452787306},"point_estimate":2.732509892500963,"standard_error":0.0016461310625621793},"median_abs_dev":{"confidence_interval":{"confidence_level":0.95,"lower_bound":0.01099661859328349,"upper_bound":0.018242329208414027},"point_estimate":0.014295146242295675,"standard_error":0.0018248977213754748},"slope":{"confidence_interval":{"confidence_level":0.95,"lower_bound":2.732523519245735,"upper_bound":2.739898974117217},"point_estimate":2.736015055361145,"standard_error":0.0018824519363778993},"std_dev":{"confidence_interval":{"confidence_level":0.95,"lower_bound":0.022354083239604364,"upper_bound":0.14208436239775854},"point_estimate":0.08832751192399368,"standard_error":0.03360361492176403}}