{"mean":{"confidence_interval":{"confidence_level":0.95,"lower_bound":2.7381906926647623,"upper_bound":2.7757412616687325},"point_estimate":2.7524979823757563,"standard_error":0.010076099870806482},"median":{"confidence_interval":{"confidence_level":0.95,"lower_bound":2.7335134867204,"upper_bound":2.7377017628438702},"point_estimate":2.7350561550386647,"standard_error":0.0010994621587464206},"median_abs_dev":{"confidence_interval":{"confidence_level":0.95,"lower_bound":0.00946462338969165,"upper_bound":0.01798077201385926},"point_estimate":0.012421516038446132,"standard_error":0.002253088188948076},"slope":{"confidence_interval":{"confidence_level":0.95,"lower_bound":2.7352871635662144,"upper_bound":2.7997387663901274},"point_estimate":2.7582343789935106,"standard_error":0.017872112510800484},"std_dev":{"confidence_interval":{"confidence_level":0.95,"lower_bound":0.02287651928944658,"upper_bound":0.16783171696542448},"point_estimate":0.1009423043228567,"standard_error":0.04732736125523515}}