{"mean":{"confidence_interval":{"confidence_level":0.95,"lower_bound":2.843891844299385,"upper_bound":2.9882931060159588},"point_estimate":2.913552639304511,"standard_error":0.03691295286588493},"median":{"confidence_interval":{"confidence_level":0.95,"lower_bound":2.668482207697894,"upper_bound":3.017045963071685},"point_estimate":2.754202298203232,"standard_error":0.09425277992291206},"median_abs_dev":{"confidence_interval":{"confidence_level":0.95,"lower_bound":0.14724139949569448,"upper_bound":0.4877818641209951},"point_estimate":0.3071680138176643,"standard_error":0.08658381047081137},"slope":{"confidence_interval":{"confidence_level":0.95,"lower_bound":2.8508169111822403,"upper_bound":3.035913158773086},"point_estimate":2.937602025332389,"standard_error":0.047393866940841266},"std_dev":{"confidence_interval":{"confidence_level":0.95,"lower_bound":0.2907396498834382,"upper_bound":0.4536110265515802},"point_estimate":0.37128023915639347,"standard_error":0.04242902165099722}}