{"mean":{"confidence_interval":{"confidence_level":0.95,"lower_bound":2.736892980195924,"upper_bound":2.7623992783805944},"point_estimate":2.7476157023541368,"standard_error":0.006602223320010134},"median":{"confidence_interval":{"confidence_level":0.95,"lower_bound":2.7304185323066497,"upper_bound":2.7381214565433396},"point_estimate":2.7332130047753402,"standard_error":0.0020230779905593076},"median_abs_dev":{"confidence_interval":{"confidence_level":0.95,"lower_bound":0.008963724701249058,"upper_bound":0.01616667359586847},"point_estimate":0.01069038940778806,"standard_error":0.0019303156713907966},"slope":{"confidence_interval":{"confidence_level":0.95,"lower_bound":2.730995253055641,"upper_bound":2.7382645179321066},"point_estimate":2.7341297609846094,"standard_error":0.001869010030607912},"std_dev":{"confidence_interval":{"confidence_level":0.95,"lower_bound":0.019060192260487236,"upper_bound":0.10465124015107351},"point_estimate":0.06639833816977267,"standard_error":0.023152646724791837}}