{"mean":{"confidence_interval":{"confidence_level":0.95,"lower_bound":1.5830111056891472,"upper_bound":1.6152679117395803},"point_estimate":1.5964368576471264,"standard_error":0.00847602330125002},"median":{"confidence_interval":{"confidence_level":0.95,"lower_bound":1.574404786160569,"upper_bound":1.5830725672936945},"point_estimate":1.5774141152998231,"standard_error":0.0018821646460695526},"median_abs_dev":{"confidence_interval":{"confidence_level":0.95,"lower_bound":0.010823730219012945,"upper_bound":0.02078178059275229},"point_estimate":0.014825999535802827,"standard_error":0.0025912889422672492},"slope":{"confidence_interval":{"confidence_level":0.95,"lower_bound":1.5702596889065337,"upper_bound":1.5754799315031747},"point_estimate":1.572733716654353,"standard_error":0.0013335199372766114},"std_dev":{"confidence_interval":{"confidence_level":0.95,"lower_bound":0.02249572892175757,"upper_bound":0.13552916248170305},"point_estimate":0.08521645820758142,"standard_error":0.03167454826648632}}