{"mean":{"confidence_interval":{"confidence_level":0.95,"lower_bound":1.5879735563348334,"upper_bound":1.606241460096586},"point_estimate":1.5958476560248314,"standard_error":0.004722805352023212},"median":{"confidence_interval":{"confidence_level":0.95,"lower_bound":1.5808537498129835,"upper_bound":1.5887408510350296},"point_estimate":1.5836800568836011,"standard_error":0.0020439609407522583},"median_abs_dev":{"confidence_interval":{"confidence_level":0.95,"lower_bound":0.010036542584913204,"upper_bound":0.01901109733433379},"point_estimate":0.013269762305334613,"standard_error":0.0023717838888327007},"slope":{"confidence_interval":{"confidence_level":0.95,"lower_bound":1.5783290773504213,"upper_bound":1.5839050438743774},"point_estimate":1.5809779281876217,"standard_error":0.0014259160252269437},"std_dev":{"confidence_interval":{"confidence_level":0.95,"lower_bound":0.019144684768093733,"upper_bound":0.07292100498075435},"point_estimate":0.047382155597570044,"standard_error":0.015089349232702727}}