{"mean":{"confidence_interval":{"confidence_level":0.95,"lower_bound":2.5239087825064583,"upper_bound":2.5381776666056206},"point_estimate":2.530391098160972,"standard_error":0.003652632468016097},"median":{"confidence_interval":{"confidence_level":0.95,"lower_bound":2.5155702802761626,"upper_bound":2.5227807766024624},"point_estimate":2.5186929099608526,"standard_error":0.0018987183513331492},"median_abs_dev":{"confidence_interval":{"confidence_level":0.95,"lower_bound":0.009717114090364493,"upper_bound":0.01834685649310575},"point_estimate":0.013441244496140264,"standard_error":0.0022279014217832954},"slope":{"confidence_interval":{"confidence_level":0.95,"lower_bound":2.5123262288872277,"upper_bound":2.5184933213656207},"point_estimate":2.514969121862302,"standard_error":0.0015803619979573812},"std_dev":{"confidence_interval":{"confidence_level":0.95,"lower_bound":0.02166673489969177,"upper_bound":0.051712460622269606},"point_estimate":0.03669830464940433,"standard_error":0.008053526176586924}}