{"mean":{"confidence_interval":{"confidence_level":0.95,"lower_bound":2.4590699082102327,"upper_bound":2.472800367050685},"point_estimate":2.465405822704264,"standard_error":0.003513887162572367},"median":{"confidence_interval":{"confidence_level":0.95,"lower_bound":2.4494908007119314,"upper_bound":2.4581347012281265},"point_estimate":2.4529350215931998,"standard_error":0.0022026393276976222},"median_abs_dev":{"confidence_interval":{"confidence_level":0.95,"lower_bound":0.010572250979703853,"upper_bound":0.019455755339915136},"point_estimate":0.014637321778202048,"standard_error":0.0022770972908285206},"slope":{"confidence_interval":{"confidence_level":0.95,"lower_bound":2.4494506775232128,"upper_bound":2.455309372100344},"point_estimate":2.452273344603161,"standard_error":0.00149351878534858},"std_dev":{"confidence_interval":{"confidence_level":0.95,"lower_bound":0.023614994790014925,"upper_bound":0.04514599093563201},"point_estimate":0.03541427646681423,"standard_error":0.00550379573140354}}