{"mean":{"confidence_interval":{"confidence_level":0.95,"lower_bound":1.587855358980813,"upper_bound":1.6263614175177812},"point_estimate":1.6042873462323177,"standard_error":0.009956193980567938},"median":{"confidence_interval":{"confidence_level":0.95,"lower_bound":1.5755086136417145,"upper_bound":1.584367455825765},"point_estimate":1.578475214830235,"standard_error":0.0021833221440456393},"median_abs_dev":{"confidence_interval":{"confidence_level":0.95,"lower_bound":0.007892721608977539,"upper_bound":0.017877251377916913},"point_estimate":0.01236666814332263,"standard_error":0.002364689090968581},"slope":{"confidence_interval":{"confidence_level":0.95,"lower_bound":1.574971092732671,"upper_bound":1.5794327770655827},"point_estimate":1.576984112768227,"standard_error":0.0011376424333291032},"std_dev":{"confidence_interval":{"confidence_level":0.95,"lower_bound":0.027629107423022048,"upper_bound":0.15286597562542698},"point_estimate":0.10066909501110238,"standard_error":0.033581483542623206}}