{"mean":{"confidence_interval":{"confidence_level":0.95,"lower_bound":1.5777627853171001,"upper_bound":1.6279441067707339},"point_estimate":1.5979417234627353,"standard_error":0.013135389106505467},"median":{"confidence_interval":{"confidence_level":0.95,"lower_bound":1.5674149539561695,"upper_bound":1.5749261350600907},"point_estimate":1.5705013546642632,"standard_error":0.0017002236972362109},"median_abs_dev":{"confidence_interval":{"confidence_level":0.95,"lower_bound":0.010977173299219762,"upper_bound":0.01984348162262268},"point_estimate":0.01515217285060928,"standard_error":0.0021666517281830216},"slope":{"confidence_interval":{"confidence_level":0.95,"lower_bound":1.5632196479722564,"upper_bound":1.568966133587754},"point_estimate":1.5657294292732447,"standard_error":0.0014732833464439121},"std_dev":{"confidence_interval":{"confidence_level":0.95,"lower_bound":0.024803148350122067,"upper_bound":0.21513288638432332},"point_estimate":0.13207976086396553,"standard_error":0.05399278769117734}}