{"mean":{"confidence_interval":{"confidence_level":0.95,"lower_bound":2.737889920517894,"upper_bound":2.7617162195391427},"point_estimate":2.748330796849646,"standard_error":0.006092964227246899},"median":{"confidence_interval":{"confidence_level":0.95,"lower_bound":2.731272065793196,"upper_bound":2.73664354368981},"point_estimate":2.7333021215221427,"standard_error":0.0013809778684171074},"median_abs_dev":{"confidence_interval":{"confidence_level":0.95,"lower_bound":0.0077372228308216755,"upper_bound":0.01739380853805857},"point_estimate":0.011974858974009836,"standard_error":0.0024874003685046503},"slope":{"confidence_interval":{"confidence_level":0.95,"lower_bound":2.730923832991544,"upper_bound":2.7448823486584204},"point_estimate":2.7362836506708055,"standard_error":0.003703814204610702},"std_dev":{"confidence_interval":{"confidence_level":0.95,"lower_bound":0.024982527362854737,"upper_bound":0.08890145672432981},"point_estimate":0.06115429464344266,"standard_error":0.016298538981085724}}