{"mean":{"confidence_interval":{"confidence_level":0.95,"lower_bound":1.5853293932469827,"upper_bound":1.6052819082851204},"point_estimate":1.5940733957490125,"standard_error":0.005153085885933269},"median":{"confidence_interval":{"confidence_level":0.95,"lower_bound":1.5775199119340166,"upper_bound":1.5837744066701818},"point_estimate":1.5798244524984892,"standard_error":0.001743790775561304},"median_abs_dev":{"confidence_interval":{"confidence_level":0.95,"lower_bound":0.008598199319222845,"upper_bound":0.015965814960675596},"point_estimate":0.01253814440776294,"standard_error":0.0018956848740353668},"slope":{"confidence_interval":{"confidence_level":0.95,"lower_bound":1.5753457063871095,"upper_bound":1.5801154925661014},"point_estimate":1.5775977797513137,"standard_error":0.0012130928933683249},"std_dev":{"confidence_interval":{"confidence_level":0.95,"lower_bound":0.02173791274424683,"upper_bound":0.07595791003461806},"point_estimate":0.05155944064142851,"standard_error":0.014397813789039222}}