{"mean":{"confidence_interval":{"confidence_level":0.95,"lower_bound":1.6624843860875989,"upper_bound":1.7243932771048236},"point_estimate":1.6922656684433628,"standard_error":0.01578598341050448},"median":{"confidence_interval":{"confidence_level":0.95,"lower_bound":1.5808592648939535,"upper_bound":1.678458106648999},"point_estimate":1.634249316222589,"standard_error":0.025130958497813237},"median_abs_dev":{"confidence_interval":{"confidence_level":0.95,"lower_bound":0.04113430920201024,"upper_bound":0.16802699170656954},"point_estimate":0.10939435464613362,"standard_error":0.03375310790106027},"slope":{"confidence_interval":{"confidence_level":0.95,"lower_bound":1.590070277193979,"upper_bound":1.6202100047932668},"point_estimate":1.60334675336664,"standard_error":0.007722837584431716},"std_dev":{"confidence_interval":{"confidence_level":0.95,"lower_bound":0.12818935420033845,"upper_bound":0.18569101239223237},"point_estimate":0.15896058868906307,"standard_error":0.014639361634892076}}