{"mean":{"confidence_interval":{"confidence_level":0.95,"lower_bound":2.7021793956003863,"upper_bound":2.7367387949379953},"point_estimate":2.716746861173724,"standard_error":0.008959897704253542},"median":{"confidence_interval":{"confidence_level":0.95,"lower_bound":2.6945090640269345,"upper_bound":2.7076640432979966},"point_estimate":2.701754927720452,"standard_error":0.0032212724790915692},"median_abs_dev":{"confidence_interval":{"confidence_level":0.95,"lower_bound":0.01877770736587246,"upper_bound":0.0340958412598805},"point_estimate":0.02515663860433364,"standard_error":0.004079816531469145},"slope":{"confidence_interval":{"confidence_level":0.95,"lower_bound":2.6976197518298513,"upper_bound":2.709822326881019},"point_estimate":2.70348289476364,"standard_error":0.0031268734393561986},"std_dev":{"confidence_interval":{"confidence_level":0.95,"lower_bound":0.033548920596885586,"upper_bound":0.14018160576753705},"point_estimate":0.08942053016593086,"standard_error":0.030620000173847153}}