{"mean":{"confidence_interval":{"confidence_level":0.95,"lower_bound":2.749702782499591,"upper_bound":2.8040317134208355},"point_estimate":2.775025087034299,"standard_error":0.013868574427555605},"median":{"confidence_interval":{"confidence_level":0.95,"lower_bound":2.7037758296240004,"upper_bound":2.724358104440343},"point_estimate":2.712328679806424,"standard_error":0.0049066664206674285},"median_abs_dev":{"confidence_interval":{"confidence_level":0.95,"lower_bound":0.019258281924459095,"upper_bound":0.04827352865570019},"point_estimate":0.03037057112262375,"standard_error":0.007528943140829072},"slope":{"confidence_interval":{"confidence_level":0.95,"lower_bound":2.7290160104501293,"upper_bound":2.7986104910423695},"point_estimate":2.761658080092844,"standard_error":0.017834604709860327},"std_dev":{"confidence_interval":{"confidence_level":0.95,"lower_bound":0.09685926421478983,"upper_bound":0.17887532168391865},"point_estimate":0.1392823336909851,"standard_error":0.021013323722055242}}