{"mean":{"confidence_interval":{"confidence_level":0.95,"lower_bound":2.767448388514021,"upper_bound":2.836501680282266},"point_estimate":2.800867500405568,"standard_error":0.017667160618878824},"median":{"confidence_interval":{"confidence_level":0.95,"lower_bound":2.683318374590388,"upper_bound":2.69968642086472},"point_estimate":2.690306946820816,"standard_error":0.006713202485137372},"median_abs_dev":{"confidence_interval":{"confidence_level":0.95,"lower_bound":0.01626539345066547,"upper_bound":0.050405643764424024},"point_estimate":0.02473715336017346,"standard_error":0.010785590225569104},"slope":{"confidence_interval":{"confidence_level":0.95,"lower_bound":2.7056899798998786,"upper_bound":2.7502838689550226},"point_estimate":2.72592474205026,"standard_error":0.011386773394096198},"std_dev":{"confidence_interval":{"confidence_level":0.95,"lower_bound":0.14727108239914838,"upper_bound":0.20960232852236763},"point_estimate":0.17855728875136861,"standard_error":0.016095021074112637}}