{"mean":{"confidence_interval":{"confidence_level":0.95,"lower_bound":2.7406159691299337,"upper_bound":2.7859315160335574},"point_estimate":2.7624787028336892,"standard_error":0.01156068306529775},"median":{"confidence_interval":{"confidence_level":0.95,"lower_bound":2.7074984106339506,"upper_bound":2.775631580905607},"point_estimate":2.7355819020950514,"standard_error":0.017771211640259726},"median_abs_dev":{"confidence_interval":{"confidence_level":0.95,"lower_bound":0.08290355531222823,"upper_bound":0.1316921079927581},"point_estimate":0.1133626000767793,"standard_error":0.013026215669611216},"slope":{"confidence_interval":{"confidence_level":0.95,"lower_bound":2.7226102559256438,"upper_bound":2.773762400103188},"point_estimate":2.747471975719545,"standard_error":0.012998904013350132},"std_dev":{"confidence_interval":{"confidence_level":0.95,"lower_bound":0.0907883019090057,"upper_bound":0.14170771623817863},"point_estimate":0.11686527728460186,"standard_error":0.013124770199107365}}