{"mean":{"confidence_interval":{"confidence_level":0.95,"lower_bound":2.669310543774239,"upper_bound":2.7003935818930587},"point_estimate":2.6821609335483827,"standard_error":0.008144147695548163},"median":{"confidence_interval":{"confidence_level":0.95,"lower_bound":2.665396428386157,"upper_bound":2.6725589576070488},"point_estimate":2.6697003970248896,"standard_error":0.0017894462129084937},"median_abs_dev":{"confidence_interval":{"confidence_level":0.95,"lower_bound":0.011890133538886079,"upper_bound":0.022042015907028305},"point_estimate":0.017050326828474526,"standard_error":0.0025849910768139354},"slope":{"confidence_interval":{"confidence_level":0.95,"lower_bound":2.670042311416244,"upper_bound":2.6804710982943867},"point_estimate":2.674640045595087,"standard_error":0.002684642039803549},"std_dev":{"confidence_interval":{"confidence_level":0.95,"lower_bound":0.021950706901434216,"upper_bound":0.13101776543488902},"point_estimate":0.08190867233616239,"standard_error":0.030887480645248135}}