{"mean":{"confidence_interval":{"confidence_level":0.95,"lower_bound":3.239929508608167,"upper_bound":3.2707267359783274},"point_estimate":3.2517985053415583,"standard_error":0.008281524860520039},"median":{"confidence_interval":{"confidence_level":0.95,"lower_bound":3.2356245875520178,"upper_bound":3.2401408650877985},"point_estimate":3.237410260440722,"standard_error":0.00111387793996174},"median_abs_dev":{"confidence_interval":{"confidence_level":0.95,"lower_bound":0.006018128719276079,"upper_bound":0.011561913688248293},"point_estimate":0.007967059121796528,"standard_error":0.0013936174985775373},"slope":{"confidence_interval":{"confidence_level":0.95,"lower_bound":3.2384845190872964,"upper_bound":3.2484428095124183},"point_estimate":3.242514896626698,"standard_error":0.0025944246163854003},"std_dev":{"confidence_interval":{"confidence_level":0.95,"lower_bound":0.015649301835246713,"upper_bound":0.13853672817404764},"point_estimate":0.0834762384462694,"standard_error":0.038608741920051745}}