{"mean":{"confidence_interval":{"confidence_level":0.95,"lower_bound":3.417583020019282,"upper_bound":3.447838066332954},"point_estimate":3.4292223798857826,"standard_error":0.008066105670198302},"median":{"confidence_interval":{"confidence_level":0.95,"lower_bound":3.415015327952009,"upper_bound":3.4207352565539213},"point_estimate":3.418268820779738,"standard_error":0.001462682476968515},"median_abs_dev":{"confidence_interval":{"confidence_level":0.95,"lower_bound":0.008799497118478057,"upper_bound":0.015594651894386278},"point_estimate":0.011958034535584229,"standard_error":0.0016755166632601319},"slope":{"confidence_interval":{"confidence_level":0.95,"lower_bound":3.4195195092192923,"upper_bound":3.426113430071359},"point_estimate":3.4227002704398273,"standard_error":0.0016826845209578299},"std_dev":{"confidence_interval":{"confidence_level":0.95,"lower_bound":0.014665061468896214,"upper_bound":0.13441039768099375},"point_estimate":0.08107953457237524,"standard_error":0.036978332554467516}}