{"mean":{"confidence_interval":{"confidence_level":0.95,"lower_bound":3.24543500279046,"upper_bound":3.2855271537930872},"point_estimate":3.262019012653036,"standard_error":0.010462105605848593},"median":{"confidence_interval":{"confidence_level":0.95,"lower_bound":3.2417862118302647,"upper_bound":3.245238303057686},"point_estimate":3.24320297077874,"standard_error":0.0009181428250120146},"median_abs_dev":{"confidence_interval":{"confidence_level":0.95,"lower_bound":0.005942601566519767,"upper_bound":0.010823701264163208},"point_estimate":0.008898220357829167,"standard_error":0.0011585674107092976},"slope":{"confidence_interval":{"confidence_level":0.95,"lower_bound":3.2432527568608696,"upper_bound":3.265816433255387},"point_estimate":3.2512289348368166,"standard_error":0.006227418775527148},"std_dev":{"confidence_interval":{"confidence_level":0.95,"lower_bound":0.01461414272037864,"upper_bound":0.16907786328182806},"point_estimate":0.10522005042263269,"standard_error":0.040605607804721486}}