{"mean":{"confidence_interval":{"confidence_level":0.95,"lower_bound":2.8458966647538895,"upper_bound":2.872865979709116},"point_estimate":2.8557241092620598,"standard_error":0.007710972696495287},"median":{"confidence_interval":{"confidence_level":0.95,"lower_bound":2.8433008468765,"upper_bound":2.845827736566752},"point_estimate":2.844609260387384,"standard_error":0.0007257325798936502},"median_abs_dev":{"confidence_interval":{"confidence_level":0.95,"lower_bound":0.004538316979652041,"upper_bound":0.008864207411382252},"point_estimate":0.0062787840749251944,"standard_error":0.0010505870589737176},"slope":{"confidence_interval":{"confidence_level":0.95,"lower_bound":2.8449611499584884,"upper_bound":2.8505044270112254},"point_estimate":2.8474596432921317,"standard_error":0.001421698406361807},"std_dev":{"confidence_interval":{"confidence_level":0.95,"lower_bound":0.00981130449469113,"upper_bound":0.13129105907731548},"point_estimate":0.07744990331889576,"standard_error":0.04135777503717671}}