{"mean":{"confidence_interval":{"confidence_level":0.95,"lower_bound":9840.309469045113,"upper_bound":10064.410520708436},"point_estimate":9919.872121119599,"standard_error":66.58172786902708},"median":{"confidence_interval":{"confidence_level":0.95,"lower_bound":9831.126721763085,"upper_bound":9837.695247933885},"point_estimate":9834.283467902711,"standard_error":1.9522607733554735},"median_abs_dev":{"confidence_interval":{"confidence_level":0.95,"lower_bound":9.8682196491378,"upper_bound":18.34073692494133},"point_estimate":12.858091734875371,"standard_error":2.176098546485493},"slope":{"confidence_interval":{"confidence_level":0.95,"lower_bound":9837.244960070453,"upper_bound":9851.278122788332},"point_estimate":9843.738460711742,"standard_error":3.5857005301507683},"std_dev":{"confidence_interval":{"confidence_level":0.95,"lower_bound":38.80723516988618,"upper_bound":1136.8159052605672},"point_estimate":667.1903240796299,"standard_error":376.28643252326356}}