{"mean":{"confidence_interval":{"confidence_level":0.95,"lower_bound":8355.440350252986,"upper_bound":8466.592536035667},"point_estimate":8397.19874259683,"standard_error":29.888226450107204},"median":{"confidence_interval":{"confidence_level":0.95,"lower_bound":8347.219444444445,"upper_bound":8354.806661164099},"point_estimate":8350.645710784313,"standard_error":2.230529294568027},"median_abs_dev":{"confidence_interval":{"confidence_level":0.95,"lower_bound":11.391621245155513,"upper_bound":21.006190426377287},"point_estimate":14.8730475256141,"standard_error":2.3503560653200957},"slope":{"confidence_interval":{"confidence_level":0.95,"lower_bound":8354.283231181802,"upper_bound":8370.106869111503},"point_estimate":8361.247526230234,"standard_error":4.063731177755302},"std_dev":{"confidence_interval":{"confidence_level":0.95,"lower_bound":34.713703831984965,"upper_bound":500.67641431122854},"point_estimate":300.0491971901169,"standard_error":143.21935525038384}}