{"mean":{"confidence_interval":{"confidence_level":0.95,"lower_bound":7.633960871277665,"upper_bound":7.939220199037693},"point_estimate":7.776774520829783,"standard_error":0.07824496854412966},"median":{"confidence_interval":{"confidence_level":0.95,"lower_bound":7.465779916589242,"upper_bound":7.6672432332702},"point_estimate":7.592582089607006,"standard_error":0.05512909350162691},"median_abs_dev":{"confidence_interval":{"confidence_level":0.95,"lower_bound":0.28725189379960975,"upper_bound":0.5266026816422243},"point_estimate":0.3980047146391344,"standard_error":0.06024175480462511},"slope":{"confidence_interval":{"confidence_level":0.95,"lower_bound":7.741099369663204,"upper_bound":8.0771357305354},"point_estimate":7.902598929253449,"standard_error":0.08549166603756124},"std_dev":{"confidence_interval":{"confidence_level":0.95,"lower_bound":0.5303781750280001,"upper_bound":1.0456207283737682},"point_estimate":0.7839815915744919,"standard_error":0.13623069802526586}}