{"mean":{"confidence_interval":{"confidence_level":0.95,"lower_bound":0.4017863252468519,"upper_bound":0.4501531961388208},"point_estimate":0.4255425372379611,"standard_error":0.012821976293492524},"median":{"confidence_interval":{"confidence_level":0.95,"lower_bound":0.40490826541826114,"upper_bound":0.4253462555711338},"point_estimate":0.4160780257027705,"standard_error":0.0054535261574310545}}