{"mean":{"confidence_interval":{"confidence_level":0.95,"lower_bound":0.00009205358137264532,"upper_bound":0.09943353415503074},"point_estimate":0.05036602594377104,"standard_error":0.025380467791909042},"median":{"confidence_interval":{"confidence_level":0.95,"lower_bound":0.020954330687816602,"upper_bound":0.11373046325590153},"point_estimate":0.053010446257531374,"standard_error":0.025605317721991264}}