{"mean":{"confidence_interval":{"confidence_level":0.95,"lower_bound":29.55176561283137,"upper_bound":30.886105363822136},"point_estimate":30.139482057695627,"standard_error":0.3424761745120784},"median":{"confidence_interval":{"confidence_level":0.95,"lower_bound":29.11807581893528,"upper_bound":29.398058252427184},"point_estimate":29.20880925185608,"standard_error":0.0807235322416792},"median_abs_dev":{"confidence_interval":{"confidence_level":0.95,"lower_bound":0.302872732057271,"upper_bound":0.5818956964575208},"point_estimate":0.3912952127078215,"standard_error":0.08035762314295769},"slope":{"confidence_interval":{"confidence_level":0.95,"lower_bound":29.34593860407864,"upper_bound":29.595992072752306},"point_estimate":29.463780410645036,"standard_error":0.06365880714765326},"std_dev":{"confidence_interval":{"confidence_level":0.95,"lower_bound":1.2868226634901245,"upper_bound":4.878778087758482},"point_estimate":3.42908916294026,"standard_error":0.8756880232986182}}