{"mean":{"confidence_interval":{"confidence_level":0.95,"lower_bound":2.513631669597571,"upper_bound":2.5760762828860755},"point_estimate":2.5410984237362935,"standard_error":0.01612421753016617},"median":{"confidence_interval":{"confidence_level":0.95,"lower_bound":2.4995120683178325,"upper_bound":2.5063905285732826},"point_estimate":2.5031341359657526,"standard_error":0.0015432108480806866},"median_abs_dev":{"confidence_interval":{"confidence_level":0.95,"lower_bound":0.008576016190619548,"upper_bound":0.017637257779940695},"point_estimate":0.011781296460591955,"standard_error":0.0022644226173500663},"slope":{"confidence_interval":{"confidence_level":0.95,"lower_bound":2.505849112874309,"upper_bound":2.6105188377994524},"point_estimate":2.548537133856442,"standard_error":0.028054964566048397},"std_dev":{"confidence_interval":{"confidence_level":0.95,"lower_bound":0.06125690914366669,"upper_bound":0.23382343914268747},"point_estimate":0.1632266515370309,"standard_error":0.04320201021458683}}