{"mean":{"confidence_interval":{"confidence_level":0.95,"lower_bound":2.46961040637271,"upper_bound":2.647504352020593},"point_estimate":2.557514744773393,"standard_error":0.04562699249818838},"median":{"confidence_interval":{"confidence_level":0.95,"lower_bound":2.1975496278290367,"upper_bound":2.5127180713926967},"point_estimate":2.2092947218029733,"standard_error":0.10194026281599995},"median_abs_dev":{"confidence_interval":{"confidence_level":0.95,"lower_bound":0.05115794550059582,"upper_bound":0.21754300846943822},"point_estimate":0.07130686484790703,"standard_error":0.07300671211558912},"slope":{"confidence_interval":{"confidence_level":0.95,"lower_bound":2.817869090579751,"upper_bound":2.9760724641689067},"point_estimate":2.9068630293918285,"standard_error":0.04055463523700815},"std_dev":{"confidence_interval":{"confidence_level":0.95,"lower_bound":0.42786164078801003,"upper_bound":0.470698931247119},"point_estimate":0.4570524261269247,"standard_error":0.011169254846623056}}