{"mean":{"confidence_interval":{"confidence_level":0.95,"lower_bound":2.6004546792923255,"upper_bound":2.7791578185733785},"point_estimate":2.6895237888463255,"standard_error":0.045492869125363274},"median":{"confidence_interval":{"confidence_level":0.95,"lower_bound":2.232864579509947,"upper_bound":3.113747952115655},"point_estimate":3.0968283481071532,"standard_error":0.31431947045166625},"median_abs_dev":{"confidence_interval":{"confidence_level":0.95,"lower_bound":0.026149756354591006,"upper_bound":0.6777064520192458},"point_estimate":0.12790194474885094,"standard_error":0.20431206446055866},"slope":{"confidence_interval":{"confidence_level":0.95,"lower_bound":2.578881635453789,"upper_bound":2.8251738081635476},"point_estimate":2.695874866463737,"standard_error":0.06279272427143352},"std_dev":{"confidence_interval":{"confidence_level":0.95,"lower_bound":0.43991910778598753,"upper_bound":0.4655283240749235},"point_estimate":0.4576350784110366,"standard_error":0.006512254569981454}}