{"mean":{"confidence_interval":{"confidence_level":0.95,"lower_bound":2.4677650602299304,"upper_bound":2.5317445409545214},"point_estimate":2.49272735067102,"standard_error":0.017156220485814205},"median":{"confidence_interval":{"confidence_level":0.95,"lower_bound":2.465536330576981,"upper_bound":2.473095748386678},"point_estimate":2.4694961162547813,"standard_error":0.0019556412668835926},"median_abs_dev":{"confidence_interval":{"confidence_level":0.95,"lower_bound":0.0133199077210441,"upper_bound":0.024765257202415777},"point_estimate":0.019392284307309368,"standard_error":0.0030173288121252027},"slope":{"confidence_interval":{"confidence_level":0.95,"lower_bound":2.4673098554918598,"upper_bound":2.476218775286197},"point_estimate":2.471706785773833,"standard_error":0.00227241434236396},"std_dev":{"confidence_interval":{"confidence_level":0.95,"lower_bound":0.01822223062054581,"upper_bound":0.2833811919868215},"point_estimate":0.1725759699618086,"standard_error":0.07664310196815927}}