{"mean":{"confidence_interval":{"confidence_level":0.95,"lower_bound":6.652742782455553,"upper_bound":6.88010064770274},"point_estimate":6.761778613556567,"standard_error":0.05807557012184523},"median":{"confidence_interval":{"confidence_level":0.95,"lower_bound":6.336749593630327,"upper_bound":7.167232077782536},"point_estimate":6.415179725892869,"standard_error":0.22408368132440679},"median_abs_dev":{"confidence_interval":{"confidence_level":0.95,"lower_bound":0.12459921364952685,"upper_bound":0.9167921411161238},"point_estimate":0.2503561037050944,"standard_error":0.2054414547970591},"slope":{"confidence_interval":{"confidence_level":0.95,"lower_bound":6.936096820061565,"upper_bound":7.084595440053283},"point_estimate":7.018958921394432,"standard_error":0.03773639338431271},"std_dev":{"confidence_interval":{"confidence_level":0.95,"lower_bound":0.4456359585129616,"upper_bound":0.7550204177950536},"point_estimate":0.5851801345935432,"standard_error":0.08669995774945435}}