{"mean":{"confidence_interval":{"confidence_level":0.95,"lower_bound":6.988513142672032,"upper_bound":7.116737491651009},"point_estimate":7.041423279525718,"standard_error":0.03389373424066762},"median":{"confidence_interval":{"confidence_level":0.95,"lower_bound":6.98330175677061,"upper_bound":6.994793936987893},"point_estimate":6.98710702628601,"standard_error":0.0023094572403855105},"median_abs_dev":{"confidence_interval":{"confidence_level":0.95,"lower_bound":0.01677498048232853,"upper_bound":0.026502154336778366},"point_estimate":0.021562270667642547,"standard_error":0.0023971489032259532},"slope":{"confidence_interval":{"confidence_level":0.95,"lower_bound":6.986169068647272,"upper_bound":6.995093767806179},"point_estimate":6.990528486763463,"standard_error":0.0022761801119606743},"std_dev":{"confidence_interval":{"confidence_level":0.95,"lower_bound":0.03297691520983264,"upper_bound":0.5310904367838488},"point_estimate":0.3405202729528533,"standard_error":0.131654195653272}}