{"mean":{"confidence_interval":{"confidence_level":0.95,"lower_bound":6.723804496339606,"upper_bound":6.8664156523459825},"point_estimate":6.793090681754024,"standard_error":0.03615897952002474},"median":{"confidence_interval":{"confidence_level":0.95,"lower_bound":6.936718643117652,"upper_bound":6.945599623225947},"point_estimate":6.940781923630496,"standard_error":0.0023620226233079067},"median_abs_dev":{"confidence_interval":{"confidence_level":0.95,"lower_bound":0.018092067171069946,"upper_bound":0.07710501256569761},"point_estimate":0.0356926579915705,"standard_error":0.015858451299007426},"slope":{"confidence_interval":{"confidence_level":0.95,"lower_bound":6.860462231628532,"upper_bound":6.937584891593989},"point_estimate":6.903731016027215,"standard_error":0.01982886602738381},"std_dev":{"confidence_interval":{"confidence_level":0.95,"lower_bound":0.27050356410061055,"upper_bound":0.4803732269429801},"point_estimate":0.3630561814155706,"standard_error":0.058530698753164676}}