{"mean":{"confidence_interval":{"confidence_level":0.95,"lower_bound":6.947170773935618,"upper_bound":7.023310418229698},"point_estimate":6.97690941311069,"standard_error":0.020325920990994475},"median":{"confidence_interval":{"confidence_level":0.95,"lower_bound":6.945717560777888,"upper_bound":6.951343870852354},"point_estimate":6.949590779328792,"standard_error":0.001400427459197711},"median_abs_dev":{"confidence_interval":{"confidence_level":0.95,"lower_bound":0.010349039437718914,"upper_bound":0.017978200225620054},"point_estimate":0.014220375167555432,"standard_error":0.0019008191542642509},"slope":{"confidence_interval":{"confidence_level":0.95,"lower_bound":6.949596802229713,"upper_bound":6.984764414020058},"point_estimate":6.963193201073589,"standard_error":0.009309765219197894},"std_dev":{"confidence_interval":{"confidence_level":0.95,"lower_bound":0.019734170440321074,"upper_bound":0.33995410820961425},"point_estimate":0.2054697456787335,"standard_error":0.09331078591581739}}