{"mean":{"confidence_interval":{"confidence_level":0.95,"lower_bound":6.432743030919328,"upper_bound":6.592046878239697},"point_estimate":6.509311572299025,"standard_error":0.04085150018659735},"median":{"confidence_interval":{"confidence_level":0.95,"lower_bound":6.306532020252601,"upper_bound":6.319808462694041},"point_estimate":6.312905270203693,"standard_error":0.0032472968439535652},"median_abs_dev":{"confidence_interval":{"confidence_level":0.95,"lower_bound":0.022647398063050547,"upper_bound":0.05286188067877122},"point_estimate":0.0361193653067136,"standard_error":0.00749533051938398},"slope":{"confidence_interval":{"confidence_level":0.95,"lower_bound":6.6181549661879115,"upper_bound":6.862976855734966},"point_estimate":6.749410802327327,"standard_error":0.06259796463210347},"std_dev":{"confidence_interval":{"confidence_level":0.95,"lower_bound":0.31878230978971595,"upper_bound":0.49814537439857703},"point_estimate":0.4107146996880721,"standard_error":0.04575571990214142}}