{"mean":{"confidence_interval":{"confidence_level":0.95,"lower_bound":9.308266466332705,"upper_bound":10.00730024068184},"point_estimate":9.585921658437105,"standard_error":0.18447759497481228},"median":{"confidence_interval":{"confidence_level":0.95,"lower_bound":9.153169548074006,"upper_bound":9.33077069740537},"point_estimate":9.20993260349613,"standard_error":0.04433928297038876},"median_abs_dev":{"confidence_interval":{"confidence_level":0.95,"lower_bound":0.3548092678189755,"upper_bound":0.5652371109448266},"point_estimate":0.4553213409094018,"standard_error":0.05419131075348285},"slope":{"confidence_interval":{"confidence_level":0.95,"lower_bound":9.177994730265604,"upper_bound":9.530415820850896},"point_estimate":9.333061959616757,"standard_error":0.09025737475400128},"std_dev":{"confidence_interval":{"confidence_level":0.95,"lower_bound":0.5607852080331013,"upper_bound":3.01375133516585},"point_estimate":1.8514200649148413,"standard_error":0.780225856459497}}