{"mean":{"confidence_interval":{"confidence_level":0.95,"lower_bound":6.2263932695149204,"upper_bound":6.284145318305599},"point_estimate":6.247327195825713,"standard_error":0.01682012228539396},"median":{"confidence_interval":{"confidence_level":0.95,"lower_bound":6.221348269455332,"upper_bound":6.228267294578084},"point_estimate":6.22492882823955,"standard_error":0.0019620360669848837},"median_abs_dev":{"confidence_interval":{"confidence_level":0.95,"lower_bound":0.011438868933482723,"upper_bound":0.021808383052906995},"point_estimate":0.017240140488126422,"standard_error":0.0025606498294183273},"slope":{"confidence_interval":{"confidence_level":0.95,"lower_bound":6.219614643308521,"upper_bound":6.2308463616029846},"point_estimate":6.225323682463141,"standard_error":0.0028619424723038914},"std_dev":{"confidence_interval":{"confidence_level":0.95,"lower_bound":0.02338526196404375,"upper_bound":0.2885084005170007},"point_estimate":0.16960403631430243,"standard_error":0.09306840619185984}}