{"mean":{"confidence_interval":{"confidence_level":0.95,"lower_bound":7.804133792203607,"upper_bound":7.833523980363512},"point_estimate":7.8173025081041825,"standard_error":0.007546856601834041},"median":{"confidence_interval":{"confidence_level":0.95,"lower_bound":7.789432278074058,"upper_bound":7.800998732724592},"point_estimate":7.79365116614918,"standard_error":0.003337690458592835},"median_abs_dev":{"confidence_interval":{"confidence_level":0.95,"lower_bound":0.013752533931755512,"upper_bound":0.02950861643750405},"point_estimate":0.023672407312878258,"standard_error":0.004156187574199953},"slope":{"confidence_interval":{"confidence_level":0.95,"lower_bound":7.789485705712231,"upper_bound":7.797313322676907},"point_estimate":7.793252170716342,"standard_error":0.001991904498709123},"std_dev":{"confidence_interval":{"confidence_level":0.95,"lower_bound":0.03601998215749976,"upper_bound":0.1078511832953473},"point_estimate":0.07561613952848247,"standard_error":0.01847954465217788}}