{"mean":{"confidence_interval":{"confidence_level":0.95,"lower_bound":6.857690174914302,"upper_bound":6.948550488203555},"point_estimate":6.897762619680091,"standard_error":0.023228448403762602},"median":{"confidence_interval":{"confidence_level":0.95,"lower_bound":6.9061761159590915,"upper_bound":6.920289173540827},"point_estimate":6.915338033879014,"standard_error":0.003756738155816881},"median_abs_dev":{"confidence_interval":{"confidence_level":0.95,"lower_bound":0.03753895973358109,"upper_bound":0.0822875037028749},"point_estimate":0.05251385030496217,"standard_error":0.010944570877362744},"slope":{"confidence_interval":{"confidence_level":0.95,"lower_bound":6.864724491202286,"upper_bound":6.917739158469177},"point_estimate":6.892562988807895,"standard_error":0.013550588396491028},"std_dev":{"confidence_interval":{"confidence_level":0.95,"lower_bound":0.11392544776623767,"upper_bound":0.3619236280689844},"point_estimate":0.23466418934618508,"standard_error":0.07485060114239142}}