{"mean":{"confidence_interval":{"confidence_level":0.95,"lower_bound":7.050482307869466,"upper_bound":7.148445563692748},"point_estimate":7.085878708714935,"standard_error":0.028333187526174634},"median":{"confidence_interval":{"confidence_level":0.95,"lower_bound":7.043603060902696,"upper_bound":7.052087653970014},"point_estimate":7.047379104365087,"standard_error":0.002456794057944071},"median_abs_dev":{"confidence_interval":{"confidence_level":0.95,"lower_bound":0.015559754932990432,"upper_bound":0.03089093542785201},"point_estimate":0.022984933767649447,"standard_error":0.003775014200313782},"slope":{"confidence_interval":{"confidence_level":0.95,"lower_bound":7.048050161716172,"upper_bound":7.080955911544852},"point_estimate":7.060981099834702,"standard_error":0.008725385440713423},"std_dev":{"confidence_interval":{"confidence_level":0.95,"lower_bound":0.036998107408523676,"upper_bound":0.48195304329727173},"point_estimate":0.2837189425246427,"standard_error":0.154087735603043}}