{"mean":{"confidence_interval":{"confidence_level":0.95,"lower_bound":5.881675299375524,"upper_bound":5.8997976807111305},"point_estimate":5.890608919529643,"standard_error":0.0046463324685828205},"median":{"confidence_interval":{"confidence_level":0.95,"lower_bound":5.875705035437307,"upper_bound":5.9045436795075},"point_estimate":5.891125644736354,"standard_error":0.006784757335208523},"median_abs_dev":{"confidence_interval":{"confidence_level":0.95,"lower_bound":0.040625844381271814,"upper_bound":0.061969645821276675},"point_estimate":0.05167731348026649,"standard_error":0.005636610176986277},"slope":{"confidence_interval":{"confidence_level":0.95,"lower_bound":5.904847146744501,"upper_bound":5.922339791167696},"point_estimate":5.914188415147971,"standard_error":0.004456931366986349},"std_dev":{"confidence_interval":{"confidence_level":0.95,"lower_bound":0.03988426763960272,"upper_bound":0.05347456658695562},"point_estimate":0.046690567133596574,"standard_error":0.0034777924942372557}}