{"mean":{"confidence_interval":{"confidence_level":0.95,"lower_bound":8.077830509420158,"upper_bound":8.097948423483494},"point_estimate":8.087277898665755,"standard_error":0.005148532490088028},"median":{"confidence_interval":{"confidence_level":0.95,"lower_bound":8.068398490851804,"upper_bound":8.090769990128331},"point_estimate":8.07390636017487,"standard_error":0.00568250980420811},"median_abs_dev":{"confidence_interval":{"confidence_level":0.95,"lower_bound":0.028855581524855702,"upper_bound":0.045999906936434375},"point_estimate":0.036478872995014774,"standard_error":0.0042541329566545905},"slope":{"confidence_interval":{"confidence_level":0.95,"lower_bound":8.065500558652763,"upper_bound":8.079856150299966},"point_estimate":8.072333363335892,"standard_error":0.0036677122850244897},"std_dev":{"confidence_interval":{"confidence_level":0.95,"lower_bound":0.035681165907317486,"upper_bound":0.0694271904694852},"point_estimate":0.05177862811384383,"standard_error":0.009098234522904324}}