{"mean":{"confidence_interval":{"confidence_level":0.95,"lower_bound":6.369566580685733,"upper_bound":6.4637745054626725},"point_estimate":6.404536396058449,"standard_error":0.026571412067052377},"median":{"confidence_interval":{"confidence_level":0.95,"lower_bound":6.3649334629186605,"upper_bound":6.3792910306068205},"point_estimate":6.373781161072561,"standard_error":0.003008454490587717},"median_abs_dev":{"confidence_interval":{"confidence_level":0.95,"lower_bound":0.02286810586447118,"upper_bound":0.04557297478900492},"point_estimate":0.029069978228844058,"standard_error":0.0059088784914108},"slope":{"confidence_interval":{"confidence_level":0.95,"lower_bound":6.377886149475892,"upper_bound":6.400517934989087},"point_estimate":6.3884886392802676,"standard_error":0.005774130951254797},"std_dev":{"confidence_interval":{"confidence_level":0.95,"lower_bound":0.05002210441334382,"upper_bound":0.451722334744056},"point_estimate":0.2675310338958216,"standard_error":0.13912232977176583}}