{"mean":{"confidence_interval":{"confidence_level":0.95,"lower_bound":6.5954959430287285,"upper_bound":6.74235520398991},"point_estimate":6.654457543505448,"standard_error":0.039060057099198686},"median":{"confidence_interval":{"confidence_level":0.95,"lower_bound":6.591164950535029,"upper_bound":6.601857460125177},"point_estimate":6.596237574375602,"standard_error":0.0030271817957890097},"median_abs_dev":{"confidence_interval":{"confidence_level":0.95,"lower_bound":0.020746133565986712,"upper_bound":0.035471047220051226},"point_estimate":0.03049566439347297,"standard_error":0.003909919253688506},"slope":{"confidence_interval":{"confidence_level":0.95,"lower_bound":6.586215745496268,"upper_bound":6.601352248297119},"point_estimate":6.5939329848947175,"standard_error":0.0038502147333642225},"std_dev":{"confidence_interval":{"confidence_level":0.95,"lower_bound":0.037280449848672466,"upper_bound":0.623130169508195},"point_estimate":0.3918499537551229,"standard_error":0.159956226440862}}