{"mean":{"confidence_interval":{"confidence_level":0.95,"lower_bound":7.787431209010022,"upper_bound":7.823940272574139},"point_estimate":7.803388690210194,"standard_error":0.009403659091903518},"median":{"confidence_interval":{"confidence_level":0.95,"lower_bound":7.776229183678519,"upper_bound":7.785406338470025},"point_estimate":7.780408888206591,"standard_error":0.0025985019651789164},"median_abs_dev":{"confidence_interval":{"confidence_level":0.95,"lower_bound":0.012282594275768477,"upper_bound":0.020640574057987936},"point_estimate":0.016893169396580976,"standard_error":0.002325505202479324},"slope":{"confidence_interval":{"confidence_level":0.95,"lower_bound":7.775548979989044,"upper_bound":7.780676793554387},"point_estimate":7.778081080954021,"standard_error":0.0013130966569030137},"std_dev":{"confidence_interval":{"confidence_level":0.95,"lower_bound":0.036438483284458,"upper_bound":0.13906951394709785},"point_estimate":0.0944376529127308,"standard_error":0.026501856185636045}}