{"mean":{"confidence_interval":{"confidence_level":0.95,"lower_bound":6.923509705297602,"upper_bound":6.986660038501951},"point_estimate":6.946060937804293,"standard_error":0.018794735890209455},"median":{"confidence_interval":{"confidence_level":0.95,"lower_bound":6.92088099317015,"upper_bound":6.928423500487244},"point_estimate":6.925097445357433,"standard_error":0.0016384733070596497},"median_abs_dev":{"confidence_interval":{"confidence_level":0.95,"lower_bound":0.012894972865001799,"upper_bound":0.026161987108861442},"point_estimate":0.01617992974055244,"standard_error":0.0032727896931299344},"slope":{"confidence_interval":{"confidence_level":0.95,"lower_bound":6.926456198942984,"upper_bound":6.9343906915337445},"point_estimate":6.930262885881791,"standard_error":0.002019155259036053},"std_dev":{"confidence_interval":{"confidence_level":0.95,"lower_bound":0.02162671341247681,"upper_bound":0.32462398598193837},"point_estimate":0.1901912857834734,"standard_error":0.10748551953380099}}