{"mean":{"confidence_interval":{"confidence_level":0.95,"lower_bound":9.717565370022948,"upper_bound":9.892916600592185},"point_estimate":9.79131117057754,"standard_error":0.04547357147011307},"median":{"confidence_interval":{"confidence_level":0.95,"lower_bound":9.682574901589152,"upper_bound":9.700717160733639},"point_estimate":9.691220417319041,"standard_error":0.0045681628856556805},"median_abs_dev":{"confidence_interval":{"confidence_level":0.95,"lower_bound":0.02332309579944279,"upper_bound":0.041399818936241915},"point_estimate":0.03389468750044091,"standard_error":0.004335450587371895},"slope":{"confidence_interval":{"confidence_level":0.95,"lower_bound":9.724981315197477,"upper_bound":10.107263618694736},"point_estimate":9.882027984204754,"standard_error":0.10005771802794863},"std_dev":{"confidence_interval":{"confidence_level":0.95,"lower_bound":0.12865612500598086,"upper_bound":0.7219557996063081},"point_estimate":0.45779932392818,"standard_error":0.16031403660670157}}