{"mean":{"confidence_interval":{"confidence_level":0.95,"lower_bound":5.218821450999868,"upper_bound":5.365482195777615},"point_estimate":5.275605932312862,"standard_error":0.03925930014889079},"median":{"confidence_interval":{"confidence_level":0.95,"lower_bound":5.204264966542547,"upper_bound":5.213931771376579},"point_estimate":5.21053585145544,"standard_error":0.00235016192333649},"median_abs_dev":{"confidence_interval":{"confidence_level":0.95,"lower_bound":0.01719870983680168,"upper_bound":0.03546751121861535},"point_estimate":0.02695891404584771,"standard_error":0.004496270961832846},"slope":{"confidence_interval":{"confidence_level":0.95,"lower_bound":5.216156344759374,"upper_bound":5.2999236126502645},"point_estimate":5.251641611672576,"standard_error":0.021782994468404183},"std_dev":{"confidence_interval":{"confidence_level":0.95,"lower_bound":0.0763806922787286,"upper_bound":0.6558343510071264},"point_estimate":0.3962190230902192,"standard_error":0.18077859457394624}}