{"mean":{"confidence_interval":{"confidence_level":0.95,"lower_bound":12.789315422276097,"upper_bound":13.17639261856613},"point_estimate":12.944067735179436,"standard_error":0.1026256832639513},"median":{"confidence_interval":{"confidence_level":0.95,"lower_bound":12.767935842561323,"upper_bound":12.776564271567992},"point_estimate":12.771344927929025,"standard_error":0.0024940772142757954},"median_abs_dev":{"confidence_interval":{"confidence_level":0.95,"lower_bound":0.014157073804920107,"upper_bound":0.03320734515977614},"point_estimate":0.019336895663878712,"standard_error":0.004740377386732791},"slope":{"confidence_interval":{"confidence_level":0.95,"lower_bound":12.783192239765285,"upper_bound":12.827010713269779},"point_estimate":12.801937300743113,"standard_error":0.011283099204728716},"std_dev":{"confidence_interval":{"confidence_level":0.95,"lower_bound":0.08514749714200155,"upper_bound":1.68263282413349},"point_estimate":1.034325138236833,"standard_error":0.43781470635929093}}