{"mean":{"confidence_interval":{"confidence_level":0.95,"lower_bound":11.40045809711738,"upper_bound":11.52690661332738},"point_estimate":11.446685391245449,"standard_error":0.03570367232157236},"median":{"confidence_interval":{"confidence_level":0.95,"lower_bound":11.390423711125026,"upper_bound":11.399155278893023},"point_estimate":11.394825831116489,"standard_error":0.0021665212936468566},"median_abs_dev":{"confidence_interval":{"confidence_level":0.95,"lower_bound":0.01684945516629012,"upper_bound":0.03317345708650202},"point_estimate":0.02176133038644143,"standard_error":0.004021353700557274},"slope":{"confidence_interval":{"confidence_level":0.95,"lower_bound":11.402424389636948,"upper_bound":11.4222297311192},"point_estimate":11.411480021419651,"standard_error":0.005081609651157157},"std_dev":{"confidence_interval":{"confidence_level":0.95,"lower_bound":0.04827631279924257,"upper_bound":0.6068426627679789},"point_estimate":0.35898727576034084,"standard_error":0.18800444962597676}}