{"mean":{"confidence_interval":{"confidence_level":0.95,"lower_bound":10.545960689963428,"upper_bound":10.673197455314543},"point_estimate":10.591590298293356,"standard_error":0.03736946731018239},"median":{"confidence_interval":{"confidence_level":0.95,"lower_bound":10.530455134335766,"upper_bound":10.54720147318555},"point_estimate":10.536531027881306,"standard_error":0.004713235317229497},"median_abs_dev":{"confidence_interval":{"confidence_level":0.95,"lower_bound":0.020041566773890473,"upper_bound":0.04248516082117373},"point_estimate":0.026650777005928033,"standard_error":0.0060299320277620895},"slope":{"confidence_interval":{"confidence_level":0.95,"lower_bound":10.535954039023853,"upper_bound":10.561601891905708},"point_estimate":10.547320829579832,"standard_error":0.006600707863858693},"std_dev":{"confidence_interval":{"confidence_level":0.95,"lower_bound":0.042399942597806176,"upper_bound":0.6396453468482594},"point_estimate":0.3758176859694426,"standard_error":0.20845233814255287}}