{"mean":{"confidence_interval":{"confidence_level":0.95,"lower_bound":10.9294991771789,"upper_bound":11.0274131106186},"point_estimate":10.970337973167432,"standard_error":0.025608735312237257},"median":{"confidence_interval":{"confidence_level":0.95,"lower_bound":10.917353640082528,"upper_bound":10.948223829188244},"point_estimate":10.933519243893222,"standard_error":0.007457329793653956},"median_abs_dev":{"confidence_interval":{"confidence_level":0.95,"lower_bound":0.033510355838618944,"upper_bound":0.05906823644725277},"point_estimate":0.04745261848760529,"standard_error":0.006257816153149308},"slope":{"confidence_interval":{"confidence_level":0.95,"lower_bound":10.929394212314401,"upper_bound":10.966480632096882},"point_estimate":10.945558268583694,"standard_error":0.009620794638343682},"std_dev":{"confidence_interval":{"confidence_level":0.95,"lower_bound":0.05855742334898571,"upper_bound":0.40913485675356465},"point_estimate":0.2573580082508212,"standard_error":0.09518874240665263}}