{"mean":{"confidence_interval":{"confidence_level":0.95,"lower_bound":5.115597258824519,"upper_bound":5.387942402218221},"point_estimate":5.235639790890435,"standard_error":0.07038244914088986},"median":{"confidence_interval":{"confidence_level":0.95,"lower_bound":5.309023164511505,"upper_bound":5.315935270004651},"point_estimate":5.312239848206202,"standard_error":0.00999322941334145},"median_abs_dev":{"confidence_interval":{"confidence_level":0.95,"lower_bound":0.010831630568957324,"upper_bound":0.2563237772968436},"point_estimate":0.021160836702668433,"standard_error":0.06716809054116796},"slope":{"confidence_interval":{"confidence_level":0.95,"lower_bound":5.272644547040094,"upper_bound":5.30617176289817},"point_estimate":5.291478673401384,"standard_error":0.008546050702132565},"std_dev":{"confidence_interval":{"confidence_level":0.95,"lower_bound":0.2847543050962078,"upper_bound":1.0292888940954716},"point_estimate":0.7046758392243845,"standard_error":0.19401684242493855}}