{"mean":{"confidence_interval":{"confidence_level":0.95,"lower_bound":43.799283048213745,"upper_bound":47.651070395373296},"point_estimate":45.56284117822378,"standard_error":0.9887765776888021},"median":{"confidence_interval":{"confidence_level":0.95,"lower_bound":41.98881355932203,"upper_bound":42.35841807909605},"point_estimate":42.11661958568738,"standard_error":0.11371903765564881},"median_abs_dev":{"confidence_interval":{"confidence_level":0.95,"lower_bound":0.4153399985381771,"upper_bound":0.8231119077775713},"point_estimate":0.5313098323517834,"standard_error":0.11362743454116173},"slope":{"confidence_interval":{"confidence_level":0.95,"lower_bound":42.133254321429334,"upper_bound":42.84642395752869},"point_estimate":42.44663238598082,"standard_error":0.1836638447276826},"std_dev":{"confidence_interval":{"confidence_level":0.95,"lower_bound":5.9863830191014875,"upper_bound":13.216251094697535},"point_estimate":9.90105058575802,"standard_error":1.854273618902283}}