{"mean":{"confidence_interval":{"confidence_level":0.95,"lower_bound":31.633324961636163,"upper_bound":33.18886466685372},"point_estimate":32.320733415772786,"standard_error":0.4025568811901351},"median":{"confidence_interval":{"confidence_level":0.95,"lower_bound":31.14265470004724,"upper_bound":31.259322678843226},"point_estimate":31.194539573820393,"standard_error":0.029545507238001607},"median_abs_dev":{"confidence_interval":{"confidence_level":0.95,"lower_bound":0.13891603226955468,"upper_bound":0.32028631643914135},"point_estimate":0.21992514182377954,"standard_error":0.047890536031587126},"slope":{"confidence_interval":{"confidence_level":0.95,"lower_bound":31.27233832180986,"upper_bound":31.68562290686125},"point_estimate":31.456970956960756,"standard_error":0.10603154351479585},"std_dev":{"confidence_interval":{"confidence_level":0.95,"lower_bound":1.3272814479312094,"upper_bound":5.8892581632651995},"point_estimate":4.053156034641138,"standard_error":1.1188476580646685}}