{"mean":{"confidence_interval":{"confidence_level":0.95,"lower_bound":48.488716583389404,"upper_bound":54.97412072170814},"point_estimate":51.52593971768346,"standard_error":1.6595901026009197},"median":{"confidence_interval":{"confidence_level":0.95,"lower_bound":44.20726938118243,"upper_bound":44.62090007627765},"point_estimate":44.31096265054286,"standard_error":0.10795583293239783},"median_abs_dev":{"confidence_interval":{"confidence_level":0.95,"lower_bound":0.28601685266347027,"upper_bound":0.9034699610769075},"point_estimate":0.4857337896900351,"standard_error":0.15912335136528913},"slope":{"confidence_interval":{"confidence_level":0.95,"lower_bound":44.7305627349406,"upper_bound":45.66957620172627},"point_estimate":45.16078651083797,"standard_error":0.23948783086975972},"std_dev":{"confidence_interval":{"confidence_level":0.95,"lower_bound":11.369127436609576,"upper_bound":21.88363740571241},"point_estimate":16.701173015247626,"standard_error":2.73783466819844}}