{"mean":{"confidence_interval":{"confidence_level":0.95,"lower_bound":42.02677783993152,"upper_bound":43.84863298961825},"point_estimate":42.82181664615392,"standard_error":0.468478060678455},"median":{"confidence_interval":{"confidence_level":0.95,"lower_bound":41.210149253731345,"upper_bound":41.56384917517675},"point_estimate":41.41651850465541,"standard_error":0.10830178070746435},"median_abs_dev":{"confidence_interval":{"confidence_level":0.95,"lower_bound":0.2057476269442653,"upper_bound":0.672156600476584},"point_estimate":0.4704887064251553,"standard_error":0.1361498165525392},"slope":{"confidence_interval":{"confidence_level":0.95,"lower_bound":41.43263092852675,"upper_bound":42.21801527781196},"point_estimate":41.775214617028645,"standard_error":0.20163666164441107},"std_dev":{"confidence_interval":{"confidence_level":0.95,"lower_bound":2.0424791119086803,"upper_bound":7.1049587334154705},"point_estimate":4.7140587665601625,"standard_error":1.3576225545019103}}