{"mean":{"confidence_interval":{"confidence_level":0.95,"lower_bound":43.65078120717931,"upper_bound":45.68905666027963},"point_estimate":44.54392593165832,"standard_error":0.5229320266316404},"median":{"confidence_interval":{"confidence_level":0.95,"lower_bound":42.97521786492375,"upper_bound":43.15593620546811},"point_estimate":43.05043643263757,"standard_error":0.04268595530856866},"median_abs_dev":{"confidence_interval":{"confidence_level":0.95,"lower_bound":0.2776025760490038,"upper_bound":0.6299492535220449},"point_estimate":0.47269069273699643,"standard_error":0.08608253277732865},"slope":{"confidence_interval":{"confidence_level":0.95,"lower_bound":43.11573724117406,"upper_bound":43.66027237284119},"point_estimate":43.35648766939907,"standard_error":0.13928911983428277},"std_dev":{"confidence_interval":{"confidence_level":0.95,"lower_bound":2.0721395172257804,"upper_bound":7.763106117640227},"point_estimate":5.258895216104255,"standard_error":1.4659535950696736}}