{"mean":{"confidence_interval":{"confidence_level":0.95,"lower_bound":4.7878311945419245,"upper_bound":4.9075777109399645},"point_estimate":4.839312138484288,"standard_error":0.03083448686847482},"median":{"confidence_interval":{"confidence_level":0.95,"lower_bound":4.766074492258102,"upper_bound":4.775190579015267},"point_estimate":4.769949674559827,"standard_error":0.0019145546741057065},"median_abs_dev":{"confidence_interval":{"confidence_level":0.95,"lower_bound":0.015345327252379972,"upper_bound":0.027992189901639746},"point_estimate":0.020549182684569244,"standard_error":0.003023577660543108},"slope":{"confidence_interval":{"confidence_level":0.95,"lower_bound":4.782263959679381,"upper_bound":4.950578024411145},"point_estimate":4.852088480062979,"standard_error":0.044554495110360776},"std_dev":{"confidence_interval":{"confidence_level":0.95,"lower_bound":0.1035129668006244,"upper_bound":0.4670026764595818},"point_estimate":0.3091281573848309,"standard_error":0.09252298413258286}}