{"mean":{"confidence_interval":{"confidence_level":0.95,"lower_bound":2.551045801421075,"upper_bound":2.5757782668209592},"point_estimate":2.5611569468104616,"standard_error":0.006472873802569242},"median":{"confidence_interval":{"confidence_level":0.95,"lower_bound":2.546145217436968,"upper_bound":2.5495012346632255},"point_estimate":2.5471430695427637,"standard_error":0.0008667408881014757},"median_abs_dev":{"confidence_interval":{"confidence_level":0.95,"lower_bound":0.006794520570221596,"upper_bound":0.011013083141322336},"point_estimate":0.00892420275255603,"standard_error":0.0010346566599138203},"slope":{"confidence_interval":{"confidence_level":0.95,"lower_bound":2.5493622585871236,"upper_bound":2.5544991050450787},"point_estimate":2.5517650925557245,"standard_error":0.0013090944118021495},"std_dev":{"confidence_interval":{"confidence_level":0.95,"lower_bound":0.019250699625941364,"upper_bound":0.10444053168412348},"point_estimate":0.0649944358100941,"standard_error":0.025530619642718688}}