{"mean":{"confidence_interval":{"confidence_level":0.95,"lower_bound":4.2649062156145305,"upper_bound":4.37457184763256},"point_estimate":4.3070315969861035,"standard_error":0.029278789127986593},"median":{"confidence_interval":{"confidence_level":0.95,"lower_bound":4.251320174116082,"upper_bound":4.260851328678898},"point_estimate":4.256791820020667,"standard_error":0.0022944924568675962},"median_abs_dev":{"confidence_interval":{"confidence_level":0.95,"lower_bound":0.014267649094339422,"upper_bound":0.02566853677977451},"point_estimate":0.019675961056153175,"standard_error":0.0029167226440948973},"slope":{"confidence_interval":{"confidence_level":0.95,"lower_bound":4.257123754996753,"upper_bound":4.272602524148625},"point_estimate":4.2640518026401155,"standard_error":0.003953235860281566},"std_dev":{"confidence_interval":{"confidence_level":0.95,"lower_bound":0.05284645505344924,"upper_bound":0.48455582694773014},"point_estimate":0.29248272294634803,"standard_error":0.13332860035351546}}