{"mean":{"confidence_interval":{"confidence_level":0.95,"lower_bound":4.383815363745057,"upper_bound":4.4796541735817295},"point_estimate":4.418870673802199,"standard_error":0.02721915591504005},"median":{"confidence_interval":{"confidence_level":0.95,"lower_bound":4.37518832928188,"upper_bound":4.380761541834462},"point_estimate":4.377963578409471,"standard_error":0.0013844749186778167},"median_abs_dev":{"confidence_interval":{"confidence_level":0.95,"lower_bound":0.007640123039940871,"upper_bound":0.015541270814554533},"point_estimate":0.010780739656217082,"standard_error":0.0020709405387393026},"slope":{"confidence_interval":{"confidence_level":0.95,"lower_bound":4.3795369589686235,"upper_bound":4.397358586104032},"point_estimate":4.387124998434006,"standard_error":0.004599051555998303},"std_dev":{"confidence_interval":{"confidence_level":0.95,"lower_bound":0.04010284023024817,"upper_bound":0.46189885170901407},"point_estimate":0.2731080665206526,"standard_error":0.14450766102216692}}