{"mean":{"confidence_interval":{"confidence_level":0.95,"lower_bound":4.785166298479159,"upper_bound":4.914233856463767},"point_estimate":4.839782746994349,"standard_error":0.03342156279856155},"median":{"confidence_interval":{"confidence_level":0.95,"lower_bound":4.767255565698058,"upper_bound":4.773995373635949},"point_estimate":4.771733566257821,"standard_error":0.0018176714859964407},"median_abs_dev":{"confidence_interval":{"confidence_level":0.95,"lower_bound":0.011125354491102352,"upper_bound":0.021549485505600586},"point_estimate":0.01424737712671676,"standard_error":0.002554338314176813},"slope":{"confidence_interval":{"confidence_level":0.95,"lower_bound":4.778908050138376,"upper_bound":4.935462108257798},"point_estimate":4.843066276376679,"standard_error":0.04129683040992267},"std_dev":{"confidence_interval":{"confidence_level":0.95,"lower_bound":0.09309014147607184,"upper_bound":0.5261075816420987},"point_estimate":0.33568752944994507,"standard_error":0.11311457658744464}}