{"mean":{"confidence_interval":{"confidence_level":0.95,"lower_bound":4.473970774738065,"upper_bound":4.541041403122652},"point_estimate":4.5041239309533765,"standard_error":0.01716685235770429},"median":{"confidence_interval":{"confidence_level":0.95,"lower_bound":4.464632138042111,"upper_bound":4.519412843954887},"point_estimate":4.491807957926897,"standard_error":0.015377406723400839},"median_abs_dev":{"confidence_interval":{"confidence_level":0.95,"lower_bound":0.08418835861778817,"upper_bound":0.13717385016500247},"point_estimate":0.11346207750395983,"standard_error":0.01341634782157808},"slope":{"confidence_interval":{"confidence_level":0.95,"lower_bound":4.446708282356652,"upper_bound":4.491723994878334},"point_estimate":4.468291235821059,"standard_error":0.011492851326530214},"std_dev":{"confidence_interval":{"confidence_level":0.95,"lower_bound":0.09978932987292889,"upper_bound":0.2535289541946272},"point_estimate":0.17279376833141014,"standard_error":0.04577853405439035}}