{"mean":{"confidence_interval":{"confidence_level":0.95,"lower_bound":5.68940207183584,"upper_bound":6.003539290782632},"point_estimate":5.82951580588339,"standard_error":0.0806482008111369},"median":{"confidence_interval":{"confidence_level":0.95,"lower_bound":5.613214463517265,"upper_bound":5.6234503395539175},"point_estimate":5.618717369296949,"standard_error":0.002702869807078822},"median_abs_dev":{"confidence_interval":{"confidence_level":0.95,"lower_bound":0.01235378474650205,"upper_bound":0.023421455169043898},"point_estimate":0.017634232010024842,"standard_error":0.0029657380401878677},"slope":{"confidence_interval":{"confidence_level":0.95,"lower_bound":5.729254647684519,"upper_bound":6.343890436708536},"point_estimate":6.0084544082042175,"standard_error":0.15923541406795455},"std_dev":{"confidence_interval":{"confidence_level":0.95,"lower_bound":0.39496451773667807,"upper_bound":1.1197546457056147},"point_estimate":0.8110815816542842,"standard_error":0.18366974771107464}}