{"mean":{"confidence_interval":{"confidence_level":0.95,"lower_bound":7.075113515517046,"upper_bound":7.2573588909367714},"point_estimate":7.143989247247099,"standard_error":0.048924730319468285},"median":{"confidence_interval":{"confidence_level":0.95,"lower_bound":7.059944539025931,"upper_bound":7.072691613924762},"point_estimate":7.066963015763773,"standard_error":0.0029607174819408066},"median_abs_dev":{"confidence_interval":{"confidence_level":0.95,"lower_bound":0.022508575760053218,"upper_bound":0.035906755710609285},"point_estimate":0.029375060617597523,"standard_error":0.0032428821225889155},"slope":{"confidence_interval":{"confidence_level":0.95,"lower_bound":7.073163963397471,"upper_bound":7.102940104235166},"point_estimate":7.08576477489353,"standard_error":0.0077258389525164985},"std_dev":{"confidence_interval":{"confidence_level":0.95,"lower_bound":0.06048494184419665,"upper_bound":0.8168612705017009},"point_estimate":0.49053902163633023,"standard_error":0.2315092087999012}}