{"mean":{"confidence_interval":{"confidence_level":0.95,"lower_bound":6.9309579902392535,"upper_bound":7.204689492490939},"point_estimate":7.0288387413766955,"standard_error":0.08081837846052327},"median":{"confidence_interval":{"confidence_level":0.95,"lower_bound":6.896038439912079,"upper_bound":6.9454959281350135},"point_estimate":6.91796249053975,"standard_error":0.011605299185481935},"median_abs_dev":{"confidence_interval":{"confidence_level":0.95,"lower_bound":0.03896145582906692,"upper_bound":0.07538869018268579},"point_estimate":0.06174961219531061,"standard_error":0.008621667586333849},"slope":{"confidence_interval":{"confidence_level":0.95,"lower_bound":6.912581524982022,"upper_bound":6.972234900618457},"point_estimate":6.937418816977771,"standard_error":0.01562921058456178},"std_dev":{"confidence_interval":{"confidence_level":0.95,"lower_bound":0.0827906778104234,"upper_bound":1.3795288468570357},"point_estimate":0.8102240071109772,"standard_error":0.45232769879848106}}