{"mean":{"confidence_interval":{"confidence_level":0.95,"lower_bound":2.8131861742753554,"upper_bound":2.8540370955995593},"point_estimate":2.828159004105372,"standard_error":0.011541066808852803},"median":{"confidence_interval":{"confidence_level":0.95,"lower_bound":2.8093345906682545,"upper_bound":2.812567595546571},"point_estimate":2.8109486967453354,"standard_error":0.0008829832807706265},"median_abs_dev":{"confidence_interval":{"confidence_level":0.95,"lower_bound":0.004208342876703198,"upper_bound":0.007870403535430944},"point_estimate":0.0051419920535444915,"standard_error":0.0009057570722865212},"slope":{"confidence_interval":{"confidence_level":0.95,"lower_bound":2.811131908839072,"upper_bound":2.817934413114439},"point_estimate":2.814137880499702,"standard_error":0.001752039515769995},"std_dev":{"confidence_interval":{"confidence_level":0.95,"lower_bound":0.015605338059093268,"upper_bound":0.19696131821561288},"point_estimate":0.11645874871773298,"standard_error":0.061002303138231295}}