{"mean":{"confidence_interval":{"confidence_level":0.95,"lower_bound":2.6222531208652615,"upper_bound":2.7020380377331743},"point_estimate":2.656786155865811,"standard_error":0.02059415970604402},"median":{"confidence_interval":{"confidence_level":0.95,"lower_bound":2.599033424156577,"upper_bound":2.602867598557254},"point_estimate":2.6012160934172543,"standard_error":0.0010136318948447641},"median_abs_dev":{"confidence_interval":{"confidence_level":0.95,"lower_bound":0.006091646856243612,"upper_bound":0.018271683839706773},"point_estimate":0.008383665771074683,"standard_error":0.0034953394411363853},"slope":{"confidence_interval":{"confidence_level":0.95,"lower_bound":2.6110662509480873,"upper_bound":2.630307770290591},"point_estimate":2.6200344597812024,"standard_error":0.0049433203165830985},"std_dev":{"confidence_interval":{"confidence_level":0.95,"lower_bound":0.0652864125667929,"upper_bound":0.3117689176879273},"point_estimate":0.20776618491002202,"standard_error":0.06536120864745375}}