{"mean":{"confidence_interval":{"confidence_level":0.95,"lower_bound":5686.266676571558,"upper_bound":5905.101031282796},"point_estimate":5789.281318596713,"standard_error":56.22761813389084},"median":{"confidence_interval":{"confidence_level":0.95,"lower_bound":5521.476920289855,"upper_bound":5553.138211382114},"point_estimate":5534.474084242101,"standard_error":7.586265843782901},"median_abs_dev":{"confidence_interval":{"confidence_level":0.95,"lower_bound":32.5162675708689,"upper_bound":69.16901683537752},"point_estimate":46.01264767474685,"standard_error":9.729599209837705},"slope":{"confidence_interval":{"confidence_level":0.95,"lower_bound":5657.177176074033,"upper_bound":5909.894778656926},"point_estimate":5769.391579889332,"standard_error":64.77420308425394},"std_dev":{"confidence_interval":{"confidence_level":0.95,"lower_bound":393.05880082125896,"upper_bound":715.6102410930403},"point_estimate":565.2528201272489,"standard_error":82.57476361477832}}