{"mean":{"confidence_interval":{"confidence_level":0.95,"lower_bound":5160.619441293886,"upper_bound":5224.627113441395},"point_estimate":5184.490661181206,"standard_error":17.663391697093374},"median":{"confidence_interval":{"confidence_level":0.95,"lower_bound":5152.391777777778,"upper_bound":5165.016666666666},"point_estimate":5157.135290948276,"standard_error":2.68064791932789},"median_abs_dev":{"confidence_interval":{"confidence_level":0.95,"lower_bound":16.59842403798654,"upper_bound":28.973195017355863},"point_estimate":21.225750752312358,"standard_error":3.101980421939688},"slope":{"confidence_interval":{"confidence_level":0.95,"lower_bound":5157.589418938589,"upper_bound":5167.4506626983675},"point_estimate":5162.395017585341,"standard_error":2.516841845910772},"std_dev":{"confidence_interval":{"confidence_level":0.95,"lower_bound":28.36610026637649,"upper_bound":298.8784581099015},"point_estimate":177.66743854240693,"standard_error":89.02398973023814}}