{"mean":{"confidence_interval":{"confidence_level":0.95,"lower_bound":5260.14667501864,"upper_bound":5301.293271946984},"point_estimate":5276.176614094706,"standard_error":10.899656684751358},"median":{"confidence_interval":{"confidence_level":0.95,"lower_bound":5255.126315789474,"upper_bound":5262.197337749969},"point_estimate":5257.523940429166,"standard_error":1.8970968921998261},"median_abs_dev":{"confidence_interval":{"confidence_level":0.95,"lower_bound":9.803800703140322,"upper_bound":17.43433526942598},"point_estimate":14.2922061808553,"standard_error":1.9836177064100495},"slope":{"confidence_interval":{"confidence_level":0.95,"lower_bound":5257.775820145227,"upper_bound":5263.431730604273},"point_estimate":5260.577176078959,"standard_error":1.4475874526124188},"std_dev":{"confidence_interval":{"confidence_level":0.95,"lower_bound":17.841688027949573,"upper_bound":180.7103787377852},"point_estimate":109.59495464682578,"standard_error":48.436030405009014}}