{"mean":{"confidence_interval":{"confidence_level":0.95,"lower_bound":49.1175473496185,"upper_bound":52.80282228443143},"point_estimate":50.79709986553983,"standard_error":0.94031077059576},"median":{"confidence_interval":{"confidence_level":0.95,"lower_bound":47.61780383795309,"upper_bound":47.87762196854473},"point_estimate":47.73424543946932,"standard_error":0.06904248626801242},"median_abs_dev":{"confidence_interval":{"confidence_level":0.95,"lower_bound":0.2606890768873407,"upper_bound":0.6351784019849177},"point_estimate":0.4050374958533633,"standard_error":0.10688156494139564},"slope":{"confidence_interval":{"confidence_level":0.95,"lower_bound":47.89627215511552,"upper_bound":48.42941211897832},"point_estimate":48.13966571751851,"standard_error":0.13624836126099096},"std_dev":{"confidence_interval":{"confidence_level":0.95,"lower_bound":5.249862384019866,"upper_bound":12.58450678128147},"point_estimate":9.446120120018698,"standard_error":1.8578737192113741}}