{"mean":{"confidence_interval":{"confidence_level":0.95,"lower_bound":46.712863235804654,"upper_bound":50.87235472342703},"point_estimate":48.54443319457842,"standard_error":1.074292324726336},"median":{"confidence_interval":{"confidence_level":0.95,"lower_bound":45.52839892665474,"upper_bound":46.13675452665344},"point_estimate":45.84153042489946,"standard_error":0.14529806710806942},"median_abs_dev":{"confidence_interval":{"confidence_level":0.95,"lower_bound":0.6452360842066119,"upper_bound":1.188889696956068},"point_estimate":0.8780928852675259,"standard_error":0.1345279505519442},"slope":{"confidence_interval":{"confidence_level":0.95,"lower_bound":45.45308885993659,"upper_bound":45.779852559761125},"point_estimate":45.6079713108416,"standard_error":0.08332112419447404},"std_dev":{"confidence_interval":{"confidence_level":0.95,"lower_bound":4.307138339549226,"upper_bound":15.236108128312932},"point_estimate":10.760650300569788,"standard_error":2.7167431123158243}}