{"mean":{"confidence_interval":{"confidence_level":0.95,"lower_bound":44.81882009304541,"upper_bound":47.120457846089494},"point_estimate":45.84821334909469,"standard_error":0.5894465030555861},"median":{"confidence_interval":{"confidence_level":0.95,"lower_bound":43.61940298507463,"upper_bound":45.02706467661692},"point_estimate":44.45285338015803,"standard_error":0.5093210617130305},"median_abs_dev":{"confidence_interval":{"confidence_level":0.95,"lower_bound":1.2630010833745935,"upper_bound":2.4556718411653424},"point_estimate":2.2385693213173212,"standard_error":0.34609049524870794},"slope":{"confidence_interval":{"confidence_level":0.95,"lower_bound":45.183055929859385,"upper_bound":45.94493973706686},"point_estimate":45.58499968018633,"standard_error":0.19416400127331196},"std_dev":{"confidence_interval":{"confidence_level":0.95,"lower_bound":2.684037581335238,"upper_bound":8.447858552079124},"point_estimate":5.941208055601209,"standard_error":1.4663514720501203}}