{"mean":{"confidence_interval":{"confidence_level":0.95,"lower_bound":33.93379165465111,"upper_bound":36.327342848777135},"point_estimate":35.031177531127085,"standard_error":0.6118243495525117},"median":{"confidence_interval":{"confidence_level":0.95,"lower_bound":32.843040050920486,"upper_bound":32.97828185328186},"point_estimate":32.888513513513516,"standard_error":0.03183858242807767},"median_abs_dev":{"confidence_interval":{"confidence_level":0.95,"lower_bound":0.13168175244520017,"upper_bound":0.31667726876411845},"point_estimate":0.19868386664029494,"standard_error":0.04528321655828698},"slope":{"confidence_interval":{"confidence_level":0.95,"lower_bound":32.96300734157166,"upper_bound":33.394508709383864},"point_estimate":33.1511238162945,"standard_error":0.11082976639714621},"std_dev":{"confidence_interval":{"confidence_level":0.95,"lower_bound":3.779678793270079,"upper_bound":8.005558894876156},"point_estimate":6.121404286484956,"standard_error":1.0769513892393527}}