{"mean":{"confidence_interval":{"confidence_level":0.95,"lower_bound":45.37146122944329,"upper_bound":49.18458171550878},"point_estimate":47.110762183718336,"standard_error":0.9755875112343745},"median":{"confidence_interval":{"confidence_level":0.95,"lower_bound":43.43050847457627,"upper_bound":44.16066384180791},"point_estimate":44.00048055896026,"standard_error":0.1741148054802623},"median_abs_dev":{"confidence_interval":{"confidence_level":0.95,"lower_bound":0.8544133607142154,"upper_bound":1.813054068721994},"point_estimate":1.4291546673932558,"standard_error":0.22620512737405662},"slope":{"confidence_interval":{"confidence_level":0.95,"lower_bound":44.270072906556926,"upper_bound":45.03747246894441},"point_estimate":44.629653077121525,"standard_error":0.19558519797921362},"std_dev":{"confidence_interval":{"confidence_level":0.95,"lower_bound":5.773082147422482,"upper_bound":13.144227638094499},"point_estimate":9.784933991623921,"standard_error":1.8869415035562593}}