{"mean":{"confidence_interval":{"confidence_level":0.95,"lower_bound":5.063527086143139,"upper_bound":5.156773017852742},"point_estimate":5.098317402088318,"standard_error":0.025848977407842234},"median":{"confidence_interval":{"confidence_level":0.95,"lower_bound":5.055976279262482,"upper_bound":5.076852866289361},"point_estimate":5.071058059961629,"standard_error":0.004715252960521185},"median_abs_dev":{"confidence_interval":{"confidence_level":0.95,"lower_bound":0.027215478470135095,"upper_bound":0.04288472573554241},"point_estimate":0.03437492821428683,"standard_error":0.004061121878209383},"slope":{"confidence_interval":{"confidence_level":0.95,"lower_bound":5.07853411555402,"upper_bound":5.095676363284252},"point_estimate":5.0864982122230105,"standard_error":0.004384521995313807},"std_dev":{"confidence_interval":{"confidence_level":0.95,"lower_bound":0.04951102323195326,"upper_bound":0.43531111791380384},"point_estimate":0.2588937642626578,"standard_error":0.13042683316565187}}