{"mean":{"confidence_interval":{"confidence_level":0.95,"lower_bound":3.4046245586575417,"upper_bound":3.4709270014040623},"point_estimate":3.432758614039143,"standard_error":0.017063609924640618},"median":{"confidence_interval":{"confidence_level":0.95,"lower_bound":3.398180120274077,"upper_bound":3.4023358585858587},"point_estimate":3.4002793861068508,"standard_error":0.0010619375606500865},"median_abs_dev":{"confidence_interval":{"confidence_level":0.95,"lower_bound":0.009845949532058373,"upper_bound":0.018069885899586968},"point_estimate":0.014201117116088546,"standard_error":0.0021115809367516346},"slope":{"confidence_interval":{"confidence_level":0.95,"lower_bound":3.4059376444813014,"upper_bound":3.413642346528732},"point_estimate":3.409614729957496,"standard_error":0.0019699476324737874},"std_dev":{"confidence_interval":{"confidence_level":0.95,"lower_bound":0.02659498950860701,"upper_bound":0.26695166850106195},"point_estimate":0.17094267566582064,"standard_error":0.05911430981691962}}