{"mean":{"confidence_interval":{"confidence_level":0.95,"lower_bound":5.965997877548866,"upper_bound":6.084758108559043},"point_estimate":6.011883471608663,"standard_error":0.0317095495956223},"median":{"confidence_interval":{"confidence_level":0.95,"lower_bound":5.949097827394764,"upper_bound":5.962325052444877},"point_estimate":5.9559639935772495,"standard_error":0.003512541451293238},"median_abs_dev":{"confidence_interval":{"confidence_level":0.95,"lower_bound":0.0197367216021195,"upper_bound":0.03569630604514911},"point_estimate":0.027955473872590213,"standard_error":0.004170163703453743},"slope":{"confidence_interval":{"confidence_level":0.95,"lower_bound":5.961863649207209,"upper_bound":5.982848437841794},"point_estimate":5.970956295780271,"standard_error":0.00539426723127221},"std_dev":{"confidence_interval":{"confidence_level":0.95,"lower_bound":0.05808763191983753,"upper_bound":0.5297962013690067},"point_estimate":0.31998134468652495,"standard_error":0.14606385765658111}}