{"mean":{"confidence_interval":{"confidence_level":0.95,"lower_bound":5.390319781363019,"upper_bound":5.606567836549619},"point_estimate":5.470548005369466,"standard_error":0.05918629454123535},"median":{"confidence_interval":{"confidence_level":0.95,"lower_bound":5.380459053429264,"upper_bound":5.387430821061078},"point_estimate":5.38316896073071,"standard_error":0.0017691376903375767},"median_abs_dev":{"confidence_interval":{"confidence_level":0.95,"lower_bound":0.012609212483432511,"upper_bound":0.02222673991818695},"point_estimate":0.016864881835803616,"standard_error":0.002386426397055861},"slope":{"confidence_interval":{"confidence_level":0.95,"lower_bound":5.388124999809746,"upper_bound":5.4087046039822635},"point_estimate":5.397433474917445,"standard_error":0.00527532353581631},"std_dev":{"confidence_interval":{"confidence_level":0.95,"lower_bound":0.04652370334770621,"upper_bound":0.9987683533849976},"point_estimate":0.5954590826184831,"standard_error":0.29511301478021484}}