{"mean":{"confidence_interval":{"confidence_level":0.95,"lower_bound":2.3851147658722325,"upper_bound":2.436211852350286},"point_estimate":2.4067459697586653,"standard_error":0.013173712920260804},"median":{"confidence_interval":{"confidence_level":0.95,"lower_bound":2.378606780327791,"upper_bound":2.385935689807237},"point_estimate":2.3816432542552546,"standard_error":0.0018244055661167959},"median_abs_dev":{"confidence_interval":{"confidence_level":0.95,"lower_bound":0.008605132510726988,"upper_bound":0.013734409025636359},"point_estimate":0.01058292928635057,"standard_error":0.0013020938909222449},"slope":{"confidence_interval":{"confidence_level":0.95,"lower_bound":2.381149291025195,"upper_bound":2.3859740870483646},"point_estimate":2.383470601384186,"standard_error":0.00123038535267846},"std_dev":{"confidence_interval":{"confidence_level":0.95,"lower_bound":0.017927706115566808,"upper_bound":0.21037119961872833},"point_estimate":0.13228290041547883,"standard_error":0.04753337242364289}}