{"mean":{"confidence_interval":{"confidence_level":0.95,"lower_bound":2.364027698027419,"upper_bound":2.3926465264781043},"point_estimate":2.3750102077429407,"standard_error":0.007669572436537126},"median":{"confidence_interval":{"confidence_level":0.95,"lower_bound":2.3588838148394804,"upper_bound":2.3627945327117623},"point_estimate":2.3600067551174497,"standard_error":0.0009351783940609966},"median_abs_dev":{"confidence_interval":{"confidence_level":0.95,"lower_bound":0.00474433877860861,"upper_bound":0.009971752983718324},"point_estimate":0.006719539194575115,"standard_error":0.0013785487200471173},"slope":{"confidence_interval":{"confidence_level":0.95,"lower_bound":2.3617583875847643,"upper_bound":2.369594810772518},"point_estimate":2.365171095196158,"standard_error":0.0020175315200283875},"std_dev":{"confidence_interval":{"confidence_level":0.95,"lower_bound":0.018468463936010586,"upper_bound":0.12732994768639122},"point_estimate":0.07680538630947911,"standard_error":0.03561667614836968}}