{"mean":{"confidence_interval":{"confidence_level":0.95,"lower_bound":2.391117640076021,"upper_bound":2.4156634852740555},"point_estimate":2.4012671672205697,"standard_error":0.006379333821707922},"median":{"confidence_interval":{"confidence_level":0.95,"lower_bound":2.388343784530135,"upper_bound":2.3925284291037254},"point_estimate":2.3904070259514656,"standard_error":0.0010706171564060492},"median_abs_dev":{"confidence_interval":{"confidence_level":0.95,"lower_bound":0.00750301383156516,"upper_bound":0.013029335637474463},"point_estimate":0.00978518839356281,"standard_error":0.0014426430109614513},"slope":{"confidence_interval":{"confidence_level":0.95,"lower_bound":2.389476201556168,"upper_bound":2.398143796158701},"point_estimate":2.393355180523903,"standard_error":0.0022297744423579466},"std_dev":{"confidence_interval":{"confidence_level":0.95,"lower_bound":0.014576812127401478,"upper_bound":0.10138077069853285},"point_estimate":0.06400883196948381,"standard_error":0.023667625129355652}}