{"mean":{"confidence_interval":{"confidence_level":0.95,"lower_bound":2.3939456742680063,"upper_bound":2.432514433629103},"point_estimate":2.4081821788322513,"standard_error":0.010720734423566814},"median":{"confidence_interval":{"confidence_level":0.95,"lower_bound":2.3919278275973674,"upper_bound":2.3958940502048334},"point_estimate":2.393787512445503,"standard_error":0.0009731211143803492},"median_abs_dev":{"confidence_interval":{"confidence_level":0.95,"lower_bound":0.005853604216398661,"upper_bound":0.011465070790089507},"point_estimate":0.0070124637813798706,"standard_error":0.0014668018554442636},"slope":{"confidence_interval":{"confidence_level":0.95,"lower_bound":2.3930541064768773,"upper_bound":2.3982170962823197},"point_estimate":2.3955189566467694,"standard_error":0.0013181846341567395},"std_dev":{"confidence_interval":{"confidence_level":0.95,"lower_bound":0.013596167837644533,"upper_bound":0.18223695053853775},"point_estimate":0.10804559518282843,"standard_error":0.05525468459653761}}