{"mean":{"confidence_interval":{"confidence_level":0.95,"lower_bound":2.3579831271978176,"upper_bound":2.387035957946427},"point_estimate":2.368870627231705,"standard_error":0.007885854725211314},"median":{"confidence_interval":{"confidence_level":0.95,"lower_bound":2.3552047688430524,"upper_bound":2.3600016416032474},"point_estimate":2.3586441575377557,"standard_error":0.0013395043127933165},"median_abs_dev":{"confidence_interval":{"confidence_level":0.95,"lower_bound":0.006920462185302554,"upper_bound":0.01171294750872154},"point_estimate":0.009103230211823797,"standard_error":0.001318807627122355},"slope":{"confidence_interval":{"confidence_level":0.95,"lower_bound":2.356311858596241,"upper_bound":2.3605797426222592},"point_estimate":2.35831639821138,"standard_error":0.0010934790437115915},"std_dev":{"confidence_interval":{"confidence_level":0.95,"lower_bound":0.011667243515491497,"upper_bound":0.13307173957715085},"point_estimate":0.07937750894594472,"standard_error":0.03878953444734477}}