{"mean":{"confidence_interval":{"confidence_level":0.95,"lower_bound":2.3910494708782006,"upper_bound":2.4211062393331857},"point_estimate":2.4020221013776877,"standard_error":0.008523153824076568},"median":{"confidence_interval":{"confidence_level":0.95,"lower_bound":2.3887485279391294,"upper_bound":2.392260641394608},"point_estimate":2.390467070297399,"standard_error":0.0009740244223242936},"median_abs_dev":{"confidence_interval":{"confidence_level":0.95,"lower_bound":0.005304763905692273,"upper_bound":0.0102631913191994},"point_estimate":0.007061239747637528,"standard_error":0.0012596037574394365},"slope":{"confidence_interval":{"confidence_level":0.95,"lower_bound":2.389515487325685,"upper_bound":2.3935557046919564},"point_estimate":2.3914242342754806,"standard_error":0.0010337756240179974},"std_dev":{"confidence_interval":{"confidence_level":0.95,"lower_bound":0.013344165024155521,"upper_bound":0.14509700617208082},"point_estimate":0.08571473751880226,"standard_error":0.04536262289278679}}