{"mean":{"confidence_interval":{"confidence_level":0.95,"lower_bound":7.714351785631264,"upper_bound":7.930599084140884},"point_estimate":7.801730117381178,"standard_error":0.05669655441368139},"median":{"confidence_interval":{"confidence_level":0.95,"lower_bound":7.667269363552089,"upper_bound":7.744049439347605},"point_estimate":7.697488596778644,"standard_error":0.020138451425076843},"median_abs_dev":{"confidence_interval":{"confidence_level":0.95,"lower_bound":0.09302813069963196,"upper_bound":0.14726912451489985},"point_estimate":0.12838882858572814,"standard_error":0.014048606675367283},"slope":{"confidence_interval":{"confidence_level":0.95,"lower_bound":7.742341489835257,"upper_bound":7.8054346044103795},"point_estimate":7.772009709636678,"standard_error":0.016151413671769213},"std_dev":{"confidence_interval":{"confidence_level":0.95,"lower_bound":0.12265263244952891,"upper_bound":0.9225654940032111},"point_estimate":0.5701651865644397,"standard_error":0.22938224359919368}}